dataset,pid,sample_time,ifcb,ml_analyzed,latitude,longitude,depth,cruise,cast,niskin,sample_type,n_images,comment_summary,trigger_selection,skip
nwfsc_pacific_hake_survey,D20190718T232928_IFCB777,2019-07-18 23:29:28+00:00,777,4.6698423375,44.4611,-124.2119,,,,,,1074,,2,0
nwfsc_pacific_hake_survey,D20190718T235357_IFCB777,2019-07-18 23:53:57+00:00,777,4.726328425,44.4137,-124.2828,,,,,,792,,2,0
nwfsc_pacific_hake_survey,D20190719T001827_IFCB777,2019-07-19 00:18:27+00:00,777,4.89529825,44.3588,-124.3262,,,,,,306,,2,0
nwfsc_pacific_hake_survey,D20190719T004256_IFCB777,2019-07-19 00:42:56+00:00,777,4.8437309875,44.3021,-124.3557,,,,,,457,,2,0
nwfsc_pacific_hake_survey,D20190719T010726_IFCB777,2019-07-19 01:07:26+00:00,777,4.79917692083333,44.242,-124.3899,,,,,,467,,2,0
nwfsc_pacific_hake_survey,D20190719T013155_IFCB777,2019-07-19 01:31:55+00:00,777,4.834353225,44.1878,-124.4341,,,,,,500,,2,0
nwfsc_pacific_hake_survey,D20190719T015624_IFCB777,2019-07-19 01:56:24+00:00,777,4.76828636666667,44.1305,-124.4795,,,,,,693,,2,0
nwfsc_pacific_hake_survey,D20190719T022054_IFCB777,2019-07-19 02:20:54+00:00,777,4.77532712916667,44.065,-124.5318,,,,,,645,,2,0
nwfsc_pacific_hake_survey,D20190719T024523_IFCB777,2019-07-19 02:45:23+00:00,777,4.80432767916667,43.991,-124.567,,,,,,594,,2,0
nwfsc_pacific_hake_survey,D20190719T030952_IFCB777,2019-07-19 03:09:52+00:00,777,4.75896106666667,43.9204,-124.5985,,,,,,689,,2,0
nwfsc_pacific_hake_survey,D20190719T033422_IFCB777,2019-07-19 03:34:22+00:00,777,4.689418275,43.8451,-124.6336,,,,,,988,,2,0
nwfsc_pacific_hake_survey,D20190719T035851_IFCB777,2019-07-19 03:58:51+00:00,777,4.69924413333333,43.7705,-124.6699,,,,,,957,,2,0
nwfsc_pacific_hake_survey,D20190719T042321_IFCB777,2019-07-19 04:23:21+00:00,777,4.7411101,43.6933,-124.702,,,,,,838,,2,0
nwfsc_pacific_hake_survey,D20190719T044750_IFCB777,2019-07-19 04:47:50+00:00,777,4.8627830875,43.6187,-124.7356,,,,,,411,,2,0
nwfsc_pacific_hake_survey,D20190719T051220_IFCB777,2019-07-19 05:12:20+00:00,777,4.91184736666667,43.5403,-124.772,,,,,,199,,2,0
nwfsc_pacific_hake_survey,D20190719T053649_IFCB777,2019-07-19 05:36:49+00:00,777,4.91678975833333,43.4646,-124.8093,,,,,,138,,2,0
nwfsc_pacific_hake_survey,D20190719T060118_IFCB777,2019-07-19 06:01:18+00:00,777,4.94686592916667,43.3849,-124.8475,,,,,,126,,2,0
nwfsc_pacific_hake_survey,D20190719T062548_IFCB777,2019-07-19 06:25:48+00:00,777,4.87982268333333,43.3074,-124.8838,,,,,,313,,2,0
nwfsc_pacific_hake_survey,D20190719T065017_IFCB777,2019-07-19 06:50:17+00:00,777,4.8295100625,43.226,-124.9204,,,,,,479,,2,0
nwfsc_pacific_hake_survey,D20190719T071446_IFCB777,2019-07-19 07:14:46+00:00,777,4.64339103333333,43.1514,-124.957,,,,,,1162,,2,0
nwfsc_pacific_hake_survey,D20190719T073916_IFCB777,2019-07-19 07:39:16+00:00,777,4.68258310833333,43.0747,-124.9896,,,,,,1029,,2,0
nwfsc_pacific_hake_survey,D20190719T080345_IFCB777,2019-07-19 08:03:45+00:00,777,4.6182986375,43.0031,-125.0154,,,,,,1229,,2,0
nwfsc_pacific_hake_survey,D20190719T082815_IFCB777,2019-07-19 08:28:15+00:00,777,4.80512966666667,42.9283,-125.0286,,,,,,586,,2,0
nwfsc_pacific_hake_survey,D20190719T085244_IFCB777,2019-07-19 08:52:44+00:00,777,4.8153483,42.8578,-125.0092,,,,,,264,,2,0
nwfsc_pacific_hake_survey,D20190719T091713_IFCB777,2019-07-19 09:17:13+00:00,777,4.84806565833333,42.7858,-124.9885,,,,,,163,,2,0
nwfsc_pacific_hake_survey,D20190719T094143_IFCB777,2019-07-19 09:41:43+00:00,777,4.9094900375,42.7142,-124.9705,,,,,,201,,2,0
nwfsc_pacific_hake_survey,D20190719T100612_IFCB777,2019-07-19 10:06:12+00:00,777,4.90862592083333,42.6373,-124.9491,,,,,,247,,2,0
nwfsc_pacific_hake_survey,D20190719T103042_IFCB777,2019-07-19 10:30:42+00:00,777,4.8972401625,42.5611,-124.9307,,,,,,270,,2,0
nwfsc_pacific_hake_survey,D20190719T105511_IFCB777,2019-07-19 10:55:11+00:00,777,4.90570157916667,42.4818,-124.9109,,,,,,284,,2,0
nwfsc_pacific_hake_survey,D20190719T111940_IFCB777,2019-07-19 11:19:40+00:00,777,4.86338380416667,42.4067,-124.8911,,,,,,364,,2,0
nwfsc_pacific_hake_survey,D20190719T120847_IFCB777,2019-07-19 12:08:47+00:00,777,4.4763169875,42.2535,-124.8489,,,,,,1729,,2,0
nwfsc_pacific_hake_survey,D20190719T123317_IFCB777,2019-07-19 12:33:17+00:00,777,4.74200286666667,42.1773,-124.8299,,,,,,812,,2,0
nwfsc_pacific_hake_survey,D20190719T125746_IFCB777,2019-07-19 12:57:46+00:00,777,4.654373,42.1054,-124.8093,,,,,,1124,,2,0
nwfsc_pacific_hake_survey,D20190719T132216_IFCB777,2019-07-19 13:22:16+00:00,777,4.8230904125,42.0293,-124.789,,,,,,541,,2,0
nwfsc_pacific_hake_survey,D20190719T134645_IFCB777,2019-07-19 13:46:45+00:00,777,4.811104725,41.9548,-124.7798,,,,,,533,,2,0
nwfsc_pacific_hake_survey,D20190719T141115_IFCB777,2019-07-19 14:11:15+00:00,777,4.8943622125,41.8907,-124.8407,,,,,,323,,2,0
nwfsc_pacific_hake_survey,D20190719T143544_IFCB777,2019-07-19 14:35:44+00:00,777,4.84914372916667,41.8305,-124.8762,,,,,,384,,2,0
nwfsc_pacific_hake_survey,D20190719T150013_IFCB777,2019-07-19 15:00:13+00:00,777,4.6782428125,41.7812,-124.8065,,,,,,1011,,2,0
nwfsc_pacific_hake_survey,D20190719T152443_IFCB777,2019-07-19 15:24:43+00:00,777,4.81224768333333,41.7544,-124.7226,,,,,,469,,2,0
nwfsc_pacific_hake_survey,D20190719T154912_IFCB777,2019-07-19 15:49:12+00:00,777,4.86576124166667,41.73,-124.6304,,,,,,316,,2,0
nwfsc_pacific_hake_survey,D20190719T161341_IFCB777,2019-07-19 16:13:41+00:00,777,4.62699812083333,41.7007,-124.5444,,,,,,1147,,2,0
nwfsc_pacific_hake_survey,D20190719T163811_IFCB777,2019-07-19 16:38:11+00:00,777,4.52349982916667,41.6674,-124.4533,,,,,,1530,,2,0
nwfsc_pacific_hake_survey,D20190719T170239_IFCB777,2019-07-19 17:02:39+00:00,777,4.5604936875,41.6345,-124.3658,,,,,,1454,,2,0
nwfsc_pacific_hake_survey,D20190719T172709_IFCB777,2019-07-19 17:27:09+00:00,777,4.6416244375,41.642,-124.2896,,,,,,1207,,2,0
nwfsc_pacific_hake_survey,D20190719T175138_IFCB777,2019-07-19 17:51:38+00:00,777,4.6159230875,41.685,-124.233,,,,,,1295,,2,0
nwfsc_pacific_hake_survey,D20190719T181608_IFCB777,2019-07-19 18:16:08+00:00,777,4.8299685625,41.7102,-124.1995,,,,,,484,,2,0
nwfsc_pacific_hake_survey,D20190719T184037_IFCB777,2019-07-19 18:40:37+00:00,777,4.8816357625,41.7102,-124.1995,,,,,,347,,2,0
nwfsc_pacific_hake_survey,D20190719T190506_IFCB777,2019-07-19 19:05:06+00:00,777,4.83385096666667,41.7092,-124.1982,,,,,,520,,2,0
nwfsc_pacific_hake_survey,D20190719T192936_IFCB777,2019-07-19 19:29:36+00:00,777,4.860687175,41.7091,-124.1983,,,,,,442,,2,0
nwfsc_pacific_hake_survey,D20190719T195405_IFCB777,2019-07-19 19:54:05+00:00,777,4.92459723333333,41.7091,-124.1982,,,,,,208,,2,0
nwfsc_pacific_hake_survey,D20190719T201834_IFCB777,2019-07-19 20:18:34+00:00,777,4.91493169583333,41.7091,-124.1983,,,,,,211,,2,0
nwfsc_pacific_hake_survey,D20190719T204304_IFCB777,2019-07-19 20:43:04+00:00,777,4.90755832083333,41.7091,-124.1984,,,,,,235,,2,0
nwfsc_pacific_hake_survey,D20190719T210733_IFCB777,2019-07-19 21:07:33+00:00,777,4.9144993125,41.709,-124.1984,,,,,,257,,2,0
nwfsc_pacific_hake_survey,D20190719T213203_IFCB777,2019-07-19 21:32:03+00:00,777,4.85240518333333,41.7089,-124.1986,,,,,,325,,2,0
nwfsc_pacific_hake_survey,D20190719T215632_IFCB777,2019-07-19 21:56:32+00:00,777,4.86884869583333,41.7089,-124.1986,,,,,,339,,2,0
nwfsc_pacific_hake_survey,D20190719T222101_IFCB777,2019-07-19 22:21:01+00:00,777,4.85627019166667,41.7088,-124.1987,,,,,,413,,2,0
nwfsc_pacific_hake_survey,D20190719T224531_IFCB777,2019-07-19 22:45:31+00:00,777,4.86269232916667,41.7088,-124.1987,,,,,,448,,2,0
nwfsc_pacific_hake_survey,D20190719T231000_IFCB777,2019-07-19 23:10:00+00:00,777,4.85602135833333,41.7088,-124.1986,,,,,,456,,2,0
nwfsc_pacific_hake_survey,D20190719T233429_IFCB777,2019-07-19 23:34:29+00:00,777,4.83556285,41.7088,-124.199,,,,,,492,,2,0
nwfsc_pacific_hake_survey,D20190719T235859_IFCB777,2019-07-19 23:58:59+00:00,777,4.84521007083333,41.7088,-124.1989,,,,,,467,,2,0
nwfsc_pacific_hake_survey,D20190720T004806_IFCB777,2019-07-20 00:48:06+00:00,777,4.81441401666667,41.7087,-124.1992,,,,,,624,,2,0
nwfsc_pacific_hake_survey,D20190720T011235_IFCB777,2019-07-20 01:12:35+00:00,777,4.7894472125,41.7087,-124.199,,,,,,698,,2,0
nwfsc_pacific_hake_survey,D20190720T013705_IFCB777,2019-07-20 01:37:05+00:00,777,4.77261782083333,41.7087,-124.199,,,,,,742,,2,0
nwfsc_pacific_hake_survey,D20190720T020134_IFCB777,2019-07-20 02:01:34+00:00,777,4.76051904583333,41.7089,-124.1987,,,,,,854,,2,0
nwfsc_pacific_hake_survey,D20190720T022603_IFCB777,2019-07-20 02:26:03+00:00,777,4.71246552083333,41.7088,-124.199,,,,,,933,,2,0
nwfsc_pacific_hake_survey,D20190720T025033_IFCB777,2019-07-20 02:50:33+00:00,777,4.6950140125,41.7089,-124.1986,,,,,,1028,,2,0
nwfsc_pacific_hake_survey,D20190720T031502_IFCB777,2019-07-20 03:15:02+00:00,777,4.67695089166667,41.7089,-124.1985,,,,,,1088,,2,0
nwfsc_pacific_hake_survey,D20190720T033932_IFCB777,2019-07-20 03:39:32+00:00,777,4.75369299583333,41.709,-124.1984,,,,,,879,,2,0
nwfsc_pacific_hake_survey,D20190720T040401_IFCB777,2019-07-20 04:04:01+00:00,777,4.7729013125,41.7095,-124.198,,,,,,701,,2,0
nwfsc_pacific_hake_survey,D20190720T042830_IFCB777,2019-07-20 04:28:30+00:00,777,4.71397069583333,41.7103,-124.1981,,,,,,953,,2,0
nwfsc_pacific_hake_survey,D20190720T045300_IFCB777,2019-07-20 04:53:00+00:00,777,4.71080295,41.7116,-124.1992,,,,,,1027,,2,0
nwfsc_pacific_hake_survey,D20190720T051729_IFCB777,2019-07-20 05:17:29+00:00,777,4.68869204583333,41.7117,-124.1998,,,,,,1081,,2,0
nwfsc_pacific_hake_survey,D20190720T054159_IFCB777,2019-07-20 05:41:59+00:00,777,4.7617644125,41.7117,-124.1992,,,,,,786,,2,0
nwfsc_pacific_hake_survey,D20190720T060628_IFCB777,2019-07-20 06:06:28+00:00,777,4.82145261666667,41.7117,-124.1997,,,,,,510,,2,0
nwfsc_pacific_hake_survey,D20190720T063057_IFCB777,2019-07-20 06:30:57+00:00,777,4.850318,41.7117,-124.1997,,,,,,388,,2,0
nwfsc_pacific_hake_survey,D20190720T065527_IFCB777,2019-07-20 06:55:27+00:00,777,4.86346695,41.7117,-124.1997,,,,,,301,,2,0
nwfsc_pacific_hake_survey,D20190720T071956_IFCB777,2019-07-20 07:19:56+00:00,777,4.903287,41.7116,-124.1999,,,,,,270,,2,0
nwfsc_pacific_hake_survey,D20190720T074426_IFCB777,2019-07-20 07:44:26+00:00,777,4.85871649166667,41.7116,-124.1993,,,,,,372,,2,0
nwfsc_pacific_hake_survey,D20190720T080855_IFCB777,2019-07-20 08:08:55+00:00,777,4.84448875,41.7116,-124.1991,,,,,,443,,2,0
nwfsc_pacific_hake_survey,D20190720T083324_IFCB777,2019-07-20 08:33:24+00:00,777,4.848893275,41.7115,-124.1989,,,,,,457,,2,0
nwfsc_pacific_hake_survey,D20190720T085754_IFCB777,2019-07-20 08:57:54+00:00,777,4.78739734166667,41.7115,-124.1989,,,,,,600,,2,0
nwfsc_pacific_hake_survey,D20190720T092223_IFCB777,2019-07-20 09:22:23+00:00,777,4.83350665416667,41.7114,-124.1989,,,,,,520,,2,0
nwfsc_pacific_hake_survey,D20190720T094653_IFCB777,2019-07-20 09:46:53+00:00,777,4.8303943125,41.7114,-124.1988,,,,,,520,,2,0
nwfsc_pacific_hake_survey,D20190720T101122_IFCB777,2019-07-20 10:11:22+00:00,777,4.85415815833333,41.7113,-124.1987,,,,,,440,,2,0
nwfsc_pacific_hake_survey,D20190720T103551_IFCB777,2019-07-20 10:35:51+00:00,777,4.8550723375,41.7109,-124.1986,,,,,,252,,2,0
nwfsc_pacific_hake_survey,D20190720T110021_IFCB777,2019-07-20 11:00:21+00:00,777,4.88442803333333,41.7107,-124.1987,,,,,,308,,2,0
nwfsc_pacific_hake_survey,D20190720T112450_IFCB777,2019-07-20 11:24:50+00:00,777,4.77350799166667,41.7104,-124.1987,,,,,,582,,2,0
nwfsc_pacific_hake_survey,D20190720T114920_IFCB777,2019-07-20 11:49:20+00:00,777,4.84076129166667,41.7104,-124.1988,,,,,,429,,2,0
nwfsc_pacific_hake_survey,D20190720T121349_IFCB777,2019-07-20 12:13:49+00:00,777,4.86885225833333,41.7102,-124.1989,,,,,,380,,2,0
nwfsc_pacific_hake_survey,D20190720T123818_IFCB777,2019-07-20 12:38:18+00:00,777,4.85256467083333,41.7101,-124.199,,,,,,393,,2,0
nwfsc_pacific_hake_survey,D20190720T132725_IFCB777,2019-07-20 13:27:25+00:00,777,4.83684164583333,41.7099,-124.1993,,,,,,433,,2,0
nwfsc_pacific_hake_survey,D20190720T135155_IFCB777,2019-07-20 13:51:55+00:00,777,4.864676875,41.71,-124.1996,,,,,,404,,2,0
nwfsc_pacific_hake_survey,D20190720T141624_IFCB777,2019-07-20 14:16:24+00:00,777,4.840698875,41.7106,-124.1993,,,,,,464,,2,0
nwfsc_pacific_hake_survey,D20190720T144054_IFCB777,2019-07-20 14:40:54+00:00,777,4.82280811458333,41.7108,-124.199,,,,,,392,,2,0
nwfsc_pacific_hake_survey,D20190720T150912_IFCB777,2019-07-20 15:09:12+00:00,777,4.89862316666667,41.7107,-124.1992,,,,,,241,,2,0
nwfsc_pacific_hake_survey,D20190720T153341_IFCB777,2019-07-20 15:33:41+00:00,777,4.87701387916667,41.7105,-124.1994,,,,,,205,,2,0
nwfsc_pacific_hake_survey,D20190720T155811_IFCB777,2019-07-20 15:58:11+00:00,777,4.81709384166667,41.7106,-124.1992,,,,,,180,,2,0
nwfsc_pacific_hake_survey,D20190720T162240_IFCB777,2019-07-20 16:22:40+00:00,777,4.928105775,41.7104,-124.1994,,,,,,193,,2,0
nwfsc_pacific_hake_survey,D20190720T164710_IFCB777,2019-07-20 16:47:10+00:00,777,4.84684154583333,41.728,-124.2431,,,,,,481,,2,0
nwfsc_pacific_hake_survey,D20190720T171139_IFCB777,2019-07-20 17:11:39+00:00,777,4.80699547083333,41.7607,-124.3265,,,,,,620,,2,0
nwfsc_pacific_hake_survey,D20190720T173608_IFCB777,2019-07-20 17:36:08+00:00,777,4.8714281875,41.7931,-124.4062,,,,,,313,,2,0
nwfsc_pacific_hake_survey,D20190720T180038_IFCB777,2019-07-20 18:00:38+00:00,777,4.84629044583333,41.844,-124.4545,,,,,,220,,2,0
nwfsc_pacific_hake_survey,D20190720T182507_IFCB777,2019-07-20 18:25:07+00:00,777,4.83919653333333,41.884,-124.3825,,,,,,332,,2,0
nwfsc_pacific_hake_survey,D20190720T184936_IFCB777,2019-07-20 18:49:36+00:00,777,4.91091195833333,41.8986,-124.3855,,,,,,224,,2,0
nwfsc_pacific_hake_survey,D20190720T191406_IFCB777,2019-07-20 19:14:06+00:00,777,4.8322069875,41.8969,-124.4867,,,,,,474,,2,0
nwfsc_pacific_hake_survey,D20190720T193835_IFCB777,2019-07-20 19:38:35+00:00,777,4.6864810375,41.897,-124.585,,,,,,1065,,2,0
nwfsc_pacific_hake_survey,D20190720T200305_IFCB777,2019-07-20 20:03:05+00:00,777,4.716053325,41.8725,-124.6077,,,,,,943,,2,0
nwfsc_pacific_hake_survey,D20190720T202734_IFCB777,2019-07-20 20:27:34+00:00,777,4.80920331666667,41.8455,-124.5353,,,,,,572,,2,0
nwfsc_pacific_hake_survey,D20190720T205203_IFCB777,2019-07-20 20:52:03+00:00,777,4.85407928333333,41.861,-124.5407,,,,,,495,,2,0
nwfsc_pacific_hake_survey,D20190720T211633_IFCB777,2019-07-20 21:16:33+00:00,777,4.79696464583333,41.8874,-124.5527,,,,,,669,,2,0
nwfsc_pacific_hake_survey,D20190720T214102_IFCB777,2019-07-20 21:41:02+00:00,777,4.59034014583333,41.9119,-124.5595,,,,,,1402,,2,0
nwfsc_pacific_hake_survey,D20190720T220532_IFCB777,2019-07-20 22:05:32+00:00,777,4.46347276666667,41.9269,-124.5726,,,,,,1862,,2,0
nwfsc_pacific_hake_survey,D20190720T223001_IFCB777,2019-07-20 22:30:01+00:00,777,4.433848325,41.9162,-124.5733,,,,,,1950,,2,0
nwfsc_pacific_hake_survey,D20190720T225431_IFCB777,2019-07-20 22:54:31+00:00,777,4.24976269583333,41.8977,-124.6279,,,,,,2506,,2,0
nwfsc_pacific_hake_survey,D20190720T231900_IFCB777,2019-07-20 23:19:00+00:00,777,4.87538844583333,41.8969,-124.7145,,,,,,293,,2,0
nwfsc_pacific_hake_survey,D20190720T234330_IFCB777,2019-07-20 23:43:30+00:00,777,4.57302849166667,41.8975,-124.7979,,,,,,1499,,2,0
nwfsc_pacific_hake_survey,D20190721T000759_IFCB777,2019-07-21 00:07:59+00:00,777,4.82117598333333,41.896,-124.8835,,,,,,507,,2,0
nwfsc_pacific_hake_survey,D20190721T003228_IFCB777,2019-07-21 00:32:28+00:00,777,4.84171329583333,41.8971,-124.9688,,,,,,475,,2,0
nwfsc_pacific_hake_survey,D20190721T005658_IFCB777,2019-07-21 00:56:58+00:00,777,4.432255425,41.8975,-125.0546,,,,,,1855,,2,0
nwfsc_pacific_hake_survey,D20190721T012127_IFCB777,2019-07-21 01:21:27+00:00,777,4.53663243333333,41.8994,-125.1403,,,,,,1508,,2,0
nwfsc_pacific_hake_survey,D20190721T014557_IFCB777,2019-07-21 01:45:57+00:00,777,4.45279067916667,41.9581,-125.1524,,,,,,1801,,2,0
nwfsc_pacific_hake_survey,D20190721T021027_IFCB777,2019-07-21 02:10:27+00:00,777,4.51780399166667,42.0202,-125.1654,,,,,,1555,,2,0
nwfsc_pacific_hake_survey,D20190721T023456_IFCB777,2019-07-21 02:34:56+00:00,777,4.64597549583333,42.0635,-125.1493,,,,,,1186,,2,0
nwfsc_pacific_hake_survey,D20190721T025926_IFCB777,2019-07-21 02:59:26+00:00,777,4.18095062083333,42.0647,-125.2328,,,,,,2752,,2,0
nwfsc_pacific_hake_survey,D20190721T034833_IFCB777,2019-07-21 03:48:33+00:00,777,4.02898701666667,42.0623,-125.4056,,,,,,3221,,2,0
nwfsc_pacific_hake_survey,D20190721T041302_IFCB777,2019-07-21 04:13:02+00:00,777,4.28897575833333,42.0624,-125.3144,,,,,,2370,,2,0
nwfsc_pacific_hake_survey,D20190721T043732_IFCB777,2019-07-21 04:37:32+00:00,777,4.39517149583333,42.0637,-125.2138,,,,,,1980,,2,0
nwfsc_pacific_hake_survey,D20190721T050201_IFCB777,2019-07-21 05:02:01+00:00,777,4.62577652916667,42.0657,-125.1598,,,,,,1205,,2,0
nwfsc_pacific_hake_survey,D20190721T052630_IFCB777,2019-07-21 05:26:30+00:00,777,4.62585975833333,42.0698,-125.166,,,,,,1184,,2,0
nwfsc_pacific_hake_survey,D20190721T055100_IFCB777,2019-07-21 05:51:00+00:00,777,4.74205550833333,42.0701,-125.1072,,,,,,813,,2,0
nwfsc_pacific_hake_survey,D20190721T061529_IFCB777,2019-07-21 06:15:29+00:00,777,4.76974150833333,42.0634,-125.0132,,,,,,712,,2,0
nwfsc_pacific_hake_survey,D20190721T063958_IFCB777,2019-07-21 06:39:58+00:00,777,4.73480601666667,42.0644,-124.9979,,,,,,774,,2,0
nwfsc_pacific_hake_survey,D20190721T070428_IFCB777,2019-07-21 07:04:28+00:00,777,4.76473689583333,42.0681,-125.0025,,,,,,735,,2,0
nwfsc_pacific_hake_survey,D20190721T072857_IFCB777,2019-07-21 07:28:57+00:00,777,4.77211599583333,42.0691,-125.0074,,,,,,679,,2,0
nwfsc_pacific_hake_survey,D20190721T075327_IFCB777,2019-07-21 07:53:27+00:00,777,4.76904835,42.0703,-125.0127,,,,,,692,,2,0
nwfsc_pacific_hake_survey,D20190721T081756_IFCB777,2019-07-21 08:17:56+00:00,777,4.4572362125,42.0691,-124.9463,,,,,,1776,,2,0
nwfsc_pacific_hake_survey,D20190721T084225_IFCB777,2019-07-21 08:42:25+00:00,777,4.82645104166667,42.0653,-124.833,,,,,,527,,2,0
nwfsc_pacific_hake_survey,D20190721T090655_IFCB777,2019-07-21 09:06:55+00:00,777,4.483322075,42.0647,-124.768,,,,,,1652,,2,0
nwfsc_pacific_hake_survey,D20190721T093124_IFCB777,2019-07-21 09:31:24+00:00,777,4.46738814166667,42.0662,-124.7748,,,,,,1738,,2,0
nwfsc_pacific_hake_survey,D20190721T095554_IFCB777,2019-07-21 09:55:54+00:00,777,4.61279310416667,42.0661,-124.6947,,,,,,1145,,2,0
nwfsc_pacific_hake_survey,D20190721T102023_IFCB777,2019-07-21 10:20:23+00:00,777,4.18599440833333,42.0642,-124.597,,,,,,2670,,2,0
nwfsc_pacific_hake_survey,D20190721T104453_IFCB777,2019-07-21 10:44:53+00:00,777,4.18265955,42.0656,-124.5983,,,,,,2692,,2,0
nwfsc_pacific_hake_survey,D20190721T110922_IFCB777,2019-07-21 11:09:22+00:00,777,4.2050190125,42.0644,-124.534,,,,,,2665,,2,0
nwfsc_pacific_hake_survey,D20190721T113352_IFCB777,2019-07-21 11:33:52+00:00,777,4.29558792083333,42.0646,-124.5103,,,,,,2313,,2,0
nwfsc_pacific_hake_survey,D20190721T115821_IFCB777,2019-07-21 11:58:21+00:00,777,4.57318398333333,42.0637,-124.4581,,,,,,1341,,2,0
nwfsc_pacific_hake_survey,D20190721T122250_IFCB777,2019-07-21 12:22:50+00:00,777,4.798569425,42.0643,-124.3727,,,,,,659,,2,0
nwfsc_pacific_hake_survey,D20190721T124720_IFCB777,2019-07-21 12:47:20+00:00,777,4.74554779583333,42.0645,-124.3712,,,,,,869,,2,0
nwfsc_pacific_hake_survey,D20190721T131149_IFCB777,2019-07-21 13:11:49+00:00,777,4.82483550416667,42.0639,-124.3893,,,,,,563,,2,0
nwfsc_pacific_hake_survey,D20190721T133619_IFCB777,2019-07-21 13:36:19+00:00,777,4.5892547375,42.0638,-124.4882,,,,,,1271,,2,0
nwfsc_pacific_hake_survey,D20190721T140048_IFCB777,2019-07-21 14:00:48+00:00,777,4.267170325,42.0642,-124.5837,,,,,,2414,,2,0
nwfsc_pacific_hake_survey,D20190721T142517_IFCB777,2019-07-21 14:25:17+00:00,777,4.7665955875,42.0638,-124.6857,,,,,,736,,2,0
nwfsc_pacific_hake_survey,D20190721T144947_IFCB777,2019-07-21 14:49:47+00:00,777,4.89101796666667,42.0638,-124.7841,,,,,,284,,2,0
nwfsc_pacific_hake_survey,D20190721T151416_IFCB777,2019-07-21 15:14:16+00:00,777,4.57567349583333,42.0635,-124.8865,,,,,,1391,,2,0
nwfsc_pacific_hake_survey,D20190721T153846_IFCB777,2019-07-21 15:38:46+00:00,777,4.81492297916667,42.0635,-124.9858,,,,,,535,,2,0
nwfsc_pacific_hake_survey,D20190721T162753_IFCB777,2019-07-21 16:27:53+00:00,777,4.6572743625,42.0829,-125.1691,,,,,,1102,,2,0
nwfsc_pacific_hake_survey,D20190721T165222_IFCB777,2019-07-21 16:52:22+00:00,777,4.61427243333333,42.1623,-125.1999,,,,,,1240,,2,0
nwfsc_pacific_hake_survey,D20190721T171652_IFCB777,2019-07-21 17:16:52+00:00,777,4.6602262125,42.2374,-125.2292,,,,,,1055,,2,0
nwfsc_pacific_hake_survey,D20190721T174121_IFCB777,2019-07-21 17:41:21+00:00,777,4.80184082916667,42.3158,-125.2589,,,,,,603,,2,0
nwfsc_pacific_hake_survey,D20190721T180551_IFCB777,2019-07-21 18:05:51+00:00,777,4.87145336666667,42.3844,-125.2983,,,,,,361,,2,0
nwfsc_pacific_hake_survey,D20190721T183020_IFCB777,2019-07-21 18:30:20+00:00,777,4.8942156375,42.3973,-125.3596,,,,,,274,,2,0
nwfsc_pacific_hake_survey,D20190721T185449_IFCB777,2019-07-21 18:54:49+00:00,777,4.774605625,42.3981,-125.2856,,,,,,413,,2,0
nwfsc_pacific_hake_survey,D20190721T191919_IFCB777,2019-07-21 19:19:19+00:00,777,4.75065872916667,42.397,-125.1867,,,,,,765,,2,0
nwfsc_pacific_hake_survey,D20190721T194348_IFCB777,2019-07-21 19:43:48+00:00,777,4.70018938333333,42.3969,-125.0933,,,,,,977,,2,0
nwfsc_pacific_hake_survey,D20190721T200818_IFCB777,2019-07-21 20:08:18+00:00,777,4.66392935833333,42.3969,-124.9949,,,,,,1066,,2,0
nwfsc_pacific_hake_survey,D20190721T203247_IFCB777,2019-07-21 20:32:47+00:00,777,4.73171647916667,42.3969,-124.8975,,,,,,863,,2,0
nwfsc_pacific_hake_survey,D20190721T205716_IFCB777,2019-07-21 20:57:16+00:00,777,4.6629170375,42.3969,-124.7948,,,,,,1115,,2,0
nwfsc_pacific_hake_survey,D20190721T212146_IFCB777,2019-07-21 21:21:46+00:00,777,4.83031357916667,42.397,-124.6974,,,,,,534,,2,0
nwfsc_pacific_hake_survey,D20190721T214615_IFCB777,2019-07-21 21:46:15+00:00,777,4.85945588333333,42.3619,-124.7072,,,,,,413,,2,0
nwfsc_pacific_hake_survey,D20190721T221045_IFCB777,2019-07-21 22:10:45+00:00,777,4.8343464875,42.3692,-124.7222,,,,,,473,,2,0
nwfsc_pacific_hake_survey,D20190721T223514_IFCB777,2019-07-21 22:35:14+00:00,777,4.6918315875,42.3888,-124.7319,,,,,,1038,,2,0
nwfsc_pacific_hake_survey,D20190721T225943_IFCB777,2019-07-21 22:59:43+00:00,777,4.66772369583333,42.4071,-124.751,,,,,,1092,,2,0
nwfsc_pacific_hake_survey,D20190721T232413_IFCB777,2019-07-21 23:24:13+00:00,777,4.66251145416667,42.4117,-124.7728,,,,,,1069,,2,0
nwfsc_pacific_hake_survey,D20190721T234842_IFCB777,2019-07-21 23:48:42+00:00,777,4.51690852708333,42.4012,-124.7921,,,,,,1441,,2,0
nwfsc_pacific_hake_survey,D20190722T002601_IFCB777,2019-07-22 00:26:01+00:00,777,4.83879465,42.3972,-124.6431,,,,,,399,,2,0
nwfsc_pacific_hake_survey,D20190722T005030_IFCB777,2019-07-22 00:50:30+00:00,777,4.57899628333333,42.3972,-124.5441,,,,,,792,,2,0
nwfsc_pacific_hake_survey,D20190722T011459_IFCB777,2019-07-22 01:14:59+00:00,777,4.757558175,42.4177,-124.5093,,,,,,713,,2,0
nwfsc_pacific_hake_survey,D20190722T013929_IFCB777,2019-07-22 01:39:29+00:00,777,4.836113425,42.485,-124.5383,,,,,,489,,2,0
nwfsc_pacific_hake_survey,D20190722T020358_IFCB777,2019-07-22 02:03:58+00:00,777,4.8602935125,42.5425,-124.4997,,,,,,416,,2,0
nwfsc_pacific_hake_survey,D20190722T022827_IFCB777,2019-07-22 02:28:27+00:00,777,4.882432525,42.5638,-124.5326,,,,,,333,,2,0
nwfsc_pacific_hake_survey,D20190722T025257_IFCB777,2019-07-22 02:52:57+00:00,777,4.5179840125,42.5639,-124.6251,,,,,,1674,,2,0
nwfsc_pacific_hake_survey,D20190722T031726_IFCB777,2019-07-22 03:17:26+00:00,777,3.99933065,42.5634,-124.7221,,,,,,3436,,2,0
nwfsc_pacific_hake_survey,D20190722T034156_IFCB777,2019-07-22 03:41:56+00:00,777,4.88141640416667,42.5643,-124.818,,,,,,335,,2,0
nwfsc_pacific_hake_survey,D20190722T040625_IFCB777,2019-07-22 04:06:25+00:00,777,4.85564479583333,42.5312,-124.8407,,,,,,291,,2,0
nwfsc_pacific_hake_survey,D20190722T043055_IFCB777,2019-07-22 04:30:55+00:00,777,4.3850136,42.4693,-124.7796,,,,,,2070,,2,0
nwfsc_pacific_hake_survey,D20190722T045525_IFCB777,2019-07-22 04:55:25+00:00,777,4.68255699166667,42.403,-124.714,,,,,,1088,,2,0
nwfsc_pacific_hake_survey,D20190722T051954_IFCB777,2019-07-22 05:19:54+00:00,777,4.803965775,42.3953,-124.7139,,,,,,657,,2,0
nwfsc_pacific_hake_survey,D20190722T054423_IFCB777,2019-07-22 05:44:23+00:00,777,4.5066371375,42.3955,-124.7657,,,,,,1672,,2,0
nwfsc_pacific_hake_survey,D20190722T060853_IFCB777,2019-07-22 06:08:53+00:00,777,4.5640962375,42.3934,-124.7766,,,,,,1471,,2,0
nwfsc_pacific_hake_survey,D20190722T063322_IFCB777,2019-07-22 06:33:22+00:00,777,4.43183667916667,42.3953,-124.8316,,,,,,1925,,2,0
nwfsc_pacific_hake_survey,D20190722T065752_IFCB777,2019-07-22 06:57:52+00:00,777,4.40818809583333,42.3971,-124.887,,,,,,1967,,2,0
nwfsc_pacific_hake_survey,D20190722T072221_IFCB777,2019-07-22 07:22:21+00:00,777,4.3864793,42.3953,-124.9002,,,,,,2050,,2,0
nwfsc_pacific_hake_survey,D20190722T074651_IFCB777,2019-07-22 07:46:51+00:00,777,4.60956145416667,42.3962,-124.978,,,,,,1289,,2,0
nwfsc_pacific_hake_survey,D20190722T081120_IFCB777,2019-07-22 08:11:20+00:00,777,4.5829287375,42.3967,-125.0725,,,,,,1370,,2,0
nwfsc_pacific_hake_survey,D20190722T083550_IFCB777,2019-07-22 08:35:50+00:00,777,4.6547754625,42.3997,-125.1136,,,,,,1100,,2,0
nwfsc_pacific_hake_survey,D20190722T090019_IFCB777,2019-07-22 09:00:19+00:00,777,4.6715264375,42.4038,-125.1278,,,,,,1078,,2,0
nwfsc_pacific_hake_survey,D20190722T092449_IFCB777,2019-07-22 09:24:49+00:00,777,4.74464007916667,42.4019,-125.1851,,,,,,799,,2,0
nwfsc_pacific_hake_survey,D20190722T094918_IFCB777,2019-07-22 09:49:18+00:00,777,4.66999865416667,42.4,-125.2362,,,,,,1104,,2,0
nwfsc_pacific_hake_survey,D20190722T101347_IFCB777,2019-07-22 10:13:47+00:00,777,4.6351878,42.398,-125.2802,,,,,,1202,,2,0
nwfsc_pacific_hake_survey,D20190722T103817_IFCB777,2019-07-22 10:38:17+00:00,777,4.67490706666667,42.3991,-125.2864,,,,,,1082,,2,0
nwfsc_pacific_hake_survey,D20190722T110246_IFCB777,2019-07-22 11:02:46+00:00,777,4.733300875,42.4191,-125.2446,,,,,,838,,2,0
nwfsc_pacific_hake_survey,D20190722T112716_IFCB777,2019-07-22 11:27:16+00:00,777,4.80267710833333,42.4491,-125.1615,,,,,,587,,2,0
nwfsc_pacific_hake_survey,D20190722T115145_IFCB777,2019-07-22 11:51:45+00:00,777,4.8863860125,42.4785,-125.0823,,,,,,315,,2,0
nwfsc_pacific_hake_survey,D20190722T121615_IFCB777,2019-07-22 12:16:15+00:00,777,4.91288685416667,42.5099,-125.002,,,,,,155,,2,0
nwfsc_pacific_hake_survey,D20190722T130522_IFCB777,2019-07-22 13:05:22+00:00,777,4.86103184583333,42.5613,-124.8335,,,,,,401,,2,0
nwfsc_pacific_hake_survey,D20190722T132951_IFCB777,2019-07-22 13:29:51+00:00,777,4.93220630833333,42.5638,-124.9037,,,,,,167,,2,0
nwfsc_pacific_hake_survey,D20190722T135420_IFCB777,2019-07-22 13:54:20+00:00,777,4.87835530416667,42.5643,-125.0078,,,,,,137,,2,0
nwfsc_pacific_hake_survey,D20190722T141850_IFCB777,2019-07-22 14:18:50+00:00,777,4.9142599625,42.5646,-125.1093,,,,,,135,,2,0
nwfsc_pacific_hake_survey,D20190722T144319_IFCB777,2019-07-22 14:43:19+00:00,777,4.8866437875,42.5645,-125.213,,,,,,119,,2,0
nwfsc_pacific_hake_survey,D20190722T150748_IFCB777,2019-07-22 15:07:48+00:00,777,4.9083559375,42.5651,-125.3134,,,,,,95,,2,0
nwfsc_pacific_hake_survey,D20190722T153218_IFCB777,2019-07-22 15:32:18+00:00,777,4.91112120833333,42.6095,-125.3539,,,,,,101,,2,0
nwfsc_pacific_hake_survey,D20190722T155647_IFCB777,2019-07-22 15:56:47+00:00,777,4.9047929875,42.6825,-125.3457,,,,,,82,,2,0
nwfsc_pacific_hake_survey,D20190722T162117_IFCB777,2019-07-22 16:21:17+00:00,777,4.94905749166667,42.7315,-125.3051,,,,,,78,,2,0
nwfsc_pacific_hake_survey,D20190722T164546_IFCB777,2019-07-22 16:45:46+00:00,777,4.74552904166667,42.7307,-125.2051,,,,,,66,,2,0
nwfsc_pacific_hake_survey,D20190722T171015_IFCB777,2019-07-22 17:10:15+00:00,777,4.9377710875,42.7258,-125.1107,,,,,,89,,2,0
nwfsc_pacific_hake_survey,D20190722T173445_IFCB777,2019-07-22 17:34:45+00:00,777,4.9025014625,42.7271,-125.1278,,,,,,77,,2,0
nwfsc_pacific_hake_survey,D20190722T175914_IFCB777,2019-07-22 17:59:14+00:00,777,4.91506826666667,42.7301,-125.1587,,,,,,71,,2,0
nwfsc_pacific_hake_survey,D20190722T182343_IFCB777,2019-07-22 18:23:43+00:00,777,4.9574395875,42.7339,-125.1848,,,,,,39,,2,0
nwfsc_pacific_hake_survey,D20190722T184813_IFCB777,2019-07-22 18:48:13+00:00,777,4.83558746666667,42.7393,-125.2108,,,,,,78,,2,0
nwfsc_pacific_hake_survey,D20190722T191242_IFCB777,2019-07-22 19:12:42+00:00,777,4.76822262916667,42.7435,-125.2346,,,,,,64,,2,0
nwfsc_pacific_hake_survey,D20190722T193711_IFCB777,2019-07-22 19:37:11+00:00,777,4.84507631666667,42.7466,-125.2516,,,,,,64,,2,0
nwfsc_pacific_hake_survey,D20190722T200141_IFCB777,2019-07-22 20:01:41+00:00,777,4.95551691666667,42.7396,-125.205,,,,,,42,,2,0
nwfsc_pacific_hake_survey,D20190722T202610_IFCB777,2019-07-22 20:26:10+00:00,777,4.92700661666667,42.7307,-125.1079,,,,,,49,,2,0
nwfsc_pacific_hake_survey,D20190722T205040_IFCB777,2019-07-22 20:50:40+00:00,777,4.9041081,42.7303,-125.0078,,,,,,80,,2,0
nwfsc_pacific_hake_survey,D20190722T211509_IFCB777,2019-07-22 21:15:09+00:00,777,4.86629015833333,42.7312,-124.902,,,,,,63,,2,0
nwfsc_pacific_hake_survey,D20190722T213938_IFCB777,2019-07-22 21:39:38+00:00,777,4.8943412375,42.7302,-124.803,,,,,,62,,2,0
nwfsc_pacific_hake_survey,D20190722T220408_IFCB777,2019-07-22 22:04:08+00:00,777,4.68926125,42.7303,-124.7006,,,,,,1077,,2,0
nwfsc_pacific_hake_survey,D20190722T222837_IFCB777,2019-07-22 22:28:37+00:00,777,4.71390369166667,42.6951,-124.7002,,,,,,980,,2,0
nwfsc_pacific_hake_survey,D20190722T225307_IFCB777,2019-07-22 22:53:07+00:00,777,4.77839202916667,42.7053,-124.7114,,,,,,730,,2,0
nwfsc_pacific_hake_survey,D20190722T231736_IFCB777,2019-07-22 23:17:36+00:00,777,4.9177214625,42.7228,-124.7265,,,,,,243,,2,0
nwfsc_pacific_hake_survey,D20190722T234205_IFCB777,2019-07-22 23:42:05+00:00,777,4.9029911,42.7361,-124.7347,,,,,,277,,2,0
nwfsc_pacific_hake_survey,D20190723T000635_IFCB777,2019-07-23 00:06:35+00:00,777,4.924399125,42.7279,-124.7412,,,,,,187,,2,0
nwfsc_pacific_hake_survey,D20190723T003104_IFCB777,2019-07-23 00:31:04+00:00,777,4.5264814625,42.7304,-124.6909,,,,,,1587,,2,0
nwfsc_pacific_hake_survey,D20190723T005534_IFCB777,2019-07-23 00:55:34+00:00,777,4.58494552083333,42.7306,-124.5887,,,,,,1363,,2,0
nwfsc_pacific_hake_survey,D20190723T014441_IFCB777,2019-07-23 01:44:41+00:00,777,4.708014875,42.763,-124.6669,,,,,,936,,2,0
nwfsc_pacific_hake_survey,D20190723T020910_IFCB777,2019-07-23 02:09:10+00:00,777,4.8301835125,42.8328,-124.6669,,,,,,354,,2,0
nwfsc_pacific_hake_survey,D20190723T023340_IFCB777,2019-07-23 02:33:40+00:00,777,3.90089209583333,42.885,-124.6058,,,,,,3829,,2,0
nwfsc_pacific_hake_survey,D20190723T025809_IFCB777,2019-07-23 02:58:09+00:00,777,4.0832956375,42.8972,-124.6646,,,,,,3082,,2,0
nwfsc_pacific_hake_survey,D20190723T032239_IFCB777,2019-07-23 03:22:39+00:00,777,4.84684422916667,42.8965,-124.7635,,,,,,443,,2,0
nwfsc_pacific_hake_survey,D20190723T034709_IFCB777,2019-07-23 03:47:09+00:00,777,4.82635815416667,42.8969,-124.8627,,,,,,462,,2,0
nwfsc_pacific_hake_survey,D20190723T041138_IFCB777,2019-07-23 04:11:38+00:00,777,4.89822855,42.8703,-124.9511,,,,,,193,,2,0
nwfsc_pacific_hake_survey,D20190723T043607_IFCB777,2019-07-23 04:36:07+00:00,777,4.9245513125,42.8385,-125.0379,,,,,,175,,2,0
nwfsc_pacific_hake_survey,D20190723T050037_IFCB777,2019-07-23 05:00:37+00:00,777,4.860710675,42.8092,-125.1199,,,,,,107,,2,0
nwfsc_pacific_hake_survey,D20190723T052506_IFCB777,2019-07-23 05:25:06+00:00,777,4.90572697083333,42.7794,-125.206,,,,,,99,,2,0
nwfsc_pacific_hake_survey,D20190723T054936_IFCB777,2019-07-23 05:49:36+00:00,777,4.89092911666667,42.7555,-125.2717,,,,,,119,,2,0
nwfsc_pacific_hake_survey,D20190723T061405_IFCB777,2019-07-23 06:14:05+00:00,777,4.92469522083333,42.7306,-125.3452,,,,,,79,,2,0
nwfsc_pacific_hake_survey,D20190723T063834_IFCB777,2019-07-23 06:38:34+00:00,777,4.94128445833333,42.7324,-125.3424,,,,,,73,,2,0
nwfsc_pacific_hake_survey,D20190723T070304_IFCB777,2019-07-23 07:03:04+00:00,777,4.9419575375,42.7345,-125.3423,,,,,,86,,2,0
nwfsc_pacific_hake_survey,D20190723T072733_IFCB777,2019-07-23 07:27:33+00:00,777,4.9474279625,42.7345,-125.3145,,,,,,107,,2,0
nwfsc_pacific_hake_survey,D20190723T075203_IFCB777,2019-07-23 07:52:03+00:00,777,4.91884479583333,42.7321,-125.2203,,,,,,129,,2,0
nwfsc_pacific_hake_survey,D20190723T081632_IFCB777,2019-07-23 08:16:32+00:00,777,4.92396993333333,42.73,-125.1285,,,,,,107,,2,0
nwfsc_pacific_hake_survey,D20190723T084101_IFCB777,2019-07-23 08:41:01+00:00,777,4.84434677916667,42.73,-125.0341,,,,,,102,,2,0
nwfsc_pacific_hake_survey,D20190723T090531_IFCB777,2019-07-23 09:05:31+00:00,777,4.85935005416667,42.7299,-124.9433,,,,,,143,,2,0
nwfsc_pacific_hake_survey,D20190723T093000_IFCB777,2019-07-23 09:30:00+00:00,777,4.53069967083333,42.7298,-124.8819,,,,,,94,,2,0
nwfsc_pacific_hake_survey,D20190723T095430_IFCB777,2019-07-23 09:54:30+00:00,777,4.92872819166667,42.7285,-124.8859,,,,,,123,,2,0
nwfsc_pacific_hake_survey,D20190723T101859_IFCB777,2019-07-23 10:18:59+00:00,777,4.92517536666667,42.7294,-124.8254,,,,,,150,,2,0
nwfsc_pacific_hake_survey,D20190723T104328_IFCB777,2019-07-23 10:43:28+00:00,777,4.837665175,42.7285,-124.7682,,,,,,483,,2,0
nwfsc_pacific_hake_survey,D20190723T110758_IFCB777,2019-07-23 11:07:58+00:00,777,4.8319724,42.7278,-124.7695,,,,,,514,,2,0
nwfsc_pacific_hake_survey,D20190723T113227_IFCB777,2019-07-23 11:32:27+00:00,777,4.69421742083333,42.7313,-124.7315,,,,,,992,,2,0
nwfsc_pacific_hake_survey,D20190723T115657_IFCB777,2019-07-23 11:56:57+00:00,777,4.76653511666667,42.7303,-124.7329,,,,,,714,,2,0
nwfsc_pacific_hake_survey,D20190723T122126_IFCB777,2019-07-23 12:21:26+00:00,777,4.61081565416667,42.7303,-124.6756,,,,,,1243,,2,0
nwfsc_pacific_hake_survey,D20190723T124555_IFCB777,2019-07-23 12:45:55+00:00,777,4.8803833,42.7335,-124.6797,,,,,,330,,2,0
nwfsc_pacific_hake_survey,D20190723T131025_IFCB777,2019-07-23 13:10:25+00:00,777,4.74600632083333,42.7896,-124.7403,,,,,,792,,2,0
nwfsc_pacific_hake_survey,D20190723T133454_IFCB777,2019-07-23 13:34:54+00:00,777,4.91496942083333,42.8435,-124.8013,,,,,,156,,2,0
nwfsc_pacific_hake_survey,D20190723T142401_IFCB777,2019-07-23 14:24:01+00:00,777,4.8941656,42.8974,-124.9636,,,,,,131,,2,0
nwfsc_pacific_hake_survey,D20190723T144831_IFCB777,2019-07-23 14:48:31+00:00,777,4.9583967375,42.8745,-124.9668,,,,,,70,,2,0
nwfsc_pacific_hake_survey,D20190723T151300_IFCB777,2019-07-23 15:13:00+00:00,777,4.94083454583333,42.8768,-124.9629,,,,,,78,,2,0
nwfsc_pacific_hake_survey,D20190723T153729_IFCB777,2019-07-23 15:37:29+00:00,777,4.88906477083333,42.8932,-124.9784,,,,,,82,,2,0
nwfsc_pacific_hake_survey,D20190723T160159_IFCB777,2019-07-23 16:01:59+00:00,777,4.8917394375,42.9035,-124.99,,,,,,92,,2,0
nwfsc_pacific_hake_survey,D20190723T162628_IFCB777,2019-07-23 16:26:28+00:00,777,4.95426234166667,42.8964,-124.9986,,,,,,77,,2,0
nwfsc_pacific_hake_survey,D20190723T165057_IFCB777,2019-07-23 16:50:57+00:00,777,4.95935321666667,42.8972,-125.0589,,,,,,72,,2,0
nwfsc_pacific_hake_survey,D20190723T171527_IFCB777,2019-07-23 17:15:27+00:00,777,4.8783093,42.8972,-125.163,,,,,,71,,2,0
nwfsc_pacific_hake_survey,D20190723T173956_IFCB777,2019-07-23 17:39:56+00:00,777,4.74961458333333,42.8972,-125.2637,,,,,,65,,2,0
nwfsc_pacific_hake_survey,D20190723T180426_IFCB777,2019-07-23 18:04:26+00:00,777,4.895900075,42.8972,-125.369,,,,,,88,,2,0
nwfsc_pacific_hake_survey,D20190723T182855_IFCB777,2019-07-23 18:28:55+00:00,777,4.94390610833333,42.9393,-125.376,,,,,,101,,2,0
nwfsc_pacific_hake_survey,D20190723T185324_IFCB777,2019-07-23 18:53:24+00:00,777,4.94547452916667,43.007,-125.3256,,,,,,84,,2,0
nwfsc_pacific_hake_survey,D20190723T191754_IFCB777,2019-07-23 19:17:54+00:00,777,4.5087784,43.0628,-125.2813,,,,,,1779,,2,0
nwfsc_pacific_hake_survey,D20190723T194223_IFCB777,2019-07-23 19:42:23+00:00,777,4.66320993333333,43.0639,-125.183,,,,,,1193,,2,0
nwfsc_pacific_hake_survey,D20190723T200653_IFCB777,2019-07-23 20:06:53+00:00,777,4.63225952083333,43.0626,-125.0842,,,,,,1296,,2,0
nwfsc_pacific_hake_survey,D20190723T203122_IFCB777,2019-07-23 20:31:22+00:00,777,4.5016386375,43.0617,-124.9787,,,,,,1886,,2,0
nwfsc_pacific_hake_survey,D20190723T205551_IFCB777,2019-07-23 20:55:51+00:00,777,4.73903034583333,43.028,-125.0485,,,,,,915,,2,0
nwfsc_pacific_hake_survey,D20190723T212021_IFCB777,2019-07-23 21:20:21+00:00,777,4.60073950833333,43.0442,-125.0619,,,,,,1467,,2,0
nwfsc_pacific_hake_survey,D20190723T214450_IFCB777,2019-07-23 21:44:50+00:00,777,4.73449292083333,43.0698,-125.0845,,,,,,889,,2,0
nwfsc_pacific_hake_survey,D20190723T220920_IFCB777,2019-07-23 22:09:20+00:00,777,4.80041650416667,43.0879,-125.1069,,,,,,695,,2,0
nwfsc_pacific_hake_survey,D20190723T223349_IFCB777,2019-07-23 22:33:49+00:00,777,4.86032115416667,43.1047,-125.1291,,,,,,473,,2,0
nwfsc_pacific_hake_survey,D20190723T225819_IFCB777,2019-07-23 22:58:19+00:00,777,4.88382863333333,43.1153,-125.1599,,,,,,338,,2,0
nwfsc_pacific_hake_survey,D20190723T232248_IFCB777,2019-07-23 23:22:48+00:00,777,4.78549590416667,43.0986,-125.1421,,,,,,657,,2,0
nwfsc_pacific_hake_survey,D20190723T234717_IFCB777,2019-07-23 23:47:17+00:00,777,4.5292583375,43.0707,-125.0475,,,,,,1717,,2,0
nwfsc_pacific_hake_survey,D20190724T001147_IFCB777,2019-07-24 00:11:47+00:00,777,4.5755054875,43.0619,-124.9525,,,,,,1553,,2,0
nwfsc_pacific_hake_survey,D20190724T003616_IFCB777,2019-07-24 00:36:16+00:00,777,4.84835007083333,43.0671,-124.8516,,,,,,430,,2,0
nwfsc_pacific_hake_survey,D20190724T010046_IFCB777,2019-07-24 01:00:46+00:00,777,4.777743175,43.0667,-124.7721,,,,,,742,,2,0
nwfsc_pacific_hake_survey,D20190724T012515_IFCB777,2019-07-24 01:25:15+00:00,777,4.843733875,43.0671,-124.7042,,,,,,495,,2,0
nwfsc_pacific_hake_survey,D20190724T014945_IFCB777,2019-07-24 01:49:45+00:00,777,3.63612915833333,43.0635,-124.6239,,,,,,4494,,2,0
nwfsc_pacific_hake_survey,D20190724T021414_IFCB777,2019-07-24 02:14:14+00:00,777,4.35895336666667,43.0628,-124.526,,,,,,2037,,2,0
nwfsc_pacific_hake_survey,D20190724T030321_IFCB777,2019-07-24 03:03:21+00:00,777,4.27505934583333,43.0651,-124.545,,,,,,2348,,2,0
nwfsc_pacific_hake_survey,D20190724T032751_IFCB777,2019-07-24 03:27:51+00:00,777,4.74023435416667,43.0663,-124.648,,,,,,793,,2,0
nwfsc_pacific_hake_survey,D20190724T035220_IFCB777,2019-07-24 03:52:20+00:00,777,4.8450488,43.0651,-124.666,,,,,,455,,2,0
nwfsc_pacific_hake_survey,D20190724T041650_IFCB777,2019-07-24 04:16:50+00:00,777,4.82266812083333,43.0647,-124.7098,,,,,,492,,2,0
nwfsc_pacific_hake_survey,D20190724T044119_IFCB777,2019-07-24 04:41:19+00:00,777,4.78883967083333,43.0633,-124.8145,,,,,,639,,2,0
nwfsc_pacific_hake_survey,D20190724T050548_IFCB777,2019-07-24 05:05:48+00:00,777,4.62958426666667,43.0649,-124.8745,,,,,,1236,,2,0
nwfsc_pacific_hake_survey,D20190724T053018_IFCB777,2019-07-24 05:30:18+00:00,777,4.67352369166667,43.0645,-124.8801,,,,,,1066,,2,0
nwfsc_pacific_hake_survey,D20190724T055447_IFCB777,2019-07-24 05:54:47+00:00,777,4.66273782916667,43.064,-124.9072,,,,,,1103,,2,0
nwfsc_pacific_hake_survey,D20190724T061917_IFCB777,2019-07-24 06:19:17+00:00,777,4.7503975875,43.0639,-124.9392,,,,,,802,,2,0
nwfsc_pacific_hake_survey,D20190724T064346_IFCB777,2019-07-24 06:43:46+00:00,777,4.80041391666667,43.0639,-125.0146,,,,,,587,,2,0
nwfsc_pacific_hake_survey,D20190724T070815_IFCB777,2019-07-24 07:08:15+00:00,777,4.82303475833333,43.0638,-125.0196,,,,,,577,,2,0
nwfsc_pacific_hake_survey,D20190724T073245_IFCB777,2019-07-24 07:32:45+00:00,777,4.51661880833333,43.0651,-125.0476,,,,,,1788,,2,0
nwfsc_pacific_hake_survey,D20190724T075714_IFCB777,2019-07-24 07:57:14+00:00,777,4.4196503,43.0638,-125.1276,,,,,,2105,,2,0
nwfsc_pacific_hake_survey,D20190724T082144_IFCB777,2019-07-24 08:21:44+00:00,777,4.3907168,43.0639,-125.1312,,,,,,2213,,2,0
nwfsc_pacific_hake_survey,D20190724T084613_IFCB777,2019-07-24 08:46:13+00:00,777,4.32033087083333,43.065,-125.1411,,,,,,2534,,2,0
nwfsc_pacific_hake_survey,D20190724T091043_IFCB777,2019-07-24 09:10:43+00:00,777,4.44990062916667,43.0649,-125.2192,,,,,,2000,,2,0
nwfsc_pacific_hake_survey,D20190724T093512_IFCB777,2019-07-24 09:35:12+00:00,777,4.59009480833333,43.0651,-125.2488,,,,,,1435,,2,0
nwfsc_pacific_hake_survey,D20190724T095942_IFCB777,2019-07-24 09:59:42+00:00,777,4.4923709375,43.0669,-125.2536,,,,,,1786,,2,0
nwfsc_pacific_hake_survey,D20190724T102411_IFCB777,2019-07-24 10:24:11+00:00,777,4.88256534583333,43.0648,-125.2725,,,,,,343,,2,0
nwfsc_pacific_hake_survey,D20190724T104841_IFCB777,2019-07-24 10:48:41+00:00,777,4.8873348625,43.0645,-125.2809,,,,,,235,,2,0
nwfsc_pacific_hake_survey,D20190724T111310_IFCB777,2019-07-24 11:13:10+00:00,777,4.911569075,43.0654,-125.2808,,,,,,224,,2,0
nwfsc_pacific_hake_survey,D20190724T113739_IFCB777,2019-07-24 11:37:39+00:00,777,4.83841875416667,43.1143,-125.2842,,,,,,465,,2,0
nwfsc_pacific_hake_survey,D20190724T120209_IFCB777,2019-07-24 12:02:09+00:00,777,4.866696975,43.168,-125.2821,,,,,,336,,2,0
nwfsc_pacific_hake_survey,D20190724T122638_IFCB777,2019-07-24 12:26:38+00:00,777,4.87159357916667,43.2193,-125.2697,,,,,,360,,2,0
nwfsc_pacific_hake_survey,D20190724T125107_IFCB777,2019-07-24 12:51:07+00:00,777,4.84958303333333,43.2293,-125.2738,,,,,,314,,2,0
nwfsc_pacific_hake_survey,D20190724T131537_IFCB777,2019-07-24 13:15:37+00:00,777,4.76759347916667,43.2302,-125.2349,,,,,,337,,2,0
nwfsc_pacific_hake_survey,D20190724T134006_IFCB777,2019-07-24 13:40:06+00:00,777,4.70484372083333,43.2304,-125.1343,,,,,,985,,2,0
nwfsc_pacific_hake_survey,D20190724T140435_IFCB777,2019-07-24 14:04:35+00:00,777,4.73957062083333,43.2295,-125.0367,,,,,,809,,2,0
nwfsc_pacific_hake_survey,D20190724T142905_IFCB777,2019-07-24 14:29:05+00:00,777,4.667401575,43.2269,-124.9341,,,,,,1111,,2,0
nwfsc_pacific_hake_survey,D20190724T145334_IFCB777,2019-07-24 14:53:34+00:00,777,4.5076189875,43.2264,-124.834,,,,,,1705,,2,0
nwfsc_pacific_hake_survey,D20190724T154242_IFCB777,2019-07-24 15:42:42+00:00,777,4.66356872083333,43.2076,-124.7459,,,,,,1119,,2,0
nwfsc_pacific_hake_survey,D20190724T160711_IFCB777,2019-07-24 16:07:11+00:00,777,4.65724620833333,43.1994,-124.7814,,,,,,1121,,2,0
nwfsc_pacific_hake_survey,D20190724T163141_IFCB777,2019-07-24 16:31:41+00:00,777,4.31514832916667,43.2178,-124.77,,,,,,768,,2,0
nwfsc_pacific_hake_survey,D20190724T165610_IFCB777,2019-07-24 16:56:10+00:00,777,4.7188231625,43.235,-124.7578,,,,,,753,,2,0
nwfsc_pacific_hake_survey,D20190724T172039_IFCB777,2019-07-24 17:20:39+00:00,777,4.75444700416667,43.2449,-124.7508,,,,,,738,,2,0
nwfsc_pacific_hake_survey,D20190724T174509_IFCB777,2019-07-24 17:45:09+00:00,777,0.478138533333333,43.2296,-124.702,,,,,,114,,2,0
nwfsc_pacific_hake_survey,D20190724T181003_IFCB777,2019-07-24 18:10:03+00:00,777,4.18139559583333,43.2285,-124.5985,,,,,,2209,,2,0
nwfsc_pacific_hake_survey,D20190724T184249_IFCB777,2019-07-24 18:42:49+00:00,777,4.70935187916667,43.2309,-124.465,,,,,,682,,2,0
nwfsc_pacific_hake_survey,D20190724T190718_IFCB777,2019-07-24 19:07:18+00:00,777,4.57897459166667,43.2973,-124.4791,,,,,,881,,2,0
nwfsc_pacific_hake_survey,D20190724T193148_IFCB777,2019-07-24 19:31:48+00:00,777,4.62006670416667,43.3535,-124.4682,,,,,,971,,2,0
nwfsc_pacific_hake_survey,D20190724T195617_IFCB777,2019-07-24 19:56:17+00:00,777,4.50563553333333,43.3923,-124.3885,,,,,,1606,,2,0
nwfsc_pacific_hake_survey,D20190724T202047_IFCB777,2019-07-24 20:20:47+00:00,777,4.80569240833333,43.3966,-124.4543,,,,,,563,,2,0
nwfsc_pacific_hake_survey,D20190724T204516_IFCB777,2019-07-24 20:45:16+00:00,777,4.78383159166667,43.3973,-124.5599,,,,,,667,,2,0
nwfsc_pacific_hake_survey,D20190724T210946_IFCB777,2019-07-24 21:09:46+00:00,777,4.6301417375,43.3976,-124.6614,,,,,,1161,,2,0
nwfsc_pacific_hake_survey,D20190724T213415_IFCB777,2019-07-24 21:34:15+00:00,777,4.8383450625,43.3981,-124.765,,,,,,384,,2,0
nwfsc_pacific_hake_survey,D20190724T215844_IFCB777,2019-07-24 21:58:44+00:00,777,4.80846745,43.3919,-124.8167,,,,,,493,,2,0
nwfsc_pacific_hake_survey,D20190724T222314_IFCB777,2019-07-24 22:23:14+00:00,777,4.8222607875,43.3569,-124.7195,,,,,,461,,2,0
nwfsc_pacific_hake_survey,D20190724T224743_IFCB777,2019-07-24 22:47:43+00:00,777,4.832472075,43.3623,-124.7141,,,,,,490,,2,0
nwfsc_pacific_hake_survey,D20190724T231213_IFCB777,2019-07-24 23:12:13+00:00,777,4.79451923333333,43.385,-124.7337,,,,,,558,,2,0
nwfsc_pacific_hake_survey,D20190724T233642_IFCB777,2019-07-24 23:36:42+00:00,777,4.794363075,43.4024,-124.7479,,,,,,631,,2,0
nwfsc_pacific_hake_survey,D20190725T000112_IFCB777,2019-07-25 00:01:12+00:00,777,4.8010550125,43.4139,-124.7623,,,,,,459,,2,0
nwfsc_pacific_hake_survey,D20190725T002541_IFCB777,2019-07-25 00:25:41+00:00,777,4.73826785,43.4141,-124.7768,,,,,,771,,2,0
nwfsc_pacific_hake_survey,D20190725T005011_IFCB777,2019-07-25 00:50:11+00:00,777,4.92586060416667,43.3974,-124.8579,,,,,,184,,2,0
nwfsc_pacific_hake_survey,D20190725T011440_IFCB777,2019-07-25 01:14:40+00:00,777,4.93297881666667,43.3962,-124.9572,,,,,,148,,2,0
nwfsc_pacific_hake_survey,D20190725T013909_IFCB777,2019-07-25 01:39:09+00:00,777,4.84960452916667,43.3957,-125.0606,,,,,,101,,2,0
nwfsc_pacific_hake_survey,D20190725T020339_IFCB777,2019-07-25 02:03:39+00:00,777,4.88106284583333,43.3958,-125.1627,,,,,,154,,2,0
nwfsc_pacific_hake_survey,D20190725T022808_IFCB777,2019-07-25 02:28:08+00:00,777,4.91844125416667,43.3956,-125.1891,,,,,,179,,2,0
nwfsc_pacific_hake_survey,D20190725T025237_IFCB777,2019-07-25 02:52:37+00:00,777,4.91203679583333,43.3956,-125.1891,,,,,,167,,2,0
nwfsc_pacific_hake_survey,D20190725T031707_IFCB777,2019-07-25 03:17:07+00:00,777,4.7664944375,43.3982,-125.1077,,,,,,131,,2,0
nwfsc_pacific_hake_survey,D20190725T034136_IFCB777,2019-07-25 03:41:36+00:00,777,4.94479135833333,43.3941,-125.092,,,,,,90,,2,0
nwfsc_pacific_hake_survey,D20190725T040606_IFCB777,2019-07-25 04:06:06+00:00,777,4.83200492916667,43.3962,-125.071,,,,,,71,,2,0
nwfsc_pacific_hake_survey,D20190725T043035_IFCB777,2019-07-25 04:30:35+00:00,777,4.76212544166667,43.3967,-124.9778,,,,,,744,,2,0
nwfsc_pacific_hake_survey,D20190725T045504_IFCB777,2019-07-25 04:55:04+00:00,777,4.74109965416667,43.3944,-124.9738,,,,,,791,,2,0
nwfsc_pacific_hake_survey,D20190725T051934_IFCB777,2019-07-25 05:19:34+00:00,777,4.7906935875,43.3956,-124.9451,,,,,,629,,2,0
nwfsc_pacific_hake_survey,D20190725T054403_IFCB777,2019-07-25 05:44:03+00:00,777,4.8715996625,43.3968,-124.8554,,,,,,307,,2,0
nwfsc_pacific_hake_survey,D20190725T060832_IFCB777,2019-07-25 06:08:32+00:00,777,4.81802790416667,43.397,-124.8621,,,,,,521,,2,0
nwfsc_pacific_hake_survey,D20190725T063302_IFCB777,2019-07-25 06:33:02+00:00,777,4.78250831666667,43.3963,-124.8705,,,,,,524,,2,0
nwfsc_pacific_hake_survey,D20190725T072209_IFCB777,2019-07-25 07:22:09+00:00,777,4.4932484,43.3969,-124.7439,,,,,,1596,,2,0
nwfsc_pacific_hake_survey,D20190725T074639_IFCB777,2019-07-25 07:46:39+00:00,777,4.49276504583333,43.3959,-124.7537,,,,,,1609,,2,0
nwfsc_pacific_hake_survey,D20190725T081108_IFCB777,2019-07-25 08:11:08+00:00,777,4.42147194166667,43.4064,-124.7067,,,,,,1842,,2,0
nwfsc_pacific_hake_survey,D20190725T083538_IFCB777,2019-07-25 08:35:38+00:00,777,4.50279708333333,43.3963,-124.6726,,,,,,1578,,2,0
nwfsc_pacific_hake_survey,D20190725T090007_IFCB777,2019-07-25 09:00:07+00:00,777,4.488904125,43.3985,-124.6574,,,,,,1659,,2,0
nwfsc_pacific_hake_survey,D20190725T092437_IFCB777,2019-07-25 09:24:37+00:00,777,4.56336439166667,43.3975,-124.5897,,,,,,1372,,2,0
nwfsc_pacific_hake_survey,D20190725T094906_IFCB777,2019-07-25 09:49:06+00:00,777,4.55012527083333,43.3967,-124.5793,,,,,,1385,,2,0
nwfsc_pacific_hake_survey,D20190725T101336_IFCB777,2019-07-25 10:13:36+00:00,777,4.56190429583333,43.3954,-124.4933,,,,,,1385,,2,0
nwfsc_pacific_hake_survey,D20190725T103805_IFCB777,2019-07-25 10:38:05+00:00,777,4.45573978333333,43.3908,-124.4081,,,,,,1794,,2,0
nwfsc_pacific_hake_survey,D20190725T110235_IFCB777,2019-07-25 11:02:35+00:00,777,4.62747883333333,43.3972,-124.3869,,,,,,1186,,2,0
nwfsc_pacific_hake_survey,D20190725T112704_IFCB777,2019-07-25 11:27:04+00:00,777,4.4082534625,43.4558,-124.3686,,,,,,1908,,2,0
nwfsc_pacific_hake_survey,D20190725T115134_IFCB777,2019-07-25 11:51:34+00:00,777,4.5455453375,43.5222,-124.3458,,,,,,1455,,2,0
nwfsc_pacific_hake_survey,D20190725T121604_IFCB777,2019-07-25 12:16:04+00:00,777,4.5447030875,43.5927,-124.322,,,,,,1479,,2,0
nwfsc_pacific_hake_survey,D20190725T124033_IFCB777,2019-07-25 12:40:33+00:00,777,4.2295593,43.6617,-124.2978,,,,,,2532,,2,0
nwfsc_pacific_hake_survey,D20190725T130503_IFCB777,2019-07-25 13:05:03+00:00,777,4.36996991666667,43.7224,-124.2432,,,,,,2019,,2,0
nwfsc_pacific_hake_survey,D20190725T132933_IFCB777,2019-07-25 13:29:33+00:00,777,4.25433278333333,43.731,-124.3091,,,,,,2439,,2,0
nwfsc_pacific_hake_survey,D20190725T135402_IFCB777,2019-07-25 13:54:02+00:00,777,4.655449525,43.7303,-124.4126,,,,,,1062,,2,0
nwfsc_pacific_hake_survey,D20190725T141832_IFCB777,2019-07-25 14:18:32+00:00,777,4.26271925,43.7302,-124.5129,,,,,,2341,,2,0
nwfsc_pacific_hake_survey,D20190725T144302_IFCB777,2019-07-25 14:43:02+00:00,777,4.48985873333333,43.731,-124.6171,,,,,,1616,,2,0
nwfsc_pacific_hake_survey,D20190725T150731_IFCB777,2019-07-25 15:07:31+00:00,777,4.58606038333333,43.7308,-124.7187,,,,,,1338,,2,0
nwfsc_pacific_hake_survey,D20190725T153201_IFCB777,2019-07-25 15:32:01+00:00,777,4.56461279166667,43.7298,-124.8251,,,,,,1395,,2,0
nwfsc_pacific_hake_survey,D20190725T155630_IFCB777,2019-07-25 15:56:30+00:00,777,4.54624693333333,43.7306,-124.9261,,,,,,1435,,2,0
nwfsc_pacific_hake_survey,D20190725T162100_IFCB777,2019-07-25 16:21:00+00:00,777,4.85515884583333,43.7306,-125.0311,,,,,,379,,2,0
nwfsc_pacific_hake_survey,D20190725T164529_IFCB777,2019-07-25 16:45:29+00:00,777,4.80762017916667,43.7306,-125.1325,,,,,,54,,2,0
nwfsc_pacific_hake_survey,D20190725T170958_IFCB777,2019-07-25 17:09:58+00:00,777,4.8629305375,43.694,-125.082,,,,,,52,,2,0
nwfsc_pacific_hake_survey,D20190725T173428_IFCB777,2019-07-25 17:34:28+00:00,777,4.92931617083333,43.6988,-125.0673,,,,,,59,,2,0
nwfsc_pacific_hake_survey,D20190725T175857_IFCB777,2019-07-25 17:58:57+00:00,777,4.9468188625,43.7209,-125.0667,,,,,,66,,2,0
nwfsc_pacific_hake_survey,D20190725T182327_IFCB777,2019-07-25 18:23:27+00:00,777,4.89087580416667,43.7398,-125.0675,,,,,,134,,2,0
nwfsc_pacific_hake_survey,D20190725T184756_IFCB777,2019-07-25 18:47:56+00:00,777,4.8747734,43.7552,-125.0667,,,,,,292,,2,0
nwfsc_pacific_hake_survey,D20190725T191225_IFCB777,2019-07-25 19:12:25+00:00,777,4.69939223333333,43.7666,-125.0701,,,,,,889,,2,0
nwfsc_pacific_hake_survey,D20190725T200133_IFCB777,2019-07-25 20:01:33+00:00,777,4.8604483125,43.8795,-125.1288,,,,,,310,,2,0
nwfsc_pacific_hake_survey,D20190725T202602_IFCB777,2019-07-25 20:26:02+00:00,777,4.75513604583333,43.8966,-125.0953,,,,,,729,,2,0
nwfsc_pacific_hake_survey,D20190725T205031_IFCB777,2019-07-25 20:50:31+00:00,777,4.64324575833333,43.897,-124.9992,,,,,,1096,,2,0
nwfsc_pacific_hake_survey,D20190725T211501_IFCB777,2019-07-25 21:15:01+00:00,777,4.35148384166667,43.898,-124.8962,,,,,,1812,,2,0
nwfsc_pacific_hake_survey,D20190725T213931_IFCB777,2019-07-25 21:39:31+00:00,777,4.30895134583333,43.8972,-124.797,,,,,,2134,,2,0
nwfsc_pacific_hake_survey,D20190725T220401_IFCB777,2019-07-25 22:04:01+00:00,777,4.64041884583333,43.8628,-124.847,,,,,,1026,,2,0
nwfsc_pacific_hake_survey,D20190725T222830_IFCB777,2019-07-25 22:28:30+00:00,777,4.6324094125,43.8779,-124.8572,,,,,,1109,,2,0
nwfsc_pacific_hake_survey,D20190725T225300_IFCB777,2019-07-25 22:53:00+00:00,777,4.34075952083333,43.9006,-124.877,,,,,,2027,,2,0
nwfsc_pacific_hake_survey,D20190725T231730_IFCB777,2019-07-25 23:17:30+00:00,777,4.5463969625,43.9137,-124.8979,,,,,,1413,,2,0
nwfsc_pacific_hake_survey,D20190725T234200_IFCB777,2019-07-25 23:42:00+00:00,777,4.46785713333333,43.9155,-124.9211,,,,,,1648,,2,0
nwfsc_pacific_hake_survey,D20190726T000629_IFCB777,2019-07-26 00:06:29+00:00,777,4.37137909583333,43.8737,-124.9159,,,,,,1973,,2,0
nwfsc_pacific_hake_survey,D20190726T003059_IFCB777,2019-07-26 00:30:59+00:00,777,4.50863555,43.8443,-124.9031,,,,,,1558,,2,0
nwfsc_pacific_hake_survey,D20190726T005529_IFCB777,2019-07-26 00:55:29+00:00,777,4.58208995416667,43.8575,-124.9086,,,,,,1284,,2,0
nwfsc_pacific_hake_survey,D20190726T011958_IFCB777,2019-07-26 01:19:58+00:00,777,4.2060371,43.8844,-124.9203,,,,,,2208,,2,0
nwfsc_pacific_hake_survey,D20190726T014428_IFCB777,2019-07-26 01:44:28+00:00,777,4.42599122916667,43.9048,-124.9246,,,,,,1841,,2,0
nwfsc_pacific_hake_survey,D20190726T020858_IFCB777,2019-07-26 02:08:58+00:00,777,4.486556025,43.9227,-124.9301,,,,,,1596,,2,0
nwfsc_pacific_hake_survey,D20190726T023328_IFCB777,2019-07-26 02:33:28+00:00,777,4.56196762083333,43.9319,-124.9494,,,,,,1406,,2,0
nwfsc_pacific_hake_survey,D20190726T025757_IFCB777,2019-07-26 02:57:57+00:00,777,4.41831182083333,43.9075,-124.9103,,,,,,1865,,2,0
nwfsc_pacific_hake_survey,D20190726T032227_IFCB777,2019-07-26 03:22:27+00:00,777,4.1296212375,43.8977,-124.8054,,,,,,2788,,2,0
nwfsc_pacific_hake_survey,D20190726T034657_IFCB777,2019-07-26 03:46:57+00:00,777,4.00107994166667,43.8975,-124.7013,,,,,,3285,,2,0
nwfsc_pacific_hake_survey,D20190726T041127_IFCB777,2019-07-26 04:11:27+00:00,777,4.12998260416667,43.8969,-124.595,,,,,,2812,,2,0
nwfsc_pacific_hake_survey,D20190726T043557_IFCB777,2019-07-26 04:35:57+00:00,777,4.32347210416667,43.8967,-124.4933,,,,,,2152,,2,0
nwfsc_pacific_hake_survey,D20190726T050027_IFCB777,2019-07-26 05:00:27+00:00,777,4.15435615416667,43.8966,-124.3955,,,,,,2761,,2,0
nwfsc_pacific_hake_survey,D20190726T052457_IFCB777,2019-07-26 05:24:57+00:00,777,4.38748406666667,43.8957,-124.3047,,,,,,2028,,2,0
nwfsc_pacific_hake_survey,D20190726T054927_IFCB777,2019-07-26 05:49:27+00:00,777,4.15791985833333,43.8803,-124.265,,,,,,2703,,2,0
nwfsc_pacific_hake_survey,D20190726T061356_IFCB777,2019-07-26 06:13:56+00:00,777,4.55904050833333,43.8964,-124.2162,,,,,,1442,,2,0
nwfsc_pacific_hake_survey,D20190726T063826_IFCB777,2019-07-26 06:38:26+00:00,777,4.5664759625,43.8955,-124.2256,,,,,,1410,,2,0
nwfsc_pacific_hake_survey,D20190726T070255_IFCB777,2019-07-26 07:02:55+00:00,777,4.25800865416667,43.8957,-124.2947,,,,,,2427,,2,0
nwfsc_pacific_hake_survey,D20190726T072725_IFCB777,2019-07-26 07:27:25+00:00,777,4.6006999125,43.8956,-124.3907,,,,,,1244,,2,0
nwfsc_pacific_hake_survey,D20190726T075155_IFCB777,2019-07-26 07:51:55+00:00,777,4.22332287083333,43.8956,-124.4831,,,,,,2470,,2,0
nwfsc_pacific_hake_survey,D20190726T084102_IFCB777,2019-07-26 08:41:02+00:00,777,4.0636081,43.8982,-124.5732,,,,,,3055,,2,0
nwfsc_pacific_hake_survey,D20190726T090532_IFCB777,2019-07-26 09:05:32+00:00,777,4.01845145833333,43.8972,-124.6666,,,,,,3188,,2,0
nwfsc_pacific_hake_survey,D20190726T093002_IFCB777,2019-07-26 09:30:02+00:00,777,4.0752535625,43.8959,-124.7645,,,,,,3020,,2,0
nwfsc_pacific_hake_survey,D20190726T095432_IFCB777,2019-07-26 09:54:32+00:00,777,3.98783916666667,43.8912,-124.8588,,,,,,3267,,2,0
nwfsc_pacific_hake_survey,D20190726T101902_IFCB777,2019-07-26 10:19:02+00:00,777,4.23591941666667,43.8939,-124.9546,,,,,,2446,,2,0
nwfsc_pacific_hake_survey,D20190726T104332_IFCB777,2019-07-26 10:43:32+00:00,777,4.35776063333333,43.8965,-125.001,,,,,,2094,,2,0
nwfsc_pacific_hake_survey,D20190726T110802_IFCB777,2019-07-26 11:08:02+00:00,777,4.35296400416667,43.8964,-125.0047,,,,,,2060,,2,0
nwfsc_pacific_hake_survey,D20190726T113232_IFCB777,2019-07-26 11:32:32+00:00,777,4.22521442083333,43.8984,-124.9495,,,,,,2498,,2,0
nwfsc_pacific_hake_survey,D20190726T115702_IFCB777,2019-07-26 11:57:02+00:00,777,4.06025482083333,43.8973,-124.8621,,,,,,3066,,2,0
nwfsc_pacific_hake_survey,D20190726T122132_IFCB777,2019-07-26 12:21:32+00:00,777,4.04833008333333,43.8973,-124.7795,,,,,,3113,,2,0
nwfsc_pacific_hake_survey,D20190726T124602_IFCB777,2019-07-26 12:46:02+00:00,777,4.03330935416667,43.8977,-124.6996,,,,,,3116,,2,0
nwfsc_pacific_hake_survey,D20190726T131032_IFCB777,2019-07-26 13:10:32+00:00,777,3.88498442916667,43.8972,-124.6639,,,,,,3605,,2,0
nwfsc_pacific_hake_survey,D20190726T133502_IFCB777,2019-07-26 13:35:02+00:00,777,3.88648890833333,43.8973,-124.5576,,,,,,3597,,2,0
nwfsc_pacific_hake_survey,D20190726T135932_IFCB777,2019-07-26 13:59:32+00:00,777,4.08317825833333,43.8969,-124.455,,,,,,2986,,2,0
nwfsc_pacific_hake_survey,D20190726T142402_IFCB777,2019-07-26 14:24:02+00:00,777,4.2270099,43.897,-124.3471,,,,,,2508,,2,0
nwfsc_pacific_hake_survey,D20190726T144832_IFCB777,2019-07-26 14:48:32+00:00,777,4.37766020833333,43.8971,-124.2472,,,,,,2010,,2,0
nwfsc_pacific_hake_survey,D20190726T151302_IFCB777,2019-07-26 15:13:02+00:00,777,4.42052887083333,43.9411,-124.206,,,,,,1863,,2,0
nwfsc_pacific_hake_survey,D20190726T153731_IFCB777,2019-07-26 15:37:31+00:00,777,4.42815604166667,44.015,-124.2006,,,,,,1822,,2,0
nwfsc_pacific_hake_survey,D20190726T160201_IFCB777,2019-07-26 16:02:01+00:00,777,4.6123364375,44.0638,-124.2313,,,,,,1219,,2,0
nwfsc_pacific_hake_survey,D20190726T162630_IFCB777,2019-07-26 16:26:30+00:00,777,4.5188349625,44.0633,-124.3346,,,,,,1536,,2,0
nwfsc_pacific_hake_survey,D20190726T165100_IFCB777,2019-07-26 16:51:00+00:00,777,4.5728260375,44.0641,-124.4418,,,,,,1297,,2,0
nwfsc_pacific_hake_survey,D20190726T171530_IFCB777,2019-07-26 17:15:30+00:00,777,4.3624328875,44.0651,-124.5428,,,,,,2053,,2,0
nwfsc_pacific_hake_survey,D20190726T173959_IFCB777,2019-07-26 17:39:59+00:00,777,4.418918675,44.064,-124.6433,,,,,,1870,,2,0
nwfsc_pacific_hake_survey,D20190726T180429_IFCB777,2019-07-26 18:04:29+00:00,777,4.2519533875,44.0347,-124.6404,,,,,,2345,,2,0
nwfsc_pacific_hake_survey,D20190726T182859_IFCB777,2019-07-26 18:28:59+00:00,777,4.40275645,44.0438,-124.6284,,,,,,1890,,2,0
nwfsc_pacific_hake_survey,D20190726T185328_IFCB777,2019-07-26 18:53:28+00:00,777,4.45094425416667,44.0657,-124.6239,,,,,,1749,,2,0
nwfsc_pacific_hake_survey,D20190726T191758_IFCB777,2019-07-26 19:17:58+00:00,777,4.5633261625,44.0865,-124.6211,,,,,,1376,,2,0
nwfsc_pacific_hake_survey,D20190726T194227_IFCB777,2019-07-26 19:42:27+00:00,777,4.51117068333333,44.1037,-124.6167,,,,,,1578,,2,0
nwfsc_pacific_hake_survey,D20190726T200657_IFCB777,2019-07-26 20:06:57+00:00,777,4.57643515833333,44.0931,-124.6386,,,,,,1355,,2,0
nwfsc_pacific_hake_survey,D20190726T203127_IFCB777,2019-07-26 20:31:27+00:00,777,3.92287174583333,44.0637,-124.7013,,,,,,3512,,2,0
nwfsc_pacific_hake_survey,D20190726T212035_IFCB777,2019-07-26 21:20:35+00:00,777,4.49815361666667,44.0647,-124.8603,,,,,,1512,,2,0
nwfsc_pacific_hake_survey,D20190726T214504_IFCB777,2019-07-26 21:45:04+00:00,777,4.6645745625,44.0642,-124.9651,,,,,,1027,,2,0
nwfsc_pacific_hake_survey,D20190726T220934_IFCB777,2019-07-26 22:09:34+00:00,777,4.79031056666667,44.055,-125.0218,,,,,,607,,2,0
nwfsc_pacific_hake_survey,D20190726T223403_IFCB777,2019-07-26 22:34:03+00:00,777,4.80011268333333,44.0308,-124.9497,,,,,,580,,2,0
nwfsc_pacific_hake_survey,D20190726T225833_IFCB777,2019-07-26 22:58:33+00:00,777,4.78673479166667,44.0428,-124.9514,,,,,,607,,2,0
nwfsc_pacific_hake_survey,D20190726T232302_IFCB777,2019-07-26 23:23:02+00:00,777,4.67664936666667,44.0627,-124.959,,,,,,979,,2,0
nwfsc_pacific_hake_survey,D20190726T234732_IFCB777,2019-07-26 23:47:32+00:00,777,4.76163655416667,44.0726,-124.9635,,,,,,714,,2,0
nwfsc_pacific_hake_survey,D20190727T001201_IFCB777,2019-07-27 00:12:01+00:00,777,4.847309925,44.072,-124.9849,,,,,,426,,2,0
nwfsc_pacific_hake_survey,D20190727T003631_IFCB777,2019-07-27 00:36:31+00:00,777,4.877435075,44.064,-125.0839,,,,,,338,,2,0
nwfsc_pacific_hake_survey,D20190727T010100_IFCB777,2019-07-27 01:01:00+00:00,777,4.953161525,44.0874,-125.1515,,,,,,93,,2,0
nwfsc_pacific_hake_survey,D20190727T012529_IFCB777,2019-07-27 01:25:29+00:00,777,4.82996507916667,44.1572,-125.1524,,,,,,73,,2,0
nwfsc_pacific_hake_survey,D20190727T014959_IFCB777,2019-07-27 01:49:59+00:00,777,4.86665790416667,44.2262,-125.1613,,,,,,59,,2,0
nwfsc_pacific_hake_survey,D20190727T021428_IFCB777,2019-07-27 02:14:28+00:00,777,4.76152201666667,44.2309,-125.2019,,,,,,50,,2,0
nwfsc_pacific_hake_survey,D20190727T023857_IFCB777,2019-07-27 02:38:57+00:00,777,4.88788570416667,44.2312,-125.1771,,,,,,54,,2,0
nwfsc_pacific_hake_survey,D20190727T030327_IFCB777,2019-07-27 03:03:27+00:00,777,4.94500377916667,44.231,-125.0842,,,,,,58,,2,0
nwfsc_pacific_hake_survey,D20190727T032756_IFCB777,2019-07-27 03:27:56+00:00,777,4.86131378333333,44.2304,-124.9977,,,,,,399,,2,0
nwfsc_pacific_hake_survey,D20190727T035226_IFCB777,2019-07-27 03:52:26+00:00,777,4.92425004583333,44.2306,-124.9103,,,,,,188,,2,0
nwfsc_pacific_hake_survey,D20190727T041655_IFCB777,2019-07-27 04:16:55+00:00,777,4.86906071666667,44.229,-125.0034,,,,,,379,,2,0
nwfsc_pacific_hake_survey,D20190727T044124_IFCB777,2019-07-27 04:41:24+00:00,777,4.81128459583333,44.2297,-125.1036,,,,,,46,,2,0
nwfsc_pacific_hake_survey,D20190727T050554_IFCB777,2019-07-27 05:05:54+00:00,777,4.80908683333333,44.2305,-125.1574,,,,,,76,,2,0
nwfsc_pacific_hake_survey,D20190727T053023_IFCB777,2019-07-27 05:30:23+00:00,777,4.96877322916667,44.2305,-125.1595,,,,,,54,,2,0
nwfsc_pacific_hake_survey,D20190727T055452_IFCB777,2019-07-27 05:54:52+00:00,777,4.49094277916667,44.2296,-125.0912,,,,,,40,,2,0
nwfsc_pacific_hake_survey,D20190727T061922_IFCB777,2019-07-27 06:19:22+00:00,777,4.9192031875,44.2283,-125.0206,,,,,,151,,2,0
nwfsc_pacific_hake_survey,D20190727T064351_IFCB777,2019-07-27 06:43:51+00:00,777,4.83787865416667,44.2269,-124.9582,,,,,,212,,2,0
nwfsc_pacific_hake_survey,D20190727T070820_IFCB777,2019-07-27 07:08:20+00:00,777,4.88193825,44.2302,-124.8856,,,,,,299,,2,0
nwfsc_pacific_hake_survey,D20190727T073250_IFCB777,2019-07-27 07:32:50+00:00,777,4.872262125,44.2272,-124.8692,,,,,,294,,2,0
nwfsc_pacific_hake_survey,D20190727T075719_IFCB777,2019-07-27 07:57:19+00:00,777,4.698603975,44.2288,-124.7725,,,,,,889,,2,0
nwfsc_pacific_hake_survey,D20190727T082149_IFCB777,2019-07-27 08:21:49+00:00,777,4.19365700416667,44.2291,-124.6801,,,,,,2626,,2,0
nwfsc_pacific_hake_survey,D20190727T084619_IFCB777,2019-07-27 08:46:19+00:00,777,4.13971715,44.2302,-124.5819,,,,,,2782,,2,0
nwfsc_pacific_hake_survey,D20190727T091049_IFCB777,2019-07-27 09:10:49+00:00,777,4.11955165,44.2303,-124.5395,,,,,,2812,,2,0
nwfsc_pacific_hake_survey,D20190727T095956_IFCB777,2019-07-27 09:59:56+00:00,777,4.09750237083333,44.2315,-124.3811,,,,,,2948,,2,0
nwfsc_pacific_hake_survey,D20190727T102427_IFCB777,2019-07-27 10:24:27+00:00,777,3.80127440833333,44.2306,-124.2836,,,,,,3942,,2,0
nwfsc_pacific_hake_survey,D20190727T104857_IFCB777,2019-07-27 10:48:57+00:00,777,4.15838034583333,44.2321,-124.2475,,,,,,2659,,2,0
nwfsc_pacific_hake_survey,D20190727T111327_IFCB777,2019-07-27 11:13:27+00:00,777,3.78150525416667,44.2334,-124.3264,,,,,,3996,,2,0
nwfsc_pacific_hake_survey,D20190727T113757_IFCB777,2019-07-27 11:37:57+00:00,777,4.0303088125,44.2319,-124.42,,,,,,3113,,2,0
nwfsc_pacific_hake_survey,D20190727T120227_IFCB777,2019-07-27 12:02:27+00:00,777,4.11998916666667,44.231,-124.5177,,,,,,2848,,2,0
nwfsc_pacific_hake_survey,D20190727T122658_IFCB777,2019-07-27 12:26:58+00:00,777,4.11726221666667,44.2295,-124.6135,,,,,,2749,,2,0
nwfsc_pacific_hake_survey,D20190727T125128_IFCB777,2019-07-27 12:51:28+00:00,777,4.37737128333333,44.2287,-124.7127,,,,,,1961,,2,0
nwfsc_pacific_hake_survey,D20190727T131557_IFCB777,2019-07-27 13:15:57+00:00,777,4.64058134166667,44.2274,-124.8047,,,,,,1127,,2,0
nwfsc_pacific_hake_survey,D20190727T134027_IFCB777,2019-07-27 13:40:27+00:00,777,4.87536045833333,44.2294,-124.9022,,,,,,174,,2,0
nwfsc_pacific_hake_survey,D20190727T140456_IFCB777,2019-07-27 14:04:56+00:00,777,4.89589522916667,44.2306,-124.8522,,,,,,227,,2,0
nwfsc_pacific_hake_survey,D20190727T142926_IFCB777,2019-07-27 14:29:26+00:00,777,4.24081167083333,44.2304,-124.7416,,,,,,2356,,2,0
nwfsc_pacific_hake_survey,D20190727T145355_IFCB777,2019-07-27 14:53:55+00:00,777,4.015229925,44.231,-124.6376,,,,,,3056,,2,0
nwfsc_pacific_hake_survey,D20190727T151826_IFCB777,2019-07-27 15:18:26+00:00,777,3.73590992916667,44.231,-124.5309,,,,,,2940,,2,0
nwfsc_pacific_hake_survey,D20190727T160626_IFCB777,2019-07-27 16:06:26+00:00,777,1.452761825,44.2311,-124.3247,,,,,,1737,,2,0
nwfsc_pacific_hake_survey,D20190727T175159_IFCB777,2019-07-27 17:51:59+00:00,777,2.78599585833333,44.3969,-124.2523,,,,,,3391,,2,0
nwfsc_pacific_hake_survey,D20190727T181629_IFCB777,2019-07-27 18:16:29+00:00,777,3.93120651666667,44.396,-124.3608,,,,,,3392,,2,0
nwfsc_pacific_hake_survey,D20190727T184059_IFCB777,2019-07-27 18:40:59+00:00,777,4.1340471625,44.3979,-124.4646,,,,,,2622,,2,0
nwfsc_pacific_hake_survey,D20190727T190529_IFCB777,2019-07-27 19:05:29+00:00,777,4.28929980416667,44.398,-124.5714,,,,,,2147,,2,0
nwfsc_pacific_hake_survey,D20190727T192959_IFCB777,2019-07-27 19:29:59+00:00,777,4.50535399583333,44.397,-124.6731,,,,,,1556,,2,0
nwfsc_pacific_hake_survey,D20190727T195429_IFCB777,2019-07-27 19:54:29+00:00,777,4.653916275,44.3975,-124.7797,,,,,,1051,,2,0
nwfsc_pacific_hake_survey,D20190727T201858_IFCB777,2019-07-27 20:18:58+00:00,777,4.7886496375,44.3964,-124.8802,,,,,,617,,2,0
nwfsc_pacific_hake_survey,D20190727T204328_IFCB777,2019-07-27 20:43:28+00:00,777,4.88991244166667,44.3844,-124.9299,,,,,,293,,2,0
nwfsc_pacific_hake_survey,D20190727T210757_IFCB777,2019-07-27 21:07:57+00:00,777,4.84986056666667,44.3486,-124.8425,,,,,,426,,2,0
nwfsc_pacific_hake_survey,D20190727T213227_IFCB777,2019-07-27 21:32:27+00:00,777,4.8123614,44.3466,-124.8407,,,,,,514,,2,0
nwfsc_pacific_hake_survey,D20190727T215656_IFCB777,2019-07-27 21:56:56+00:00,777,4.892071225,44.359,-124.8376,,,,,,282,,2,0
nwfsc_pacific_hake_survey,D20190727T222126_IFCB777,2019-07-27 22:21:26+00:00,777,4.7997176,44.3846,-124.8308,,,,,,588,,2,0
nwfsc_pacific_hake_survey,D20190727T224555_IFCB777,2019-07-27 22:45:55+00:00,777,4.89033766666667,44.4039,-124.8255,,,,,,287,,2,0
nwfsc_pacific_hake_survey,D20190727T231024_IFCB777,2019-07-27 23:10:24+00:00,777,4.76553125833333,44.4191,-124.8233,,,,,,649,,2,0
nwfsc_pacific_hake_survey,D20190727T233454_IFCB777,2019-07-27 23:34:54+00:00,777,4.91178814583333,44.4378,-124.8626,,,,,,245,,2,0
nwfsc_pacific_hake_survey,D20190727T235923_IFCB777,2019-07-27 23:59:23+00:00,777,4.93289119166667,44.3976,-124.9491,,,,,,165,,2,0
nwfsc_pacific_hake_survey,D20190728T002352_IFCB777,2019-07-28 00:23:52+00:00,777,4.7150058875,44.3974,-125.0511,,,,,,161,,2,0
nwfsc_pacific_hake_survey,D20190728T004822_IFCB777,2019-07-28 00:48:22+00:00,777,4.93058810833333,44.3964,-125.1572,,,,,,165,,2,0
nwfsc_pacific_hake_survey,D20190728T011251_IFCB777,2019-07-28 01:12:51+00:00,777,4.9449644875,44.4125,-125.2389,,,,,,95,,2,0
nwfsc_pacific_hake_survey,D20190728T013720_IFCB777,2019-07-28 01:37:20+00:00,777,4.914179625,44.4856,-125.2386,,,,,,82,,2,0
nwfsc_pacific_hake_survey,D20190728T020150_IFCB777,2019-07-28 02:01:50+00:00,777,4.88122505,44.5555,-125.2352,,,,,,137,,2,0
nwfsc_pacific_hake_survey,D20190728T022619_IFCB777,2019-07-28 02:26:19+00:00,777,4.8562876,44.564,-125.1403,,,,,,178,,2,0
nwfsc_pacific_hake_survey,D20190728T025048_IFCB777,2019-07-28 02:50:48+00:00,777,4.89433232083333,44.564,-125.0419,,,,,,258,,2,0
nwfsc_pacific_hake_survey,D20190728T031518_IFCB777,2019-07-28 03:15:18+00:00,777,4.90987811666667,44.564,-124.9432,,,,,,170,,2,0
nwfsc_pacific_hake_survey,D20190728T033947_IFCB777,2019-07-28 03:39:47+00:00,777,4.92130665833333,44.5641,-124.8462,,,,,,203,,2,0
nwfsc_pacific_hake_survey,D20190728T040417_IFCB777,2019-07-28 04:04:17+00:00,777,4.9003975625,44.5235,-124.787,,,,,,106,,2,0
nwfsc_pacific_hake_survey,D20190728T042846_IFCB777,2019-07-28 04:28:46+00:00,777,4.90962834583333,44.4477,-124.7621,,,,,,218,,2,0
nwfsc_pacific_hake_survey,D20190728T045315_IFCB777,2019-07-28 04:53:15+00:00,777,4.09887705416667,44.3955,-124.743,,,,,,2216,,2,0
nwfsc_pacific_hake_survey,D20190728T051745_IFCB777,2019-07-28 05:17:45+00:00,777,4.27585526666667,44.3947,-124.7524,,,,,,2334,,2,0
nwfsc_pacific_hake_survey,D20190728T054215_IFCB777,2019-07-28 05:42:15+00:00,777,4.76415220833333,44.3961,-124.8109,,,,,,430,,2,0
nwfsc_pacific_hake_survey,D20190728T063122_IFCB777,2019-07-28 06:31:22+00:00,777,4.86086864166667,44.3968,-124.8653,,,,,,328,,2,0
nwfsc_pacific_hake_survey,D20190728T065552_IFCB777,2019-07-28 06:55:52+00:00,777,4.82574469583333,44.3954,-124.8772,,,,,,374,,2,0
nwfsc_pacific_hake_survey,D20190728T072021_IFCB777,2019-07-28 07:20:21+00:00,777,4.88317264166667,44.3945,-124.8867,,,,,,330,,2,0
nwfsc_pacific_hake_survey,D20190728T074450_IFCB777,2019-07-28 07:44:50+00:00,777,4.92027119583333,44.3971,-124.9837,,,,,,186,,2,0
nwfsc_pacific_hake_survey,D20190728T080920_IFCB777,2019-07-28 08:09:20+00:00,777,4.8132122375,44.3962,-124.9935,,,,,,194,,2,0
nwfsc_pacific_hake_survey,D20190728T083349_IFCB777,2019-07-28 08:33:49+00:00,777,4.89231385416667,44.3965,-125.0374,,,,,,211,,2,0
nwfsc_pacific_hake_survey,D20190728T085819_IFCB777,2019-07-28 08:58:19+00:00,777,4.89714654583333,44.3968,-125.1045,,,,,,186,,2,0
nwfsc_pacific_hake_survey,D20190728T092248_IFCB777,2019-07-28 09:22:48+00:00,777,4.87050750416667,44.3963,-125.1126,,,,,,213,,2,0
nwfsc_pacific_hake_survey,D20190728T094717_IFCB777,2019-07-28 09:47:17+00:00,777,4.90267225416667,44.3976,-125.1803,,,,,,124,,2,0
nwfsc_pacific_hake_survey,D20190728T101147_IFCB777,2019-07-28 10:11:47+00:00,777,4.95258434583333,44.3973,-125.2328,,,,,,84,,2,0
nwfsc_pacific_hake_survey,D20190728T103616_IFCB777,2019-07-28 10:36:16+00:00,777,4.739894025,44.3972,-125.2426,,,,,,86,,2,0
nwfsc_pacific_hake_survey,D20190728T110045_IFCB777,2019-07-28 11:00:45+00:00,777,4.95885752083333,44.4162,-125.1958,,,,,,67,,2,0
nwfsc_pacific_hake_survey,D20190728T112515_IFCB777,2019-07-28 11:25:15+00:00,777,4.90073533333333,44.4472,-125.1212,,,,,,121,,2,0
nwfsc_pacific_hake_survey,D20190728T114944_IFCB777,2019-07-28 11:49:44+00:00,777,4.91648351666667,44.486,-125.0506,,,,,,167,,2,0
nwfsc_pacific_hake_survey,D20190728T121413_IFCB777,2019-07-28 12:14:13+00:00,777,4.94248782916667,44.5247,-124.9775,,,,,,99,,2,0
nwfsc_pacific_hake_survey,D20190728T123843_IFCB777,2019-07-28 12:38:43+00:00,777,4.94217352083333,44.5591,-124.903,,,,,,105,,2,0
nwfsc_pacific_hake_survey,D20190728T130312_IFCB777,2019-07-28 13:03:12+00:00,777,4.85938724166667,44.5639,-124.8117,,,,,,171,,2,0
nwfsc_pacific_hake_survey,D20190728T132742_IFCB777,2019-07-28 13:27:42+00:00,777,4.777240025,44.5642,-124.7143,,,,,,557,,2,0
nwfsc_pacific_hake_survey,D20190728T135211_IFCB777,2019-07-28 13:52:11+00:00,777,4.70021892083333,44.5632,-124.6081,,,,,,900,,2,0
nwfsc_pacific_hake_survey,D20190728T141640_IFCB777,2019-07-28 14:16:40+00:00,777,4.57329555416667,44.5639,-124.509,,,,,,1372,,2,0
nwfsc_pacific_hake_survey,D20190728T144110_IFCB777,2019-07-28 14:41:10+00:00,777,4.46597236666667,44.5626,-124.4218,,,,,,1724,,2,0
nwfsc_pacific_hake_survey,D20190728T150540_IFCB777,2019-07-28 15:05:40+00:00,777,3.98248275,44.5627,-124.3278,,,,,,3078,,2,0
nwfsc_pacific_hake_survey,D20190728T153010_IFCB777,2019-07-28 15:30:10+00:00,777,4.3168756875,44.5662,-124.2194,,,,,,2239,,2,0
nwfsc_pacific_hake_survey,D20190728T155440_IFCB777,2019-07-28 15:54:40+00:00,777,3.98679734583333,44.5802,-124.1544,,,,,,2908,,2,0
nwfsc_pacific_hake_survey,D20190728T161910_IFCB777,2019-07-28 16:19:10+00:00,777,4.53196582916667,44.6396,-124.1628,,,,,,1464,,2,0
nwfsc_pacific_hake_survey,D20190728T164339_IFCB777,2019-07-28 16:43:39+00:00,777,4.53756065416667,44.7038,-124.1409,,,,,,1459,,2,0
nwfsc_pacific_hake_survey,D20190728T170809_IFCB777,2019-07-28 17:08:09+00:00,777,4.0904682625,44.7307,-124.1619,,,,,,2888,,2,0
nwfsc_pacific_hake_survey,D20190728T173239_IFCB777,2019-07-28 17:32:39+00:00,777,4.14239045416667,44.7294,-124.1614,,,,,,2750,,2,0
nwfsc_pacific_hake_survey,D20190728T175709_IFCB777,2019-07-28 17:57:09+00:00,777,4.00457087916667,44.7302,-124.2336,,,,,,3211,,2,0
nwfsc_pacific_hake_survey,D20190728T182139_IFCB777,2019-07-28 18:21:39+00:00,777,4.10729465,44.7306,-124.3364,,,,,,2896,,2,0
nwfsc_pacific_hake_survey,D20190728T191046_IFCB777,2019-07-28 19:10:46+00:00,777,4.38668506666667,44.7301,-124.4947,,,,,,1951,,2,0
nwfsc_pacific_hake_survey,D20190728T193516_IFCB777,2019-07-28 19:35:16+00:00,777,4.40371834166667,44.734,-124.4918,,,,,,1859,,2,0
nwfsc_pacific_hake_survey,D20190728T195946_IFCB777,2019-07-28 19:59:46+00:00,777,4.5280167375,44.7306,-124.534,,,,,,1404,,2,0
nwfsc_pacific_hake_survey,D20190728T202416_IFCB777,2019-07-28 20:24:16+00:00,777,4.80693139583333,44.7306,-124.6396,,,,,,167,,2,0
nwfsc_pacific_hake_survey,D20190728T204845_IFCB777,2019-07-28 20:48:45+00:00,777,4.922906875,44.7294,-124.6733,,,,,,151,,2,0
nwfsc_pacific_hake_survey,D20190728T211314_IFCB777,2019-07-28 21:13:14+00:00,777,4.89381797916667,44.7295,-124.6722,,,,,,164,,2,0
nwfsc_pacific_hake_survey,D20190728T213744_IFCB777,2019-07-28 21:37:44+00:00,777,4.93029979583333,44.7305,-124.749,,,,,,164,,2,0
nwfsc_pacific_hake_survey,D20190728T220213_IFCB777,2019-07-28 22:02:13+00:00,777,4.9117466,44.7304,-124.8466,,,,,,178,,2,0
nwfsc_pacific_hake_survey,D20190728T222642_IFCB777,2019-07-28 22:26:42+00:00,777,4.90508006666667,44.7301,-124.8509,,,,,,202,,2,0
nwfsc_pacific_hake_survey,D20190728T225112_IFCB777,2019-07-28 22:51:12+00:00,777,4.90878054583333,44.7334,-124.85,,,,,,206,,2,0
nwfsc_pacific_hake_survey,D20190728T231541_IFCB777,2019-07-28 23:15:41+00:00,777,4.92795772916667,44.7304,-124.8947,,,,,,168,,2,0
nwfsc_pacific_hake_survey,D20190728T234011_IFCB777,2019-07-28 23:40:11+00:00,777,4.926466625,44.7299,-124.9931,,,,,,184,,2,0
nwfsc_pacific_hake_survey,D20190729T000440_IFCB777,2019-07-29 00:04:40+00:00,777,4.9049702125,44.7298,-125.0213,,,,,,167,,2,0
nwfsc_pacific_hake_survey,D20190729T002909_IFCB777,2019-07-29 00:29:09+00:00,777,4.91144268333333,44.7298,-125.0214,,,,,,179,,2,0
nwfsc_pacific_hake_survey,D20190729T005339_IFCB777,2019-07-29 00:53:39+00:00,777,4.80005125,44.7302,-125.0528,,,,,,155,,2,0
nwfsc_pacific_hake_survey,D20190729T011808_IFCB777,2019-07-29 01:18:08+00:00,777,4.90360384166667,44.7295,-125.1553,,,,,,169,,2,0
nwfsc_pacific_hake_survey,D20190729T014237_IFCB777,2019-07-29 01:42:37+00:00,777,4.90183374583333,44.7306,-125.2482,,,,,,171,,2,0
nwfsc_pacific_hake_survey,D20190729T020707_IFCB777,2019-07-29 02:07:07+00:00,777,4.9462744625,44.7307,-125.282,,,,,,137,,2,0
nwfsc_pacific_hake_survey,D20190729T023136_IFCB777,2019-07-29 02:31:36+00:00,777,4.92507066666667,44.7307,-125.2821,,,,,,170,,2,0
nwfsc_pacific_hake_survey,D20190729T025606_IFCB777,2019-07-29 02:56:06+00:00,777,4.9264445625,44.7424,-125.274,,,,,,153,,2,0
nwfsc_pacific_hake_survey,D20190729T032035_IFCB777,2019-07-29 03:20:35+00:00,777,4.94755915416667,44.7855,-125.2607,,,,,,110,,2,0
nwfsc_pacific_hake_survey,D20190729T034504_IFCB777,2019-07-29 03:45:04+00:00,777,4.93616467083333,44.8267,-125.2383,,,,,,153,,2,0
nwfsc_pacific_hake_survey,D20190729T040934_IFCB777,2019-07-29 04:09:34+00:00,777,4.9292681125,44.8728,-125.2099,,,,,,163,,2,0
nwfsc_pacific_hake_survey,D20190729T043403_IFCB777,2019-07-29 04:34:03+00:00,777,4.8277835375,44.9375,-125.1733,,,,,,224,,2,0
nwfsc_pacific_hake_survey,D20190729T045832_IFCB777,2019-07-29 04:58:32+00:00,777,4.83172735,44.9997,-125.1362,,,,,,323,,2,0
nwfsc_pacific_hake_survey,D20190729T052302_IFCB777,2019-07-29 05:23:02+00:00,777,4.781325825,45.0602,-125.0977,,,,,,659,,2,0
nwfsc_pacific_hake_survey,D20190729T054731_IFCB777,2019-07-29 05:47:31+00:00,777,4.7968393,45.0635,-125.1034,,,,,,541,,2,0
nwfsc_pacific_hake_survey,D20190729T061201_IFCB777,2019-07-29 06:12:01+00:00,777,4.8280781625,45.064,-125.0981,,,,,,522,,2,0
nwfsc_pacific_hake_survey,D20190729T063630_IFCB777,2019-07-29 06:36:30+00:00,777,4.81283264583333,45.0639,-125.012,,,,,,455,,2,0
nwfsc_pacific_hake_survey,D20190729T070059_IFCB777,2019-07-29 07:00:59+00:00,777,4.81723405,45.0638,-124.9202,,,,,,375,,2,0
nwfsc_pacific_hake_survey,D20190729T075006_IFCB777,2019-07-29 07:50:06+00:00,777,4.86523717916667,45.0647,-124.7439,,,,,,260,,2,0
nwfsc_pacific_hake_survey,D20190729T081436_IFCB777,2019-07-29 08:14:36+00:00,777,4.89613361666667,45.0648,-124.7536,,,,,,261,,2,0
nwfsc_pacific_hake_survey,D20190729T083905_IFCB777,2019-07-29 08:39:05+00:00,777,4.8394614875,45.0654,-124.7147,,,,,,349,,2,0
nwfsc_pacific_hake_survey,D20190729T090334_IFCB777,2019-07-29 09:03:34+00:00,777,4.82983100833333,45.0637,-124.6166,,,,,,502,,2,0
nwfsc_pacific_hake_survey,D20190729T092804_IFCB777,2019-07-29 09:28:04+00:00,777,4.84905399166667,45.0637,-124.5109,,,,,,429,,2,0
nwfsc_pacific_hake_survey,D20190729T095233_IFCB777,2019-07-29 09:52:33+00:00,777,4.87387798333333,45.064,-124.4188,,,,,,297,,2,0
nwfsc_pacific_hake_survey,D20190729T101703_IFCB777,2019-07-29 10:17:03+00:00,777,4.82639746666667,45.0637,-124.4105,,,,,,356,,2,0
nwfsc_pacific_hake_survey,D20190729T104132_IFCB777,2019-07-29 10:41:32+00:00,777,4.83184369583333,45.0693,-124.3598,,,,,,393,,2,0
nwfsc_pacific_hake_survey,D20190729T110602_IFCB777,2019-07-29 11:06:02+00:00,777,4.6195765625,45.0652,-124.2553,,,,,,1209,,2,0
nwfsc_pacific_hake_survey,D20190729T113031_IFCB777,2019-07-29 11:30:31+00:00,777,4.87570801666667,45.0632,-124.2245,,,,,,313,,2,0
nwfsc_pacific_hake_survey,D20190729T115501_IFCB777,2019-07-29 11:55:01+00:00,777,4.41490215416667,45.0633,-124.1704,,,,,,1890,,2,0
nwfsc_pacific_hake_survey,D20190729T121930_IFCB777,2019-07-29 12:19:30+00:00,777,4.0089791125,45.0636,-124.0656,,,,,,3243,,2,0
nwfsc_pacific_hake_survey,D20190729T124400_IFCB777,2019-07-29 12:44:00+00:00,777,4.02636820833333,45.0645,-124.0561,,,,,,3199,,2,0
nwfsc_pacific_hake_survey,D20190729T130830_IFCB777,2019-07-29 13:08:30+00:00,777,4.1446694875,45.0636,-124.0812,,,,,,2805,,2,0
nwfsc_pacific_hake_survey,D20190729T133300_IFCB777,2019-07-29 13:33:00+00:00,777,4.39563828333333,45.0636,-124.1858,,,,,,1945,,2,0
nwfsc_pacific_hake_survey,D20190729T135730_IFCB777,2019-07-29 13:57:30+00:00,777,4.670263575,45.0639,-124.2875,,,,,,957,,2,0
nwfsc_pacific_hake_survey,D20190729T142159_IFCB777,2019-07-29 14:21:59+00:00,777,4.81162118333333,45.0636,-124.3884,,,,,,427,,2,0
nwfsc_pacific_hake_survey,D20190729T144629_IFCB777,2019-07-29 14:46:29+00:00,777,4.87143950833333,45.0628,-124.4925,,,,,,318,,2,0
nwfsc_pacific_hake_survey,D20190729T151058_IFCB777,2019-07-29 15:10:58+00:00,777,4.81130019583333,45.0641,-124.5959,,,,,,554,,2,0
nwfsc_pacific_hake_survey,D20190729T153528_IFCB777,2019-07-29 15:35:28+00:00,777,4.8151904,45.0643,-124.7032,,,,,,515,,2,0
nwfsc_pacific_hake_survey,D20190729T155957_IFCB777,2019-07-29 15:59:57+00:00,777,4.854718625,45.0642,-124.8062,,,,,,347,,2,0
nwfsc_pacific_hake_survey,D20190729T162426_IFCB777,2019-07-29 16:24:26+00:00,777,4.88670892083333,45.0216,-124.7723,,,,,,291,,2,0
nwfsc_pacific_hake_survey,D20190729T164856_IFCB777,2019-07-29 16:48:56+00:00,777,4.79727266666667,45.0344,-124.7609,,,,,,447,,2,0
nwfsc_pacific_hake_survey,D20190729T171325_IFCB777,2019-07-29 17:13:25+00:00,777,4.81547295416667,45.0579,-124.7595,,,,,,496,,2,0
nwfsc_pacific_hake_survey,D20190729T173755_IFCB777,2019-07-29 17:37:55+00:00,777,4.84213808333333,45.0774,-124.7593,,,,,,276,,2,0
nwfsc_pacific_hake_survey,D20190729T180224_IFCB777,2019-07-29 18:02:24+00:00,777,4.82708310833333,45.0957,-124.7601,,,,,,291,,2,0
nwfsc_pacific_hake_survey,D20190729T182653_IFCB777,2019-07-29 18:26:53+00:00,777,4.82365190833333,45.1013,-124.7534,,,,,,329,,2,0
nwfsc_pacific_hake_survey,D20190729T185123_IFCB777,2019-07-29 18:51:23+00:00,777,4.81359334583333,45.0421,-124.6815,,,,,,544,,2,0
nwfsc_pacific_hake_survey,D20190729T191552_IFCB777,2019-07-29 19:15:52+00:00,777,4.831901575,44.985,-124.6135,,,,,,448,,2,0
nwfsc_pacific_hake_survey,D20190729T194022_IFCB777,2019-07-29 19:40:22+00:00,777,4.83812645833333,44.9263,-124.5414,,,,,,428,,2,0
nwfsc_pacific_hake_survey,D20190729T202929_IFCB777,2019-07-29 20:29:29+00:00,777,4.87283161666667,44.8094,-124.3986,,,,,,277,,2,0
nwfsc_pacific_hake_survey,D20190729T205358_IFCB777,2019-07-29 20:53:58+00:00,777,4.42910412916667,44.7518,-124.328,,,,,,1809,,2,0
nwfsc_pacific_hake_survey,D20190729T211828_IFCB777,2019-07-29 21:18:28+00:00,777,3.922227775,44.6865,-124.2672,,,,,,3497,,2,0
nwfsc_pacific_hake_survey,D20190729T214258_IFCB777,2019-07-29 21:42:58+00:00,777,3.97908317083333,44.6308,-124.204,,,,,,3316,,2,0
nwfsc_pacific_hake_survey,D20190729T220728_IFCB777,2019-07-29 22:07:28+00:00,777,4.66264417083333,44.5865,-124.1387,,,,,,1077,,2,0
nwfsc_pacific_hake_survey,D20190729T223158_IFCB777,2019-07-29 22:31:58+00:00,777,4.68404640416667,44.5865,-124.1387,,,,,,982,,2,0
nwfsc_pacific_hake_survey,D20190729T225627_IFCB777,2019-07-29 22:56:27+00:00,777,4.12838219583333,44.6333,-124.1625,,,,,,2815,,2,0
nwfsc_pacific_hake_survey,D20190729T232057_IFCB777,2019-07-29 23:20:57+00:00,777,4.2401630125,44.7027,-124.1719,,,,,,2445,,2,0
nwfsc_pacific_hake_survey,D20190729T234527_IFCB777,2019-07-29 23:45:27+00:00,777,4.14580530416667,44.7742,-124.1808,,,,,,2759,,2,0
nwfsc_pacific_hake_survey,D20190730T000957_IFCB777,2019-07-30 00:09:57+00:00,777,3.91824557916667,44.8433,-124.1886,,,,,,3578,,2,0
nwfsc_pacific_hake_survey,D20190730T003427_IFCB777,2019-07-30 00:34:27+00:00,777,4.48491009166667,44.9117,-124.1973,,,,,,1660,,2,0
nwfsc_pacific_hake_survey,D20190730T005856_IFCB777,2019-07-30 00:58:56+00:00,777,3.81068471666667,44.9748,-124.1689,,,,,,3243,,2,0
nwfsc_pacific_hake_survey,D20190730T013055_IFCB777,2019-07-30 01:30:55+00:00,777,3.78326623333333,45.0591,-124.1236,,,,,,3551,,2,0
nwfsc_pacific_hake_survey,D20190730T015525_IFCB777,2019-07-30 01:55:25+00:00,777,3.99604960416667,45.1236,-124.0858,,,,,,3296,,2,0
nwfsc_pacific_hake_survey,D20190730T021955_IFCB777,2019-07-30 02:19:55+00:00,777,4.05154165833333,45.1886,-124.0515,,,,,,3105,,2,0
nwfsc_pacific_hake_survey,D20190730T024425_IFCB777,2019-07-30 02:44:25+00:00,777,4.47953672083333,45.2301,-124.0285,,,,,,1712,,2,0
nwfsc_pacific_hake_survey,D20190730T030854_IFCB777,2019-07-30 03:08:54+00:00,777,4.02213880833333,45.229,-124.0867,,,,,,3222,,2,0
nwfsc_pacific_hake_survey,D20190730T033324_IFCB777,2019-07-30 03:33:24+00:00,777,4.49286377916667,45.2283,-124.191,,,,,,1661,,2,0
nwfsc_pacific_hake_survey,D20190730T035754_IFCB777,2019-07-30 03:57:54+00:00,777,4.78181529583333,45.2296,-124.2857,,,,,,631,,2,0
nwfsc_pacific_hake_survey,D20190730T042223_IFCB777,2019-07-30 04:22:23+00:00,777,4.716889775,45.2304,-124.3789,,,,,,869,,2,0
nwfsc_pacific_hake_survey,D20190730T044653_IFCB777,2019-07-30 04:46:53+00:00,777,4.73290539583333,45.2304,-124.3827,,,,,,864,,2,0
nwfsc_pacific_hake_survey,D20190730T051122_IFCB777,2019-07-30 05:11:22+00:00,777,4.70752845416667,45.2296,-124.4056,,,,,,886,,2,0
nwfsc_pacific_hake_survey,D20190730T053552_IFCB777,2019-07-30 05:35:52+00:00,777,4.687426225,45.2294,-124.5016,,,,,,968,,2,0
nwfsc_pacific_hake_survey,D20190730T060022_IFCB777,2019-07-30 06:00:22+00:00,777,4.79650695416667,45.2307,-124.6039,,,,,,564,,2,0
nwfsc_pacific_hake_survey,D20190730T062451_IFCB777,2019-07-30 06:24:51+00:00,777,4.841017425,45.231,-124.7013,,,,,,462,,2,0
nwfsc_pacific_hake_survey,D20190730T064920_IFCB777,2019-07-30 06:49:20+00:00,777,4.85514704583333,45.2303,-124.7397,,,,,,370,,2,0
nwfsc_pacific_hake_survey,D20190730T071350_IFCB777,2019-07-30 07:13:50+00:00,777,4.86115009166667,45.2294,-124.7404,,,,,,280,,2,0
nwfsc_pacific_hake_survey,D20190730T073819_IFCB777,2019-07-30 07:38:19+00:00,777,4.86877972083333,45.2305,-124.7976,,,,,,379,,2,0
nwfsc_pacific_hake_survey,D20190730T080249_IFCB777,2019-07-30 08:02:49+00:00,777,4.90963272916667,45.2306,-124.8884,,,,,,223,,2,0
nwfsc_pacific_hake_survey,D20190730T082718_IFCB777,2019-07-30 08:27:18+00:00,777,4.93382445416667,45.2292,-124.9037,,,,,,150,,2,0
nwfsc_pacific_hake_survey,D20190730T085147_IFCB777,2019-07-30 08:51:47+00:00,777,4.91720810416667,45.2303,-124.9287,,,,,,168,,2,0
nwfsc_pacific_hake_survey,D20190730T091617_IFCB777,2019-07-30 09:16:17+00:00,777,4.9189130875,45.2304,-125.0183,,,,,,203,,2,0
nwfsc_pacific_hake_survey,D20190730T094046_IFCB777,2019-07-30 09:40:46+00:00,777,4.89715181666667,45.2306,-125.0622,,,,,,233,,2,0
nwfsc_pacific_hake_survey,D20190730T100515_IFCB777,2019-07-30 10:05:15+00:00,777,4.8732721625,45.2298,-125.0629,,,,,,251,,2,0
nwfsc_pacific_hake_survey,D20190730T102945_IFCB777,2019-07-30 10:29:45+00:00,777,4.88168495833333,45.1861,-125.0385,,,,,,185,,2,0
nwfsc_pacific_hake_survey,D20190730T105414_IFCB777,2019-07-30 10:54:14+00:00,777,4.86583092083333,45.1187,-125.0079,,,,,,243,,2,0
nwfsc_pacific_hake_survey,D20190730T111844_IFCB777,2019-07-30 11:18:44+00:00,777,4.82953767083333,45.0612,-124.9775,,,,,,488,,2,0
nwfsc_pacific_hake_survey,D20190730T114313_IFCB777,2019-07-30 11:43:13+00:00,777,4.83520977083333,45.0615,-124.9799,,,,,,440,,2,0
nwfsc_pacific_hake_survey,D20190730T120742_IFCB777,2019-07-30 12:07:42+00:00,777,4.86042119583333,45.0613,-124.9661,,,,,,370,,2,0
nwfsc_pacific_hake_survey,D20190730T123212_IFCB777,2019-07-30 12:32:12+00:00,777,4.80860082083333,45.0628,-124.8691,,,,,,468,,2,0
nwfsc_pacific_hake_survey,D20190730T125641_IFCB777,2019-07-30 12:56:41+00:00,777,4.80573165416667,45.0629,-124.8622,,,,,,419,,2,0
nwfsc_pacific_hake_survey,D20190730T132110_IFCB777,2019-07-30 13:21:10+00:00,777,4.8415299875,45.0637,-124.838,,,,,,359,,2,0
nwfsc_pacific_hake_survey,D20190730T141017_IFCB777,2019-07-30 14:10:17+00:00,777,4.86332588333333,45.064,-124.8885,,,,,,353,,2,0
nwfsc_pacific_hake_survey,D20190730T143447_IFCB777,2019-07-30 14:34:47+00:00,777,4.87457325,45.0632,-124.9922,,,,,,240,,2,0
nwfsc_pacific_hake_survey,D20190730T145916_IFCB777,2019-07-30 14:59:16+00:00,777,4.85971222916667,45.0635,-125.1013,,,,,,282,,2,0
nwfsc_pacific_hake_survey,D20190730T152345_IFCB777,2019-07-30 15:23:45+00:00,777,4.86723354166667,45.064,-125.207,,,,,,285,,2,0
nwfsc_pacific_hake_survey,D20190730T154815_IFCB777,2019-07-30 15:48:15+00:00,777,4.9175704,45.0825,-125.2546,,,,,,207,,2,0
nwfsc_pacific_hake_survey,D20190730T161244_IFCB777,2019-07-30 16:12:44+00:00,777,4.93029425416667,45.1327,-125.1894,,,,,,163,,2,0
nwfsc_pacific_hake_survey,D20190730T163714_IFCB777,2019-07-30 16:37:14+00:00,777,4.94626776666667,45.1843,-125.1218,,,,,,142,,2,0
nwfsc_pacific_hake_survey,D20190730T170143_IFCB777,2019-07-30 17:01:43+00:00,777,4.9430713875,45.2315,-125.0574,,,,,,127,,2,0
nwfsc_pacific_hake_survey,D20190730T172612_IFCB777,2019-07-30 17:26:12+00:00,777,4.96318866666667,45.2305,-124.9493,,,,,,86,,2,0
nwfsc_pacific_hake_survey,D20190730T175042_IFCB777,2019-07-30 17:50:42+00:00,777,4.86353812083333,45.2308,-124.8459,,,,,,63,,2,0
nwfsc_pacific_hake_survey,D20190730T181511_IFCB777,2019-07-30 18:15:11+00:00,777,4.9427990375,45.2306,-124.738,,,,,,109,,2,0
nwfsc_pacific_hake_survey,D20190730T183940_IFCB777,2019-07-30 18:39:40+00:00,777,4.86845078333333,45.2304,-124.6342,,,,,,324,,2,0
nwfsc_pacific_hake_survey,D20190730T190410_IFCB777,2019-07-30 19:04:10+00:00,777,4.91822327916667,45.231,-124.5267,,,,,,179,,2,0
nwfsc_pacific_hake_survey,D20190730T192839_IFCB777,2019-07-30 19:28:39+00:00,777,4.9153677125,45.2069,-124.5719,,,,,,192,,2,0
nwfsc_pacific_hake_survey,D20190730T195308_IFCB777,2019-07-30 19:53:08+00:00,777,4.788420625,45.1831,-124.654,,,,,,139,,2,0
nwfsc_pacific_hake_survey,D20190730T201738_IFCB777,2019-07-30 20:17:38+00:00,777,4.89890136666667,45.1978,-124.6566,,,,,,257,,2,0
nwfsc_pacific_hake_survey,D20190730T204207_IFCB777,2019-07-30 20:42:07+00:00,777,4.8948221125,45.2218,-124.6619,,,,,,276,,2,0
nwfsc_pacific_hake_survey,D20190730T210637_IFCB777,2019-07-30 21:06:37+00:00,777,4.88968630416667,45.2412,-124.664,,,,,,293,,2,0
nwfsc_pacific_hake_survey,D20190730T213106_IFCB777,2019-07-30 21:31:06+00:00,777,4.867216175,45.2595,-124.6638,,,,,,352,,2,0
nwfsc_pacific_hake_survey,D20190730T215535_IFCB777,2019-07-30 21:55:35+00:00,777,4.8730510375,45.2616,-124.649,,,,,,314,,2,0
nwfsc_pacific_hake_survey,D20190730T222005_IFCB777,2019-07-30 22:20:05+00:00,777,4.90841444166667,45.231,-124.5533,,,,,,222,,2,0
nwfsc_pacific_hake_survey,D20190730T224434_IFCB777,2019-07-30 22:44:34+00:00,777,4.89737835416667,45.2302,-124.4521,,,,,,276,,2,0
nwfsc_pacific_hake_survey,D20190730T230904_IFCB777,2019-07-30 23:09:04+00:00,777,4.89273337916667,45.2289,-124.3492,,,,,,200,,2,0
nwfsc_pacific_hake_survey,D20190730T233333_IFCB777,2019-07-30 23:33:33+00:00,777,4.75499859583333,45.2305,-124.2496,,,,,,715,,2,0
nwfsc_pacific_hake_survey,D20190730T235803_IFCB777,2019-07-30 23:58:03+00:00,777,4.8157195,45.2155,-124.2377,,,,,,543,,2,0
nwfsc_pacific_hake_survey,D20190731T002232_IFCB777,2019-07-31 00:22:32+00:00,777,4.828894025,45.1949,-124.2942,,,,,,512,,2,0
nwfsc_pacific_hake_survey,D20190731T004701_IFCB777,2019-07-31 00:47:01+00:00,777,4.77442888333333,45.2028,-124.304,,,,,,512,,2,0
nwfsc_pacific_hake_survey,D20190731T011131_IFCB777,2019-07-31 01:11:31+00:00,777,4.77535629166667,45.2213,-124.3053,,,,,,687,,2,0
nwfsc_pacific_hake_survey,D20190731T013600_IFCB777,2019-07-31 01:36:00+00:00,777,4.7983669625,45.2412,-124.3049,,,,,,583,,2,0
nwfsc_pacific_hake_survey,D20190731T020030_IFCB777,2019-07-31 02:00:30+00:00,777,4.848227575,45.2523,-124.3094,,,,,,469,,2,0
nwfsc_pacific_hake_survey,D20190731T024937_IFCB777,2019-07-31 02:49:37+00:00,777,4.83101403333333,45.2305,-124.1275,,,,,,503,,2,0
nwfsc_pacific_hake_survey,D20190731T031406_IFCB777,2019-07-31 03:14:06+00:00,777,4.22217665833333,45.229,-124.0345,,,,,,2519,,2,0
nwfsc_pacific_hake_survey,D20190731T033836_IFCB777,2019-07-31 03:38:36+00:00,777,4.49024772916667,45.2752,-124.0611,,,,,,1609,,2,0
nwfsc_pacific_hake_survey,D20190731T040306_IFCB777,2019-07-31 04:03:06+00:00,777,4.82918414583333,45.3385,-124.0874,,,,,,503,,2,0
nwfsc_pacific_hake_survey,D20190731T042735_IFCB777,2019-07-31 04:27:35+00:00,777,4.48053508333333,45.3934,-124.0429,,,,,,1629,,2,0
nwfsc_pacific_hake_survey,D20190731T045205_IFCB777,2019-07-31 04:52:05+00:00,777,4.74015660416667,45.3949,-124.0597,,,,,,788,,2,0
nwfsc_pacific_hake_survey,D20190731T051634_IFCB777,2019-07-31 05:16:34+00:00,777,4.71866498333333,45.396,-124.1558,,,,,,885,,2,0
nwfsc_pacific_hake_survey,D20190731T054104_IFCB777,2019-07-31 05:41:04+00:00,777,4.69631747083333,45.3974,-124.217,,,,,,896,,2,0
nwfsc_pacific_hake_survey,D20190731T060533_IFCB777,2019-07-31 06:05:33+00:00,777,4.7634041,45.3975,-124.2525,,,,,,697,,2,0
nwfsc_pacific_hake_survey,D20190731T063003_IFCB777,2019-07-31 06:30:03+00:00,777,4.729588225,45.3973,-124.3532,,,,,,819,,2,0
nwfsc_pacific_hake_survey,D20190731T065432_IFCB777,2019-07-31 06:54:32+00:00,777,4.7265202,45.3967,-124.4212,,,,,,719,,2,0
nwfsc_pacific_hake_survey,D20190731T071902_IFCB777,2019-07-31 07:19:02+00:00,777,4.70248229583333,45.3967,-124.4262,,,,,,826,,2,0
nwfsc_pacific_hake_survey,D20190731T074331_IFCB777,2019-07-31 07:43:31+00:00,777,4.88732809583333,45.3973,-124.5197,,,,,,309,,2,0
nwfsc_pacific_hake_survey,D20190731T080801_IFCB777,2019-07-31 08:08:01+00:00,777,4.86132827916667,45.3975,-124.6167,,,,,,201,,2,0
nwfsc_pacific_hake_survey,D20190731T083230_IFCB777,2019-07-31 08:32:30+00:00,777,4.72620634583333,45.3972,-124.7044,,,,,,820,,2,0
nwfsc_pacific_hake_survey,D20190731T085700_IFCB777,2019-07-31 08:57:00+00:00,777,4.73848115,45.3964,-124.7061,,,,,,729,,2,0
nwfsc_pacific_hake_survey,D20190731T092129_IFCB777,2019-07-31 09:21:29+00:00,777,4.7794082125,45.3965,-124.7361,,,,,,667,,2,0
nwfsc_pacific_hake_survey,D20190731T094559_IFCB777,2019-07-31 09:45:59+00:00,777,4.88057380833333,45.3972,-124.8225,,,,,,250,,2,0
nwfsc_pacific_hake_survey,D20190731T101028_IFCB777,2019-07-31 10:10:28+00:00,777,4.89008187916667,45.3985,-124.823,,,,,,165,,2,0
nwfsc_pacific_hake_survey,D20190731T103458_IFCB777,2019-07-31 10:34:58+00:00,777,4.950905725,45.3984,-124.8613,,,,,,132,,2,0
nwfsc_pacific_hake_survey,D20190731T105927_IFCB777,2019-07-31 10:59:27+00:00,777,4.92520208333333,45.3975,-124.9429,,,,,,132,,2,0
nwfsc_pacific_hake_survey,D20190731T112356_IFCB777,2019-07-31 11:23:56+00:00,777,4.84022628333333,45.3982,-124.9398,,,,,,131,,2,0
nwfsc_pacific_hake_survey,D20190731T114826_IFCB777,2019-07-31 11:48:26+00:00,777,4.88294059583333,45.3978,-124.9627,,,,,,139,,2,0
nwfsc_pacific_hake_survey,D20190731T121255_IFCB777,2019-07-31 12:12:55+00:00,777,4.86183553333333,45.3985,-125.0279,,,,,,152,,2,0
nwfsc_pacific_hake_survey,D20190731T123724_IFCB777,2019-07-31 12:37:24+00:00,777,4.912940575,45.3982,-125.0286,,,,,,118,,2,0
nwfsc_pacific_hake_survey,D20190731T130154_IFCB777,2019-07-31 13:01:54+00:00,777,4.89260422083333,45.3981,-125.0313,,,,,,158,,2,0
nwfsc_pacific_hake_survey,D20190731T132623_IFCB777,2019-07-31 13:26:23+00:00,777,4.9227592875,45.3971,-124.946,,,,,,129,,2,0
nwfsc_pacific_hake_survey,D20190731T135052_IFCB777,2019-07-31 13:50:52+00:00,777,4.87143523333333,45.3973,-124.8409,,,,,,68,,2,0
nwfsc_pacific_hake_survey,D20190731T141522_IFCB777,2019-07-31 14:15:22+00:00,777,4.85684970833333,45.3974,-124.7298,,,,,,381,,2,0
nwfsc_pacific_hake_survey,D20190731T143951_IFCB777,2019-07-31 14:39:51+00:00,777,4.8162853625,45.3979,-124.6245,,,,,,253,,2,0
nwfsc_pacific_hake_survey,D20190731T152858_IFCB777,2019-07-31 15:28:58+00:00,777,4.84548435416667,45.3977,-124.4055,,,,,,402,,2,0
nwfsc_pacific_hake_survey,D20190731T155327_IFCB777,2019-07-31 15:53:27+00:00,777,4.72490775,45.3973,-124.2956,,,,,,845,,2,0
nwfsc_pacific_hake_survey,D20190731T161757_IFCB777,2019-07-31 16:17:57+00:00,777,4.7444296875,45.3972,-124.1915,,,,,,811,,2,0
nwfsc_pacific_hake_survey,D20190731T164227_IFCB777,2019-07-31 16:42:27+00:00,777,4.7070842,45.3967,-124.0827,,,,,,917,,2,0
nwfsc_pacific_hake_survey,D20190731T170656_IFCB777,2019-07-31 17:06:56+00:00,777,4.80374089583333,45.4283,-124.0524,,,,,,615,,2,0
nwfsc_pacific_hake_survey,D20190731T173125_IFCB777,2019-07-31 17:31:25+00:00,777,4.68412040416667,45.4963,-124.0606,,,,,,1019,,2,0
nwfsc_pacific_hake_survey,D20190731T175555_IFCB777,2019-07-31 17:55:55+00:00,777,4.77631473333333,45.5639,-124.0437,,,,,,702,,2,0
nwfsc_pacific_hake_survey,D20190731T182024_IFCB777,2019-07-31 18:20:24+00:00,777,4.61452117083333,45.5644,-124.1491,,,,,,1231,,2,0
nwfsc_pacific_hake_survey,D20190731T184454_IFCB777,2019-07-31 18:44:54+00:00,777,4.45478256666667,45.5619,-124.2536,,,,,,1702,,2,0
nwfsc_pacific_hake_survey,D20190731T190924_IFCB777,2019-07-31 19:09:24+00:00,777,4.87651978333333,45.5631,-124.3604,,,,,,151,,2,0
nwfsc_pacific_hake_survey,D20190731T193353_IFCB777,2019-07-31 19:33:53+00:00,777,4.91020259166667,45.5637,-124.462,,,,,,99,,2,0
nwfsc_pacific_hake_survey,D20190731T195823_IFCB777,2019-07-31 19:58:23+00:00,777,4.9467402875,45.5634,-124.5691,,,,,,86,,2,0
nwfsc_pacific_hake_survey,D20190731T202252_IFCB777,2019-07-31 20:22:52+00:00,777,4.93930555833333,45.5462,-124.6297,,,,,,44,,2,0
nwfsc_pacific_hake_survey,D20190731T204721_IFCB777,2019-07-31 20:47:21+00:00,777,4.90529568333333,45.5184,-124.5592,,,,,,62,,2,0
nwfsc_pacific_hake_survey,D20190731T211151_IFCB777,2019-07-31 21:11:51+00:00,777,4.9402849125,45.5314,-124.5586,,,,,,87,,2,0
nwfsc_pacific_hake_survey,D20190731T213620_IFCB777,2019-07-31 21:36:20+00:00,777,4.94225245416667,45.5559,-124.5611,,,,,,95,,2,0
nwfsc_pacific_hake_survey,D20190731T220049_IFCB777,2019-07-31 22:00:49+00:00,777,4.948588125,45.5749,-124.5618,,,,,,75,,2,0
nwfsc_pacific_hake_survey,D20190731T222519_IFCB777,2019-07-31 22:25:19+00:00,777,4.94262905833333,45.5895,-124.5593,,,,,,98,,2,0
nwfsc_pacific_hake_survey,D20190731T224948_IFCB777,2019-07-31 22:49:48+00:00,777,4.93026642916667,45.5645,-124.6265,,,,,,57,,2,0
nwfsc_pacific_hake_survey,D20190731T231417_IFCB777,2019-07-31 23:14:17+00:00,777,4.96538989166667,45.5647,-124.7265,,,,,,44,,2,0
nwfsc_pacific_hake_survey,D20190731T233847_IFCB777,2019-07-31 23:38:47+00:00,777,4.75921769583333,45.5643,-124.8283,,,,,,67,,2,0
nwfsc_pacific_hake_survey,D20190801T000316_IFCB777,2019-08-01 00:03:16+00:00,777,4.942077075,45.564,-124.9343,,,,,,60,,2,0
nwfsc_pacific_hake_survey,D20190801T002745_IFCB777,2019-08-01 00:27:45+00:00,777,4.96132471666667,45.5651,-124.8882,,,,,,66,,2,0
nwfsc_pacific_hake_survey,D20190801T005215_IFCB777,2019-08-01 00:52:15+00:00,777,4.94609212916667,45.5622,-124.7781,,,,,,97,,2,0
nwfsc_pacific_hake_survey,D20190801T011644_IFCB777,2019-08-01 01:16:44+00:00,777,4.73260266666667,45.561,-124.6713,,,,,,51,,2,0
nwfsc_pacific_hake_survey,D20190801T014113_IFCB777,2019-08-01 01:41:13+00:00,777,4.8192069875,45.5626,-124.5591,,,,,,61,,2,0
nwfsc_pacific_hake_survey,D20190801T020543_IFCB777,2019-08-01 02:05:43+00:00,777,4.85597566666667,45.5642,-124.4528,,,,,,298,,2,0
nwfsc_pacific_hake_survey,D20190801T023012_IFCB777,2019-08-01 02:30:12+00:00,777,4.85957640833333,45.559,-124.3417,,,,,,308,,2,0
nwfsc_pacific_hake_survey,D20190801T025442_IFCB777,2019-08-01 02:54:42+00:00,777,4.84323592916667,45.5604,-124.3223,,,,,,445,,2,0
nwfsc_pacific_hake_survey,D20190801T031911_IFCB777,2019-08-01 03:19:11+00:00,777,4.86247699583333,45.5657,-124.3354,,,,,,276,,2,0
nwfsc_pacific_hake_survey,D20190801T040818_IFCB777,2019-08-01 04:08:18+00:00,777,4.83685262083333,45.4875,-124.3822,,,,,,182,,2,0
nwfsc_pacific_hake_survey,D20190801T043247_IFCB777,2019-08-01 04:32:47+00:00,777,4.86416516666667,45.4311,-124.4169,,,,,,209,,2,0
nwfsc_pacific_hake_survey,D20190801T045717_IFCB777,2019-08-01 04:57:17+00:00,777,4.7652433875,45.373,-124.4545,,,,,,59,,2,0
nwfsc_pacific_hake_survey,D20190801T052146_IFCB777,2019-08-01 05:21:46+00:00,777,4.85621185,45.3164,-124.4909,,,,,,121,,2,0
nwfsc_pacific_hake_survey,D20190801T054615_IFCB777,2019-08-01 05:46:15+00:00,777,4.91315914166667,45.2561,-124.529,,,,,,168,,2,0
nwfsc_pacific_hake_survey,D20190801T061045_IFCB777,2019-08-01 06:10:45+00:00,777,4.86632705833333,45.199,-124.5657,,,,,,384,,2,0
nwfsc_pacific_hake_survey,D20190801T063514_IFCB777,2019-08-01 06:35:14+00:00,777,4.81475672916667,45.1391,-124.6049,,,,,,534,,2,0
nwfsc_pacific_hake_survey,D20190801T065944_IFCB777,2019-08-01 06:59:44+00:00,777,4.83456569166667,45.0834,-124.6395,,,,,,456,,2,0
nwfsc_pacific_hake_survey,D20190801T072413_IFCB777,2019-08-01 07:24:13+00:00,777,4.85214889166667,45.0419,-124.667,,,,,,379,,2,0
nwfsc_pacific_hake_survey,D20190801T074842_IFCB777,2019-08-01 07:48:42+00:00,777,4.84299530833333,45.0069,-124.6887,,,,,,361,,2,0
nwfsc_pacific_hake_survey,D20190801T081312_IFCB777,2019-08-01 08:13:12+00:00,777,4.89146760416667,44.9707,-124.7098,,,,,,245,,2,0
nwfsc_pacific_hake_survey,D20190801T083741_IFCB777,2019-08-01 08:37:41+00:00,777,4.85251022916667,44.936,-124.7296,,,,,,177,,2,0
nwfsc_pacific_hake_survey,D20190801T090210_IFCB777,2019-08-01 09:02:10+00:00,777,4.88737644166667,44.9023,-124.7516,,,,,,241,,2,0
nwfsc_pacific_hake_survey,D20190801T092640_IFCB777,2019-08-01 09:26:40+00:00,777,4.8743603625,44.87,-124.7714,,,,,,175,,2,0
nwfsc_pacific_hake_survey,D20190801T095109_IFCB777,2019-08-01 09:51:09+00:00,777,4.86359872083333,44.8282,-124.7984,,,,,,211,,2,0
nwfsc_pacific_hake_survey,D20190801T101539_IFCB777,2019-08-01 10:15:39+00:00,777,4.91306839583333,44.7884,-124.8279,,,,,,198,,2,0
nwfsc_pacific_hake_survey,D20190801T104008_IFCB777,2019-08-01 10:40:08+00:00,777,4.87641229583333,44.746,-124.8575,,,,,,142,,2,0
nwfsc_pacific_hake_survey,D20190801T110437_IFCB777,2019-08-01 11:04:37+00:00,777,4.9444289,44.6997,-124.882,,,,,,93,,2,0
nwfsc_pacific_hake_survey,D20190801T112907_IFCB777,2019-08-01 11:29:07+00:00,777,4.915353225,44.6362,-124.9075,,,,,,101,,2,0
nwfsc_pacific_hake_survey,D20190801T115336_IFCB777,2019-08-01 11:53:36+00:00,777,4.9215308875,44.5739,-124.9342,,,,,,124,,2,0
nwfsc_pacific_hake_survey,D20190801T121805_IFCB777,2019-08-01 12:18:05+00:00,777,4.92519288333333,44.5501,-124.9832,,,,,,98,,2,0
nwfsc_pacific_hake_survey,D20190801T124235_IFCB777,2019-08-01 12:42:35+00:00,777,4.8901542875,44.5506,-124.982,,,,,,110,,2,0
nwfsc_pacific_hake_survey,D20190801T130704_IFCB777,2019-08-01 13:07:04+00:00,777,4.95135541666667,44.5498,-124.9808,,,,,,89,,2,0
nwfsc_pacific_hake_survey,D20190801T133134_IFCB777,2019-08-01 13:31:34+00:00,777,4.7669514625,44.5586,-124.9702,,,,,,101,,2,0
nwfsc_pacific_hake_survey,D20190801T135603_IFCB777,2019-08-01 13:56:03+00:00,777,4.93782173333333,44.5705,-124.9563,,,,,,120,,2,0
nwfsc_pacific_hake_survey,D20190801T142032_IFCB777,2019-08-01 14:20:32+00:00,777,4.93772987916667,44.5816,-124.9448,,,,,,131,,2,0
nwfsc_pacific_hake_survey,D20190801T144502_IFCB777,2019-08-01 14:45:02+00:00,777,4.943930825,44.588,-124.8949,,,,,,103,,2,0
nwfsc_pacific_hake_survey,D20190801T150931_IFCB777,2019-08-01 15:09:31+00:00,777,4.7719792625,44.5877,-124.808,,,,,,102,,2,0
nwfsc_pacific_hake_survey,D20190801T153400_IFCB777,2019-08-01 15:34:00+00:00,777,4.86555665833333,44.5873,-124.7418,,,,,,99,,2,0
nwfsc_pacific_hake_survey,D20190801T155830_IFCB777,2019-08-01 15:58:30+00:00,777,4.88917885416667,44.5877,-124.6875,,,,,,215,,2,0
nwfsc_pacific_hake_survey,D20190801T164737_IFCB777,2019-08-01 16:47:37+00:00,777,4.86769355,44.5909,-124.5288,,,,,,330,,2,0
nwfsc_pacific_hake_survey,D20190801T171206_IFCB777,2019-08-01 17:12:06+00:00,777,4.66025705416667,44.6062,-124.4504,,,,,,1051,,2,0
nwfsc_pacific_hake_survey,D20190801T173636_IFCB777,2019-08-01 17:36:36+00:00,777,4.51430008333333,44.6109,-124.3739,,,,,,1538,,2,0
nwfsc_pacific_hake_survey,D20190801T180106_IFCB777,2019-08-01 18:01:06+00:00,777,4.49622004583333,44.5995,-124.2784,,,,,,1586,,2,0
nwfsc_pacific_hake_survey,D20190801T182535_IFCB777,2019-08-01 18:25:35+00:00,777,3.8978756875,44.592,-124.2,,,,,,3558,,2,0
nwfsc_pacific_hake_survey,D20190806T015522_IFCB777,2019-08-06 01:55:22+00:00,777,4.00825475833333,44.7499,-124.2443,,,,,,2733,,2,0
nwfsc_pacific_hake_survey,D20190806T021952_IFCB777,2019-08-06 02:19:52+00:00,777,4.42317267916667,44.8142,-124.2918,,,,,,1603,,2,0
nwfsc_pacific_hake_survey,D20190806T024422_IFCB777,2019-08-06 02:44:22+00:00,777,4.71443947083333,44.8806,-124.3352,,,,,,875,,2,0
nwfsc_pacific_hake_survey,D20190806T030851_IFCB777,2019-08-06 03:08:51+00:00,777,4.7899963,44.9436,-124.3783,,,,,,469,,2,0
nwfsc_pacific_hake_survey,D20190806T033320_IFCB777,2019-08-06 03:33:20+00:00,777,4.84583914583333,45.0108,-124.425,,,,,,449,,2,0
nwfsc_pacific_hake_survey,D20190806T035750_IFCB777,2019-08-06 03:57:50+00:00,777,4.84503362083333,45.0747,-124.4692,,,,,,272,,2,0
nwfsc_pacific_hake_survey,D20190806T042219_IFCB777,2019-08-06 04:22:19+00:00,777,4.84832699583333,45.1406,-124.5167,,,,,,433,,2,0
nwfsc_pacific_hake_survey,D20190806T044649_IFCB777,2019-08-06 04:46:49+00:00,777,4.8089055,45.2041,-124.5629,,,,,,567,,2,0
nwfsc_pacific_hake_survey,D20190806T051118_IFCB777,2019-08-06 05:11:18+00:00,777,4.7622580375,45.2707,-124.609,,,,,,685,,2,0
nwfsc_pacific_hake_survey,D20190806T053548_IFCB777,2019-08-06 05:35:48+00:00,777,4.8697415125,45.3344,-124.6523,,,,,,219,,2,0
nwfsc_pacific_hake_survey,D20190806T060017_IFCB777,2019-08-06 06:00:17+00:00,777,4.81164569166667,45.4004,-124.6994,,,,,,236,,2,0
nwfsc_pacific_hake_survey,D20190806T062446_IFCB777,2019-08-06 06:24:46+00:00,777,4.74795580833333,45.4632,-124.7488,,,,,,659,,2,0
nwfsc_pacific_hake_survey,D20190806T064916_IFCB777,2019-08-06 06:49:16+00:00,777,4.73452042916667,45.5321,-124.7954,,,,,,781,,2,0
nwfsc_pacific_hake_survey,D20190806T071345_IFCB777,2019-08-06 07:13:45+00:00,777,4.74421367916667,45.5999,-124.8404,,,,,,747,,2,0
nwfsc_pacific_hake_survey,D20190806T073815_IFCB777,2019-08-06 07:38:15+00:00,777,4.93048294583333,45.67,-124.8898,,,,,,146,,2,0
nwfsc_pacific_hake_survey,D20190806T080244_IFCB777,2019-08-06 08:02:44+00:00,777,4.85639047083333,45.7306,-124.934,,,,,,402,,2,0
nwfsc_pacific_hake_survey,D20190806T082713_IFCB777,2019-08-06 08:27:13+00:00,777,4.85174807083333,45.7304,-124.9361,,,,,,374,,2,0
nwfsc_pacific_hake_survey,D20190806T085143_IFCB777,2019-08-06 08:51:43+00:00,777,4.86838949583333,45.7311,-124.935,,,,,,353,,2,0
nwfsc_pacific_hake_survey,D20190806T091612_IFCB777,2019-08-06 09:16:12+00:00,777,4.88130303333333,45.7309,-124.8959,,,,,,236,,2,0
nwfsc_pacific_hake_survey,D20190806T094042_IFCB777,2019-08-06 09:40:42+00:00,777,4.8674899,45.7312,-124.8971,,,,,,183,,2,0
nwfsc_pacific_hake_survey,D20190806T100511_IFCB777,2019-08-06 10:05:11+00:00,777,4.840029025,45.7307,-124.817,,,,,,109,,2,0
nwfsc_pacific_hake_survey,D20190806T102940_IFCB777,2019-08-06 10:29:40+00:00,777,4.76324982083333,45.7317,-124.7741,,,,,,705,,2,0
nwfsc_pacific_hake_survey,D20190806T105410_IFCB777,2019-08-06 10:54:10+00:00,777,4.847908775,45.7306,-124.7755,,,,,,431,,2,0
nwfsc_pacific_hake_survey,D20190806T111839_IFCB777,2019-08-06 11:18:39+00:00,777,4.5027789375,45.723,-124.743,,,,,,1572,,2,0
nwfsc_pacific_hake_survey,D20190806T114309_IFCB777,2019-08-06 11:43:09+00:00,777,4.75172224583333,45.7225,-124.7444,,,,,,756,,2,0
nwfsc_pacific_hake_survey,D20190806T120738_IFCB777,2019-08-06 12:07:38+00:00,777,4.751680825,45.7221,-124.7442,,,,,,572,,2,0
nwfsc_pacific_hake_survey,D20190806T123208_IFCB777,2019-08-06 12:32:08+00:00,777,4.71301245,45.7244,-124.6805,,,,,,910,,2,0
nwfsc_pacific_hake_survey,D20190806T125637_IFCB777,2019-08-06 12:56:37+00:00,777,4.4205555625,45.7191,-124.5845,,,,,,1918,,2,0
nwfsc_pacific_hake_survey,D20190806T132107_IFCB777,2019-08-06 13:21:07+00:00,777,4.57785125416667,45.7213,-124.4793,,,,,,1377,,2,0
nwfsc_pacific_hake_survey,D20190806T134536_IFCB777,2019-08-06 13:45:36+00:00,777,4.85103829166667,45.73,-124.3789,,,,,,403,,2,0
nwfsc_pacific_hake_survey,D20190806T143443_IFCB777,2019-08-06 14:34:43+00:00,777,4.79181323333333,45.7301,-124.315,,,,,,444,,2,0
nwfsc_pacific_hake_survey,D20190806T145913_IFCB777,2019-08-06 14:59:13+00:00,777,4.76632705833333,45.7241,-124.2386,,,,,,673,,2,0
nwfsc_pacific_hake_survey,D20190806T152342_IFCB777,2019-08-06 15:23:42+00:00,777,4.71917861666667,45.726,-124.1415,,,,,,847,,2,0
nwfsc_pacific_hake_survey,D20190806T154812_IFCB777,2019-08-06 15:48:12+00:00,777,4.690007675,45.7301,-124.0388,,,,,,863,,2,0
nwfsc_pacific_hake_survey,D20190806T161241_IFCB777,2019-08-06 16:12:41+00:00,777,4.64853677083333,45.7299,-124.0069,,,,,,1093,,2,0
nwfsc_pacific_hake_survey,D20190806T163710_IFCB777,2019-08-06 16:37:10+00:00,777,4.626688775,45.7304,-124.0911,,,,,,1077,,2,0
nwfsc_pacific_hake_survey,D20190806T170140_IFCB777,2019-08-06 17:01:40+00:00,777,4.7527415125,45.7308,-124.1971,,,,,,728,,2,0
nwfsc_pacific_hake_survey,D20190806T172609_IFCB777,2019-08-06 17:26:09+00:00,777,4.8015920125,45.7308,-124.3055,,,,,,584,,2,0
nwfsc_pacific_hake_survey,D20190806T175039_IFCB777,2019-08-06 17:50:39+00:00,777,4.76461438333333,45.727,-124.3765,,,,,,718,,2,0
nwfsc_pacific_hake_survey,D20190806T181508_IFCB777,2019-08-06 18:15:08+00:00,777,4.77303998333333,45.7039,-124.3069,,,,,,680,,2,0
nwfsc_pacific_hake_survey,D20190806T183938_IFCB777,2019-08-06 18:39:38+00:00,777,4.778396875,45.7161,-124.2977,,,,,,671,,2,0
nwfsc_pacific_hake_survey,D20190806T190407_IFCB777,2019-08-06 19:04:07+00:00,777,4.76809980833333,45.7025,-124.2971,,,,,,702,,2,0
nwfsc_pacific_hake_survey,D20190806T192836_IFCB777,2019-08-06 19:28:36+00:00,777,4.7389338375,45.7227,-124.3044,,,,,,806,,2,0
nwfsc_pacific_hake_survey,D20190806T195306_IFCB777,2019-08-06 19:53:06+00:00,777,4.706962275,45.7397,-124.2947,,,,,,875,,2,0
nwfsc_pacific_hake_survey,D20190806T201735_IFCB777,2019-08-06 20:17:35+00:00,777,4.680011375,45.7429,-124.3145,,,,,,949,,2,0
nwfsc_pacific_hake_survey,D20190806T204205_IFCB777,2019-08-06 20:42:05+00:00,777,4.457240075,45.7301,-124.4121,,,,,,1687,,2,0
nwfsc_pacific_hake_survey,D20190806T210634_IFCB777,2019-08-06 21:06:34+00:00,777,4.23032905416667,45.7306,-124.515,,,,,,2253,,2,0
nwfsc_pacific_hake_survey,D20190806T213104_IFCB777,2019-08-06 21:31:04+00:00,777,4.81576727083333,45.7304,-124.6248,,,,,,554,,2,0
nwfsc_pacific_hake_survey,D20190806T215533_IFCB777,2019-08-06 21:55:33+00:00,777,4.90911865416667,45.7277,-124.7256,,,,,,104,,2,0
nwfsc_pacific_hake_survey,D20190806T222003_IFCB777,2019-08-06 22:20:03+00:00,777,4.9169223,45.7276,-124.7923,,,,,,71,,2,0
nwfsc_pacific_hake_survey,D20190806T224432_IFCB777,2019-08-06 22:44:32+00:00,777,4.91121392916667,45.7045,-124.7437,,,,,,73,,2,0
nwfsc_pacific_hake_survey,D20190806T230901_IFCB777,2019-08-06 23:09:01+00:00,777,4.86999027083333,45.7069,-124.733,,,,,,55,,2,0
nwfsc_pacific_hake_survey,D20190806T233331_IFCB777,2019-08-06 23:33:31+00:00,777,4.927229275,45.7283,-124.7508,,,,,,166,,2,0
nwfsc_pacific_hake_survey,D20190806T235800_IFCB777,2019-08-06 23:58:00+00:00,777,4.943822825,45.7462,-124.7648,,,,,,50,,2,0
nwfsc_pacific_hake_survey,D20190807T002229_IFCB777,2019-08-07 00:22:29+00:00,777,4.73066522083333,45.757,-124.7765,,,,,,51,,2,0
nwfsc_pacific_hake_survey,D20190807T004659_IFCB777,2019-08-07 00:46:59+00:00,777,4.9364520125,45.7309,-124.825,,,,,,73,,2,0
nwfsc_pacific_hake_survey,D20190807T011128_IFCB777,2019-08-07 01:11:28+00:00,777,4.62999448333333,45.7312,-124.9349,,,,,,53,,2,0
nwfsc_pacific_hake_survey,D20190807T013557_IFCB777,2019-08-07 01:35:57+00:00,777,4.74842885833333,45.7865,-124.9759,,,,,,52,,2,0
nwfsc_pacific_hake_survey,D20190807T020027_IFCB777,2019-08-07 02:00:27+00:00,777,4.813078125,45.8547,-125.0209,,,,,,50,,2,0
nwfsc_pacific_hake_survey,D20190807T022456_IFCB777,2019-08-07 02:24:56+00:00,777,4.94453992083333,45.9202,-125.0666,,,,,,47,,2,0
nwfsc_pacific_hake_survey,D20190807T031403_IFCB777,2019-08-07 03:14:03+00:00,777,4.88147078333333,46.0402,-125.1235,,,,,,46,,2,0
nwfsc_pacific_hake_survey,D20190807T033832_IFCB777,2019-08-07 03:38:32+00:00,777,4.9228597625,46.0634,-125.0768,,,,,,53,,2,0
nwfsc_pacific_hake_survey,D20190807T040302_IFCB777,2019-08-07 04:03:02+00:00,777,4.94620270833333,46.0625,-125.0795,,,,,,62,,2,0
nwfsc_pacific_hake_survey,D20190807T042731_IFCB777,2019-08-07 04:27:31+00:00,777,4.75237460416667,46.0638,-125.0082,,,,,,51,,2,0
nwfsc_pacific_hake_survey,D20190807T045200_IFCB777,2019-08-07 04:52:00+00:00,777,4.93912602916667,46.0643,-124.9575,,,,,,59,,2,0
nwfsc_pacific_hake_survey,D20190807T051630_IFCB777,2019-08-07 05:16:30+00:00,777,4.77641447916667,46.0637,-124.9598,,,,,,64,,2,0
nwfsc_pacific_hake_survey,D20190807T054059_IFCB777,2019-08-07 05:40:59+00:00,777,4.94059016666667,46.0641,-124.8768,,,,,,37,,2,0
nwfsc_pacific_hake_survey,D20190807T060529_IFCB777,2019-08-07 06:05:29+00:00,777,4.85698799166667,46.0643,-124.8395,,,,,,34,,2,0
nwfsc_pacific_hake_survey,D20190807T062958_IFCB777,2019-08-07 06:29:58+00:00,777,4.96210712083333,46.0641,-124.8352,,,,,,38,,2,0
nwfsc_pacific_hake_survey,D20190807T065427_IFCB777,2019-08-07 06:54:27+00:00,777,4.9524456375,46.0632,-124.7357,,,,,,92,,2,0
nwfsc_pacific_hake_survey,D20190807T071857_IFCB777,2019-08-07 07:18:57+00:00,777,4.60302383333333,46.0637,-124.7149,,,,,,102,,2,0
nwfsc_pacific_hake_survey,D20190807T074326_IFCB777,2019-08-07 07:43:26+00:00,777,4.91580835,46.063,-124.6706,,,,,,201,,2,0
nwfsc_pacific_hake_survey,D20190807T080755_IFCB777,2019-08-07 08:07:55+00:00,777,4.90988265833333,46.0634,-124.5913,,,,,,148,,2,0
nwfsc_pacific_hake_survey,D20190807T083225_IFCB777,2019-08-07 08:32:25+00:00,777,4.8729231375,46.0629,-124.5929,,,,,,133,,2,0
nwfsc_pacific_hake_survey,D20190807T085654_IFCB777,2019-08-07 08:56:54+00:00,777,4.84265285833333,46.0641,-124.5549,,,,,,411,,2,0
nwfsc_pacific_hake_survey,D20190807T092123_IFCB777,2019-08-07 09:21:23+00:00,777,4.08216800416667,46.0663,-124.4519,,,,,,3010,,2,0
nwfsc_pacific_hake_survey,D20190807T094553_IFCB777,2019-08-07 09:45:53+00:00,777,4.1652534125,46.0645,-124.3519,,,,,,2751,,2,0
nwfsc_pacific_hake_survey,D20190807T101023_IFCB777,2019-08-07 10:10:23+00:00,777,4.23972041666667,46.0653,-124.248,,,,,,2400,,2,0
nwfsc_pacific_hake_survey,D20190807T103453_IFCB777,2019-08-07 10:34:53+00:00,777,4.57814023333333,46.0644,-124.1482,,,,,,1353,,2,0
nwfsc_pacific_hake_survey,D20190807T105922_IFCB777,2019-08-07 10:59:22+00:00,777,4.44397150833333,46.0645,-124.0646,,,,,,1802,,2,0
nwfsc_pacific_hake_survey,D20190807T112352_IFCB777,2019-08-07 11:23:52+00:00,777,4.41972167083333,46.0483,-124.071,,,,,,1863,,2,0
nwfsc_pacific_hake_survey,D20190807T114822_IFCB777,2019-08-07 11:48:22+00:00,777,4.32387184166667,45.9834,-124.0841,,,,,,2208,,2,0
nwfsc_pacific_hake_survey,D20190807T121251_IFCB777,2019-08-07 12:12:51+00:00,777,4.41497895,45.9416,-124.0923,,,,,,1894,,2,0
nwfsc_pacific_hake_survey,D20190807T123720_IFCB777,2019-08-07 12:37:20+00:00,777,4.79414365416667,45.9196,-124.0681,,,,,,665,,2,0
nwfsc_pacific_hake_survey,D20190807T130150_IFCB777,2019-08-07 13:01:50+00:00,777,4.65892935,45.9021,-124.0424,,,,,,1072,,2,0
nwfsc_pacific_hake_survey,D20190807T132619_IFCB777,2019-08-07 13:26:19+00:00,777,4.66395337916667,45.8976,-124.0971,,,,,,1054,,2,0
nwfsc_pacific_hake_survey,D20190807T135049_IFCB777,2019-08-07 13:50:49+00:00,777,4.57956617083333,45.8967,-124.2021,,,,,,1331,,2,0
nwfsc_pacific_hake_survey,D20190807T141519_IFCB777,2019-08-07 14:15:19+00:00,777,4.53035267083333,45.8976,-124.313,,,,,,1531,,2,0
nwfsc_pacific_hake_survey,D20190807T143948_IFCB777,2019-08-07 14:39:48+00:00,777,4.7545909375,45.8969,-124.4083,,,,,,705,,2,0
nwfsc_pacific_hake_survey,D20190807T150418_IFCB777,2019-08-07 15:04:18+00:00,777,4.46708817083333,45.8981,-124.5105,,,,,,1697,,2,0
nwfsc_pacific_hake_survey,D20190807T155325_IFCB777,2019-08-07 15:53:25+00:00,777,4.86400590416667,45.8966,-124.721,,,,,,182,,2,0
nwfsc_pacific_hake_survey,D20190807T161754_IFCB777,2019-08-07 16:17:54+00:00,777,4.45713397083333,45.8971,-124.8136,,,,,,56,,2,0
nwfsc_pacific_hake_survey,D20190807T164224_IFCB777,2019-08-07 16:42:24+00:00,777,4.79733127083333,45.8971,-124.9237,,,,,,61,,2,0
nwfsc_pacific_hake_survey,D20190807T170653_IFCB777,2019-08-07 17:06:53+00:00,777,4.8694124375,45.8971,-125.03,,,,,,65,,2,0
nwfsc_pacific_hake_survey,D20190807T173122_IFCB777,2019-08-07 17:31:22+00:00,777,4.89651193333333,45.955,-125.0872,,,,,,66,,2,0
nwfsc_pacific_hake_survey,D20190807T175552_IFCB777,2019-08-07 17:55:52+00:00,777,4.8355016625,46.0181,-125.1338,,,,,,41,,2,0
nwfsc_pacific_hake_survey,D20190807T182021_IFCB777,2019-08-07 18:20:21+00:00,777,4.97387652916667,46.0657,-125.1422,,,,,,44,,2,0
nwfsc_pacific_hake_survey,D20190807T184451_IFCB777,2019-08-07 18:44:51+00:00,777,4.91476260416667,46.0616,-125.0699,,,,,,47,,2,0
nwfsc_pacific_hake_survey,D20190807T190920_IFCB777,2019-08-07 19:09:20+00:00,777,4.679019325,46.0603,-124.9784,,,,,,61,,2,0
nwfsc_pacific_hake_survey,D20190807T193349_IFCB777,2019-08-07 19:33:49+00:00,777,4.7593187375,46.0631,-124.878,,,,,,37,,2,0
nwfsc_pacific_hake_survey,D20190807T195819_IFCB777,2019-08-07 19:58:19+00:00,777,4.97463700833333,46.0639,-124.7886,,,,,,39,,2,0
nwfsc_pacific_hake_survey,D20190807T202248_IFCB777,2019-08-07 20:22:48+00:00,777,4.95434018333333,46.063,-124.6847,,,,,,69,,2,0
nwfsc_pacific_hake_survey,D20190807T204717_IFCB777,2019-08-07 20:47:17+00:00,777,4.95323982916667,46.037,-124.6832,,,,,,100,,2,0
nwfsc_pacific_hake_survey,D20190807T211147_IFCB777,2019-08-07 21:11:47+00:00,777,4.90372638333333,46.0272,-124.7252,,,,,,55,,2,0
nwfsc_pacific_hake_survey,D20190807T213616_IFCB777,2019-08-07 21:36:16+00:00,777,4.918947625,46.0473,-124.7292,,,,,,76,,2,0
nwfsc_pacific_hake_survey,D20190807T220045_IFCB777,2019-08-07 22:00:45+00:00,777,4.7110339625,46.0667,-124.7345,,,,,,53,,2,0
nwfsc_pacific_hake_survey,D20190807T222515_IFCB777,2019-08-07 22:25:15+00:00,777,4.88296452083333,46.0745,-124.7372,,,,,,55,,2,0
nwfsc_pacific_hake_survey,D20190807T224944_IFCB777,2019-08-07 22:49:44+00:00,777,4.92877848333333,46.0641,-124.6641,,,,,,88,,2,0
nwfsc_pacific_hake_survey,D20190807T231414_IFCB777,2019-08-07 23:14:14+00:00,777,4.871243425,46.0642,-124.5553,,,,,,361,,2,0
nwfsc_pacific_hake_survey,D20190807T233843_IFCB777,2019-08-07 23:38:43+00:00,777,4.4089054,46.0641,-124.4522,,,,,,1930,,2,0
nwfsc_pacific_hake_survey,D20190808T000313_IFCB777,2019-08-08 00:03:13+00:00,777,3.88923161666667,46.0624,-124.3449,,,,,,3665,,2,0
nwfsc_pacific_hake_survey,D20190808T002743_IFCB777,2019-08-08 00:27:43+00:00,777,3.95723104166667,46.0649,-124.2376,,,,,,3196,,2,0
nwfsc_pacific_hake_survey,D20190808T005213_IFCB777,2019-08-08 00:52:13+00:00,777,4.11699223333333,46.0644,-124.1251,,,,,,2927,,2,0
nwfsc_pacific_hake_survey,D20190808T011643_IFCB777,2019-08-08 01:16:43+00:00,777,4.20934795416667,46.0689,-124.0811,,,,,,2579,,2,0
nwfsc_pacific_hake_survey,D20190808T014112_IFCB777,2019-08-08 01:41:12+00:00,777,4.37075319166667,46.0883,-124.1808,,,,,,2051,,2,0
nwfsc_pacific_hake_survey,D20190808T020542_IFCB777,2019-08-08 02:05:42+00:00,777,4.1978504625,46.1021,-124.2763,,,,,,2641,,2,0
nwfsc_pacific_hake_survey,D20190808T023012_IFCB777,2019-08-08 02:30:12+00:00,777,3.88875037083333,46.1491,-124.339,,,,,,3538,,2,0
nwfsc_pacific_hake_survey,D20190808T025442_IFCB777,2019-08-08 02:54:42+00:00,777,4.097939825,46.205,-124.3391,,,,,,2972,,2,0
nwfsc_pacific_hake_survey,D20190808T031911_IFCB777,2019-08-08 03:19:11+00:00,777,4.5199925125,46.2705,-124.3381,,,,,,1548,,2,0
nwfsc_pacific_hake_survey,D20190808T034341_IFCB777,2019-08-08 03:43:41+00:00,777,4.52891838333333,46.3371,-124.316,,,,,,1533,,2,0
nwfsc_pacific_hake_survey,D20190808T043247_IFCB777,2019-08-08 04:32:47+00:00,777,4.331746375,46.3978,-124.2429,,,,,,2185,,2,0
nwfsc_pacific_hake_survey,D20190808T045717_IFCB777,2019-08-08 04:57:17+00:00,777,4.15934676666667,46.3951,-124.3473,,,,,,2744,,2,0
nwfsc_pacific_hake_survey,D20190808T052146_IFCB777,2019-08-08 05:21:46+00:00,777,4.79164626666667,46.3963,-124.4559,,,,,,651,,2,0
nwfsc_pacific_hake_survey,D20190808T054616_IFCB777,2019-08-08 05:46:16+00:00,777,4.89838991666667,46.3954,-124.5506,,,,,,277,,2,0
nwfsc_pacific_hake_survey,D20190808T061045_IFCB777,2019-08-08 06:10:45+00:00,777,4.85479684583333,46.394,-124.5652,,,,,,439,,2,0
nwfsc_pacific_hake_survey,D20190808T063514_IFCB777,2019-08-08 06:35:14+00:00,777,4.8764803,46.3956,-124.5962,,,,,,339,,2,0
nwfsc_pacific_hake_survey,D20190808T065944_IFCB777,2019-08-08 06:59:44+00:00,777,4.90249736666667,46.395,-124.5988,,,,,,249,,2,0
nwfsc_pacific_hake_survey,D20190808T072413_IFCB777,2019-08-08 07:24:13+00:00,777,4.88898169166667,46.3975,-124.6654,,,,,,211,,2,0
nwfsc_pacific_hake_survey,D20190808T074842_IFCB777,2019-08-08 07:48:42+00:00,777,4.90910555,46.3979,-124.7146,,,,,,167,,2,0
nwfsc_pacific_hake_survey,D20190808T081312_IFCB777,2019-08-08 08:13:12+00:00,777,4.8786943125,46.3972,-124.7153,,,,,,126,,2,0
nwfsc_pacific_hake_survey,D20190808T083741_IFCB777,2019-08-08 08:37:41+00:00,777,4.9370822875,46.4125,-124.7718,,,,,,73,,2,0
nwfsc_pacific_hake_survey,D20190808T090211_IFCB777,2019-08-08 09:02:11+00:00,777,4.93470269166667,46.3983,-124.8358,,,,,,66,,2,0
nwfsc_pacific_hake_survey,D20190808T092640_IFCB777,2019-08-08 09:26:40+00:00,777,4.9377850625,46.3986,-124.8364,,,,,,66,,2,0
nwfsc_pacific_hake_survey,D20190808T095109_IFCB777,2019-08-08 09:51:09+00:00,777,4.938846625,46.4064,-124.8856,,,,,,77,,2,0
nwfsc_pacific_hake_survey,D20190808T101539_IFCB777,2019-08-08 10:15:39+00:00,777,4.8284633625,46.3986,-124.9567,,,,,,73,,2,0
nwfsc_pacific_hake_survey,D20190808T104008_IFCB777,2019-08-08 10:40:08+00:00,777,4.61018637083333,46.4,-124.9554,,,,,,50,,2,0
nwfsc_pacific_hake_survey,D20190808T110437_IFCB777,2019-08-08 11:04:37+00:00,777,4.91437490833333,46.3998,-124.9717,,,,,,65,,2,0
nwfsc_pacific_hake_survey,D20190808T112907_IFCB777,2019-08-08 11:29:07+00:00,777,4.94469154166667,46.3993,-125.0025,,,,,,86,,2,0
nwfsc_pacific_hake_survey,D20190808T115336_IFCB777,2019-08-08 11:53:36+00:00,777,4.85402908333333,46.3992,-125.0322,,,,,,47,,2,0
nwfsc_pacific_hake_survey,D20190808T121805_IFCB777,2019-08-08 12:18:05+00:00,777,4.95291845833333,46.3985,-125.0626,,,,,,52,,2,0
nwfsc_pacific_hake_survey,D20190808T124235_IFCB777,2019-08-08 12:42:35+00:00,777,4.95924419583333,46.3982,-125.0906,,,,,,31,,2,0
nwfsc_pacific_hake_survey,D20190808T130704_IFCB777,2019-08-08 13:07:04+00:00,777,4.923522425,46.399,-125.1052,,,,,,49,,2,0
nwfsc_pacific_hake_survey,D20190808T133134_IFCB777,2019-08-08 13:31:34+00:00,777,4.70602070416667,46.3977,-125.0464,,,,,,40,,2,0
nwfsc_pacific_hake_survey,D20190808T135603_IFCB777,2019-08-08 13:56:03+00:00,777,4.7651882875,46.3973,-124.985,,,,,,53,,2,0
nwfsc_pacific_hake_survey,D20190808T142032_IFCB777,2019-08-08 14:20:32+00:00,777,4.7324849625,46.397,-124.9244,,,,,,38,,2,0
nwfsc_pacific_hake_survey,D20190808T144502_IFCB777,2019-08-08 14:45:02+00:00,777,4.84708630833333,46.3961,-124.843,,,,,,57,,2,0
nwfsc_pacific_hake_survey,D20190808T150931_IFCB777,2019-08-08 15:09:31+00:00,777,4.8220668125,46.3957,-124.7807,,,,,,41,,2,0
nwfsc_pacific_hake_survey,D20190808T153400_IFCB777,2019-08-08 15:34:00+00:00,777,4.95746132916667,46.3957,-124.701,,,,,,71,,2,0
nwfsc_pacific_hake_survey,D20190808T155830_IFCB777,2019-08-08 15:58:30+00:00,777,4.89298449166667,46.3962,-124.5938,,,,,,125,,2,0
nwfsc_pacific_hake_survey,D20190808T162259_IFCB777,2019-08-08 16:22:59+00:00,777,4.8930825625,46.3724,-124.5635,,,,,,248,,2,0
nwfsc_pacific_hake_survey,D20190808T171206_IFCB777,2019-08-08 17:12:06+00:00,777,4.91715927916667,46.3627,-124.6133,,,,,,134,,2,0
nwfsc_pacific_hake_survey,D20190808T173636_IFCB777,2019-08-08 17:36:36+00:00,777,4.89091682916667,46.3869,-124.6057,,,,,,167,,2,0
nwfsc_pacific_hake_survey,D20190808T180105_IFCB777,2019-08-08 18:01:05+00:00,777,4.8984930625,46.4046,-124.6,,,,,,228,,2,0
nwfsc_pacific_hake_survey,D20190808T182535_IFCB777,2019-08-08 18:25:35+00:00,777,4.89679374583333,46.4198,-124.5952,,,,,,214,,2,0
nwfsc_pacific_hake_survey,D20190808T185004_IFCB777,2019-08-08 18:50:04+00:00,777,4.91116940416667,46.4299,-124.5936,,,,,,209,,2,0
nwfsc_pacific_hake_survey,D20190808T191433_IFCB777,2019-08-08 19:14:33+00:00,777,4.85450778333333,46.3962,-124.5364,,,,,,410,,2,0
nwfsc_pacific_hake_survey,D20190808T193903_IFCB777,2019-08-08 19:39:03+00:00,777,4.829146575,46.3965,-124.4269,,,,,,483,,2,0
nwfsc_pacific_hake_survey,D20190808T200332_IFCB777,2019-08-08 20:03:32+00:00,777,4.73951499166667,46.3972,-124.3226,,,,,,802,,2,0
nwfsc_pacific_hake_survey,D20190808T202802_IFCB777,2019-08-08 20:28:02+00:00,777,4.41736585833333,46.4116,-124.2423,,,,,,1896,,2,0
nwfsc_pacific_hake_survey,D20190808T205231_IFCB777,2019-08-08 20:52:31+00:00,777,4.63201975833333,46.4856,-124.2537,,,,,,1151,,2,0
nwfsc_pacific_hake_survey,D20190808T211701_IFCB777,2019-08-08 21:17:01+00:00,777,4.729108875,46.5587,-124.2367,,,,,,834,,2,0
nwfsc_pacific_hake_survey,D20190808T214130_IFCB777,2019-08-08 21:41:30+00:00,777,4.69629571666667,46.5637,-124.3304,,,,,,877,,2,0
nwfsc_pacific_hake_survey,D20190808T220600_IFCB777,2019-08-08 22:06:00+00:00,777,4.63959452916667,46.5642,-124.4395,,,,,,1098,,2,0
nwfsc_pacific_hake_survey,D20190808T223029_IFCB777,2019-08-08 22:30:29+00:00,777,4.7427415375,46.5635,-124.5425,,,,,,787,,2,0
nwfsc_pacific_hake_survey,D20190808T225459_IFCB777,2019-08-08 22:54:59+00:00,777,4.86171857083333,46.5636,-124.6448,,,,,,385,,2,0
nwfsc_pacific_hake_survey,D20190808T231928_IFCB777,2019-08-08 23:19:28+00:00,777,4.9434095875,46.5615,-124.7501,,,,,,131,,2,0
nwfsc_pacific_hake_survey,D20190808T234358_IFCB777,2019-08-08 23:43:58+00:00,777,4.90531984583333,46.5628,-124.8454,,,,,,95,,2,0
nwfsc_pacific_hake_survey,D20190809T000827_IFCB777,2019-08-09 00:08:27+00:00,777,4.93725407916667,46.5604,-124.949,,,,,,69,,2,0
nwfsc_pacific_hake_survey,D20190809T003256_IFCB777,2019-08-09 00:32:56+00:00,777,4.9147765125,46.5635,-125.0507,,,,,,76,,2,0
nwfsc_pacific_hake_survey,D20190809T005726_IFCB777,2019-08-09 00:57:26+00:00,777,4.90659695,46.5747,-125.1389,,,,,,64,,2,0
nwfsc_pacific_hake_survey,D20190809T012155_IFCB777,2019-08-09 01:21:55+00:00,777,4.925636375,46.614,-125.1742,,,,,,103,,2,0
nwfsc_pacific_hake_survey,D20190809T014625_IFCB777,2019-08-09 01:46:25+00:00,777,4.91819791666667,46.6588,-125.2015,,,,,,188,,2,0
nwfsc_pacific_hake_survey,D20190809T021054_IFCB777,2019-08-09 02:10:54+00:00,777,4.94582290833333,46.7144,-125.2376,,,,,,150,,2,0
nwfsc_pacific_hake_survey,D20190809T023523_IFCB777,2019-08-09 02:35:23+00:00,777,4.93097314583333,46.7306,-125.2486,,,,,,153,,2,0
nwfsc_pacific_hake_survey,D20190809T025953_IFCB777,2019-08-09 02:59:53+00:00,777,4.802413825,46.7314,-125.2245,,,,,,94,,2,0
nwfsc_pacific_hake_survey,D20190809T032422_IFCB777,2019-08-09 03:24:22+00:00,777,4.93344222916667,46.731,-125.1282,,,,,,96,,2,0
nwfsc_pacific_hake_survey,D20190809T034851_IFCB777,2019-08-09 03:48:51+00:00,777,4.92727860833333,46.7311,-125.1276,,,,,,83,,2,0
nwfsc_pacific_hake_survey,D20190809T041321_IFCB777,2019-08-09 04:13:21+00:00,777,4.80568074583333,46.7309,-125.0784,,,,,,116,,2,0
nwfsc_pacific_hake_survey,D20190809T043750_IFCB777,2019-08-09 04:37:50+00:00,777,4.93589627916667,46.7313,-125.0059,,,,,,145,,2,0
nwfsc_pacific_hake_survey,D20190809T050220_IFCB777,2019-08-09 05:02:20+00:00,777,4.91745055,46.731,-125.0062,,,,,,132,,2,0
nwfsc_pacific_hake_survey,D20190809T055127_IFCB777,2019-08-09 05:51:27+00:00,777,4.91229684583333,46.73,-124.8827,,,,,,199,,2,0
nwfsc_pacific_hake_survey,D20190809T061556_IFCB777,2019-08-09 06:15:56+00:00,777,4.9099478,46.7294,-124.8817,,,,,,180,,2,0
nwfsc_pacific_hake_survey,D20190809T064025_IFCB777,2019-08-09 06:40:25+00:00,777,4.87029970833333,46.7305,-124.8449,,,,,,221,,2,0
nwfsc_pacific_hake_survey,D20190809T070455_IFCB777,2019-08-09 07:04:55+00:00,777,4.89778169166667,46.7302,-124.8449,,,,,,273,,2,0
nwfsc_pacific_hake_survey,D20190809T072924_IFCB777,2019-08-09 07:29:24+00:00,777,4.91267515,46.7293,-124.776,,,,,,234,,2,0
nwfsc_pacific_hake_survey,D20190809T075353_IFCB777,2019-08-09 07:53:53+00:00,777,4.82073917083333,46.7298,-124.7125,,,,,,437,,2,0
nwfsc_pacific_hake_survey,D20190809T081823_IFCB777,2019-08-09 08:18:23+00:00,777,4.83790614166667,46.7307,-124.6953,,,,,,429,,2,0
nwfsc_pacific_hake_survey,D20190809T084252_IFCB777,2019-08-09 08:42:52+00:00,777,4.7405139,46.7309,-124.6054,,,,,,724,,2,0
nwfsc_pacific_hake_survey,D20190809T090722_IFCB777,2019-08-09 09:07:22+00:00,777,4.6891961875,46.7295,-124.5034,,,,,,971,,2,0
nwfsc_pacific_hake_survey,D20190809T093151_IFCB777,2019-08-09 09:31:51+00:00,777,4.770623825,46.7304,-124.4048,,,,,,527,,2,0
nwfsc_pacific_hake_survey,D20190809T095620_IFCB777,2019-08-09 09:56:20+00:00,777,4.74276266666667,46.7307,-124.3044,,,,,,750,,2,0
nwfsc_pacific_hake_survey,D20190809T102050_IFCB777,2019-08-09 10:20:50+00:00,777,4.72780485833333,46.7307,-124.2712,,,,,,833,,2,0
nwfsc_pacific_hake_survey,D20190809T104519_IFCB777,2019-08-09 10:45:19+00:00,777,4.72383118333333,46.7307,-124.271,,,,,,876,,2,0
nwfsc_pacific_hake_survey,D20190809T110949_IFCB777,2019-08-09 11:09:49+00:00,777,4.75571036666667,46.7307,-124.271,,,,,,770,,2,0
nwfsc_pacific_hake_survey,D20190809T113418_IFCB777,2019-08-09 11:34:18+00:00,777,4.73195903333333,46.7307,-124.271,,,,,,823,,2,0
nwfsc_pacific_hake_survey,D20190809T115848_IFCB777,2019-08-09 11:58:48+00:00,777,4.72912854166667,46.7307,-124.271,,,,,,828,,2,0
nwfsc_pacific_hake_survey,D20190809T122317_IFCB777,2019-08-09 12:23:17+00:00,777,4.75469841666667,46.7307,-124.271,,,,,,774,,2,0
nwfsc_pacific_hake_survey,D20190809T124746_IFCB777,2019-08-09 12:47:46+00:00,777,4.72761072916667,46.7307,-124.271,,,,,,811,,2,0
nwfsc_pacific_hake_survey,D20190809T131216_IFCB777,2019-08-09 13:12:16+00:00,777,4.685502125,46.7307,-124.271,,,,,,987,,2,0
nwfsc_pacific_hake_survey,D20190809T133645_IFCB777,2019-08-09 13:36:45+00:00,777,4.64102182916667,46.7298,-124.3068,,,,,,1127,,2,0
nwfsc_pacific_hake_survey,D20190809T140115_IFCB777,2019-08-09 14:01:15+00:00,777,4.78965931666667,46.7306,-124.3476,,,,,,598,,2,0
nwfsc_pacific_hake_survey,D20190809T142544_IFCB777,2019-08-09 14:25:44+00:00,777,4.824874175,46.732,-124.3947,,,,,,512,,2,0
nwfsc_pacific_hake_survey,D20190809T145014_IFCB777,2019-08-09 14:50:14+00:00,777,4.740478325,46.7298,-124.477,,,,,,799,,2,0
nwfsc_pacific_hake_survey,D20190809T151443_IFCB777,2019-08-09 15:14:43+00:00,777,4.7848416,46.7298,-124.5832,,,,,,615,,2,0
nwfsc_pacific_hake_survey,D20190809T153913_IFCB777,2019-08-09 15:39:13+00:00,777,4.87100283333333,46.7301,-124.6942,,,,,,335,,2,0
nwfsc_pacific_hake_survey,D20190809T160342_IFCB777,2019-08-09 16:03:42+00:00,777,4.83428364583333,46.731,-124.8019,,,,,,429,,2,0
nwfsc_pacific_hake_survey,D20190809T162811_IFCB777,2019-08-09 16:28:11+00:00,777,4.90445695833333,46.7319,-124.9118,,,,,,214,,2,0
nwfsc_pacific_hake_survey,D20190809T165241_IFCB777,2019-08-09 16:52:41+00:00,777,4.9072309375,46.7327,-124.8844,,,,,,219,,2,0
nwfsc_pacific_hake_survey,D20190809T171710_IFCB777,2019-08-09 17:17:10+00:00,777,4.84173540833333,46.7329,-124.8063,,,,,,349,,2,0
nwfsc_pacific_hake_survey,D20190809T174140_IFCB777,2019-08-09 17:41:40+00:00,777,4.89431389583333,46.7325,-124.8308,,,,,,233,,2,0
nwfsc_pacific_hake_survey,D20190809T183047_IFCB777,2019-08-09 18:30:47+00:00,777,4.94855280833333,46.7293,-124.8953,,,,,,111,,2,0
nwfsc_pacific_hake_survey,D20190809T185516_IFCB777,2019-08-09 18:55:16+00:00,777,4.88832449166667,46.7238,-124.9112,,,,,,86,,2,0
nwfsc_pacific_hake_survey,D20190809T191945_IFCB777,2019-08-09 19:19:45+00:00,777,4.83138393333333,46.7236,-124.8746,,,,,,121,,2,0
nwfsc_pacific_hake_survey,D20190809T194415_IFCB777,2019-08-09 19:44:15+00:00,777,4.94127469166667,46.7239,-124.7905,,,,,,111,,2,0
nwfsc_pacific_hake_survey,D20190809T200844_IFCB777,2019-08-09 20:08:44+00:00,777,4.9050636125,46.726,-124.8092,,,,,,171,,2,0
nwfsc_pacific_hake_survey,D20190809T203314_IFCB777,2019-08-09 20:33:14+00:00,777,4.9301343125,46.7301,-124.8465,,,,,,133,,2,0
nwfsc_pacific_hake_survey,D20190809T205743_IFCB777,2019-08-09 20:57:43+00:00,777,4.92072509583333,46.7322,-124.8755,,,,,,86,,2,0
nwfsc_pacific_hake_survey,D20190809T212212_IFCB777,2019-08-09 21:22:12+00:00,777,4.88434657083333,46.7324,-124.9002,,,,,,64,,2,0
nwfsc_pacific_hake_survey,D20190809T214642_IFCB777,2019-08-09 21:46:42+00:00,777,4.83870952916667,46.7207,-124.9134,,,,,,53,,2,0
nwfsc_pacific_hake_survey,D20190809T221111_IFCB777,2019-08-09 22:11:11+00:00,777,4.8788408125,46.7303,-124.9327,,,,,,65,,2,0
nwfsc_pacific_hake_survey,D20190809T223541_IFCB777,2019-08-09 22:35:41+00:00,777,4.772606475,46.7305,-125.0377,,,,,,37,,2,0
nwfsc_pacific_hake_survey,D20190809T230010_IFCB777,2019-08-09 23:00:10+00:00,777,4.78385230416667,46.7306,-125.1479,,,,,,57,,2,0
nwfsc_pacific_hake_survey,D20190809T232439_IFCB777,2019-08-09 23:24:39+00:00,777,4.9436415,46.7308,-125.2485,,,,,,57,,2,0
nwfsc_pacific_hake_survey,D20190809T234909_IFCB777,2019-08-09 23:49:09+00:00,777,4.90213545833333,46.751,-125.3073,,,,,,158,,2,0
nwfsc_pacific_hake_survey,D20190810T001338_IFCB777,2019-08-10 00:13:38+00:00,777,4.913440825,46.8004,-125.2876,,,,,,229,,2,0
nwfsc_pacific_hake_survey,D20190810T003807_IFCB777,2019-08-10 00:38:07+00:00,777,4.8747825625,46.864,-125.2622,,,,,,333,,2,0
nwfsc_pacific_hake_survey,D20190810T010237_IFCB777,2019-08-10 01:02:37+00:00,777,4.80744630833333,46.8975,-125.1952,,,,,,563,,2,0
nwfsc_pacific_hake_survey,D20190810T012706_IFCB777,2019-08-10 01:27:06+00:00,777,4.73997325416667,46.8972,-125.0836,,,,,,746,,2,0
nwfsc_pacific_hake_survey,D20190810T015136_IFCB777,2019-08-10 01:51:36+00:00,777,4.751406075,46.8968,-124.9744,,,,,,118,,2,0
nwfsc_pacific_hake_survey,D20190810T021605_IFCB777,2019-08-10 02:16:05+00:00,777,4.86200596666667,46.8993,-124.8618,,,,,,397,,2,0
nwfsc_pacific_hake_survey,D20190810T024035_IFCB777,2019-08-10 02:40:35+00:00,777,4.8506163625,46.8986,-124.7552,,,,,,455,,2,0
nwfsc_pacific_hake_survey,D20190810T030504_IFCB777,2019-08-10 03:05:04+00:00,777,4.80080587083333,46.8975,-124.6433,,,,,,485,,2,0
nwfsc_pacific_hake_survey,D20190810T032933_IFCB777,2019-08-10 03:29:33+00:00,777,4.84939583333333,46.8967,-124.5361,,,,,,436,,2,0
nwfsc_pacific_hake_survey,D20190810T035403_IFCB777,2019-08-10 03:54:03+00:00,777,4.67371932083333,46.897,-124.4244,,,,,,926,,2,0
nwfsc_pacific_hake_survey,D20190810T041832_IFCB777,2019-08-10 04:18:32+00:00,777,4.12035280416667,46.9097,-124.3388,,,,,,2923,,2,0
nwfsc_pacific_hake_survey,D20190810T044302_IFCB777,2019-08-10 04:43:02+00:00,777,4.71677982916667,46.9841,-124.3642,,,,,,845,,2,0
nwfsc_pacific_hake_survey,D20190810T050731_IFCB777,2019-08-10 05:07:31+00:00,777,4.71873579583333,47.0414,-124.3861,,,,,,879,,2,0
nwfsc_pacific_hake_survey,D20190810T053201_IFCB777,2019-08-10 05:32:01+00:00,777,4.7228597375,47.0623,-124.392,,,,,,859,,2,0
nwfsc_pacific_hake_survey,D20190810T055630_IFCB777,2019-08-10 05:56:30+00:00,777,4.71213663333333,47.0639,-124.4118,,,,,,845,,2,0
nwfsc_pacific_hake_survey,D20190810T062100_IFCB777,2019-08-10 06:21:00+00:00,777,4.65629981666667,47.0641,-124.5362,,,,,,1053,,2,0
nwfsc_pacific_hake_survey,D20190810T071007_IFCB777,2019-08-10 07:10:07+00:00,777,4.85478575,47.0629,-124.7752,,,,,,411,,2,0
nwfsc_pacific_hake_survey,D20190810T073436_IFCB777,2019-08-10 07:34:36+00:00,777,4.708823975,47.0634,-124.869,,,,,,891,,2,0
nwfsc_pacific_hake_survey,D20190810T075906_IFCB777,2019-08-10 07:59:06+00:00,777,4.6845104625,47.0644,-124.8813,,,,,,989,,2,0
nwfsc_pacific_hake_survey,D20190810T082335_IFCB777,2019-08-10 08:23:35+00:00,777,4.86859962916667,47.0634,-124.9668,,,,,,404,,2,0
nwfsc_pacific_hake_survey,D20190810T084804_IFCB777,2019-08-10 08:48:04+00:00,777,4.8642761125,47.0641,-124.9673,,,,,,364,,2,0
nwfsc_pacific_hake_survey,D20190810T091234_IFCB777,2019-08-10 09:12:34+00:00,777,4.90030500416667,47.0644,-125.0128,,,,,,235,,2,0
nwfsc_pacific_hake_survey,D20190810T093703_IFCB777,2019-08-10 09:37:03+00:00,777,4.91538243333333,47.0647,-125.0889,,,,,,126,,2,0
nwfsc_pacific_hake_survey,D20190810T100133_IFCB777,2019-08-10 10:01:33+00:00,777,4.90906559166667,47.0651,-125.0882,,,,,,105,,2,0
nwfsc_pacific_hake_survey,D20190810T102602_IFCB777,2019-08-10 10:26:02+00:00,777,4.9581607875,47.0645,-125.1532,,,,,,72,,2,0
nwfsc_pacific_hake_survey,D20190810T105031_IFCB777,2019-08-10 10:50:31+00:00,777,4.888057,47.065,-125.2141,,,,,,87,,2,0
nwfsc_pacific_hake_survey,D20190810T111501_IFCB777,2019-08-10 11:15:01+00:00,777,4.95513481666667,47.0632,-125.2186,,,,,,83,,2,0
nwfsc_pacific_hake_survey,D20190810T113930_IFCB777,2019-08-10 11:39:30+00:00,777,4.89654554583333,47.064,-125.265,,,,,,65,,2,0
nwfsc_pacific_hake_survey,D20190810T120359_IFCB777,2019-08-10 12:03:59+00:00,777,4.95444524166667,47.064,-125.3235,,,,,,54,,2,0
nwfsc_pacific_hake_survey,D20190810T122829_IFCB777,2019-08-10 12:28:29+00:00,777,4.81086112083333,47.0649,-125.3846,,,,,,42,,2,0
nwfsc_pacific_hake_survey,D20190810T125258_IFCB777,2019-08-10 12:52:58+00:00,777,4.75189865416667,47.0606,-125.4175,,,,,,46,,2,0
nwfsc_pacific_hake_survey,D20190810T131727_IFCB777,2019-08-10 13:17:27+00:00,777,4.93966885416667,47.0613,-125.3551,,,,,,77,,2,0
nwfsc_pacific_hake_survey,D20190810T134157_IFCB777,2019-08-10 13:41:57+00:00,777,4.95543709166667,47.0626,-125.2947,,,,,,84,,2,0
nwfsc_pacific_hake_survey,D20190810T140626_IFCB777,2019-08-10 14:06:26+00:00,777,4.64765610416667,47.064,-125.2205,,,,,,83,,2,0
nwfsc_pacific_hake_survey,D20190810T143055_IFCB777,2019-08-10 14:30:55+00:00,777,4.90411449166667,47.0642,-125.1139,,,,,,187,,2,0
nwfsc_pacific_hake_survey,D20190810T145525_IFCB777,2019-08-10 14:55:25+00:00,777,4.8792075625,47.0637,-125.0031,,,,,,324,,2,0
nwfsc_pacific_hake_survey,D20190810T151954_IFCB777,2019-08-10 15:19:54+00:00,777,4.82735129166667,47.0631,-124.8976,,,,,,459,,2,0
nwfsc_pacific_hake_survey,D20190810T154424_IFCB777,2019-08-10 15:44:24+00:00,777,4.84456287083333,47.0636,-124.7866,,,,,,461,,2,0
nwfsc_pacific_hake_survey,D20190810T160853_IFCB777,2019-08-10 16:08:53+00:00,777,4.58407324166667,47.0645,-124.6791,,,,,,1139,,2,0
nwfsc_pacific_hake_survey,D20190810T163323_IFCB777,2019-08-10 16:33:23+00:00,777,4.626705375,47.0652,-124.5675,,,,,,1174,,2,0
nwfsc_pacific_hake_survey,D20190810T165752_IFCB777,2019-08-10 16:57:52+00:00,777,4.4752598375,47.0647,-124.4801,,,,,,1515,,2,0
nwfsc_pacific_hake_survey,D20190810T172222_IFCB777,2019-08-10 17:22:22+00:00,777,4.55110327916667,47.0694,-124.3919,,,,,,1435,,2,0
nwfsc_pacific_hake_survey,D20190810T174651_IFCB777,2019-08-10 17:46:51+00:00,777,4.64427767916667,47.1269,-124.4337,,,,,,1112,,2,0
nwfsc_pacific_hake_survey,D20190810T181120_IFCB777,2019-08-10 18:11:20+00:00,777,4.63105610833333,47.2003,-124.46,,,,,,1177,,2,0
nwfsc_pacific_hake_survey,D20190810T183550_IFCB777,2019-08-10 18:35:50+00:00,777,4.52596435,47.2319,-124.531,,,,,,1549,,2,0
nwfsc_pacific_hake_survey,D20190810T190020_IFCB777,2019-08-10 19:00:20+00:00,777,4.20234792083333,47.2307,-124.6358,,,,,,2640,,2,0
nwfsc_pacific_hake_survey,D20190810T194927_IFCB777,2019-08-10 19:49:27+00:00,777,4.78948468333333,47.2226,-124.8424,,,,,,413,,2,0
nwfsc_pacific_hake_survey,D20190810T201357_IFCB777,2019-08-10 20:13:57+00:00,777,4.89793990833333,47.2307,-124.9299,,,,,,240,,2,0
nwfsc_pacific_hake_survey,D20190810T203826_IFCB777,2019-08-10 20:38:26+00:00,777,4.8571199875,47.207,-124.9525,,,,,,385,,2,0
nwfsc_pacific_hake_survey,D20190810T210255_IFCB777,2019-08-10 21:02:55+00:00,777,4.83750491666667,47.1833,-124.9024,,,,,,441,,2,0
nwfsc_pacific_hake_survey,D20190810T212725_IFCB777,2019-08-10 21:27:25+00:00,777,4.80604969583333,47.1962,-124.8926,,,,,,517,,2,0
nwfsc_pacific_hake_survey,D20190810T215154_IFCB777,2019-08-10 21:51:54+00:00,777,4.80223345416667,47.2206,-124.898,,,,,,544,,2,0
nwfsc_pacific_hake_survey,D20190810T221623_IFCB777,2019-08-10 22:16:23+00:00,777,4.82930829583333,47.2429,-124.8999,,,,,,498,,2,0
nwfsc_pacific_hake_survey,D20190810T224053_IFCB777,2019-08-10 22:40:53+00:00,777,4.8664930625,47.2604,-124.9011,,,,,,359,,2,0
nwfsc_pacific_hake_survey,D20190810T230522_IFCB777,2019-08-10 23:05:22+00:00,777,4.85009814583333,47.2774,-124.9032,,,,,,272,,2,0
nwfsc_pacific_hake_survey,D20190810T232952_IFCB777,2019-08-10 23:29:52+00:00,777,4.83086438333333,47.2595,-124.9032,,,,,,498,,2,0
nwfsc_pacific_hake_survey,D20190810T235421_IFCB777,2019-08-10 23:54:21+00:00,777,4.92280303333333,47.2303,-124.9786,,,,,,175,,2,0
nwfsc_pacific_hake_survey,D20190811T001851_IFCB777,2019-08-11 00:18:51+00:00,777,4.93337707916667,47.2305,-125.0856,,,,,,92,,2,0
nwfsc_pacific_hake_survey,D20190811T004320_IFCB777,2019-08-11 00:43:20+00:00,777,4.94914275833333,47.2301,-125.1991,,,,,,71,,2,0
nwfsc_pacific_hake_survey,D20190811T010749_IFCB777,2019-08-11 01:07:49+00:00,777,4.96492682916667,47.2311,-125.3075,,,,,,54,,2,0
nwfsc_pacific_hake_survey,D20190811T013219_IFCB777,2019-08-11 01:32:19+00:00,777,4.8226295125,47.2749,-125.343,,,,,,45,,2,0
nwfsc_pacific_hake_survey,D20190811T015648_IFCB777,2019-08-11 01:56:48+00:00,777,4.8569846375,47.343,-125.3262,,,,,,71,,2,0
nwfsc_pacific_hake_survey,D20190811T022118_IFCB777,2019-08-11 02:21:18+00:00,777,4.9416565875,47.3972,-125.3096,,,,,,78,,2,0
nwfsc_pacific_hake_survey,D20190811T024547_IFCB777,2019-08-11 02:45:47+00:00,777,4.849296475,47.3972,-125.3096,,,,,,83,,2,0
nwfsc_pacific_hake_survey,D20190811T031016_IFCB777,2019-08-11 03:10:16+00:00,777,4.9120407375,47.3975,-125.2472,,,,,,75,,2,0
nwfsc_pacific_hake_survey,D20190811T033446_IFCB777,2019-08-11 03:34:46+00:00,777,4.86825440416667,47.3971,-125.1887,,,,,,41,,2,0
nwfsc_pacific_hake_survey,D20190811T035915_IFCB777,2019-08-11 03:59:15+00:00,777,4.966931575,47.3957,-125.1864,,,,,,38,,2,0
nwfsc_pacific_hake_survey,D20190811T042345_IFCB777,2019-08-11 04:23:45+00:00,777,4.88532082916667,47.3962,-125.1263,,,,,,76,,2,0
nwfsc_pacific_hake_survey,D20190811T044814_IFCB777,2019-08-11 04:48:14+00:00,777,4.94774109583333,47.3972,-125.0652,,,,,,79,,2,0
nwfsc_pacific_hake_survey,D20190811T051243_IFCB777,2019-08-11 05:12:43+00:00,777,4.96083119166667,47.3969,-125.0653,,,,,,67,,2,0
nwfsc_pacific_hake_survey,D20190811T053713_IFCB777,2019-08-11 05:37:13+00:00,777,4.90142382916667,47.3972,-125.005,,,,,,104,,2,0
nwfsc_pacific_hake_survey,D20190811T060142_IFCB777,2019-08-11 06:01:42+00:00,777,4.91227105833333,47.3976,-124.9416,,,,,,175,,2,0
nwfsc_pacific_hake_survey,D20190811T062611_IFCB777,2019-08-11 06:26:11+00:00,777,4.89289605,47.3975,-124.9423,,,,,,165,,2,0
nwfsc_pacific_hake_survey,D20190811T065041_IFCB777,2019-08-11 06:50:41+00:00,777,4.78287465416667,47.3975,-124.8531,,,,,,643,,2,0
nwfsc_pacific_hake_survey,D20190811T071510_IFCB777,2019-08-11 07:15:10+00:00,777,4.8269730625,47.396,-124.8214,,,,,,485,,2,0
nwfsc_pacific_hake_survey,D20190811T073939_IFCB777,2019-08-11 07:39:39+00:00,777,4.87106963333333,47.3966,-124.8196,,,,,,353,,2,0
nwfsc_pacific_hake_survey,D20190811T082846_IFCB777,2019-08-11 08:28:46+00:00,777,4.85846912083333,47.3974,-124.7177,,,,,,409,,2,0
nwfsc_pacific_hake_survey,D20190811T085316_IFCB777,2019-08-11 08:53:16+00:00,777,4.45915767916667,47.3973,-124.6031,,,,,,1776,,2,0
nwfsc_pacific_hake_survey,D20190811T091745_IFCB777,2019-08-11 09:17:45+00:00,777,4.708954825,47.399,-124.5404,,,,,,858,,2,0
nwfsc_pacific_hake_survey,D20190811T094215_IFCB777,2019-08-11 09:42:15+00:00,777,4.7619193375,47.3981,-124.5392,,,,,,698,,2,0
nwfsc_pacific_hake_survey,D20190811T100644_IFCB777,2019-08-11 10:06:44+00:00,777,4.81138189166667,47.3976,-124.5376,,,,,,598,,2,0
nwfsc_pacific_hake_survey,D20190811T103114_IFCB777,2019-08-11 10:31:14+00:00,777,4.75236877083333,47.3977,-124.5376,,,,,,736,,2,0
nwfsc_pacific_hake_survey,D20190811T105543_IFCB777,2019-08-11 10:55:43+00:00,777,4.57107348333333,47.3975,-124.537,,,,,,1371,,2,0
nwfsc_pacific_hake_survey,D20190811T112011_IFCB777,2019-08-11 11:20:11+00:00,777,4.50310847083333,47.3973,-124.5368,,,,,,1631,,2,0
nwfsc_pacific_hake_survey,D20190811T114441_IFCB777,2019-08-11 11:44:41+00:00,777,4.50037004583333,47.3977,-124.5372,,,,,,1638,,2,0
nwfsc_pacific_hake_survey,D20190811T120911_IFCB777,2019-08-11 12:09:11+00:00,777,4.45168154166667,47.3975,-124.5377,,,,,,1815,,2,0
nwfsc_pacific_hake_survey,D20190811T123340_IFCB777,2019-08-11 12:33:40+00:00,777,4.5127297125,47.3973,-124.538,,,,,,1604,,2,0
nwfsc_pacific_hake_survey,D20190811T125810_IFCB777,2019-08-11 12:58:10+00:00,777,4.57623027916667,47.3959,-124.5378,,,,,,1374,,2,0
nwfsc_pacific_hake_survey,D20190811T132239_IFCB777,2019-08-11 13:22:39+00:00,777,4.44600920416667,47.3967,-124.5641,,,,,,1836,,2,0
nwfsc_pacific_hake_survey,D20190811T134709_IFCB777,2019-08-11 13:47:09+00:00,777,4.70165293333333,47.4049,-124.6719,,,,,,897,,2,0
nwfsc_pacific_hake_survey,D20190811T141138_IFCB777,2019-08-11 14:11:38+00:00,777,4.72376203333333,47.4225,-124.78,,,,,,837,,2,0
nwfsc_pacific_hake_survey,D20190811T143608_IFCB777,2019-08-11 14:36:08+00:00,777,4.87236824166667,47.4071,-124.8882,,,,,,287,,2,0
nwfsc_pacific_hake_survey,D20190811T150037_IFCB777,2019-08-11 15:00:37+00:00,777,4.87760525,47.3985,-124.8822,,,,,,219,,2,0
nwfsc_pacific_hake_survey,D20190811T152506_IFCB777,2019-08-11 15:25:06+00:00,777,4.89668813333333,47.3919,-124.817,,,,,,273,,2,0
nwfsc_pacific_hake_survey,D20190811T154936_IFCB777,2019-08-11 15:49:36+00:00,777,4.77800622083333,47.4075,-124.8203,,,,,,408,,2,0
nwfsc_pacific_hake_survey,D20190811T161405_IFCB777,2019-08-11 16:14:05+00:00,777,4.697362125,47.4292,-124.8286,,,,,,902,,2,0
nwfsc_pacific_hake_survey,D20190811T163835_IFCB777,2019-08-11 16:38:35+00:00,777,4.67082843333333,47.4464,-124.8375,,,,,,1020,,2,0
nwfsc_pacific_hake_survey,D20190811T170304_IFCB777,2019-08-11 17:03:04+00:00,777,4.66617125833333,47.4487,-124.8522,,,,,,960,,2,0
nwfsc_pacific_hake_survey,D20190811T172734_IFCB777,2019-08-11 17:27:34+00:00,777,4.88613517083333,47.4384,-124.8615,,,,,,271,,2,0
nwfsc_pacific_hake_survey,D20190811T175203_IFCB777,2019-08-11 17:52:03+00:00,777,4.87943005833333,47.4365,-124.8635,,,,,,329,,2,0
nwfsc_pacific_hake_survey,D20190811T181632_IFCB777,2019-08-11 18:16:32+00:00,777,4.85917241666667,47.4345,-124.8622,,,,,,363,,2,0
nwfsc_pacific_hake_survey,D20190811T184102_IFCB777,2019-08-11 18:41:02+00:00,777,3.77596304166667,47.424,-124.8706,,,,,,107,,2,0
nwfsc_pacific_hake_survey,D20190811T193529_IFCB777,2019-08-11 19:35:29+00:00,777,4.77078770833333,47.3973,-125.0827,,,,,,105,,2,0
nwfsc_pacific_hake_survey,D20190811T195959_IFCB777,2019-08-11 19:59:59+00:00,777,4.8641314375,47.3976,-125.1883,,,,,,53,,2,0
nwfsc_pacific_hake_survey,D20190811T202428_IFCB777,2019-08-11 20:24:28+00:00,777,4.87052767083333,47.3975,-125.2989,,,,,,29,,2,0
nwfsc_pacific_hake_survey,D20190811T204857_IFCB777,2019-08-11 20:48:57+00:00,777,4.88106000416667,47.3981,-125.404,,,,,,45,,2,0
nwfsc_pacific_hake_survey,D20190811T211327_IFCB777,2019-08-11 21:13:27+00:00,777,4.73778518333333,47.4273,-125.4314,,,,,,42,,2,0
nwfsc_pacific_hake_survey,D20190811T213756_IFCB777,2019-08-11 21:37:56+00:00,777,4.71323390416667,47.4493,-125.4813,,,,,,45,,2,0
nwfsc_pacific_hake_survey,D20190811T220226_IFCB777,2019-08-11 22:02:26+00:00,777,4.762761375,47.4725,-125.5883,,,,,,40,,2,0
nwfsc_pacific_hake_survey,D20190811T222655_IFCB777,2019-08-11 22:26:55+00:00,777,4.93699312083333,47.4956,-125.6877,,,,,,43,,2,0
nwfsc_pacific_hake_survey,D20190811T225124_IFCB777,2019-08-11 22:51:24+00:00,777,4.95531235,47.5187,-125.7918,,,,,,96,,2,0
nwfsc_pacific_hake_survey,D20190811T231554_IFCB777,2019-08-11 23:15:54+00:00,777,4.89505964166667,47.5408,-125.8928,,,,,,103,,2,0
nwfsc_pacific_hake_survey,D20190811T234023_IFCB777,2019-08-11 23:40:23+00:00,777,4.71252040833333,47.5642,-125.9894,,,,,,69,,2,0
nwfsc_pacific_hake_survey,D20190812T000452_IFCB777,2019-08-12 00:04:52+00:00,777,4.9331176125,47.5643,-125.8838,,,,,,80,,2,0
nwfsc_pacific_hake_survey,D20190812T002922_IFCB777,2019-08-12 00:29:22+00:00,777,4.85979000416667,47.5637,-125.7717,,,,,,56,,2,0
nwfsc_pacific_hake_survey,D20190812T005351_IFCB777,2019-08-12 00:53:51+00:00,777,4.91179208333333,47.5642,-125.6638,,,,,,67,,2,0
nwfsc_pacific_hake_survey,D20190812T011820_IFCB777,2019-08-12 01:18:20+00:00,777,4.86838054166667,47.5641,-125.5507,,,,,,65,,2,0
nwfsc_pacific_hake_survey,D20190812T014250_IFCB777,2019-08-12 01:42:50+00:00,777,4.9315071625,47.5643,-125.4436,,,,,,63,,2,0
nwfsc_pacific_hake_survey,D20190812T020719_IFCB777,2019-08-12 02:07:19+00:00,777,4.89961093333333,47.5635,-125.3333,,,,,,68,,2,0
nwfsc_pacific_hake_survey,D20190812T023149_IFCB777,2019-08-12 02:31:49+00:00,777,4.9560492625,47.5626,-125.2273,,,,,,64,,2,0
nwfsc_pacific_hake_survey,D20190812T025618_IFCB777,2019-08-12 02:56:18+00:00,777,4.9264749875,47.5636,-125.1142,,,,,,124,,2,0
nwfsc_pacific_hake_survey,D20190812T032047_IFCB777,2019-08-12 03:20:47+00:00,777,4.7893816,47.5643,-125.0047,,,,,,614,,2,0
nwfsc_pacific_hake_survey,D20190812T034517_IFCB777,2019-08-12 03:45:17+00:00,777,4.67030057916667,47.5651,-124.8918,,,,,,949,,2,0
nwfsc_pacific_hake_survey,D20190812T040946_IFCB777,2019-08-12 04:09:46+00:00,777,4.49858125,47.5641,-124.7837,,,,,,1598,,2,0
nwfsc_pacific_hake_survey,D20190812T043416_IFCB777,2019-08-12 04:34:16+00:00,777,4.45537312916667,47.5636,-124.6707,,,,,,1763,,2,0
nwfsc_pacific_hake_survey,D20190812T045845_IFCB777,2019-08-12 04:58:45+00:00,777,4.35608622916667,47.5635,-124.6017,,,,,,2076,,2,0
nwfsc_pacific_hake_survey,D20190812T052315_IFCB777,2019-08-12 05:23:15+00:00,777,4.6652247375,47.563,-124.6158,,,,,,1060,,2,0
nwfsc_pacific_hake_survey,D20190812T054744_IFCB777,2019-08-12 05:47:44+00:00,777,4.58401564166667,47.5634,-124.7356,,,,,,1337,,2,0
nwfsc_pacific_hake_survey,D20190812T061214_IFCB777,2019-08-12 06:12:14+00:00,777,4.58862574166667,47.5642,-124.8608,,,,,,1300,,2,0
nwfsc_pacific_hake_survey,D20190812T063643_IFCB777,2019-08-12 06:36:43+00:00,777,4.8450959375,47.564,-124.973,,,,,,472,,2,0
nwfsc_pacific_hake_survey,D20190812T070113_IFCB777,2019-08-12 07:01:13+00:00,777,4.850560925,47.5632,-124.9719,,,,,,402,,2,0
nwfsc_pacific_hake_survey,D20190812T072542_IFCB777,2019-08-12 07:25:42+00:00,777,4.89821497916667,47.5626,-125.0679,,,,,,164,,2,0
nwfsc_pacific_hake_survey,D20190812T081449_IFCB777,2019-08-12 08:14:49+00:00,777,4.950762025,47.5632,-125.3019,,,,,,123,,2,0
nwfsc_pacific_hake_survey,D20190812T083919_IFCB777,2019-08-12 08:39:19+00:00,777,4.82029575416667,47.563,-125.3428,,,,,,149,,2,0
nwfsc_pacific_hake_survey,D20190812T090348_IFCB777,2019-08-12 09:03:48+00:00,777,4.87432883333333,47.5621,-125.3445,,,,,,134,,2,0
nwfsc_pacific_hake_survey,D20190812T092817_IFCB777,2019-08-12 09:28:17+00:00,777,4.87834449166667,47.5126,-125.2633,,,,,,108,,2,0
nwfsc_pacific_hake_survey,D20190812T095247_IFCB777,2019-08-12 09:52:47+00:00,777,4.96185867083333,47.4568,-125.1714,,,,,,50,,2,0
nwfsc_pacific_hake_survey,D20190812T101716_IFCB777,2019-08-12 10:17:16+00:00,777,4.88487887916667,47.3988,-125.0764,,,,,,86,,2,0
nwfsc_pacific_hake_survey,D20190812T104145_IFCB777,2019-08-12 10:41:45+00:00,777,4.79597070416667,47.3449,-124.9862,,,,,,558,,2,0
nwfsc_pacific_hake_survey,D20190812T110615_IFCB777,2019-08-12 11:06:15+00:00,777,4.9167502,47.2903,-124.8941,,,,,,184,,2,0
nwfsc_pacific_hake_survey,D20190812T113044_IFCB777,2019-08-12 11:30:44+00:00,777,4.83782229166667,47.2375,-124.8074,,,,,,437,,2,0
nwfsc_pacific_hake_survey,D20190812T115514_IFCB777,2019-08-12 11:55:14+00:00,777,4.74070224583333,47.1805,-124.7169,,,,,,793,,2,0
nwfsc_pacific_hake_survey,D20190812T121943_IFCB777,2019-08-12 12:19:43+00:00,777,4.675036225,47.1265,-124.6304,,,,,,1034,,2,0
nwfsc_pacific_hake_survey,D20190812T124413_IFCB777,2019-08-12 12:44:13+00:00,777,4.80468965,47.0737,-124.5374,,,,,,493,,2,0
nwfsc_pacific_hake_survey,D20190812T130842_IFCB777,2019-08-12 13:08:42+00:00,777,4.84843848333333,47.0222,-124.4499,,,,,,451,,2,0
nwfsc_pacific_hake_survey,D20190812T133311_IFCB777,2019-08-12 13:33:11+00:00,777,4.71472500833333,46.9668,-124.3597,,,,,,868,,2,0
nwfsc_pacific_hake_survey,D20190812T135741_IFCB777,2019-08-12 13:57:41+00:00,777,4.27301735416667,46.9115,-124.2754,,,,,,2428,,2,0
nwfsc_pacific_hake_survey,D20190812T142210_IFCB777,2019-08-12 14:22:10+00:00,777,4.12934776666667,46.8923,-124.2478,,,,,,2871,,2,0
nwfsc_pacific_hake_survey,D20190812T144640_IFCB777,2019-08-12 14:46:40+00:00,777,4.24976675833333,46.8923,-124.2478,,,,,,2451,,2,0
nwfsc_pacific_hake_survey,D20190812T151110_IFCB777,2019-08-12 15:11:10+00:00,777,4.1210956375,46.8923,-124.2478,,,,,,2910,,2,0
nwfsc_pacific_hake_survey,D20190812T153539_IFCB777,2019-08-12 15:35:39+00:00,777,4.189948525,46.892,-124.2485,,,,,,2665,,2,0
nwfsc_pacific_hake_survey,D20190812T160009_IFCB777,2019-08-12 16:00:09+00:00,777,4.2510945375,46.8968,-124.3475,,,,,,2398,,2,0
nwfsc_pacific_hake_survey,D20190812T162439_IFCB777,2019-08-12 16:24:39+00:00,777,4.6737602875,46.8979,-124.4521,,,,,,1035,,2,0
nwfsc_pacific_hake_survey,D20190812T164908_IFCB777,2019-08-12 16:49:08+00:00,777,4.6972481375,46.8972,-124.5625,,,,,,942,,2,0
nwfsc_pacific_hake_survey,D20190812T171338_IFCB777,2019-08-12 17:13:38+00:00,777,4.787823975,46.8972,-124.6685,,,,,,657,,2,0
nwfsc_pacific_hake_survey,D20190812T173807_IFCB777,2019-08-12 17:38:07+00:00,777,4.80367004583333,46.8973,-124.7816,,,,,,597,,2,0
nwfsc_pacific_hake_survey,D20190812T180237_IFCB777,2019-08-12 18:02:37+00:00,777,4.696472375,46.8985,-124.8888,,,,,,938,,2,0
nwfsc_pacific_hake_survey,D20190812T182706_IFCB777,2019-08-12 18:27:06+00:00,777,4.75404342916667,46.9478,-124.966,,,,,,762,,2,0
nwfsc_pacific_hake_survey,D20190812T185135_IFCB777,2019-08-12 18:51:35+00:00,777,4.89219428333333,47.0101,-125.0329,,,,,,171,,2,0
nwfsc_pacific_hake_survey,D20190812T191605_IFCB777,2019-08-12 19:16:05+00:00,777,4.88392897083333,47.0632,-125.0813,,,,,,218,,2,0
nwfsc_pacific_hake_survey,D20190812T194034_IFCB777,2019-08-12 19:40:34+00:00,777,4.88998300833333,47.0638,-124.9757,,,,,,305,,2,0
nwfsc_pacific_hake_survey,D20190812T200504_IFCB777,2019-08-12 20:05:04+00:00,777,4.88487687083333,47.0704,-124.8773,,,,,,247,,2,0
nwfsc_pacific_hake_survey,D20190812T205410_IFCB777,2019-08-12 20:54:10+00:00,777,4.89332935416667,47.0827,-124.989,,,,,,186,,2,0
nwfsc_pacific_hake_survey,D20190812T211840_IFCB777,2019-08-12 21:18:40+00:00,777,4.90280098333333,47.0797,-124.9876,,,,,,176,,2,0
nwfsc_pacific_hake_survey,D20190812T214309_IFCB777,2019-08-12 21:43:09+00:00,777,4.9220267625,47.0636,-124.9669,,,,,,182,,2,0
nwfsc_pacific_hake_survey,D20190812T220739_IFCB777,2019-08-12 22:07:39+00:00,777,4.91221192916667,47.0568,-124.9418,,,,,,179,,2,0
nwfsc_pacific_hake_survey,D20190812T223208_IFCB777,2019-08-12 22:32:08+00:00,777,4.92880302083333,47.0838,-124.9139,,,,,,138,,2,0
nwfsc_pacific_hake_survey,D20190812T225637_IFCB777,2019-08-12 22:56:37+00:00,777,4.85605364166667,47.1508,-124.8829,,,,,,420,,2,0
nwfsc_pacific_hake_survey,D20190812T232107_IFCB777,2019-08-12 23:21:07+00:00,777,4.9169215375,47.2197,-124.8428,,,,,,225,,2,0
nwfsc_pacific_hake_survey,D20190812T234536_IFCB777,2019-08-12 23:45:36+00:00,777,4.9186747875,47.2308,-124.9129,,,,,,224,,2,0
nwfsc_pacific_hake_survey,D20190813T001006_IFCB777,2019-08-13 00:10:06+00:00,777,4.9058083625,47.2355,-124.9501,,,,,,199,,2,0
nwfsc_pacific_hake_survey,D20190813T003435_IFCB777,2019-08-13 00:34:35+00:00,777,4.8892167625,47.247,-124.9241,,,,,,239,,2,0
nwfsc_pacific_hake_survey,D20190813T005904_IFCB777,2019-08-13 00:59:04+00:00,777,4.80512217916667,47.2525,-124.9255,,,,,,494,,2,0
nwfsc_pacific_hake_survey,D20190813T012334_IFCB777,2019-08-13 01:23:34+00:00,777,4.90357277083333,47.2367,-124.9127,,,,,,268,,2,0
nwfsc_pacific_hake_survey,D20190813T014803_IFCB777,2019-08-13 01:48:03+00:00,777,4.89086438333333,47.22,-124.8971,,,,,,294,,2,0
nwfsc_pacific_hake_survey,D20190813T021233_IFCB777,2019-08-13 02:12:33+00:00,777,4.83484827083333,47.2293,-124.9062,,,,,,459,,2,0
nwfsc_pacific_hake_survey,D20190813T023702_IFCB777,2019-08-13 02:37:02+00:00,777,4.82609699583333,47.2308,-124.9079,,,,,,483,,2,0
nwfsc_pacific_hake_survey,D20190813T030131_IFCB777,2019-08-13 03:01:31+00:00,777,4.8625643625,47.2308,-124.9079,,,,,,369,,2,0
nwfsc_pacific_hake_survey,D20190813T032601_IFCB777,2019-08-13 03:26:01+00:00,777,4.8578579375,47.2308,-124.9073,,,,,,383,,2,0
nwfsc_pacific_hake_survey,D20190813T035030_IFCB777,2019-08-13 03:50:30+00:00,777,4.90016731666667,47.1733,-124.9272,,,,,,295,,2,0
nwfsc_pacific_hake_survey,D20190813T041500_IFCB777,2019-08-13 04:15:00+00:00,777,4.80823602916667,47.1086,-124.9507,,,,,,151,,2,0
nwfsc_pacific_hake_survey,D20190813T043929_IFCB777,2019-08-13 04:39:29+00:00,777,4.84744093333333,47.0636,-124.9678,,,,,,223,,2,0
nwfsc_pacific_hake_survey,D20190813T050358_IFCB777,2019-08-13 05:03:58+00:00,777,4.88672541666667,47.0636,-124.9678,,,,,,89,,2,0
nwfsc_pacific_hake_survey,D20190813T052828_IFCB777,2019-08-13 05:28:28+00:00,777,4.88451795,47.0367,-125.0093,,,,,,66,,2,0
nwfsc_pacific_hake_survey,D20190813T055257_IFCB777,2019-08-13 05:52:57+00:00,777,4.90825480833333,46.9687,-124.9907,,,,,,72,,2,0
nwfsc_pacific_hake_survey,D20190813T061726_IFCB777,2019-08-13 06:17:26+00:00,777,4.84448412083333,46.9078,-124.92,,,,,,59,,2,0
nwfsc_pacific_hake_survey,D20190813T064156_IFCB777,2019-08-13 06:41:56+00:00,777,4.85891435416667,46.8475,-124.8575,,,,,,54,,2,0
nwfsc_pacific_hake_survey,D20190813T070625_IFCB777,2019-08-13 07:06:25+00:00,777,4.95072390416667,46.7961,-124.7837,,,,,,48,,2,0
nwfsc_pacific_hake_survey,D20190813T073054_IFCB777,2019-08-13 07:30:54+00:00,777,4.97094777083333,46.7568,-124.6964,,,,,,32,,2,0
nwfsc_pacific_hake_survey,D20190813T075524_IFCB777,2019-08-13 07:55:24+00:00,777,4.66424942083333,46.7003,-124.6252,,,,,,47,,2,0
nwfsc_pacific_hake_survey,D20190813T081953_IFCB777,2019-08-13 08:19:53+00:00,777,4.57896254583333,46.6364,-124.5746,,,,,,31,,2,0
nwfsc_pacific_hake_survey,D20190813T084422_IFCB777,2019-08-13 08:44:22+00:00,777,4.94262415833333,46.5648,-124.5327,,,,,,32,,2,0
nwfsc_pacific_hake_survey,D20190813T093329_IFCB777,2019-08-13 09:33:29+00:00,777,4.50217154583333,46.4479,-124.4195,,,,,,8,,2,0
nwfsc_pacific_hake_survey,D20190813T095759_IFCB777,2019-08-13 09:57:59+00:00,777,4.58692251666667,46.4016,-124.3642,,,,,,15,,2,0
nwfsc_pacific_hake_survey,D20190813T102228_IFCB777,2019-08-13 10:22:28+00:00,777,4.89504875,46.3641,-124.3201,,,,,,20,,2,0
nwfsc_pacific_hake_survey,D20190813T104658_IFCB777,2019-08-13 10:46:58+00:00,777,4.50842609166667,46.3279,-124.2825,,,,,,16,,2,0
nwfsc_pacific_hake_survey,D20190813T111127_IFCB777,2019-08-13 11:11:27+00:00,777,3.57869088333333,46.2912,-124.2453,,,,,,11,,2,0
nwfsc_pacific_hake_survey,D20190813T113556_IFCB777,2019-08-13 11:35:56+00:00,777,4.37679129583333,46.2604,-124.2109,,,,,,7,,2,0
nwfsc_pacific_hake_survey,D20190813T120026_IFCB777,2019-08-13 12:00:26+00:00,777,4.78893080833333,46.2581,-124.2172,,,,,,14,,2,0
nwfsc_pacific_hake_survey,D20190813T122455_IFCB777,2019-08-13 12:24:55+00:00,777,3.7382693125,46.2551,-124.2226,,,,,,6,,2,0
nwfsc_pacific_hake_survey,D20190813T124924_IFCB777,2019-08-13 12:49:24+00:00,777,4.91425935,46.2469,-124.2089,,,,,,6,,2,0
nwfsc_pacific_hake_survey,D20190813T131354_IFCB777,2019-08-13 13:13:54+00:00,777,4.56256160416667,46.2463,-124.1972,,,,,,8,,2,0
nwfsc_pacific_hake_survey,D20190813T133823_IFCB777,2019-08-13 13:38:23+00:00,777,4.80237897916667,46.2519,-124.1973,,,,,,6,,2,0
nwfsc_pacific_hake_survey,D20190813T140253_IFCB777,2019-08-13 14:02:53+00:00,777,3.47266664583333,46.254,-124.1869,,,,,,7,,2,0
nwfsc_pacific_hake_survey,D20190813T142722_IFCB777,2019-08-13 14:27:22+00:00,777,4.49495610833333,46.2661,-124.198,,,,,,6,,2,0
nwfsc_pacific_hake_survey,D20190813T145151_IFCB777,2019-08-13 14:51:51+00:00,777,4.85598328333333,46.265,-124.2176,,,,,,7,,2,0
nwfsc_pacific_hake_survey,D20190813T151621_IFCB777,2019-08-13 15:16:21+00:00,777,3.49952105833333,46.2631,-124.2199,,,,,,4,,2,0
nwfsc_pacific_hake_survey,D20190813T154050_IFCB777,2019-08-13 15:40:50+00:00,777,4.93225184583333,46.2701,-124.2194,,,,,,7,,2,0
nwfsc_pacific_hake_survey,D20190813T160519_IFCB777,2019-08-13 16:05:19+00:00,777,4.09351907916667,46.2686,-124.2204,,,,,,7,,2,0
nwfsc_pacific_hake_survey,D20190813T162949_IFCB777,2019-08-13 16:29:49+00:00,777,2.1680905875,46.2673,-124.2157,,,,,,5,,2,0
nwfsc_pacific_hake_survey,D20190813T165418_IFCB777,2019-08-13 16:54:18+00:00,777,4.837600325,46.2738,-124.2106,,,,,,3,,2,0
nwfsc_pacific_hake_survey,D20190813T171848_IFCB777,2019-08-13 17:18:48+00:00,777,4.98936824583333,46.2783,-124.2227,,,,,,5,,2,0
nwfsc_pacific_hake_survey,D20190813T174317_IFCB777,2019-08-13 17:43:17+00:00,777,3.1872687,46.278,-124.2225,,,,,,9,,2,0
nwfsc_pacific_hake_survey,D20190813T180746_IFCB777,2019-08-13 18:07:46+00:00,777,4.58142642083333,46.2785,-124.2229,,,,,,9,,2,0
nwfsc_pacific_hake_survey,D20190813T183216_IFCB777,2019-08-13 18:32:16+00:00,777,4.70680416666667,46.2812,-124.2387,,,,,,7,,2,0
nwfsc_pacific_hake_survey,D20190813T185645_IFCB777,2019-08-13 18:56:45+00:00,777,4.96461632083333,46.2968,-124.2532,,,,,,9,,2,0
nwfsc_pacific_hake_survey,D20190813T192115_IFCB777,2019-08-13 19:21:15+00:00,777,4.92753773333333,46.3646,-124.2746,,,,,,12,,2,0
nwfsc_pacific_hake_survey,D20190813T194544_IFCB777,2019-08-13 19:45:44+00:00,777,4.7621295,46.4448,-124.289,,,,,,6,,2,0
nwfsc_pacific_hake_survey,D20190813T201013_IFCB777,2019-08-13 20:10:13+00:00,777,4.81751950416667,46.5263,-124.3206,,,,,,528,,2,0
nwfsc_pacific_hake_survey,D20190813T203443_IFCB777,2019-08-13 20:34:43+00:00,777,4.62514638333333,46.6027,-124.3424,,,,,,1085,,2,0
nwfsc_pacific_hake_survey,D20190813T205912_IFCB777,2019-08-13 20:59:12+00:00,777,4.59542732916667,46.6815,-124.3553,,,,,,1273,,2,0
nwfsc_pacific_hake_survey,D20190813T212342_IFCB777,2019-08-13 21:23:42+00:00,777,4.74431584583333,46.7554,-124.3757,,,,,,739,,2,0
nwfsc_pacific_hake_survey,D20190813T221249_IFCB777,2019-08-13 22:12:49+00:00,777,4.85442082916667,46.9068,-124.4257,,,,,,336,,2,0
nwfsc_pacific_hake_survey,D20190813T223719_IFCB777,2019-08-13 22:37:19+00:00,777,4.87121000416667,46.9832,-124.4505,,,,,,338,,2,0
nwfsc_pacific_hake_survey,D20190813T230148_IFCB777,2019-08-13 23:01:48+00:00,777,4.87910804583333,47.0483,-124.498,,,,,,228,,2,0
nwfsc_pacific_hake_survey,D20190813T232617_IFCB777,2019-08-13 23:26:17+00:00,777,4.85780824166667,47.1289,-124.51,,,,,,286,,2,0
nwfsc_pacific_hake_survey,D20190813T235047_IFCB777,2019-08-13 23:50:47+00:00,777,4.80621355,47.2076,-124.5209,,,,,,557,,2,0
nwfsc_pacific_hake_survey,D20190814T001516_IFCB777,2019-08-14 00:15:16+00:00,777,4.81860222916667,47.2905,-124.545,,,,,,462,,2,0
nwfsc_pacific_hake_survey,D20190814T003946_IFCB777,2019-08-14 00:39:46+00:00,777,4.4835017,47.3688,-124.5778,,,,,,1691,,2,0
nwfsc_pacific_hake_survey,D20190814T010415_IFCB777,2019-08-14 01:04:15+00:00,777,4.36427877083333,47.4508,-124.6032,,,,,,2079,,2,0
nwfsc_pacific_hake_survey,D20190814T012845_IFCB777,2019-08-14 01:28:45+00:00,777,4.360699,47.5311,-124.6238,,,,,,2064,,2,0
nwfsc_pacific_hake_survey,D20190814T015314_IFCB777,2019-08-14 01:53:14+00:00,777,4.32147770416667,47.6155,-124.6444,,,,,,2234,,2,0
nwfsc_pacific_hake_survey,D20190814T021744_IFCB777,2019-08-14 02:17:44+00:00,777,4.4196700875,47.6947,-124.6688,,,,,,1901,,2,0
nwfsc_pacific_hake_survey,D20190814T024213_IFCB777,2019-08-14 02:42:13+00:00,777,4.400888075,47.7295,-124.6804,,,,,,1944,,2,0
nwfsc_pacific_hake_survey,D20190814T030643_IFCB777,2019-08-14 03:06:43+00:00,777,4.68665355416667,47.7285,-124.7854,,,,,,981,,2,0
nwfsc_pacific_hake_survey,D20190814T033112_IFCB777,2019-08-14 03:31:12+00:00,777,4.5359354375,47.7288,-124.9031,,,,,,1438,,2,0
nwfsc_pacific_hake_survey,D20190814T035542_IFCB777,2019-08-14 03:55:42+00:00,777,4.92722735833333,47.7299,-125.012,,,,,,191,,2,0
nwfsc_pacific_hake_survey,D20190814T042011_IFCB777,2019-08-14 04:20:11+00:00,777,4.92019137916667,47.7307,-125.0243,,,,,,130,,2,0
nwfsc_pacific_hake_survey,D20190814T044441_IFCB777,2019-08-14 04:44:41+00:00,777,4.8470371375,47.7304,-125.0927,,,,,,133,,2,0
nwfsc_pacific_hake_survey,D20190814T050910_IFCB777,2019-08-14 05:09:10+00:00,777,4.9389700625,47.7307,-125.1021,,,,,,124,,2,0
nwfsc_pacific_hake_survey,D20190814T053340_IFCB777,2019-08-14 05:33:40+00:00,777,4.8957484375,47.7302,-125.1371,,,,,,127,,2,0
nwfsc_pacific_hake_survey,D20190814T055809_IFCB777,2019-08-14 05:58:09+00:00,777,4.90944839583333,47.7306,-125.187,,,,,,101,,2,0
nwfsc_pacific_hake_survey,D20190814T062238_IFCB777,2019-08-14 06:22:38+00:00,777,4.94912662916667,47.7305,-125.2344,,,,,,82,,2,0
nwfsc_pacific_hake_survey,D20190814T064708_IFCB777,2019-08-14 06:47:08+00:00,777,4.8432372125,47.731,-125.247,,,,,,57,,2,0
nwfsc_pacific_hake_survey,D20190814T071137_IFCB777,2019-08-14 07:11:37+00:00,777,4.94470317916667,47.7314,-125.2471,,,,,,71,,2,0
nwfsc_pacific_hake_survey,D20190814T073606_IFCB777,2019-08-14 07:36:06+00:00,777,4.946965425,47.7321,-125.3352,,,,,,58,,2,0
nwfsc_pacific_hake_survey,D20190814T080036_IFCB777,2019-08-14 08:00:36+00:00,777,4.96785677083333,47.7307,-125.4426,,,,,,66,,2,0
nwfsc_pacific_hake_survey,D20190814T082505_IFCB777,2019-08-14 08:25:05+00:00,777,4.93694631666667,47.731,-125.4928,,,,,,115,,2,0
nwfsc_pacific_hake_survey,D20190814T084935_IFCB777,2019-08-14 08:49:35+00:00,777,4.90124517916667,47.7294,-125.4912,,,,,,120,,2,0
nwfsc_pacific_hake_survey,D20190814T091404_IFCB777,2019-08-14 09:14:04+00:00,777,4.93822772916667,47.7305,-125.5773,,,,,,131,,2,0
nwfsc_pacific_hake_survey,D20190814T093833_IFCB777,2019-08-14 09:38:33+00:00,777,4.92775413333333,47.7303,-125.6838,,,,,,120,,2,0
nwfsc_pacific_hake_survey,D20190814T100303_IFCB777,2019-08-14 10:03:03+00:00,777,4.93423306666667,47.7319,-125.742,,,,,,135,,2,0
nwfsc_pacific_hake_survey,D20190814T105210_IFCB777,2019-08-14 10:52:10+00:00,777,4.94185110833333,47.7328,-125.775,,,,,,68,,2,0
nwfsc_pacific_hake_survey,D20190814T111639_IFCB777,2019-08-14 11:16:39+00:00,777,4.8294844125,47.7316,-125.8176,,,,,,66,,2,0
nwfsc_pacific_hake_survey,D20190814T114108_IFCB777,2019-08-14 11:41:08+00:00,777,4.96711905,47.7295,-125.862,,,,,,59,,2,0
nwfsc_pacific_hake_survey,D20190814T120538_IFCB777,2019-08-14 12:05:38+00:00,777,4.7635965,47.7339,-125.872,,,,,,50,,2,0
nwfsc_pacific_hake_survey,D20190814T123007_IFCB777,2019-08-14 12:30:07+00:00,777,4.88053709166667,47.7379,-125.8768,,,,,,65,,2,0
nwfsc_pacific_hake_survey,D20190814T125436_IFCB777,2019-08-14 12:54:36+00:00,777,4.9367306125,47.7414,-125.8808,,,,,,58,,2,0
nwfsc_pacific_hake_survey,D20190814T131906_IFCB777,2019-08-14 13:19:06+00:00,777,4.92846674583333,47.7309,-125.8644,,,,,,54,,2,0
nwfsc_pacific_hake_survey,D20190814T134335_IFCB777,2019-08-14 13:43:35+00:00,777,4.89595833333333,47.7308,-125.7657,,,,,,55,,2,0
nwfsc_pacific_hake_survey,D20190814T140804_IFCB777,2019-08-14 14:08:04+00:00,777,4.94600955416667,47.7308,-125.6522,,,,,,73,,2,0
nwfsc_pacific_hake_survey,D20190814T143234_IFCB777,2019-08-14 14:32:34+00:00,777,4.89255888333333,47.7295,-125.5439,,,,,,81,,2,0
nwfsc_pacific_hake_survey,D20190814T145703_IFCB777,2019-08-14 14:57:03+00:00,777,4.95447797083333,47.7293,-125.4321,,,,,,43,,2,0
nwfsc_pacific_hake_survey,D20190814T152133_IFCB777,2019-08-14 15:21:33+00:00,777,4.936044175,47.7306,-125.3245,,,,,,53,,2,0
nwfsc_pacific_hake_survey,D20190814T154602_IFCB777,2019-08-14 15:46:02+00:00,777,4.96033732083333,47.7309,-125.2104,,,,,,39,,2,0
nwfsc_pacific_hake_survey,D20190814T161031_IFCB777,2019-08-14 16:10:31+00:00,777,4.81254224583333,47.7309,-125.1014,,,,,,145,,2,0
nwfsc_pacific_hake_survey,D20190814T163501_IFCB777,2019-08-14 16:35:01+00:00,777,4.86211061666667,47.7145,-125.0563,,,,,,347,,2,0
nwfsc_pacific_hake_survey,D20190814T165930_IFCB777,2019-08-14 16:59:30+00:00,777,4.96036373333333,47.6903,-125.0879,,,,,,76,,2,0
nwfsc_pacific_hake_survey,D20190814T172400_IFCB777,2019-08-14 17:24:00+00:00,777,4.920701325,47.6944,-125.0978,,,,,,89,,2,0
nwfsc_pacific_hake_survey,D20190814T174829_IFCB777,2019-08-14 17:48:29+00:00,777,4.92384225,47.7049,-125.0976,,,,,,82,,2,0
nwfsc_pacific_hake_survey,D20190814T181258_IFCB777,2019-08-14 18:12:58+00:00,777,4.81022242916667,47.7305,-125.012,,,,,,559,,2,0
nwfsc_pacific_hake_survey,D20190814T183728_IFCB777,2019-08-14 18:37:28+00:00,777,4.77631882916667,47.7317,-124.9302,,,,,,662,,2,0
nwfsc_pacific_hake_survey,D20190814T190157_IFCB777,2019-08-14 19:01:57+00:00,777,4.50276719583333,47.7311,-124.8467,,,,,,1603,,2,0
nwfsc_pacific_hake_survey,D20190814T192627_IFCB777,2019-08-14 19:26:27+00:00,777,4.72982801666667,47.7306,-124.7348,,,,,,883,,2,0
nwfsc_pacific_hake_survey,D20190814T195056_IFCB777,2019-08-14 19:50:56+00:00,777,4.83937440416667,47.7249,-124.7064,,,,,,505,,2,0
nwfsc_pacific_hake_survey,D20190814T201526_IFCB777,2019-08-14 20:15:26+00:00,777,4.4599367875,47.7145,-124.7965,,,,,,1728,,2,0
nwfsc_pacific_hake_survey,D20190814T203956_IFCB777,2019-08-14 20:39:56+00:00,777,4.58634974583333,47.7107,-124.8598,,,,,,971,,2,0
nwfsc_pacific_hake_survey,D20190814T210425_IFCB777,2019-08-14 21:04:25+00:00,777,4.65154617083333,47.718,-124.8688,,,,,,876,,2,0
nwfsc_pacific_hake_survey,D20190814T212855_IFCB777,2019-08-14 21:28:55+00:00,777,4.78004941666667,47.7369,-124.8782,,,,,,616,,2,0
nwfsc_pacific_hake_survey,D20190814T215324_IFCB777,2019-08-14 21:53:24+00:00,777,4.75708141666667,47.7451,-124.8917,,,,,,761,,2,0
nwfsc_pacific_hake_survey,D20190814T221753_IFCB777,2019-08-14 22:17:53+00:00,777,4.66746155833333,47.7872,-124.8629,,,,,,1026,,2,0
nwfsc_pacific_hake_survey,D20190814T224223_IFCB777,2019-08-14 22:42:23+00:00,777,4.39283850416667,47.8542,-124.8065,,,,,,1994,,2,0
nwfsc_pacific_hake_survey,D20190814T233130_IFCB777,2019-08-14 23:31:30+00:00,777,4.91541730833333,47.8949,-124.8834,,,,,,156,,2,0
nwfsc_pacific_hake_survey,D20190814T235600_IFCB777,2019-08-14 23:56:00+00:00,777,4.89733365,47.8969,-124.9959,,,,,,86,,2,0
nwfsc_pacific_hake_survey,D20190815T002029_IFCB777,2019-08-15 00:20:29+00:00,777,4.79673314583333,47.8977,-125.1029,,,,,,68,,2,0
nwfsc_pacific_hake_survey,D20190815T004458_IFCB777,2019-08-15 00:44:58+00:00,777,4.94717662083333,47.8984,-125.1836,,,,,,78,,2,0
nwfsc_pacific_hake_survey,D20190815T010928_IFCB777,2019-08-15 01:09:28+00:00,777,4.92461865416667,47.898,-125.2949,,,,,,71,,2,0
nwfsc_pacific_hake_survey,D20190815T013357_IFCB777,2019-08-15 01:33:57+00:00,777,4.94528680416667,47.8907,-125.2624,,,,,,73,,2,0
nwfsc_pacific_hake_survey,D20190815T015827_IFCB777,2019-08-15 01:58:27+00:00,777,4.889855025,47.8853,-125.2088,,,,,,77,,2,0
nwfsc_pacific_hake_survey,D20190815T022256_IFCB777,2019-08-15 02:22:56+00:00,777,4.92455378333333,47.8873,-125.2286,,,,,,64,,2,0
nwfsc_pacific_hake_survey,D20190815T024725_IFCB777,2019-08-15 02:47:25+00:00,777,4.94358542916667,47.8968,-125.2623,,,,,,73,,2,0
nwfsc_pacific_hake_survey,D20190815T031155_IFCB777,2019-08-15 03:11:55+00:00,777,4.94776425,47.9042,-125.2874,,,,,,74,,2,0
nwfsc_pacific_hake_survey,D20190815T033624_IFCB777,2019-08-15 03:36:24+00:00,777,4.8353474125,47.9059,-125.3094,,,,,,76,,2,0
nwfsc_pacific_hake_survey,D20190815T040053_IFCB777,2019-08-15 04:00:53+00:00,777,4.958047625,47.9207,-125.3657,,,,,,91,,2,0
nwfsc_pacific_hake_survey,D20190815T042523_IFCB777,2019-08-15 04:25:23+00:00,777,4.91822191666667,47.9462,-125.4773,,,,,,88,,2,0
nwfsc_pacific_hake_survey,D20190815T044952_IFCB777,2019-08-15 04:49:52+00:00,777,4.92854771666667,47.9713,-125.587,,,,,,80,,2,0
nwfsc_pacific_hake_survey,D20190815T051422_IFCB777,2019-08-15 05:14:22+00:00,777,4.92008232083333,47.9994,-125.7006,,,,,,86,,2,0
nwfsc_pacific_hake_survey,D20190815T053851_IFCB777,2019-08-15 05:38:51+00:00,777,4.84805385416667,48.0307,-125.8087,,,,,,89,,2,0
nwfsc_pacific_hake_survey,D20190815T060320_IFCB777,2019-08-15 06:03:20+00:00,777,4.79890635833333,48.0609,-125.9247,,,,,,73,,2,0
nwfsc_pacific_hake_survey,D20190815T062750_IFCB777,2019-08-15 06:27:50+00:00,777,4.95195608333333,48.0634,-125.9388,,,,,,78,,2,0
nwfsc_pacific_hake_survey,D20190815T065219_IFCB777,2019-08-15 06:52:19+00:00,777,4.906407325,48.0646,-125.9302,,,,,,86,,2,0
nwfsc_pacific_hake_survey,D20190815T071648_IFCB777,2019-08-15 07:16:48+00:00,777,4.83907402916667,48.0634,-125.8216,,,,,,79,,2,0
nwfsc_pacific_hake_survey,D20190815T074118_IFCB777,2019-08-15 07:41:18+00:00,777,4.96027073333333,48.0635,-125.812,,,,,,67,,2,0
nwfsc_pacific_hake_survey,D20190815T080547_IFCB777,2019-08-15 08:05:47+00:00,777,4.91151125,48.067,-125.8033,,,,,,65,,2,0
nwfsc_pacific_hake_survey,D20190815T083016_IFCB777,2019-08-15 08:30:16+00:00,777,4.961805175,48.0642,-125.6918,,,,,,39,,2,0
nwfsc_pacific_hake_survey,D20190815T085446_IFCB777,2019-08-15 08:54:46+00:00,777,4.91640964166667,48.0638,-125.687,,,,,,36,,2,0
nwfsc_pacific_hake_survey,D20190815T091915_IFCB777,2019-08-15 09:19:15+00:00,777,4.93959189583333,48.0628,-125.6892,,,,,,47,,2,0
nwfsc_pacific_hake_survey,D20190815T094345_IFCB777,2019-08-15 09:43:45+00:00,777,4.7966388375,48.0637,-125.6071,,,,,,46,,2,0
nwfsc_pacific_hake_survey,D20190815T100814_IFCB777,2019-08-15 10:08:14+00:00,777,4.88978836666667,48.0637,-125.6076,,,,,,57,,2,0
nwfsc_pacific_hake_survey,D20190815T103243_IFCB777,2019-08-15 10:32:43+00:00,777,4.59953755833333,48.0667,-125.6099,,,,,,49,,2,0
nwfsc_pacific_hake_survey,D20190815T105713_IFCB777,2019-08-15 10:57:13+00:00,777,4.82498752916667,48.0642,-125.5113,,,,,,507,,2,0
nwfsc_pacific_hake_survey,D20190815T112142_IFCB777,2019-08-15 11:21:42+00:00,777,4.8565046625,48.064,-125.5099,,,,,,410,,2,0
nwfsc_pacific_hake_survey,D20190815T121049_IFCB777,2019-08-15 12:10:49+00:00,777,4.25562857916667,48.0647,-125.3868,,,,,,2452,,2,0
nwfsc_pacific_hake_survey,D20190815T123519_IFCB777,2019-08-15 12:35:19+00:00,777,4.23440295833333,48.0313,-125.3544,,,,,,2493,,2,0
nwfsc_pacific_hake_survey,D20190815T125949_IFCB777,2019-08-15 12:59:49+00:00,777,4.90444815416667,47.9649,-125.3177,,,,,,183,,2,0
nwfsc_pacific_hake_survey,D20190815T132418_IFCB777,2019-08-15 13:24:18+00:00,777,4.947410075,47.8977,-125.3396,,,,,,85,,2,0
nwfsc_pacific_hake_survey,D20190815T134848_IFCB777,2019-08-15 13:48:48+00:00,777,4.8661606625,47.897,-125.4464,,,,,,72,,2,0
nwfsc_pacific_hake_survey,D20190815T141317_IFCB777,2019-08-15 14:13:17+00:00,777,4.85473290416667,47.8965,-125.5383,,,,,,73,,2,0
nwfsc_pacific_hake_survey,D20190815T143746_IFCB777,2019-08-15 14:37:46+00:00,777,4.8376521375,47.8966,-125.6358,,,,,,57,,2,0
nwfsc_pacific_hake_survey,D20190815T150216_IFCB777,2019-08-15 15:02:16+00:00,777,4.86949385833333,47.8972,-125.7505,,,,,,39,,2,0
nwfsc_pacific_hake_survey,D20190815T152645_IFCB777,2019-08-15 15:26:45+00:00,777,4.96591520416667,47.9204,-125.8463,,,,,,37,,2,0
nwfsc_pacific_hake_survey,D20190815T155115_IFCB777,2019-08-15 15:51:15+00:00,777,4.64088737916667,47.9776,-125.9239,,,,,,39,,2,0
nwfsc_pacific_hake_survey,D20190815T161544_IFCB777,2019-08-15 16:15:44+00:00,777,4.86661575833333,48.031,-125.9976,,,,,,44,,2,0
nwfsc_pacific_hake_survey,D20190815T164013_IFCB777,2019-08-15 16:40:13+00:00,777,4.70189884166667,48.064,-125.9835,,,,,,30,,2,0
nwfsc_pacific_hake_survey,D20190815T170443_IFCB777,2019-08-15 17:04:43+00:00,777,4.5799257375,48.0633,-125.8732,,,,,,41,,2,0
nwfsc_pacific_hake_survey,D20190815T172912_IFCB777,2019-08-15 17:29:12+00:00,777,4.97202390416667,48.0637,-125.7571,,,,,,33,,2,0
nwfsc_pacific_hake_survey,D20190815T175341_IFCB777,2019-08-15 17:53:41+00:00,777,4.97349867916667,48.0634,-125.6454,,,,,,62,,2,0
nwfsc_pacific_hake_survey,D20190815T181811_IFCB777,2019-08-15 18:18:11+00:00,777,4.81298622916667,48.0418,-125.572,,,,,,42,,2,0
nwfsc_pacific_hake_survey,D20190815T184240_IFCB777,2019-08-15 18:42:40+00:00,777,4.90101462916667,48.039,-125.5868,,,,,,51,,2,0
nwfsc_pacific_hake_survey,D20190815T190710_IFCB777,2019-08-15 19:07:10+00:00,777,4.859011675,48.0504,-125.6032,,,,,,39,,2,0
nwfsc_pacific_hake_survey,D20190815T193139_IFCB777,2019-08-15 19:31:39+00:00,777,4.9174321625,48.066,-125.6281,,,,,,40,,2,0
nwfsc_pacific_hake_survey,D20190815T195608_IFCB777,2019-08-15 19:56:08+00:00,777,4.97596555,48.0759,-125.6463,,,,,,25,,2,0
nwfsc_pacific_hake_survey,D20190815T202038_IFCB777,2019-08-15 20:20:38+00:00,777,4.96318980416667,48.087,-125.6639,,,,,,30,,2,0
nwfsc_pacific_hake_survey,D20190815T204507_IFCB777,2019-08-15 20:45:07+00:00,777,4.85223135416667,48.0644,-125.5613,,,,,,48,,2,0
nwfsc_pacific_hake_survey,D20190815T210937_IFCB777,2019-08-15 21:09:37+00:00,777,4.64005036666667,48.0624,-125.451,,,,,,984,,2,0
nwfsc_pacific_hake_survey,D20190815T213406_IFCB777,2019-08-15 21:34:06+00:00,777,3.89828694583333,48.0637,-125.3374,,,,,,3712,,2,0
nwfsc_pacific_hake_survey,D20190815T215836_IFCB777,2019-08-15 21:58:36+00:00,777,4.00044161666667,48.0663,-125.2291,,,,,,3359,,2,0
nwfsc_pacific_hake_survey,D20190815T222306_IFCB777,2019-08-15 22:23:06+00:00,777,4.0660393625,48.0653,-125.1241,,,,,,3113,,2,0
nwfsc_pacific_hake_survey,D20190815T224736_IFCB777,2019-08-15 22:47:36+00:00,777,3.68439923333333,48.0642,-125.0214,,,,,,4329,,2,0
nwfsc_pacific_hake_survey,D20190815T231206_IFCB777,2019-08-15 23:12:06+00:00,777,3.8049971875,48.0637,-124.91,,,,,,3955,,2,0
nwfsc_pacific_hake_survey,D20190815T233636_IFCB777,2019-08-15 23:36:36+00:00,777,3.77300839166667,48.0797,-124.8494,,,,,,4141,,2,0
nwfsc_pacific_hake_survey,D20190816T000106_IFCB777,2019-08-16 00:01:06+00:00,777,3.27326765,48.1525,-124.8609,,,,,,5880,,2,0
nwfsc_pacific_hake_survey,D20190816T005014_IFCB777,2019-08-16 00:50:14+00:00,777,3.21398915833333,48.2304,-124.8895,,,,,,3594,,2,0
nwfsc_pacific_hake_survey,D20190816T011443_IFCB777,2019-08-16 01:14:43+00:00,777,3.27777445833333,48.2287,-125.0011,,,,,,5766,,2,0
nwfsc_pacific_hake_survey,D20190816T013914_IFCB777,2019-08-16 01:39:14+00:00,777,4.18712742916667,48.229,-125.1178,,,,,,2673,,2,0
nwfsc_pacific_hake_survey,D20190816T020344_IFCB777,2019-08-16 02:03:44+00:00,777,4.4572341875,48.2298,-125.2214,,,,,,1721,,2,0
nwfsc_pacific_hake_survey,D20190816T022813_IFCB777,2019-08-16 02:28:13+00:00,777,4.159821325,48.2298,-125.3276,,,,,,2877,,2,0
nwfsc_pacific_hake_survey,D20190816T025243_IFCB777,2019-08-16 02:52:43+00:00,777,3.403610975,48.2301,-125.4387,,,,,,5425,,2,0
nwfsc_pacific_hake_survey,D20190816T031713_IFCB777,2019-08-16 03:17:13+00:00,777,3.50670216666667,48.2299,-125.5513,,,,,,4997,,2,0
nwfsc_pacific_hake_survey,D20190816T034143_IFCB777,2019-08-16 03:41:43+00:00,777,4.59281517916667,48.2345,-125.6401,,,,,,1294,,2,0
nwfsc_pacific_hake_survey,D20190816T040612_IFCB777,2019-08-16 04:06:12+00:00,777,4.844010625,48.2566,-125.7467,,,,,,344,,2,0
nwfsc_pacific_hake_survey,D20190816T043042_IFCB777,2019-08-16 04:30:42+00:00,777,4.91437547083333,48.2736,-125.8485,,,,,,223,,2,0
nwfsc_pacific_hake_survey,D20190816T045511_IFCB777,2019-08-16 04:55:11+00:00,777,4.86160517916667,48.2858,-125.9565,,,,,,189,,2,0
nwfsc_pacific_hake_survey,D20190816T051940_IFCB777,2019-08-16 05:19:40+00:00,777,4.93660330416667,48.309,-126.0533,,,,,,133,,2,0
nwfsc_pacific_hake_survey,D20190816T054410_IFCB777,2019-08-16 05:44:10+00:00,777,4.93184797916667,48.3319,-126.1523,,,,,,111,,2,0
nwfsc_pacific_hake_survey,D20190816T060839_IFCB777,2019-08-16 06:08:39+00:00,777,4.89466305,48.3526,-126.2412,,,,,,100,,2,0
nwfsc_pacific_hake_survey,D20190816T063309_IFCB777,2019-08-16 06:33:09+00:00,777,4.94183698333333,48.3737,-126.327,,,,,,121,,2,0
nwfsc_pacific_hake_survey,D20190816T065738_IFCB777,2019-08-16 06:57:38+00:00,777,4.936278675,48.39,-126.3955,,,,,,135,,2,0
nwfsc_pacific_hake_survey,D20190816T072207_IFCB777,2019-08-16 07:22:07+00:00,777,4.934666975,48.3948,-126.4276,,,,,,94,,2,0
nwfsc_pacific_hake_survey,D20190816T074637_IFCB777,2019-08-16 07:46:37+00:00,777,4.83500605833333,48.3915,-126.4322,,,,,,86,,2,0
nwfsc_pacific_hake_survey,D20190816T081106_IFCB777,2019-08-16 08:11:06+00:00,777,4.862341425,48.3869,-126.4064,,,,,,99,,2,0
nwfsc_pacific_hake_survey,D20190816T083535_IFCB777,2019-08-16 08:35:35+00:00,777,4.968030275,48.3681,-126.305,,,,,,75,,2,0
nwfsc_pacific_hake_survey,D20190816T090005_IFCB777,2019-08-16 09:00:05+00:00,777,4.56052247916667,48.3958,-126.2971,,,,,,1458,,2,0
nwfsc_pacific_hake_survey,D20190816T092434_IFCB777,2019-08-16 09:24:34+00:00,777,4.93448152916667,48.3946,-126.3006,,,,,,159,,2,0
nwfsc_pacific_hake_survey,D20190816T094904_IFCB777,2019-08-16 09:49:04+00:00,777,4.83432612083333,48.3976,-126.3134,,,,,,73,,2,0
nwfsc_pacific_hake_survey,D20190816T101333_IFCB777,2019-08-16 10:13:33+00:00,777,4.94519857916667,48.3799,-126.2297,,,,,,71,,2,0
nwfsc_pacific_hake_survey,D20190816T103803_IFCB777,2019-08-16 10:38:03+00:00,777,4.9514902875,48.3969,-126.2394,,,,,,51,,2,0
nwfsc_pacific_hake_survey,D20190816T110232_IFCB777,2019-08-16 11:02:32+00:00,777,4.91526379166667,48.3956,-126.2437,,,,,,48,,2,0
nwfsc_pacific_hake_survey,D20190816T112702_IFCB777,2019-08-16 11:27:02+00:00,777,4.91924244166667,48.3872,-126.2216,,,,,,48,,2,0
nwfsc_pacific_hake_survey,D20190816T115131_IFCB777,2019-08-16 11:51:31+00:00,777,4.52493630416667,48.3644,-126.1454,,,,,,48,,2,0
nwfsc_pacific_hake_survey,D20190816T121600_IFCB777,2019-08-16 12:16:00+00:00,777,4.90302897916667,48.4036,-126.1495,,,,,,54,,2,0
nwfsc_pacific_hake_survey,D20190816T124030_IFCB777,2019-08-16 12:40:30+00:00,777,4.85239610416667,48.3837,-126.0476,,,,,,57,,2,0
nwfsc_pacific_hake_survey,D20190816T132937_IFCB777,2019-08-16 13:29:37+00:00,777,4.90736932083333,48.3951,-125.9802,,,,,,48,,2,0
nwfsc_pacific_hake_survey,D20190816T135406_IFCB777,2019-08-16 13:54:06+00:00,777,4.8430525,48.3965,-125.9845,,,,,,51,,2,0
nwfsc_pacific_hake_survey,D20190816T141835_IFCB777,2019-08-16 14:18:35+00:00,777,4.8794601,48.3534,-125.8953,,,,,,68,,2,0
nwfsc_pacific_hake_survey,D20190816T144305_IFCB777,2019-08-16 14:43:05+00:00,777,4.9208248625,48.3103,-125.795,,,,,,192,,2,0
nwfsc_pacific_hake_survey,D20190816T150734_IFCB777,2019-08-16 15:07:34+00:00,777,4.89714443333333,48.2782,-125.6927,,,,,,184,,2,0
nwfsc_pacific_hake_survey,D20190816T153204_IFCB777,2019-08-16 15:32:04+00:00,777,3.53608533333333,48.2472,-125.5804,,,,,,4935,,2,0
nwfsc_pacific_hake_survey,D20190816T155634_IFCB777,2019-08-16 15:56:34+00:00,777,2.95058884166667,48.2303,-125.6084,,,,,,7097,,2,0
nwfsc_pacific_hake_survey,D20190816T162104_IFCB777,2019-08-16 16:21:04+00:00,777,4.53242529166667,48.226,-125.6568,,,,,,962,,2,0
nwfsc_pacific_hake_survey,D20190816T164534_IFCB777,2019-08-16 16:45:34+00:00,777,3.74079954166667,48.2179,-125.5438,,,,,,4217,,2,0
nwfsc_pacific_hake_survey,D20190816T171004_IFCB777,2019-08-16 17:10:04+00:00,777,4.14028128333333,48.2227,-125.5374,,,,,,2785,,2,0
nwfsc_pacific_hake_survey,D20190816T173434_IFCB777,2019-08-16 17:34:34+00:00,777,3.68993967083333,48.2295,-125.5688,,,,,,4460,,2,0
nwfsc_pacific_hake_survey,D20190816T175904_IFCB777,2019-08-16 17:59:04+00:00,777,3.2668540375,48.2358,-125.6024,,,,,,5911,,2,0
nwfsc_pacific_hake_survey,D20190816T182334_IFCB777,2019-08-16 18:23:34+00:00,777,3.03373602083333,48.2391,-125.631,,,,,,6995,,2,0
nwfsc_pacific_hake_survey,D20190816T184804_IFCB777,2019-08-16 18:48:04+00:00,777,3.61853405,48.2403,-125.6564,,,,,,4373,,2,0
nwfsc_pacific_hake_survey,D20190816T191234_IFCB777,2019-08-16 19:12:34+00:00,777,3.244448475,48.2301,-125.6404,,,,,,6034,,2,0
nwfsc_pacific_hake_survey,D20190816T193705_IFCB777,2019-08-16 19:37:05+00:00,777,4.7462557125,48.231,-125.7435,,,,,,784,,2,0
nwfsc_pacific_hake_survey,D20190816T200134_IFCB777,2019-08-16 20:01:34+00:00,777,4.873627125,48.2302,-125.841,,,,,,312,,2,0
nwfsc_pacific_hake_survey,D20190816T202604_IFCB777,2019-08-16 20:26:04+00:00,777,4.88226907083333,48.2309,-125.9411,,,,,,264,,2,0
nwfsc_pacific_hake_survey,D20190816T205033_IFCB777,2019-08-16 20:50:33+00:00,777,4.81059902083333,48.2303,-126.0149,,,,,,146,,2,0
nwfsc_pacific_hake_survey,D20190816T211503_IFCB777,2019-08-16 21:15:03+00:00,777,4.79607330833333,48.2302,-126.1096,,,,,,122,,2,0
nwfsc_pacific_hake_survey,D20190816T213932_IFCB777,2019-08-16 21:39:32+00:00,777,4.86118305416667,48.2298,-126.2028,,,,,,105,,2,0
nwfsc_pacific_hake_survey,D20190816T220402_IFCB777,2019-08-16 22:04:02+00:00,777,4.88205824166667,48.2254,-126.301,,,,,,122,,2,0
nwfsc_pacific_hake_survey,D20190816T222831_IFCB777,2019-08-16 22:28:31+00:00,777,4.8346163375,48.2298,-126.3735,,,,,,103,,2,0
nwfsc_pacific_hake_survey,D20190816T225300_IFCB777,2019-08-16 22:53:00+00:00,777,4.94480565416667,48.2687,-126.413,,,,,,104,,2,0
nwfsc_pacific_hake_survey,D20190816T231730_IFCB777,2019-08-16 23:17:30+00:00,777,4.90026990416667,48.3133,-126.4575,,,,,,85,,2,0
nwfsc_pacific_hake_survey,D20190816T234159_IFCB777,2019-08-16 23:41:59+00:00,777,4.91645412916667,48.3544,-126.4999,,,,,,96,,2,0
nwfsc_pacific_hake_survey,D20190817T000629_IFCB777,2019-08-17 00:06:29+00:00,777,4.94785235,48.3774,-126.5232,,,,,,66,,2,0
nwfsc_pacific_hake_survey,D20190817T003058_IFCB777,2019-08-17 00:30:58+00:00,777,4.9446452875,48.3958,-126.5415,,,,,,73,,2,0
nwfsc_pacific_hake_survey,D20190817T005527_IFCB777,2019-08-17 00:55:27+00:00,777,4.9502412,48.3977,-126.4644,,,,,,103,,2,0
nwfsc_pacific_hake_survey,D20190817T011957_IFCB777,2019-08-17 01:19:57+00:00,777,4.95220892083333,48.3956,-126.3564,,,,,,79,,2,0
nwfsc_pacific_hake_survey,D20190817T020904_IFCB777,2019-08-17 02:09:04+00:00,777,4.88799500833333,48.3966,-126.1291,,,,,,75,,2,0
nwfsc_pacific_hake_survey,D20190817T023333_IFCB777,2019-08-17 02:33:33+00:00,777,4.91068680416667,48.3964,-126.0183,,,,,,60,,2,0
nwfsc_pacific_hake_survey,D20190817T025803_IFCB777,2019-08-17 02:58:03+00:00,777,4.8489655,48.3964,-125.9023,,,,,,93,,2,0
nwfsc_pacific_hake_survey,D20190817T032232_IFCB777,2019-08-17 03:22:32+00:00,777,4.80768640833333,48.3958,-125.7911,,,,,,524,,2,0
nwfsc_pacific_hake_survey,D20190817T034702_IFCB777,2019-08-17 03:47:02+00:00,777,4.70056787916667,48.3979,-125.6725,,,,,,929,,2,0
nwfsc_pacific_hake_survey,D20190817T041131_IFCB777,2019-08-17 04:11:31+00:00,777,4.07268100833333,48.3981,-125.5524,,,,,,3108,,2,0
nwfsc_pacific_hake_survey,D20190817T043601_IFCB777,2019-08-17 04:36:01+00:00,777,4.08457290833333,48.3962,-125.431,,,,,,2996,,2,0
nwfsc_pacific_hake_survey,D20190817T050030_IFCB777,2019-08-17 05:00:30+00:00,777,3.95295187916667,48.3977,-125.3132,,,,,,3480,,2,0
nwfsc_pacific_hake_survey,D20190817T052500_IFCB777,2019-08-17 05:25:00+00:00,777,4.13064585,48.3987,-125.1834,,,,,,2841,,2,0
nwfsc_pacific_hake_survey,D20190817T054930_IFCB777,2019-08-17 05:49:30+00:00,777,4.47121167916667,48.3976,-125.0592,,,,,,1738,,2,0
nwfsc_pacific_hake_survey,D20190817T061359_IFCB777,2019-08-17 06:13:59+00:00,777,4.47907834166667,48.399,-124.9447,,,,,,1677,,2,0
nwfsc_pacific_hake_survey,D20190817T063829_IFCB777,2019-08-17 06:38:29+00:00,777,4.44881914583333,48.3984,-124.8233,,,,,,1804,,2,0
nwfsc_pacific_hake_survey,D20190817T070259_IFCB777,2019-08-17 07:02:59+00:00,777,4.51970510833333,48.3981,-124.7769,,,,,,1581,,2,0
nwfsc_pacific_hake_survey,D20190817T072728_IFCB777,2019-08-17 07:27:28+00:00,777,4.57742104583333,48.3984,-124.8164,,,,,,1342,,2,0
nwfsc_pacific_hake_survey,D20190817T075157_IFCB777,2019-08-17 07:51:57+00:00,777,4.59647421666667,48.3977,-124.9257,,,,,,1292,,2,0
nwfsc_pacific_hake_survey,D20190817T081626_IFCB777,2019-08-17 08:16:26+00:00,777,4.5117149875,48.3984,-124.9558,,,,,,1556,,2,0
nwfsc_pacific_hake_survey,D20190817T084056_IFCB777,2019-08-17 08:40:56+00:00,777,4.54090845416667,48.4001,-124.9901,,,,,,1492,,2,0
nwfsc_pacific_hake_survey,D20190817T090526_IFCB777,2019-08-17 09:05:26+00:00,777,4.47124197083333,48.3984,-125.0945,,,,,,1740,,2,0
nwfsc_pacific_hake_survey,D20190817T092954_IFCB777,2019-08-17 09:29:54+00:00,777,4.3058875875,48.3974,-125.1978,,,,,,2251,,2,0
nwfsc_pacific_hake_survey,D20190817T095424_IFCB777,2019-08-17 09:54:24+00:00,777,4.48783824583333,48.3973,-125.2029,,,,,,1669,,2,0
nwfsc_pacific_hake_survey,D20190817T101854_IFCB777,2019-08-17 10:18:54+00:00,777,4.0777553625,48.3973,-125.2697,,,,,,3021,,2,0
nwfsc_pacific_hake_survey,D20190817T104323_IFCB777,2019-08-17 10:43:23+00:00,777,3.99135014166667,48.3957,-125.3678,,,,,,3333,,2,0
nwfsc_pacific_hake_survey,D20190817T110753_IFCB777,2019-08-17 11:07:53+00:00,777,4.32550225833333,48.395,-125.4595,,,,,,2216,,2,0
nwfsc_pacific_hake_survey,D20190817T113222_IFCB777,2019-08-17 11:32:22+00:00,777,3.76492363333333,48.3956,-125.553,,,,,,4171,,2,0
nwfsc_pacific_hake_survey,D20190817T115652_IFCB777,2019-08-17 11:56:52+00:00,777,4.54901519166667,48.3946,-125.5781,,,,,,1467,,2,0
nwfsc_pacific_hake_survey,D20190817T122122_IFCB777,2019-08-17 12:21:22+00:00,777,4.0169878375,48.3949,-125.5943,,,,,,3233,,2,0
nwfsc_pacific_hake_survey,D20190817T124552_IFCB777,2019-08-17 12:45:52+00:00,777,3.03781729166667,48.3982,-125.6519,,,,,,6824,,2,0
nwfsc_pacific_hake_survey,D20190817T131022_IFCB777,2019-08-17 13:10:22+00:00,777,4.56209772916667,48.3972,-125.7201,,,,,,1419,,2,0
nwfsc_pacific_hake_survey,D20190817T133452_IFCB777,2019-08-17 13:34:52+00:00,777,4.59910684166667,48.396,-125.6995,,,,,,1284,,2,0
nwfsc_pacific_hake_survey,D20190817T135921_IFCB777,2019-08-17 13:59:21+00:00,777,4.18844089166667,48.3977,-125.5862,,,,,,2655,,2,0
nwfsc_pacific_hake_survey,D20190817T144829_IFCB777,2019-08-17 14:48:29+00:00,777,4.18862292083333,48.3965,-125.3637,,,,,,2690,,2,0
nwfsc_pacific_hake_survey,D20190817T151259_IFCB777,2019-08-17 15:12:59+00:00,777,4.40553937916667,48.3975,-125.3041,,,,,,1910,,2,0
nwfsc_pacific_hake_survey,D20190817T153728_IFCB777,2019-08-17 15:37:28+00:00,777,4.10465390833333,48.3923,-125.3494,,,,,,2914,,2,0
nwfsc_pacific_hake_survey,D20190817T160158_IFCB777,2019-08-17 16:01:58+00:00,777,4.47070149166667,48.3959,-125.3812,,,,,,1702,,2,0
nwfsc_pacific_hake_survey,D20190817T162627_IFCB777,2019-08-17 16:26:27+00:00,777,4.37367855833333,48.4028,-125.4114,,,,,,2091,,2,0
nwfsc_pacific_hake_survey,D20190817T165057_IFCB777,2019-08-17 16:50:57+00:00,777,4.2234310875,48.3986,-125.4382,,,,,,2532,,2,0
nwfsc_pacific_hake_survey,D20190817T171527_IFCB777,2019-08-17 17:15:27+00:00,777,4.3321221875,48.3958,-125.3518,,,,,,2161,,2,0
nwfsc_pacific_hake_survey,D20190817T173956_IFCB777,2019-08-17 17:39:56+00:00,777,3.79833574166667,48.3979,-125.2401,,,,,,4010,,2,0
nwfsc_pacific_hake_survey,D20190817T180426_IFCB777,2019-08-17 18:04:26+00:00,777,4.03668918333333,48.3972,-125.1242,,,,,,3163,,2,0
nwfsc_pacific_hake_survey,D20190817T182855_IFCB777,2019-08-17 18:28:55+00:00,777,4.62759671666667,48.3982,-125.0156,,,,,,1098,,2,0
nwfsc_pacific_hake_survey,D20190817T185324_IFCB777,2019-08-17 18:53:24+00:00,777,4.52717199166667,48.3983,-124.9021,,,,,,1467,,2,0
nwfsc_pacific_hake_survey,D20190817T191754_IFCB777,2019-08-17 19:17:54+00:00,777,4.74082740416667,48.3941,-124.7952,,,,,,798,,2,0
nwfsc_pacific_hake_survey,D20190817T194223_IFCB777,2019-08-17 19:42:23+00:00,777,4.550836975,48.4399,-124.7609,,,,,,1465,,2,0
nwfsc_pacific_hake_survey,D20190817T200653_IFCB777,2019-08-17 20:06:53+00:00,777,4.56099487916667,48.4814,-124.723,,,,,,1386,,2,0
nwfsc_pacific_hake_survey,D20190817T203121_IFCB777,2019-08-17 20:31:21+00:00,777,3.77010181666667,48.5265,-124.6862,,,,,,4078,,2,0
nwfsc_pacific_hake_survey,D20190817T205551_IFCB777,2019-08-17 20:55:51+00:00,777,4.3067136125,48.563,-124.6728,,,,,,2303,,2,0
nwfsc_pacific_hake_survey,D20190817T212021_IFCB777,2019-08-17 21:20:21+00:00,777,3.84661108333333,48.5626,-124.7505,,,,,,3820,,2,0
nwfsc_pacific_hake_survey,D20190817T214451_IFCB777,2019-08-17 21:44:51+00:00,777,4.3832614,48.5598,-124.8461,,,,,,1935,,2,0
nwfsc_pacific_hake_survey,D20190817T220920_IFCB777,2019-08-17 22:09:20+00:00,777,4.3182132,48.5636,-124.9523,,,,,,2281,,2,0
nwfsc_pacific_hake_survey,D20190817T223350_IFCB777,2019-08-17 22:33:50+00:00,777,4.2937241,48.5636,-125.0488,,,,,,2328,,2,0
nwfsc_pacific_hake_survey,D20190817T225819_IFCB777,2019-08-17 22:58:19+00:00,777,4.37929554583333,48.5648,-125.1527,,,,,,2004,,2,0
nwfsc_pacific_hake_survey,D20190817T232249_IFCB777,2019-08-17 23:22:49+00:00,777,4.38235090416667,48.564,-125.2643,,,,,,2040,,2,0
nwfsc_pacific_hake_survey,D20190817T234718_IFCB777,2019-08-17 23:47:18+00:00,777,4.12772684166667,48.5627,-125.3805,,,,,,2743,,2,0
nwfsc_pacific_hake_survey,D20190818T001148_IFCB777,2019-08-18 00:11:48+00:00,777,3.97839482083333,48.5634,-125.4597,,,,,,3361,,2,0
nwfsc_pacific_hake_survey,D20190818T003617_IFCB777,2019-08-18 00:36:17+00:00,777,2.96827401666667,48.567,-125.5713,,,,,,6888,,2,0
nwfsc_pacific_hake_survey,D20190818T010048_IFCB777,2019-08-18 01:00:48+00:00,777,4.36430314166667,48.5654,-125.6813,,,,,,2097,,2,0
nwfsc_pacific_hake_survey,D20190818T012518_IFCB777,2019-08-18 01:25:18+00:00,777,4.56407327916667,48.5645,-125.7904,,,,,,1341,,2,0
nwfsc_pacific_hake_survey,D20190818T014947_IFCB777,2019-08-18 01:49:47+00:00,777,4.55887610833333,48.5645,-125.885,,,,,,1250,,2,0
nwfsc_pacific_hake_survey,D20190818T021417_IFCB777,2019-08-18 02:14:17+00:00,777,4.8899348875,48.564,-125.9984,,,,,,283,,2,0
nwfsc_pacific_hake_survey,D20190818T023846_IFCB777,2019-08-18 02:38:46+00:00,777,4.89291512916667,48.5642,-126.106,,,,,,221,,2,0
nwfsc_pacific_hake_survey,D20190818T032753_IFCB777,2019-08-18 03:27:53+00:00,777,4.94614475,48.5623,-126.2973,,,,,,115,,2,0
nwfsc_pacific_hake_survey,D20190818T035222_IFCB777,2019-08-18 03:52:22+00:00,777,4.94338825833333,48.5618,-126.4122,,,,,,94,,2,0
nwfsc_pacific_hake_survey,D20190818T041652_IFCB777,2019-08-18 04:16:52+00:00,777,4.846230575,48.5631,-126.5237,,,,,,85,,2,0
nwfsc_pacific_hake_survey,D20190818T044121_IFCB777,2019-08-18 04:41:21+00:00,777,4.8608804125,48.5641,-126.6056,,,,,,61,,2,0
nwfsc_pacific_hake_survey,D20190818T050550_IFCB777,2019-08-18 05:05:50+00:00,777,4.95624615,48.5646,-126.7158,,,,,,66,,2,0
nwfsc_pacific_hake_survey,D20190818T053020_IFCB777,2019-08-18 05:30:20+00:00,777,4.81466969583333,48.5661,-126.6282,,,,,,69,,2,0
nwfsc_pacific_hake_survey,D20190818T055449_IFCB777,2019-08-18 05:54:49+00:00,777,4.91139017916667,48.5646,-126.5118,,,,,,101,,2,0
nwfsc_pacific_hake_survey,D20190818T061919_IFCB777,2019-08-18 06:19:19+00:00,777,4.9225230125,48.5635,-126.3852,,,,,,82,,2,0
nwfsc_pacific_hake_survey,D20190818T064348_IFCB777,2019-08-18 06:43:48+00:00,777,4.77347181666667,48.5631,-126.2641,,,,,,70,,2,0
nwfsc_pacific_hake_survey,D20190818T070818_IFCB777,2019-08-18 07:08:18+00:00,777,4.82990565416667,48.5633,-126.1367,,,,,,121,,2,0
nwfsc_pacific_hake_survey,D20190818T073247_IFCB777,2019-08-18 07:32:47+00:00,777,4.918346075,48.5645,-126.0114,,,,,,101,,2,0
nwfsc_pacific_hake_survey,D20190818T075716_IFCB777,2019-08-18 07:57:16+00:00,777,4.78179566666667,48.564,-125.8841,,,,,,607,,2,0
nwfsc_pacific_hake_survey,D20190818T082146_IFCB777,2019-08-18 08:21:46+00:00,777,4.61585504583333,48.5639,-125.7954,,,,,,1192,,2,0
nwfsc_pacific_hake_survey,D20190818T084615_IFCB777,2019-08-18 08:46:15+00:00,777,4.64168696666667,48.5639,-125.8469,,,,,,1133,,2,0
nwfsc_pacific_hake_survey,D20190818T091045_IFCB777,2019-08-18 09:10:45+00:00,777,4.86557909166667,48.5636,-125.9528,,,,,,109,,2,0
nwfsc_pacific_hake_survey,D20190818T093514_IFCB777,2019-08-18 09:35:14+00:00,777,4.55804243333333,48.5641,-126.0603,,,,,,91,,2,0
nwfsc_pacific_hake_survey,D20190818T095944_IFCB777,2019-08-18 09:59:44+00:00,777,4.9382667375,48.5633,-126.1644,,,,,,95,,2,0
nwfsc_pacific_hake_survey,D20190818T102413_IFCB777,2019-08-18 10:24:13+00:00,777,4.90829900833333,48.5635,-126.1729,,,,,,78,,2,0
nwfsc_pacific_hake_survey,D20190818T104842_IFCB777,2019-08-18 10:48:42+00:00,777,4.8958569125,48.5644,-126.2492,,,,,,64,,2,0
nwfsc_pacific_hake_survey,D20190818T111312_IFCB777,2019-08-18 11:13:12+00:00,777,4.95479525,48.5643,-126.3574,,,,,,80,,2,0
nwfsc_pacific_hake_survey,D20190818T113741_IFCB777,2019-08-18 11:37:41+00:00,777,4.94245932083333,48.562,-126.4633,,,,,,63,,2,0
nwfsc_pacific_hake_survey,D20190818T120210_IFCB777,2019-08-18 12:02:10+00:00,777,4.8547463375,48.563,-126.5496,,,,,,57,,2,0
nwfsc_pacific_hake_survey,D20190818T122640_IFCB777,2019-08-18 12:26:40+00:00,777,4.83171732083333,48.5637,-126.5504,,,,,,75,,2,0
nwfsc_pacific_hake_survey,D20190818T125109_IFCB777,2019-08-18 12:51:09+00:00,777,4.90687760416667,48.5663,-126.5853,,,,,,56,,2,0
nwfsc_pacific_hake_survey,D20190818T131539_IFCB777,2019-08-18 13:15:39+00:00,777,4.5177163,48.5643,-126.6876,,,,,,57,,2,0
nwfsc_pacific_hake_survey,D20190818T134008_IFCB777,2019-08-18 13:40:08+00:00,777,4.93029189166667,48.5639,-126.6632,,,,,,49,,2,0
nwfsc_pacific_hake_survey,D20190818T140437_IFCB777,2019-08-18 14:04:37+00:00,777,4.9219374,48.563,-126.5556,,,,,,64,,2,0
nwfsc_pacific_hake_survey,D20190818T142907_IFCB777,2019-08-18 14:29:07+00:00,777,4.79655984166667,48.5629,-126.4413,,,,,,43,,2,0
nwfsc_pacific_hake_survey,D20190818T145336_IFCB777,2019-08-18 14:53:36+00:00,777,4.9662006125,48.5628,-126.3314,,,,,,48,,2,0
nwfsc_pacific_hake_survey,D20190818T151806_IFCB777,2019-08-18 15:18:06+00:00,777,4.916507475,48.5641,-126.217,,,,,,70,,2,0
nwfsc_pacific_hake_survey,D20190818T160712_IFCB777,2019-08-18 16:07:12+00:00,777,4.94892540833333,48.5431,-126.1168,,,,,,87,,2,0
nwfsc_pacific_hake_survey,D20190818T163142_IFCB777,2019-08-18 16:31:42+00:00,777,4.96099469166667,48.5443,-126.1217,,,,,,65,,2,0
nwfsc_pacific_hake_survey,D20190818T165611_IFCB777,2019-08-18 16:56:11+00:00,777,4.8275186375,48.5359,-126.1395,,,,,,75,,2,0
nwfsc_pacific_hake_survey,D20190818T172041_IFCB777,2019-08-18 17:20:41+00:00,777,4.9149130875,48.5516,-126.1524,,,,,,80,,2,0
nwfsc_pacific_hake_survey,D20190818T174510_IFCB777,2019-08-18 17:45:10+00:00,777,4.90907015,48.5654,-126.105,,,,,,118,,2,0
nwfsc_pacific_hake_survey,D20190818T180940_IFCB777,2019-08-18 18:09:40+00:00,777,4.9202461875,48.566,-125.9947,,,,,,106,,2,0
nwfsc_pacific_hake_survey,D20190818T183409_IFCB777,2019-08-18 18:34:09+00:00,777,4.67201225,48.5392,-125.8813,,,,,,997,,2,0
nwfsc_pacific_hake_survey,D20190818T185838_IFCB777,2019-08-18 18:58:38+00:00,777,4.8051278375,48.506,-125.7707,,,,,,589,,2,0
nwfsc_pacific_hake_survey,D20190818T192308_IFCB777,2019-08-18 19:23:08+00:00,777,4.14891790416667,48.4791,-125.6711,,,,,,2812,,2,0
nwfsc_pacific_hake_survey,D20190818T194738_IFCB777,2019-08-18 19:47:38+00:00,777,4.78852815,48.4312,-125.6928,,,,,,651,,2,0
nwfsc_pacific_hake_survey,D20190818T201207_IFCB777,2019-08-18 20:12:07+00:00,777,4.812018525,48.403,-125.7282,,,,,,575,,2,0
nwfsc_pacific_hake_survey,D20190818T203637_IFCB777,2019-08-18 20:36:37+00:00,777,4.78800939583333,48.3993,-125.711,,,,,,640,,2,0
nwfsc_pacific_hake_survey,D20190818T210106_IFCB777,2019-08-18 21:01:06+00:00,777,4.76167217916667,48.3974,-125.5961,,,,,,687,,2,0
nwfsc_pacific_hake_survey,D20190818T212536_IFCB777,2019-08-18 21:25:36+00:00,777,3.67140199166667,48.3957,-125.484,,,,,,4404,,2,0
nwfsc_pacific_hake_survey,D20190818T215006_IFCB777,2019-08-18 21:50:06+00:00,777,3.8468268875,48.3927,-125.3841,,,,,,3749,,2,0
nwfsc_pacific_hake_survey,D20190818T221435_IFCB777,2019-08-18 22:14:35+00:00,777,3.30942969583333,48.3797,-125.436,,,,,,5686,,2,0
nwfsc_pacific_hake_survey,D20190818T223906_IFCB777,2019-08-18 22:39:06+00:00,777,3.48643756666667,48.387,-125.453,,,,,,5127,,2,0
nwfsc_pacific_hake_survey,D20190818T230336_IFCB777,2019-08-18 23:03:36+00:00,777,3.23947195,48.3995,-125.4784,,,,,,5976,,2,0
nwfsc_pacific_hake_survey,D20190818T232806_IFCB777,2019-08-18 23:28:06+00:00,777,3.2148935375,48.4101,-125.4922,,,,,,6077,,2,0
nwfsc_pacific_hake_survey,D20190818T235237_IFCB777,2019-08-18 23:52:37+00:00,777,3.49944689583333,48.398,-125.4732,,,,,,5075,,2,0
nwfsc_pacific_hake_survey,D20190819T001707_IFCB777,2019-08-19 00:17:07+00:00,777,3.609443125,48.3995,-125.4721,,,,,,4762,,2,0
nwfsc_pacific_hake_survey,D20190819T004137_IFCB777,2019-08-19 00:41:37+00:00,777,3.85496412916667,48.344,-125.3878,,,,,,3505,,2,0
nwfsc_pacific_hake_survey,D20190819T010607_IFCB777,2019-08-19 01:06:07+00:00,777,4.43743345,48.2801,-125.2998,,,,,,1843,,2,0
nwfsc_pacific_hake_survey,D20190819T013037_IFCB777,2019-08-19 01:30:37+00:00,777,3.6230927625,48.2312,-125.231,,,,,,4569,,2,0
nwfsc_pacific_hake_survey,D20190819T015507_IFCB777,2019-08-19 01:55:07+00:00,777,4.08310890416667,48.2297,-125.2426,,,,,,2999,,2,0
nwfsc_pacific_hake_survey,D20190819T021936_IFCB777,2019-08-19 02:19:36+00:00,777,3.46220905833333,48.2303,-125.3489,,,,,,5099,,2,0
nwfsc_pacific_hake_survey,D20190819T024406_IFCB777,2019-08-19 02:44:06+00:00,777,4.60604234583333,48.2287,-125.4617,,,,,,1255,,2,0
nwfsc_pacific_hake_survey,D20190819T030836_IFCB777,2019-08-19 03:08:36+00:00,777,4.83274844583333,48.2297,-125.5705,,,,,,518,,2,0
nwfsc_pacific_hake_survey,D20190819T033305_IFCB777,2019-08-19 03:33:05+00:00,777,4.857997875,48.2296,-125.6036,,,,,,387,,2,0
nwfsc_pacific_hake_survey,D20190819T035734_IFCB777,2019-08-19 03:57:34+00:00,777,4.87928649166667,48.2299,-125.6701,,,,,,288,,2,0
nwfsc_pacific_hake_survey,D20190819T044641_IFCB777,2019-08-19 04:46:41+00:00,777,4.93374792916667,48.2307,-125.861,,,,,,130,,2,0
nwfsc_pacific_hake_survey,D20190819T051111_IFCB777,2019-08-19 05:11:11+00:00,777,4.93268672916667,48.2306,-125.9595,,,,,,126,,2,0
nwfsc_pacific_hake_survey,D20190819T053540_IFCB777,2019-08-19 05:35:40+00:00,777,4.8776942625,48.2304,-125.9784,,,,,,122,,2,0
nwfsc_pacific_hake_survey,D20190819T060009_IFCB777,2019-08-19 06:00:09+00:00,777,4.809709075,48.2307,-125.9841,,,,,,86,,2,0
nwfsc_pacific_hake_survey,D20190819T062439_IFCB777,2019-08-19 06:24:39+00:00,777,4.82797507083333,48.2309,-126.0488,,,,,,102,,2,0
nwfsc_pacific_hake_survey,D20190819T064908_IFCB777,2019-08-19 06:49:08+00:00,777,4.89769815,48.2301,-126.1172,,,,,,103,,2,0
nwfsc_pacific_hake_survey,D20190819T071337_IFCB777,2019-08-19 07:13:37+00:00,777,4.93621987916667,48.2302,-126.1828,,,,,,98,,2,0
nwfsc_pacific_hake_survey,D20190819T073807_IFCB777,2019-08-19 07:38:07+00:00,777,4.95682694166667,48.231,-126.2522,,,,,,77,,2,0
nwfsc_pacific_hake_survey,D20190819T080236_IFCB777,2019-08-19 08:02:36+00:00,777,4.89349703333333,48.2311,-126.3196,,,,,,95,,2,0
nwfsc_pacific_hake_survey,D20190819T082706_IFCB777,2019-08-19 08:27:06+00:00,777,4.952774125,48.2305,-126.3501,,,,,,81,,2,0
nwfsc_pacific_hake_survey,D20190819T085135_IFCB777,2019-08-19 08:51:35+00:00,777,4.88913497083333,48.2305,-126.3504,,,,,,89,,2,0
nwfsc_pacific_hake_survey,D20190819T091604_IFCB777,2019-08-19 09:16:04+00:00,777,4.95978525416667,48.2296,-126.2794,,,,,,82,,2,0
nwfsc_pacific_hake_survey,D20190819T094034_IFCB777,2019-08-19 09:40:34+00:00,777,4.7857032625,48.23,-126.1986,,,,,,84,,2,0
nwfsc_pacific_hake_survey,D20190819T100503_IFCB777,2019-08-19 10:05:03+00:00,777,4.95148080416667,48.2301,-126.1128,,,,,,63,,2,0
nwfsc_pacific_hake_survey,D20190819T102933_IFCB777,2019-08-19 10:29:33+00:00,777,4.887041525,48.2307,-126.0292,,,,,,74,,2,0
nwfsc_pacific_hake_survey,D20190819T105402_IFCB777,2019-08-19 10:54:02+00:00,777,4.64094485833333,48.2309,-125.9461,,,,,,67,,2,0
nwfsc_pacific_hake_survey,D20190819T111831_IFCB777,2019-08-19 11:18:31+00:00,777,4.92885622083333,48.232,-125.8736,,,,,,62,,2,0
nwfsc_pacific_hake_survey,D20190819T114301_IFCB777,2019-08-19 11:43:01+00:00,777,4.924528275,48.2332,-125.7925,,,,,,60,,2,0
nwfsc_pacific_hake_survey,D20190819T120730_IFCB777,2019-08-19 12:07:30+00:00,777,4.8894499625,48.2364,-125.7303,,,,,,60,,2,0
nwfsc_pacific_hake_survey,D20190819T123159_IFCB777,2019-08-19 12:31:59+00:00,777,4.94299159166667,48.2374,-125.7378,,,,,,94,,2,0
nwfsc_pacific_hake_survey,D20190819T125629_IFCB777,2019-08-19 12:56:29+00:00,777,4.85518771666667,48.2374,-125.7378,,,,,,69,,2,0
nwfsc_pacific_hake_survey,D20190819T132058_IFCB777,2019-08-19 13:20:58+00:00,777,4.89831714583333,48.231,-125.7214,,,,,,53,,2,0
nwfsc_pacific_hake_survey,D20190819T134528_IFCB777,2019-08-19 13:45:28+00:00,777,4.88671430416667,48.2283,-125.6166,,,,,,63,,2,0
nwfsc_pacific_hake_survey,D20190819T140957_IFCB777,2019-08-19 14:09:57+00:00,777,4.942730375,48.2256,-125.5106,,,,,,122,,2,0
nwfsc_pacific_hake_survey,D20190819T143426_IFCB777,2019-08-19 14:34:26+00:00,777,4.87104290416667,48.2192,-125.427,,,,,,74,,2,0
nwfsc_pacific_hake_survey,D20190819T145856_IFCB777,2019-08-19 14:58:56+00:00,777,4.90074164583333,48.2023,-125.5006,,,,,,86,,2,0
nwfsc_pacific_hake_survey,D20190819T152325_IFCB777,2019-08-19 15:23:25+00:00,777,4.90701212916667,48.2144,-125.5202,,,,,,79,,2,0
nwfsc_pacific_hake_survey,D20190819T154754_IFCB777,2019-08-19 15:47:54+00:00,777,4.93386663333333,48.2303,-125.5436,,,,,,132,,2,0
nwfsc_pacific_hake_survey,D20190819T161224_IFCB777,2019-08-19 16:12:24+00:00,777,4.92885739583333,48.2313,-125.5571,,,,,,72,,2,0
nwfsc_pacific_hake_survey,D20190819T163653_IFCB777,2019-08-19 16:36:53+00:00,777,4.9249359875,48.2018,-125.5482,,,,,,54,,2,0
nwfsc_pacific_hake_survey,D20190819T172600_IFCB777,2019-08-19 17:26:00+00:00,777,4.88274030833333,48.2339,-125.5936,,,,,,43,,2,0
nwfsc_pacific_hake_survey,D20190819T175029_IFCB777,2019-08-19 17:50:29+00:00,777,4.90451505416667,48.2446,-125.6095,,,,,,49,,2,0
nwfsc_pacific_hake_survey,D20190819T181459_IFCB777,2019-08-19 18:14:59+00:00,777,4.8955866875,48.2213,-125.5542,,,,,,58,,2,0
nwfsc_pacific_hake_survey,D20190819T183928_IFCB777,2019-08-19 18:39:28+00:00,777,4.86311354166667,48.2102,-125.5171,,,,,,212,,2,0
nwfsc_pacific_hake_survey,D20190819T190358_IFCB777,2019-08-19 19:03:58+00:00,777,4.89856447916667,48.224,-125.5354,,,,,,199,,2,0
nwfsc_pacific_hake_survey,D20190819T192827_IFCB777,2019-08-19 19:28:27+00:00,777,4.86119312083333,48.2397,-125.5536,,,,,,376,,2,0
nwfsc_pacific_hake_survey,D20190819T195256_IFCB777,2019-08-19 19:52:56+00:00,777,4.86637822916667,48.2515,-125.5686,,,,,,292,,2,0
nwfsc_pacific_hake_survey,D20190819T201726_IFCB777,2019-08-19 20:17:26+00:00,777,4.90427555416667,48.2653,-125.5308,,,,,,262,,2,0
nwfsc_pacific_hake_survey,D20190819T204155_IFCB777,2019-08-19 20:41:55+00:00,777,4.82548197916667,48.2762,-125.4799,,,,,,447,,2,0
nwfsc_pacific_hake_survey,D20190819T210624_IFCB777,2019-08-19 21:06:24+00:00,777,4.87201941666667,48.2954,-125.4383,,,,,,347,,2,0
nwfsc_pacific_hake_survey,D20190819T213054_IFCB777,2019-08-19 21:30:54+00:00,777,4.85737530833333,48.3157,-125.4068,,,,,,319,,2,0
nwfsc_pacific_hake_survey,D20190819T215523_IFCB777,2019-08-19 21:55:23+00:00,777,4.3931262125,48.3298,-125.3606,,,,,,1928,,2,0
nwfsc_pacific_hake_survey,D20190819T221953_IFCB777,2019-08-19 22:19:53+00:00,777,4.68199990416667,48.3537,-125.2472,,,,,,994,,2,0
nwfsc_pacific_hake_survey,D20190819T224422_IFCB777,2019-08-19 22:44:22+00:00,777,4.35589524166667,48.376,-125.1293,,,,,,2133,,2,0
nwfsc_pacific_hake_survey,D20190819T230852_IFCB777,2019-08-19 23:08:52+00:00,777,4.34184197083333,48.421,-125.0393,,,,,,2213,,2,0
nwfsc_pacific_hake_survey,D20190819T233321_IFCB777,2019-08-19 23:33:21+00:00,777,4.42517985833333,48.4707,-124.9419,,,,,,1667,,2,0
nwfsc_pacific_hake_survey,D20190819T235751_IFCB777,2019-08-19 23:57:51+00:00,777,4.78566621666667,48.4651,-124.8123,,,,,,636,,2,0
nwfsc_pacific_hake_survey,D20190820T002220_IFCB777,2019-08-20 00:22:20+00:00,777,4.44397649166667,48.457,-124.6845,,,,,,1819,,2,0
nwfsc_pacific_hake_survey,D20190820T004650_IFCB777,2019-08-20 00:46:50+00:00,777,4.390190925,48.4245,-124.5768,,,,,,2004,,2,0
nwfsc_pacific_hake_survey,D20190820T011119_IFCB777,2019-08-20 01:11:19+00:00,777,4.31127242083333,48.3906,-124.4629,,,,,,2244,,2,0
nwfsc_pacific_hake_survey,D20190820T013549_IFCB777,2019-08-20 01:35:49+00:00,777,4.0843040875,48.3558,-124.3503,,,,,,3026,,2,0
nwfsc_pacific_hake_survey,D20190820T020018_IFCB777,2019-08-20 02:00:18+00:00,777,4.32260970833333,48.3185,-124.2342,,,,,,2206,,2,0
nwfsc_pacific_hake_survey,D20190820T022448_IFCB777,2019-08-20 02:24:48+00:00,777,4.31428694583333,48.2853,-124.1223,,,,,,2207,,2,0
nwfsc_pacific_hake_survey,D20190820T024917_IFCB777,2019-08-20 02:49:17+00:00,777,4.0630134625,48.2507,-124.0093,,,,,,3125,,2,0
nwfsc_pacific_hake_survey,D20190820T031347_IFCB777,2019-08-20 03:13:47+00:00,777,4.3902938,48.2208,-123.9018,,,,,,1995,,2,0
nwfsc_pacific_hake_survey,D20190820T033817_IFCB777,2019-08-20 03:38:17+00:00,777,4.68318548333333,48.2208,-123.7796,,,,,,976,,2,0
nwfsc_pacific_hake_survey,D20190820T040246_IFCB777,2019-08-20 04:02:46+00:00,777,4.71561507083333,48.2214,-123.6639,,,,,,893,,2,0
nwfsc_pacific_hake_survey,D20190820T042716_IFCB777,2019-08-20 04:27:16+00:00,777,4.54936551666667,48.2216,-123.5432,,,,,,1439,,2,0
nwfsc_pacific_hake_survey,D20190820T045145_IFCB777,2019-08-20 04:51:45+00:00,777,4.36790842083333,48.2211,-123.4345,,,,,,2042,,2,0
nwfsc_pacific_hake_survey,D20190820T051615_IFCB777,2019-08-20 05:16:15+00:00,777,4.60359085833333,48.2124,-123.3136,,,,,,1253,,2,0
nwfsc_pacific_hake_survey,D20190820T060521_IFCB777,2019-08-20 06:05:21+00:00,777,4.60489654583333,48.1999,-123.0872,,,,,,1241,,2,0
nwfsc_pacific_hake_survey,D20190820T062951_IFCB777,2019-08-20 06:29:51+00:00,777,4.6334847,48.1935,-122.9735,,,,,,1172,,2,0
nwfsc_pacific_hake_survey,D20190820T065421_IFCB777,2019-08-20 06:54:21+00:00,777,4.6563614625,48.1862,-122.8672,,,,,,1099,,2,0
nwfsc_pacific_hake_survey,D20190820T071850_IFCB777,2019-08-20 07:18:50+00:00,777,4.63584727916667,48.1679,-122.7745,,,,,,1143,,2,0
nwfsc_pacific_hake_survey,D20190820T074320_IFCB777,2019-08-20 07:43:20+00:00,777,4.5440486125,48.1277,-122.7028,,,,,,1463,,2,0
nwfsc_pacific_hake_survey,D20190820T080749_IFCB777,2019-08-20 08:07:49+00:00,777,4.33321964583333,48.0751,-122.6577,,,,,,2151,,2,0
nwfsc_pacific_hake_survey,D20190820T083218_IFCB777,2019-08-20 08:32:18+00:00,777,4.33053742916667,48.0109,-122.6294,,,,,,2193,,2,0
nwfsc_pacific_hake_survey,D20190820T085647_IFCB777,2019-08-20 08:56:47+00:00,777,4.33781825833333,47.9546,-122.5739,,,,,,2160,,2,0
nwfsc_pacific_hake_survey,D20190820T092117_IFCB777,2019-08-20 09:21:17+00:00,777,4.340663825,47.9,-122.4983,,,,,,2137,,2,0
nwfsc_pacific_hake_survey,D20190820T094546_IFCB777,2019-08-20 09:45:46+00:00,777,4.224398275,47.8292,-122.4736,,,,,,2506,,2,0
nwfsc_pacific_hake_survey,D20190820T101016_IFCB777,2019-08-20 10:10:16+00:00,777,4.4521227125,47.7565,-122.4452,,,,,,1746,,2,0
nwfsc_pacific_hake_survey,D20190820T103446_IFCB777,2019-08-20 10:34:46+00:00,777,4.33548979166667,47.6858,-122.4628,,,,,,2172,,2,0
nwfsc_pacific_hake_survey,D20190820T105915_IFCB777,2019-08-20 10:59:15+00:00,777,4.46612727916667,47.6237,-122.4527,,,,,,1726,,2,0
nwfsc_pacific_hake_survey,D20190820T112345_IFCB777,2019-08-20 11:23:45+00:00,777,4.84034574166667,47.6245,-122.4005,,,,,,494,,2,0
nwfsc_pacific_hake_survey,D20190820T114814_IFCB777,2019-08-20 11:48:14+00:00,777,4.81876214166667,47.6246,-122.4005,,,,,,541,,2,0
nwfsc_pacific_hake_survey,D20190820T121243_IFCB777,2019-08-20 12:12:43+00:00,777,4.80395824166667,47.6245,-122.4005,,,,,,600,,2,0
nwfsc_pacific_hake_survey,D20190820T123713_IFCB777,2019-08-20 12:37:13+00:00,777,4.79493647083333,47.6246,-122.4005,,,,,,618,,2,0
nwfsc_pacific_hake_survey,D20190820T130142_IFCB777,2019-08-20 13:01:42+00:00,777,4.79495669583333,47.6245,-122.4005,,,,,,630,,2,0
nwfsc_pacific_hake_survey,D20190820T132612_IFCB777,2019-08-20 13:26:12+00:00,777,4.79000263333333,47.6246,-122.4005,,,,,,626,,2,0
nwfsc_pacific_hake_survey,D20210618T174446_IFCB117,2021-06-18 17:44:46+00:00,117,2.10213318333333,44.6264,-124.0481,,,,,,106,,2,0
nwfsc_pacific_hake_survey,D20210628T160400_IFCB117,2021-06-28 16:04:00+00:00,117,4.10284379583333,42.1297,-125.1177,,,,,,30,,2,0
nwfsc_pacific_hake_survey,D20210628T162448_IFCB117,2021-06-28 16:24:48+00:00,117,4.90643441666667,42.1104,-125.1041,,,,,,18,,2,0
nwfsc_pacific_hake_survey,D20210628T164830_IFCB117,2021-06-28 16:48:30+00:00,117,3.72558930416667,42.088,-125.0895,,,,,,12,,2,0
nwfsc_pacific_hake_survey,D20210628T171212_IFCB117,2021-06-28 17:12:12+00:00,117,4.35715975833333,42.0706,-125.0687,,,,,,14,,2,0
nwfsc_pacific_hake_survey,D20210628T173554_IFCB117,2021-06-28 17:35:54+00:00,117,4.7484876,42.0094,-125.0659,,,,,,15,,2,0
nwfsc_pacific_hake_survey,D20210628T175937_IFCB117,2021-06-28 17:59:37+00:00,117,1.39285305416667,41.9408,-125.0648,,,,,,2,,2,0
nwfsc_pacific_hake_survey,D20210628T182319_IFCB117,2021-06-28 18:23:19+00:00,117,4.6907223375,41.8716,-125.0621,,,,,,11,,2,0
nwfsc_pacific_hake_survey,D20210628T184701_IFCB117,2021-06-28 18:47:01+00:00,117,4.79743082083333,41.8012,-125.0532,,,,,,14,,2,0
nwfsc_pacific_hake_survey,D20210628T191043_IFCB117,2021-06-28 19:10:43+00:00,117,3.97336405,41.7332,-125.0392,,,,,,8,,2,0
nwfsc_pacific_hake_survey,D20210628T193425_IFCB117,2021-06-28 19:34:25+00:00,117,4.69515502916667,41.6617,-125.0199,,,,,,8,,2,0
nwfsc_pacific_hake_survey,D20210628T195807_IFCB117,2021-06-28 19:58:07+00:00,117,4.938947275,41.5894,-125.0005,,,,,,12,,2,0
nwfsc_pacific_hake_survey,D20210628T202150_IFCB117,2021-06-28 20:21:50+00:00,117,4.64644347083333,41.5251,-124.9834,,,,,,81,,2,0
nwfsc_pacific_hake_survey,D20210628T204533_IFCB117,2021-06-28 20:45:33+00:00,117,4.8173023375,41.4895,-124.9604,,,,,,58,,2,0
nwfsc_pacific_hake_survey,D20210628T210914_IFCB117,2021-06-28 21:09:14+00:00,117,4.87182382083333,41.4472,-124.9483,,,,,,40,,2,0
nwfsc_pacific_hake_survey,D20210628T213256_IFCB117,2021-06-28 21:32:56+00:00,117,4.8515968625,41.3929,-124.9478,,,,,,28,,2,0
nwfsc_pacific_hake_survey,D20210628T215638_IFCB117,2021-06-28 21:56:38+00:00,117,4.52276975833333,41.3681,-124.9409,,,,,,24,,2,0
nwfsc_pacific_hake_survey,D20210628T222020_IFCB117,2021-06-28 22:20:20+00:00,117,4.756192075,41.3092,-124.9267,,,,,,52,,2,0
nwfsc_pacific_hake_survey,D20210628T224402_IFCB117,2021-06-28 22:44:02+00:00,117,4.62211572083333,41.2443,-124.9106,,,,,,33,,2,0
nwfsc_pacific_hake_survey,D20210628T230744_IFCB117,2021-06-28 23:07:44+00:00,117,4.53758282916667,41.1814,-124.8938,,,,,,46,,2,0
nwfsc_pacific_hake_survey,D20210628T233126_IFCB117,2021-06-28 23:31:26+00:00,117,4.51082280833333,41.1155,-124.8758,,,,,,14,,2,0
nwfsc_pacific_hake_survey,D20210628T235507_IFCB117,2021-06-28 23:55:07+00:00,117,4.47972595833333,41.0515,-124.8592,,,,,,8,,2,0
nwfsc_pacific_hake_survey,D20210629T001849_IFCB117,2021-06-29 00:18:49+00:00,117,4.80577864583333,40.993,-124.8424,,,,,,25,,2,0
nwfsc_pacific_hake_survey,D20210629T004231_IFCB117,2021-06-29 00:42:31+00:00,117,4.55037807083333,40.9322,-124.8266,,,,,,17,,2,0
nwfsc_pacific_hake_survey,D20210629T010613_IFCB117,2021-06-29 01:06:13+00:00,117,4.68338315416667,40.8707,-124.811,,,,,,24,,2,0
nwfsc_pacific_hake_survey,D20210629T012955_IFCB117,2021-06-29 01:29:55+00:00,117,4.7906077625,40.8093,-124.7964,,,,,,22,,2,0
nwfsc_pacific_hake_survey,D20210629T015337_IFCB117,2021-06-29 01:53:37+00:00,117,4.73782900833333,40.7899,-124.7932,,,,,,15,,2,0
nwfsc_pacific_hake_survey,D20210629T021720_IFCB117,2021-06-29 02:17:20+00:00,117,4.88889265,40.7926,-124.7905,,,,,,23,,2,0
nwfsc_pacific_hake_survey,D20210629T024101_IFCB117,2021-06-29 02:41:01+00:00,117,4.8532143375,40.7941,-124.7902,,,,,,22,,2,0
nwfsc_pacific_hake_survey,D20210629T030443_IFCB117,2021-06-29 03:04:43+00:00,117,4.95543052916667,40.794,-124.7877,,,,,,20,,2,0
nwfsc_pacific_hake_survey,D20210629T032825_IFCB117,2021-06-29 03:28:25+00:00,117,4.81633385833333,40.7341,-124.772,,,,,,29,,2,0
nwfsc_pacific_hake_survey,D20210629T035207_IFCB117,2021-06-29 03:52:07+00:00,117,4.84067290833333,40.6656,-124.7605,,,,,,33,,2,0
nwfsc_pacific_hake_survey,D20210629T041549_IFCB117,2021-06-29 04:15:49+00:00,117,4.59880424583333,40.5902,-124.7505,,,,,,14,,2,0
nwfsc_pacific_hake_survey,D20210629T043930_IFCB117,2021-06-29 04:39:30+00:00,117,4.92423254583333,40.5074,-124.7412,,,,,,20,,2,0
nwfsc_pacific_hake_survey,D20210629T050312_IFCB117,2021-06-29 05:03:12+00:00,117,4.91563479583333,40.423,-124.7325,,,,,,21,,2,0
nwfsc_pacific_hake_survey,D20210629T052654_IFCB117,2021-06-29 05:26:54+00:00,117,4.94167107083333,40.3416,-124.7168,,,,,,22,,2,0
nwfsc_pacific_hake_survey,D20210629T055036_IFCB117,2021-06-29 05:50:36+00:00,117,4.59214445833333,40.2562,-124.701,,,,,,15,,2,0
nwfsc_pacific_hake_survey,D20210629T061418_IFCB117,2021-06-29 06:14:18+00:00,117,4.11351806666667,40.1762,-124.6873,,,,,,80,,2,0
nwfsc_pacific_hake_survey,D20210629T063800_IFCB117,2021-06-29 06:38:00+00:00,117,4.7944463625,40.1002,-124.676,,,,,,42,,2,0
nwfsc_pacific_hake_survey,D20210629T070142_IFCB117,2021-06-29 07:01:42+00:00,117,4.47391575416667,40.0309,-124.6481,,,,,,738,,2,0
nwfsc_pacific_hake_survey,D20210629T072524_IFCB117,2021-06-29 07:25:24+00:00,117,4.74005127916667,39.9811,-124.5761,,,,,,323,,2,0
nwfsc_pacific_hake_survey,D20210629T081510_IFCB117,2021-06-29 08:15:10+00:00,117,4.76828740416667,39.8539,-124.4738,,,,,,52,,2,0
nwfsc_pacific_hake_survey,D20210629T083853_IFCB117,2021-06-29 08:38:53+00:00,117,4.77101628333333,39.7859,-124.4466,,,,,,20,,2,0
nwfsc_pacific_hake_survey,D20210629T090235_IFCB117,2021-06-29 09:02:35+00:00,117,4.65541947083333,39.7134,-124.4187,,,,,,26,,2,0
nwfsc_pacific_hake_survey,D20210629T092617_IFCB117,2021-06-29 09:26:17+00:00,117,4.81216601666667,39.6404,-124.3907,,,,,,28,,2,0
nwfsc_pacific_hake_survey,D20210629T094959_IFCB117,2021-06-29 09:49:59+00:00,117,4.89339816666667,39.5704,-124.3631,,,,,,21,,2,0
nwfsc_pacific_hake_survey,D20210629T101341_IFCB117,2021-06-29 10:13:41+00:00,117,3.84590943333333,39.4991,-124.3362,,,,,,17,,2,0
nwfsc_pacific_hake_survey,D20210629T103723_IFCB117,2021-06-29 10:37:23+00:00,117,4.69215634166667,39.4301,-124.3101,,,,,,29,,2,0
nwfsc_pacific_hake_survey,D20210629T110105_IFCB117,2021-06-29 11:01:05+00:00,117,3.98608363333333,39.3625,-124.2838,,,,,,16,,2,0
nwfsc_pacific_hake_survey,D20210629T112447_IFCB117,2021-06-29 11:24:47+00:00,117,4.9593417875,39.2988,-124.2608,,,,,,25,,2,0
nwfsc_pacific_hake_survey,D20210629T114829_IFCB117,2021-06-29 11:48:29+00:00,117,4.87984484583333,39.2333,-124.235,,,,,,39,,2,0
nwfsc_pacific_hake_survey,D20210629T121211_IFCB117,2021-06-29 12:12:11+00:00,117,3.96334695833333,39.1701,-124.2107,,,,,,41,,2,0
nwfsc_pacific_hake_survey,D20210629T123553_IFCB117,2021-06-29 12:35:53+00:00,117,4.92257432916667,39.1117,-124.1886,,,,,,57,,2,0
nwfsc_pacific_hake_survey,D20210629T125934_IFCB117,2021-06-29 12:59:34+00:00,117,4.95864067083333,39.0518,-124.1645,,,,,,33,,2,0
nwfsc_pacific_hake_survey,D20210629T132316_IFCB117,2021-06-29 13:23:16+00:00,117,4.3698076625,38.9834,-124.1361,,,,,,26,,2,0
nwfsc_pacific_hake_survey,D20210629T134658_IFCB117,2021-06-29 13:46:58+00:00,117,3.45762314583333,38.9158,-124.0993,,,,,,10,,2,0
nwfsc_pacific_hake_survey,D20210629T141041_IFCB117,2021-06-29 14:10:41+00:00,117,4.519670775,38.8422,-124.0603,,,,,,25,,2,0
nwfsc_pacific_hake_survey,D20210629T143423_IFCB117,2021-06-29 14:34:23+00:00,117,4.93985102916667,38.7701,-124.0197,,,,,,32,,2,0
nwfsc_pacific_hake_survey,D20210629T145804_IFCB117,2021-06-29 14:58:04+00:00,117,4.727570425,38.696,-123.9812,,,,,,46,,2,0
nwfsc_pacific_hake_survey,D20210629T152147_IFCB117,2021-06-29 15:21:47+00:00,117,4.38565646666667,38.6247,-123.9413,,,,,,63,,2,0
nwfsc_pacific_hake_survey,D20210629T154529_IFCB117,2021-06-29 15:45:29+00:00,117,4.60513970416667,38.5496,-123.9012,,,,,,63,,2,0
nwfsc_pacific_hake_survey,D20210629T160911_IFCB117,2021-06-29 16:09:11+00:00,117,4.63388942083333,38.4753,-123.8609,,,,,,74,,2,0
nwfsc_pacific_hake_survey,D20210629T163253_IFCB117,2021-06-29 16:32:53+00:00,117,4.86675915,38.4027,-123.8214,,,,,,48,,2,0
nwfsc_pacific_hake_survey,D20210629T165634_IFCB117,2021-06-29 16:56:34+00:00,117,4.81552482083333,38.3249,-123.7797,,,,,,37,,2,0
nwfsc_pacific_hake_survey,D20210629T172016_IFCB117,2021-06-29 17:20:16+00:00,117,4.76656582916667,38.251,-123.7396,,,,,,95,,2,0
nwfsc_pacific_hake_survey,D20210629T174358_IFCB117,2021-06-29 17:43:58+00:00,117,4.76856221666667,38.1812,-123.7006,,,,,,282,,2,0
nwfsc_pacific_hake_survey,D20210629T180740_IFCB117,2021-06-29 18:07:40+00:00,117,4.85710266666667,38.1037,-123.7059,,,,,,132,,2,0
nwfsc_pacific_hake_survey,D20210629T183122_IFCB117,2021-06-29 18:31:22+00:00,117,4.820039325,38.028,-123.7416,,,,,,92,,2,0
nwfsc_pacific_hake_survey,D20210629T185505_IFCB117,2021-06-29 18:55:05+00:00,117,4.91352815416667,37.9521,-123.7779,,,,,,41,,2,0
nwfsc_pacific_hake_survey,D20210629T191847_IFCB117,2021-06-29 19:18:47+00:00,117,4.864011175,37.8816,-123.8123,,,,,,35,,2,0
nwfsc_pacific_hake_survey,D20210629T194229_IFCB117,2021-06-29 19:42:29+00:00,117,4.95034369583333,37.8076,-123.8464,,,,,,28,,2,0
nwfsc_pacific_hake_survey,D20210629T200611_IFCB117,2021-06-29 20:06:11+00:00,117,4.9048220125,37.7337,-123.8817,,,,,,24,,2,0
nwfsc_pacific_hake_survey,D20210629T202953_IFCB117,2021-06-29 20:29:53+00:00,117,4.89337023333333,37.6636,-123.9166,,,,,,31,,2,0
nwfsc_pacific_hake_survey,D20210629T205335_IFCB117,2021-06-29 20:53:35+00:00,117,4.5858785375,37.5901,-123.9496,,,,,,22,,2,0
nwfsc_pacific_hake_survey,D20210629T211717_IFCB117,2021-06-29 21:17:17+00:00,117,4.89046705,37.5155,-123.9868,,,,,,16,,2,0
nwfsc_pacific_hake_survey,D20210629T214059_IFCB117,2021-06-29 21:40:59+00:00,117,4.89428892916667,37.4424,-124.0207,,,,,,29,,2,0
nwfsc_pacific_hake_survey,D20210629T220442_IFCB117,2021-06-29 22:04:42+00:00,117,4.96860988333333,37.3673,-124.0561,,,,,,22,,2,0
nwfsc_pacific_hake_survey,D20210629T222824_IFCB117,2021-06-29 22:28:24+00:00,117,4.94766465833333,37.2921,-124.093,,,,,,19,,2,0
nwfsc_pacific_hake_survey,D20210629T225206_IFCB117,2021-06-29 22:52:06+00:00,117,4.7799050375,37.2168,-124.1285,,,,,,18,,2,0
nwfsc_pacific_hake_survey,D20210629T231548_IFCB117,2021-06-29 23:15:48+00:00,117,4.9534637875,37.1479,-124.1596,,,,,,16,,2,0
nwfsc_pacific_hake_survey,D20210629T233930_IFCB117,2021-06-29 23:39:30+00:00,117,4.92174958333333,37.0748,-124.194,,,,,,17,,2,0
nwfsc_pacific_hake_survey,D20210630T002854_IFCB117,2021-06-30 00:28:54+00:00,117,4.8141173625,36.9742,-124.2541,,,,,,5,,2,0
nwfsc_pacific_hake_survey,D20210630T005236_IFCB117,2021-06-30 00:52:36+00:00,117,4.697000625,36.9763,-124.2566,,,,,,15,,2,0
nwfsc_pacific_hake_survey,D20210630T011619_IFCB117,2021-06-30 01:16:19+00:00,117,4.83531339583333,36.9769,-124.2667,,,,,,10,,2,0
nwfsc_pacific_hake_survey,D20210630T014001_IFCB117,2021-06-30 01:40:01+00:00,117,4.61794582083333,36.9756,-124.2751,,,,,,15,,2,0
nwfsc_pacific_hake_survey,D20210630T020343_IFCB117,2021-06-30 02:03:43+00:00,117,4.94609374166667,36.9728,-124.2817,,,,,,19,,2,0
nwfsc_pacific_hake_survey,D20210630T022725_IFCB117,2021-06-30 02:27:25+00:00,117,4.68734058333333,36.9701,-124.2878,,,,,,20,,2,0
nwfsc_pacific_hake_survey,D20210630T025107_IFCB117,2021-06-30 02:51:07+00:00,117,4.81323007083333,36.9745,-124.2923,,,,,,23,,2,0
nwfsc_pacific_hake_survey,D20210630T031449_IFCB117,2021-06-30 03:14:49+00:00,117,4.96216532916667,36.9633,-124.2097,,,,,,22,,2,0
nwfsc_pacific_hake_survey,D20210630T033831_IFCB117,2021-06-30 03:38:31+00:00,117,4.51491878333333,36.9518,-124.118,,,,,,22,,2,0
nwfsc_pacific_hake_survey,D20210630T040213_IFCB117,2021-06-30 04:02:13+00:00,117,4.69367845833333,36.9418,-124.0243,,,,,,16,,2,0
nwfsc_pacific_hake_survey,D20210630T042555_IFCB117,2021-06-30 04:25:55+00:00,117,4.41637380416667,36.9324,-123.934,,,,,,17,,2,0
nwfsc_pacific_hake_survey,D20210630T044937_IFCB117,2021-06-30 04:49:37+00:00,117,2.75719044583333,36.9209,-123.8399,,,,,,21,,2,0
nwfsc_pacific_hake_survey,D20210630T051321_IFCB117,2021-06-30 05:13:21+00:00,117,4.9359049375,36.9107,-123.7459,,,,,,28,,2,0
nwfsc_pacific_hake_survey,D20210630T053703_IFCB117,2021-06-30 05:37:03+00:00,117,4.38040845833333,36.8984,-123.6509,,,,,,16,,2,0
nwfsc_pacific_hake_survey,D20210630T060045_IFCB117,2021-06-30 06:00:45+00:00,117,4.9661748625,36.8872,-123.5601,,,,,,18,,2,0
nwfsc_pacific_hake_survey,D20210630T062427_IFCB117,2021-06-30 06:24:27+00:00,117,4.416917125,36.8764,-123.4649,,,,,,11,,2,0
nwfsc_pacific_hake_survey,D20210630T064809_IFCB117,2021-06-30 06:48:09+00:00,117,4.8707922375,36.8649,-123.3707,,,,,,18,,2,0
nwfsc_pacific_hake_survey,D20210630T071152_IFCB117,2021-06-30 07:11:52+00:00,117,4.9591237125,36.8541,-123.2807,,,,,,24,,2,0
nwfsc_pacific_hake_survey,D20210630T073533_IFCB117,2021-06-30 07:35:33+00:00,117,4.70055022916667,36.8447,-123.1893,,,,,,70,,2,0
nwfsc_pacific_hake_survey,D20210630T075916_IFCB117,2021-06-30 07:59:16+00:00,117,4.77703749166667,36.8349,-123.1002,,,,,,126,,2,0
nwfsc_pacific_hake_survey,D20210630T082258_IFCB117,2021-06-30 08:22:58+00:00,117,4.7726762875,36.8238,-123.0136,,,,,,65,,2,0
nwfsc_pacific_hake_survey,D20210630T084641_IFCB117,2021-06-30 08:46:41+00:00,117,4.84152849166667,36.8141,-122.9247,,,,,,36,,2,0
nwfsc_pacific_hake_survey,D20210630T091023_IFCB117,2021-06-30 09:10:23+00:00,117,4.64430055416667,36.8023,-122.8337,,,,,,21,,2,0
nwfsc_pacific_hake_survey,D20210630T093405_IFCB117,2021-06-30 09:34:05+00:00,117,4.77907124583333,36.7913,-122.7428,,,,,,26,,2,0
nwfsc_pacific_hake_survey,D20210630T095747_IFCB117,2021-06-30 09:57:47+00:00,117,4.4692756625,36.7854,-122.6988,,,,,,17,,2,0
nwfsc_pacific_hake_survey,D20210630T102129_IFCB117,2021-06-30 10:21:29+00:00,117,4.1013304125,36.7799,-122.6513,,,,,,12,,2,0
nwfsc_pacific_hake_survey,D20210630T104511_IFCB117,2021-06-30 10:45:11+00:00,117,4.64971800833333,36.7716,-122.5715,,,,,,12,,2,0
nwfsc_pacific_hake_survey,D20210630T110853_IFCB117,2021-06-30 11:08:53+00:00,117,4.7980657375,36.7673,-122.4926,,,,,,15,,2,0
nwfsc_pacific_hake_survey,D20210630T113234_IFCB117,2021-06-30 11:32:34+00:00,117,4.71937533333333,36.7624,-122.4097,,,,,,42,,2,0
nwfsc_pacific_hake_survey,D20210630T115616_IFCB117,2021-06-30 11:56:16+00:00,117,4.81797588333333,36.7502,-122.3271,,,,,,230,,2,0
nwfsc_pacific_hake_survey,D20210630T121958_IFCB117,2021-06-30 12:19:58+00:00,117,4.41595495,36.7343,-122.2471,,,,,,893,,2,0
nwfsc_pacific_hake_survey,D20210630T124341_IFCB117,2021-06-30 12:43:41+00:00,117,3.88340136666667,36.7181,-122.1681,,,,,,1731,,2,0
nwfsc_pacific_hake_survey,D20210630T130723_IFCB117,2021-06-30 13:07:23+00:00,117,3.92576177916667,36.7041,-122.0862,,,,,,1683,,2,0
nwfsc_pacific_hake_survey,D20210630T133105_IFCB117,2021-06-30 13:31:05+00:00,117,3.7957439125,36.6889,-122.005,,,,,,1883,,2,0
nwfsc_pacific_hake_survey,D20210630T135447_IFCB117,2021-06-30 13:54:47+00:00,117,3.678903475,36.6894,-121.998,,,,,,2071,,2,0
nwfsc_pacific_hake_survey,D20210630T141830_IFCB117,2021-06-30 14:18:30+00:00,117,3.86249095833333,36.682,-121.9576,,,,,,1766,,2,0
nwfsc_pacific_hake_survey,D20210630T144212_IFCB117,2021-06-30 14:42:12+00:00,117,4.11964767916667,36.658,-121.9185,,,,,,1361,,2,0
nwfsc_pacific_hake_survey,D20210630T150554_IFCB117,2021-06-30 15:05:54+00:00,117,4.02563947916667,36.6374,-121.8877,,,,,,1510,,2,0
nwfsc_pacific_hake_survey,D20210630T152935_IFCB117,2021-06-30 15:29:35+00:00,117,4.04300551666667,36.6376,-121.8856,,,,,,1481,,2,0
nwfsc_pacific_hake_survey,D20210630T155318_IFCB117,2021-06-30 15:53:18+00:00,117,4.03296392916667,36.6376,-121.8856,,,,,,1505,,2,0
nwfsc_pacific_hake_survey,D20210630T164304_IFCB117,2021-06-30 16:43:04+00:00,117,4.07360919583333,36.6375,-121.8856,,,,,,1401,,2,0
nwfsc_pacific_hake_survey,D20210630T170646_IFCB117,2021-06-30 17:06:46+00:00,117,3.9639135,36.6374,-121.8856,,,,,,1581,,2,0
nwfsc_pacific_hake_survey,D20210630T173028_IFCB117,2021-06-30 17:30:28+00:00,117,3.9210856375,36.6374,-121.8857,,,,,,1661,,2,0
nwfsc_pacific_hake_survey,D20210630T175411_IFCB117,2021-06-30 17:54:11+00:00,117,3.83018844166667,36.6374,-121.8856,,,,,,1796,,2,0
nwfsc_pacific_hake_survey,D20210630T181753_IFCB117,2021-06-30 18:17:53+00:00,117,3.72514765,36.6374,-121.8857,,,,,,1965,,2,0
nwfsc_pacific_hake_survey,D20210630T184135_IFCB117,2021-06-30 18:41:35+00:00,117,3.76895155416667,36.6375,-121.8857,,,,,,1914,,2,0
nwfsc_pacific_hake_survey,D20210630T190517_IFCB117,2021-06-30 19:05:17+00:00,117,2.2582500625,36.6374,-121.8856,,,,,,1426,,2,0
nwfsc_pacific_hake_survey,D20210630T192419_IFCB117,2021-06-30 19:24:19+00:00,117,3.99243231666667,36.6374,-121.8857,,,,,,2030,,2,0
nwfsc_pacific_hake_survey,D20210630T194801_IFCB117,2021-06-30 19:48:01+00:00,117,3.9683224125,36.6374,-121.8857,,,,,,2115,,2,0
nwfsc_pacific_hake_survey,D20210630T201144_IFCB117,2021-06-30 20:11:44+00:00,117,3.8051426875,36.6374,-121.8857,,,,,,2096,,2,0
nwfsc_pacific_hake_survey,D20210630T203526_IFCB117,2021-06-30 20:35:26+00:00,117,3.6788064125,36.6374,-121.8857,,,,,,2038,,2,0
nwfsc_pacific_hake_survey,D20210630T205908_IFCB117,2021-06-30 20:59:08+00:00,117,3.65036288333333,36.6375,-121.8856,,,,,,2068,,2,0
nwfsc_pacific_hake_survey,D20210630T212250_IFCB117,2021-06-30 21:22:50+00:00,117,3.66228016666667,36.6375,-121.8856,,,,,,2072,,2,0
nwfsc_pacific_hake_survey,D20210630T214632_IFCB117,2021-06-30 21:46:32+00:00,117,3.5658617625,36.6377,-121.8856,,,,,,2213,,2,0
nwfsc_pacific_hake_survey,D20210630T221014_IFCB117,2021-06-30 22:10:14+00:00,117,3.5025623,36.6376,-121.8856,,,,,,2323,,2,0
nwfsc_pacific_hake_survey,D20210630T223356_IFCB117,2021-06-30 22:33:56+00:00,117,3.34834929583333,36.6377,-121.8856,,,,,,2581,,2,0
nwfsc_pacific_hake_survey,D20210630T225738_IFCB117,2021-06-30 22:57:38+00:00,117,3.21241639583333,36.6378,-121.8856,,,,,,2800,,2,0
nwfsc_pacific_hake_survey,D20210630T232120_IFCB117,2021-06-30 23:21:20+00:00,117,3.1479979,36.6378,-121.8856,,,,,,2903,,2,0
nwfsc_pacific_hake_survey,D20210630T234502_IFCB117,2021-06-30 23:45:02+00:00,117,3.1339381125,36.6377,-121.8856,,,,,,2921,,2,0
nwfsc_pacific_hake_survey,D20210701T000845_IFCB117,2021-07-01 00:08:45+00:00,117,3.39562482083333,36.6384,-121.888,,,,,,2478,,2,0
nwfsc_pacific_hake_survey,D20210701T003226_IFCB117,2021-07-01 00:32:26+00:00,117,3.80039449583333,36.6604,-121.9227,,,,,,1829,,2,0
nwfsc_pacific_hake_survey,D20210701T005608_IFCB117,2021-07-01 00:56:08+00:00,117,3.5514813375,36.6844,-121.9828,,,,,,2207,,2,0
nwfsc_pacific_hake_survey,D20210701T011951_IFCB117,2021-07-01 01:19:51+00:00,117,3.68520319583333,36.6253,-122.0286,,,,,,2023,,2,0
nwfsc_pacific_hake_survey,D20210701T014332_IFCB117,2021-07-01 01:43:32+00:00,117,2.98532198333333,36.556,-122.0761,,,,,,3141,,2,0
nwfsc_pacific_hake_survey,D20210701T020715_IFCB117,2021-07-01 02:07:15+00:00,117,3.05349564166667,36.4868,-122.1274,,,,,,3018,,2,0
nwfsc_pacific_hake_survey,D20210701T023057_IFCB117,2021-07-01 02:30:57+00:00,117,4.81069100833333,36.423,-122.1616,,,,,,121,,2,0
nwfsc_pacific_hake_survey,D20210701T025438_IFCB117,2021-07-01 02:54:38+00:00,117,4.77295119583333,36.3523,-122.1437,,,,,,305,,2,0
nwfsc_pacific_hake_survey,D20210701T031820_IFCB117,2021-07-01 03:18:20+00:00,117,4.3085492625,36.278,-122.124,,,,,,1040,,2,0
nwfsc_pacific_hake_survey,D20210701T034203_IFCB117,2021-07-01 03:42:03+00:00,117,4.4093498625,36.1986,-122.1027,,,,,,899,,2,0
nwfsc_pacific_hake_survey,D20210701T040545_IFCB117,2021-07-01 04:05:45+00:00,117,4.87923434166667,36.1239,-122.0794,,,,,,162,,2,0
nwfsc_pacific_hake_survey,D20210701T042926_IFCB117,2021-07-01 04:29:26+00:00,117,4.77652197083333,36.0484,-122.0619,,,,,,197,,2,0
nwfsc_pacific_hake_survey,D20210701T045308_IFCB117,2021-07-01 04:53:08+00:00,117,4.91745932916667,35.9792,-122.041,,,,,,89,,2,0
nwfsc_pacific_hake_survey,D20210701T051652_IFCB117,2021-07-01 05:16:52+00:00,117,4.86853485416667,35.9127,-122.0263,,,,,,139,,2,0
nwfsc_pacific_hake_survey,D20210701T054034_IFCB117,2021-07-01 05:40:34+00:00,117,4.85904765,35.8471,-122.0081,,,,,,190,,2,0
nwfsc_pacific_hake_survey,D20210701T060416_IFCB117,2021-07-01 06:04:16+00:00,117,4.77001587083333,35.7802,-121.9863,,,,,,187,,2,0
nwfsc_pacific_hake_survey,D20210701T062758_IFCB117,2021-07-01 06:27:58+00:00,117,4.8712657,35.7208,-121.947,,,,,,142,,2,0
nwfsc_pacific_hake_survey,D20210701T065140_IFCB117,2021-07-01 06:51:40+00:00,117,4.8870574,35.6575,-121.9099,,,,,,101,,2,0
nwfsc_pacific_hake_survey,D20210701T071522_IFCB117,2021-07-01 07:15:22+00:00,117,4.86868175,35.5905,-121.8687,,,,,,85,,2,0
nwfsc_pacific_hake_survey,D20210701T073904_IFCB117,2021-07-01 07:39:04+00:00,117,4.9204942125,35.5213,-121.826,,,,,,62,,2,0
nwfsc_pacific_hake_survey,D20210701T080246_IFCB117,2021-07-01 08:02:46+00:00,117,4.81848126666667,35.4558,-121.788,,,,,,108,,2,0
nwfsc_pacific_hake_survey,D20210701T085211_IFCB117,2021-07-01 08:52:11+00:00,117,4.93787460416667,35.3175,-121.7029,,,,,,26,,2,0
nwfsc_pacific_hake_survey,D20210701T091553_IFCB117,2021-07-01 09:15:53+00:00,117,4.76597217083333,35.2528,-121.6653,,,,,,28,,2,0
nwfsc_pacific_hake_survey,D20210701T093935_IFCB117,2021-07-01 09:39:35+00:00,117,4.95490266666667,35.184,-121.6254,,,,,,47,,2,0
nwfsc_pacific_hake_survey,D20210701T100317_IFCB117,2021-07-01 10:03:17+00:00,117,4.74392755416667,35.116,-121.5817,,,,,,359,,2,0
nwfsc_pacific_hake_survey,D20210701T102659_IFCB117,2021-07-01 10:26:59+00:00,117,4.82432953333333,35.0507,-121.5425,,,,,,132,,2,0
nwfsc_pacific_hake_survey,D20210701T105041_IFCB117,2021-07-01 10:50:41+00:00,117,4.95021610416667,34.9832,-121.502,,,,,,51,,2,0
nwfsc_pacific_hake_survey,D20210701T111423_IFCB117,2021-07-01 11:14:23+00:00,117,4.7858128,34.9158,-121.4627,,,,,,50,,2,0
nwfsc_pacific_hake_survey,D20210701T113805_IFCB117,2021-07-01 11:38:05+00:00,117,4.84489705416667,34.8491,-121.4227,,,,,,91,,2,0
nwfsc_pacific_hake_survey,D20210701T120147_IFCB117,2021-07-01 12:01:47+00:00,117,4.82631965833333,34.7863,-121.3848,,,,,,118,,2,0
nwfsc_pacific_hake_survey,D20210701T122529_IFCB117,2021-07-01 12:25:29+00:00,117,4.8537652,34.7205,-121.3465,,,,,,192,,2,0
nwfsc_pacific_hake_survey,D20210701T124911_IFCB117,2021-07-01 12:49:11+00:00,117,4.8548569625,34.6583,-121.3081,,,,,,161,,2,0
nwfsc_pacific_hake_survey,D20210701T131253_IFCB117,2021-07-01 13:12:53+00:00,117,4.77548134583333,34.6019,-121.2673,,,,,,285,,2,0
nwfsc_pacific_hake_survey,D20210701T133635_IFCB117,2021-07-01 13:36:35+00:00,117,4.10496127083333,34.539,-121.2328,,,,,,1305,,2,0
nwfsc_pacific_hake_survey,D20210701T140017_IFCB117,2021-07-01 14:00:17+00:00,117,4.71706313333333,34.4742,-121.1979,,,,,,380,,2,0
nwfsc_pacific_hake_survey,D20210701T142400_IFCB117,2021-07-01 14:24:00+00:00,117,4.79639538333333,34.4401,-121.1782,,,,,,264,,2,0
nwfsc_pacific_hake_survey,D20210701T144742_IFCB117,2021-07-01 14:47:42+00:00,117,4.7594411,34.4407,-121.1784,,,,,,299,,2,0
nwfsc_pacific_hake_survey,D20210701T151123_IFCB117,2021-07-01 15:11:23+00:00,117,4.7698958875,34.4371,-121.1783,,,,,,306,,2,0
nwfsc_pacific_hake_survey,D20210701T153505_IFCB117,2021-07-01 15:35:05+00:00,117,4.62778057916667,34.441,-121.1757,,,,,,304,,2,0
nwfsc_pacific_hake_survey,D20210701T155847_IFCB117,2021-07-01 15:58:47+00:00,117,4.75195566666667,34.4485,-121.1799,,,,,,297,,2,0
nwfsc_pacific_hake_survey,D20210701T162229_IFCB117,2021-07-01 16:22:29+00:00,117,4.69772039583333,34.4408,-121.1723,,,,,,310,,2,0
nwfsc_pacific_hake_survey,D20210701T164611_IFCB117,2021-07-01 16:46:11+00:00,117,4.79683640833333,34.457,-121.176,,,,,,263,,2,0
nwfsc_pacific_hake_survey,D20210701T170952_IFCB117,2021-07-01 17:09:52+00:00,117,4.78144464166667,34.4453,-121.1878,,,,,,231,,2,0
nwfsc_pacific_hake_survey,D20210701T173334_IFCB117,2021-07-01 17:33:34+00:00,117,4.7600118375,34.4453,-121.1857,,,,,,261,,2,0
nwfsc_pacific_hake_survey,D20210701T175716_IFCB117,2021-07-01 17:57:16+00:00,117,3.79314645,34.4449,-121.112,,,,,,1738,,2,0
nwfsc_pacific_hake_survey,D20210701T182058_IFCB117,2021-07-01 18:20:58+00:00,117,3.7699831,34.4449,-121.0484,,,,,,1769,,2,0
nwfsc_pacific_hake_survey,D20210701T184440_IFCB117,2021-07-01 18:44:40+00:00,117,4.85856305416667,34.4448,-120.9765,,,,,,131,,2,0
nwfsc_pacific_hake_survey,D20210701T190822_IFCB117,2021-07-01 19:08:22+00:00,117,4.89702829166667,34.4446,-120.8982,,,,,,136,,2,0
nwfsc_pacific_hake_survey,D20210701T193204_IFCB117,2021-07-01 19:32:04+00:00,117,4.88107426666667,34.4435,-120.8195,,,,,,117,,2,0
nwfsc_pacific_hake_survey,D20210701T195546_IFCB117,2021-07-01 19:55:46+00:00,117,4.89224625416667,34.4428,-120.7481,,,,,,113,,2,0
nwfsc_pacific_hake_survey,D20210701T201929_IFCB117,2021-07-01 20:19:29+00:00,117,4.53430711666667,34.4446,-120.6736,,,,,,648,,2,0
nwfsc_pacific_hake_survey,D20210701T204312_IFCB117,2021-07-01 20:43:12+00:00,117,4.60066329583333,34.4429,-120.6007,,,,,,537,,2,0
nwfsc_pacific_hake_survey,D20210701T210653_IFCB117,2021-07-01 21:06:53+00:00,117,4.66950614583333,34.4433,-120.5284,,,,,,426,,2,0
nwfsc_pacific_hake_survey,D20210701T213035_IFCB117,2021-07-01 21:30:35+00:00,117,4.81300570416667,34.444,-120.5146,,,,,,168,,2,0
nwfsc_pacific_hake_survey,D20210701T215417_IFCB117,2021-07-01 21:54:17+00:00,117,4.62879279583333,34.4437,-120.5867,,,,,,518,,2,0
nwfsc_pacific_hake_survey,D20210701T221759_IFCB117,2021-07-01 22:17:59+00:00,117,4.57085589583333,34.4422,-120.6098,,,,,,598,,2,0
nwfsc_pacific_hake_survey,D20210701T224141_IFCB117,2021-07-01 22:41:41+00:00,117,4.36869722083333,34.4423,-120.6377,,,,,,804,,2,0
nwfsc_pacific_hake_survey,D20210701T230523_IFCB117,2021-07-01 23:05:23+00:00,117,4.446011475,34.4428,-120.671,,,,,,784,,2,0
nwfsc_pacific_hake_survey,D20210701T232905_IFCB117,2021-07-01 23:29:05+00:00,117,4.3941433625,34.4509,-120.6922,,,,,,854,,2,0
nwfsc_pacific_hake_survey,D20210701T235247_IFCB117,2021-07-01 23:52:47+00:00,117,4.37721165416667,34.4657,-120.7067,,,,,,910,,2,0
nwfsc_pacific_hake_survey,D20210702T001629_IFCB117,2021-07-02 00:16:29+00:00,117,4.385612575,34.5077,-120.7268,,,,,,820,,2,0
nwfsc_pacific_hake_survey,D20210702T010532_IFCB117,2021-07-02 01:05:32+00:00,117,4.17291270416667,34.6235,-120.7088,,,,,,1202,,2,0
nwfsc_pacific_hake_survey,D20210702T012914_IFCB117,2021-07-02 01:29:14+00:00,117,4.4138517625,34.6118,-120.7635,,,,,,821,,2,0
nwfsc_pacific_hake_survey,D20210702T015256_IFCB117,2021-07-02 01:52:56+00:00,117,4.3125290375,34.6117,-120.8329,,,,,,1004,,2,0
nwfsc_pacific_hake_survey,D20210702T021639_IFCB117,2021-07-02 02:16:39+00:00,117,4.0938136375,34.6114,-120.9167,,,,,,1310,,2,0
nwfsc_pacific_hake_survey,D20210702T024022_IFCB117,2021-07-02 02:40:22+00:00,117,3.75921745833333,34.6117,-120.9984,,,,,,1772,,2,0
nwfsc_pacific_hake_survey,D20210702T030405_IFCB117,2021-07-02 03:04:05+00:00,117,4.16505600833333,34.6117,-121.0795,,,,,,1213,,2,0
nwfsc_pacific_hake_survey,D20210702T032747_IFCB117,2021-07-02 03:27:47+00:00,117,3.56187065416667,34.6058,-121.1256,,,,,,2083,,2,0
nwfsc_pacific_hake_survey,D20210702T035129_IFCB117,2021-07-02 03:51:29+00:00,117,4.17844064583333,34.588,-121.0508,,,,,,1194,,2,0
nwfsc_pacific_hake_survey,D20210702T041513_IFCB117,2021-07-02 04:15:13+00:00,117,4.72165719166667,34.5711,-120.9754,,,,,,373,,2,0
nwfsc_pacific_hake_survey,D20210702T043855_IFCB117,2021-07-02 04:38:55+00:00,117,4.54336369166667,34.5542,-120.9048,,,,,,663,,2,0
nwfsc_pacific_hake_survey,D20210702T050237_IFCB117,2021-07-02 05:02:37+00:00,117,4.49528209166667,34.5371,-120.8297,,,,,,730,,2,0
nwfsc_pacific_hake_survey,D20210702T052618_IFCB117,2021-07-02 05:26:18+00:00,117,4.18171448333333,34.5196,-120.7544,,,,,,1184,,2,0
nwfsc_pacific_hake_survey,D20210702T055000_IFCB117,2021-07-02 05:50:00+00:00,117,4.2513373,34.5031,-120.6789,,,,,,1047,,2,0
nwfsc_pacific_hake_survey,D20210702T061342_IFCB117,2021-07-02 06:13:42+00:00,117,4.47728332083333,34.462,-120.6286,,,,,,741,,2,0
nwfsc_pacific_hake_survey,D20210702T063725_IFCB117,2021-07-02 06:37:25+00:00,117,4.39407823333333,34.4454,-120.618,,,,,,838,,2,0
nwfsc_pacific_hake_survey,D20210702T070106_IFCB117,2021-07-02 07:01:06+00:00,117,4.41231050833333,34.4417,-120.6261,,,,,,836,,2,0
nwfsc_pacific_hake_survey,D20210702T072448_IFCB117,2021-07-02 07:24:48+00:00,117,4.2658987,34.4433,-120.6596,,,,,,1046,,2,0
nwfsc_pacific_hake_survey,D20210702T074830_IFCB117,2021-07-02 07:48:30+00:00,117,4.2441691375,34.4457,-120.6755,,,,,,1060,,2,0
nwfsc_pacific_hake_survey,D20210702T081212_IFCB117,2021-07-02 08:12:12+00:00,117,4.2869086125,34.4453,-120.6972,,,,,,1011,,2,0
nwfsc_pacific_hake_survey,D20210702T083554_IFCB117,2021-07-02 08:35:54+00:00,117,4.2835666625,34.4455,-120.7367,,,,,,1020,,2,0
nwfsc_pacific_hake_survey,D20210702T085936_IFCB117,2021-07-02 08:59:36+00:00,117,4.3360923125,34.4428,-120.7431,,,,,,944,,2,0
nwfsc_pacific_hake_survey,D20210702T092318_IFCB117,2021-07-02 09:23:18+00:00,117,4.393911325,34.4432,-120.7635,,,,,,885,,2,0
nwfsc_pacific_hake_survey,D20210702T094700_IFCB117,2021-07-02 09:47:00+00:00,117,4.468303875,34.4469,-120.8193,,,,,,775,,2,0
nwfsc_pacific_hake_survey,D20210702T101043_IFCB117,2021-07-02 10:10:43+00:00,117,4.57954324583333,34.4476,-120.8296,,,,,,604,,2,0
nwfsc_pacific_hake_survey,D20210702T103425_IFCB117,2021-07-02 10:34:25+00:00,117,4.57515571666667,34.4485,-120.8339,,,,,,616,,2,0
nwfsc_pacific_hake_survey,D20210702T105808_IFCB117,2021-07-02 10:58:08+00:00,117,4.74213964166667,34.4792,-120.891,,,,,,347,,2,0
nwfsc_pacific_hake_survey,D20210702T112150_IFCB117,2021-07-02 11:21:50+00:00,117,4.86703339583333,34.5094,-120.949,,,,,,159,,2,0
nwfsc_pacific_hake_survey,D20210702T114532_IFCB117,2021-07-02 11:45:32+00:00,117,4.73128911666667,34.5419,-121.0061,,,,,,198,,2,0
nwfsc_pacific_hake_survey,D20210702T120914_IFCB117,2021-07-02 12:09:14+00:00,117,4.47390201666667,34.5727,-121.0587,,,,,,744,,2,0
nwfsc_pacific_hake_survey,D20210702T123256_IFCB117,2021-07-02 12:32:56+00:00,117,4.7246517375,34.5944,-121.0924,,,,,,372,,2,0
nwfsc_pacific_hake_survey,D20210702T125638_IFCB117,2021-07-02 12:56:38+00:00,117,4.60085640833333,34.6119,-121.1292,,,,,,572,,2,0
nwfsc_pacific_hake_survey,D20210702T132020_IFCB117,2021-07-02 13:20:20+00:00,117,4.36375353333333,34.6114,-121.1774,,,,,,910,,2,0
nwfsc_pacific_hake_survey,D20210702T134402_IFCB117,2021-07-02 13:44:02+00:00,117,4.54697300833333,34.6116,-121.2575,,,,,,638,,2,0
nwfsc_pacific_hake_survey,D20210702T140744_IFCB117,2021-07-02 14:07:44+00:00,117,3.99204855833333,34.6118,-121.3333,,,,,,1684,,2,0
nwfsc_pacific_hake_survey,D20210702T143126_IFCB117,2021-07-02 14:31:26+00:00,117,4.4766880875,34.6115,-121.4118,,,,,,741,,2,0
nwfsc_pacific_hake_survey,D20210702T145508_IFCB117,2021-07-02 14:55:08+00:00,117,4.7174396875,34.6119,-121.4889,,,,,,339,,2,0
nwfsc_pacific_hake_survey,D20210702T151849_IFCB117,2021-07-02 15:18:49+00:00,117,4.57115336666667,34.6116,-121.5615,,,,,,616,,2,0
nwfsc_pacific_hake_survey,D20210702T154231_IFCB117,2021-07-02 15:42:31+00:00,117,4.66527415,34.6217,-121.6223,,,,,,464,,2,0
nwfsc_pacific_hake_survey,D20210702T160613_IFCB117,2021-07-02 16:06:13+00:00,117,4.57645007916667,34.6652,-121.6601,,,,,,596,,2,0
nwfsc_pacific_hake_survey,D20210702T162955_IFCB117,2021-07-02 16:29:55+00:00,117,4.84556708333333,34.7183,-121.7103,,,,,,162,,2,0
nwfsc_pacific_hake_survey,D20210702T171920_IFCB117,2021-07-02 17:19:20+00:00,117,4.861891575,34.7782,-121.7004,,,,,,51,,2,0
nwfsc_pacific_hake_survey,D20210702T174302_IFCB117,2021-07-02 17:43:02+00:00,117,4.40153414583333,34.7782,-121.6125,,,,,,857,,2,0
nwfsc_pacific_hake_survey,D20210702T180644_IFCB117,2021-07-02 18:06:44+00:00,117,4.85386418333333,34.7786,-121.5272,,,,,,152,,2,0
nwfsc_pacific_hake_survey,D20210702T183025_IFCB117,2021-07-02 18:30:25+00:00,117,4.83708186666667,34.7787,-121.4384,,,,,,218,,2,0
nwfsc_pacific_hake_survey,D20210702T185407_IFCB117,2021-07-02 18:54:07+00:00,117,4.0790578,34.7781,-121.3501,,,,,,1350,,2,0
nwfsc_pacific_hake_survey,D20210702T191749_IFCB117,2021-07-02 19:17:49+00:00,117,4.30281405416667,34.7783,-121.2672,,,,,,970,,2,0
nwfsc_pacific_hake_survey,D20210702T194132_IFCB117,2021-07-02 19:41:32+00:00,117,4.81147565833333,34.7784,-121.1797,,,,,,172,,2,0
nwfsc_pacific_hake_survey,D20210702T200515_IFCB117,2021-07-02 20:05:15+00:00,117,4.806993825,34.7781,-121.0912,,,,,,183,,2,0
nwfsc_pacific_hake_survey,D20210702T202857_IFCB117,2021-07-02 20:28:57+00:00,117,3.93038723333333,34.7785,-121.0043,,,,,,1549,,2,0
nwfsc_pacific_hake_survey,D20210702T205238_IFCB117,2021-07-02 20:52:38+00:00,117,4.76932769166667,34.7784,-120.9145,,,,,,247,,2,0
nwfsc_pacific_hake_survey,D20210702T211620_IFCB117,2021-07-02 21:16:20+00:00,117,4.68833894166667,34.7784,-120.8257,,,,,,287,,2,0
nwfsc_pacific_hake_survey,D20210702T214002_IFCB117,2021-07-02 21:40:02+00:00,117,3.67674456666667,34.7785,-120.7357,,,,,,1917,,2,0
nwfsc_pacific_hake_survey,D20210702T220344_IFCB117,2021-07-02 22:03:44+00:00,117,3.63509814583333,34.7776,-120.7219,,,,,,1982,,2,0
nwfsc_pacific_hake_survey,D20210702T222726_IFCB117,2021-07-02 22:27:26+00:00,117,3.90926389583333,34.836,-120.7467,,,,,,1581,,2,0
nwfsc_pacific_hake_survey,D20210702T225108_IFCB117,2021-07-02 22:51:08+00:00,117,4.63610985416667,34.9036,-120.7595,,,,,,381,,2,0
nwfsc_pacific_hake_survey,D20210702T231451_IFCB117,2021-07-02 23:14:51+00:00,117,4.73857809583333,34.9442,-120.7472,,,,,,327,,2,0
nwfsc_pacific_hake_survey,D20210702T233832_IFCB117,2021-07-02 23:38:32+00:00,117,4.62163923333333,34.9448,-120.8198,,,,,,498,,2,0
nwfsc_pacific_hake_survey,D20210703T000215_IFCB117,2021-07-03 00:02:15+00:00,117,4.5887909,34.9453,-120.9049,,,,,,582,,2,0
nwfsc_pacific_hake_survey,D20210703T002556_IFCB117,2021-07-03 00:25:56+00:00,117,4.54930787916667,34.936,-120.8894,,,,,,574,,2,0
nwfsc_pacific_hake_survey,D20210703T004938_IFCB117,2021-07-03 00:49:38+00:00,117,4.70266999583333,34.9214,-120.8524,,,,,,426,,2,0
nwfsc_pacific_hake_survey,D20210703T011320_IFCB117,2021-07-03 01:13:20+00:00,117,4.73443880416667,34.9259,-120.8566,,,,,,375,,2,0
nwfsc_pacific_hake_survey,D20210703T013702_IFCB117,2021-07-03 01:37:02+00:00,117,4.5702152875,34.9451,-120.876,,,,,,601,,2,0
nwfsc_pacific_hake_survey,D20210703T020044_IFCB117,2021-07-03 02:00:44+00:00,117,4.52271722916667,34.957,-120.8894,,,,,,676,,2,0
nwfsc_pacific_hake_survey,D20210703T022426_IFCB117,2021-07-03 02:24:26+00:00,117,4.31096410416667,34.9647,-120.9044,,,,,,983,,2,0
nwfsc_pacific_hake_survey,D20210703T024808_IFCB117,2021-07-03 02:48:08+00:00,117,4.2820168625,34.945,-120.9534,,,,,,1018,,2,0
nwfsc_pacific_hake_survey,D20210703T031150_IFCB117,2021-07-03 03:11:50+00:00,117,4.69357004166667,34.945,-121.0324,,,,,,444,,2,0
nwfsc_pacific_hake_survey,D20210703T033532_IFCB117,2021-07-03 03:35:32+00:00,117,4.45753920833333,34.9273,-121.0458,,,,,,761,,2,0
nwfsc_pacific_hake_survey,D20210703T035914_IFCB117,2021-07-03 03:59:14+00:00,117,4.55580974166667,34.888,-120.967,,,,,,615,,2,0
nwfsc_pacific_hake_survey,D20210703T042257_IFCB117,2021-07-03 04:22:57+00:00,117,4.67287705,34.8516,-120.8893,,,,,,467,,2,0
nwfsc_pacific_hake_survey,D20210703T044639_IFCB117,2021-07-03 04:46:39+00:00,117,4.80576365416667,34.815,-120.8084,,,,,,261,,2,0
nwfsc_pacific_hake_survey,D20210703T051021_IFCB117,2021-07-03 05:10:21+00:00,117,3.81942666666667,34.7779,-120.7269,,,,,,1717,,2,0
nwfsc_pacific_hake_survey,D20210703T053403_IFCB117,2021-07-03 05:34:03+00:00,117,3.9917036875,34.7784,-120.6949,,,,,,1459,,2,0
nwfsc_pacific_hake_survey,D20210703T055745_IFCB117,2021-07-03 05:57:45+00:00,117,4.01648822916667,34.7754,-120.7042,,,,,,1420,,2,0
nwfsc_pacific_hake_survey,D20210703T062127_IFCB117,2021-07-03 06:21:27+00:00,117,4.01895675,34.778,-120.7891,,,,,,1398,,2,0
nwfsc_pacific_hake_survey,D20210703T064509_IFCB117,2021-07-03 06:45:09+00:00,117,4.0430955375,34.7787,-120.8527,,,,,,1391,,2,0
nwfsc_pacific_hake_survey,D20210703T070851_IFCB117,2021-07-03 07:08:51+00:00,117,4.02348401666667,34.7762,-120.8557,,,,,,1408,,2,0
nwfsc_pacific_hake_survey,D20210703T073233_IFCB117,2021-07-03 07:32:33+00:00,117,3.99802338333333,34.7788,-120.9001,,,,,,1448,,2,0
nwfsc_pacific_hake_survey,D20210703T075615_IFCB117,2021-07-03 07:56:15+00:00,117,3.97869244583333,34.7798,-120.9359,,,,,,1478,,2,0
nwfsc_pacific_hake_survey,D20210703T081957_IFCB117,2021-07-03 08:19:57+00:00,117,3.99561191666667,34.778,-120.9389,,,,,,1449,,2,0
nwfsc_pacific_hake_survey,D20210703T084339_IFCB117,2021-07-03 08:43:39+00:00,117,4.14312324583333,34.7784,-120.9901,,,,,,1237,,2,0
nwfsc_pacific_hake_survey,D20210703T093324_IFCB117,2021-07-03 09:33:24+00:00,117,4.69195505,34.7797,-121.0697,,,,,,423,,2,0
nwfsc_pacific_hake_survey,D20210703T095706_IFCB117,2021-07-03 09:57:06+00:00,117,4.42936595,34.7784,-121.0743,,,,,,795,,2,0
nwfsc_pacific_hake_survey,D20210703T102048_IFCB117,2021-07-03 10:20:48+00:00,117,4.68275514583333,34.7778,-121.0787,,,,,,436,,2,0
nwfsc_pacific_hake_survey,D20210703T104430_IFCB117,2021-07-03 10:44:30+00:00,117,4.81216930416667,34.8081,-121.08,,,,,,253,,2,0
nwfsc_pacific_hake_survey,D20210703T110811_IFCB117,2021-07-03 11:08:11+00:00,117,4.7189375625,34.8374,-121.0734,,,,,,309,,2,0
nwfsc_pacific_hake_survey,D20210703T113154_IFCB117,2021-07-03 11:31:54+00:00,117,4.75591569166667,34.8611,-121.0662,,,,,,310,,2,0
nwfsc_pacific_hake_survey,D20210703T115536_IFCB117,2021-07-03 11:55:36+00:00,117,4.73711391666667,34.8874,-121.0567,,,,,,341,,2,0
nwfsc_pacific_hake_survey,D20210703T121918_IFCB117,2021-07-03 12:19:18+00:00,117,4.69146130833333,34.9157,-121.0509,,,,,,414,,2,0
nwfsc_pacific_hake_survey,D20210703T124259_IFCB117,2021-07-03 12:42:59+00:00,117,4.8101765375,34.9386,-121.0469,,,,,,234,,2,0
nwfsc_pacific_hake_survey,D20210703T130641_IFCB117,2021-07-03 13:06:41+00:00,117,4.74871207916667,34.9451,-121.1066,,,,,,220,,2,0
nwfsc_pacific_hake_survey,D20210703T133022_IFCB117,2021-07-03 13:30:22+00:00,117,4.7887417375,34.9451,-121.1949,,,,,,290,,2,0
nwfsc_pacific_hake_survey,D20210703T135404_IFCB117,2021-07-03 13:54:04+00:00,117,4.83802022916667,34.9451,-121.25,,,,,,194,,2,0
nwfsc_pacific_hake_survey,D20210703T141745_IFCB117,2021-07-03 14:17:45+00:00,117,4.8177353875,34.9451,-121.3338,,,,,,242,,2,0
nwfsc_pacific_hake_survey,D20210703T144128_IFCB117,2021-07-03 14:41:28+00:00,117,4.78769899166667,34.9445,-121.4211,,,,,,300,,2,0
nwfsc_pacific_hake_survey,D20210703T150510_IFCB117,2021-07-03 15:05:10+00:00,117,4.73435972916667,34.9449,-121.5072,,,,,,366,,2,0
nwfsc_pacific_hake_survey,D20210703T152852_IFCB117,2021-07-03 15:28:52+00:00,117,4.76674436666667,34.945,-121.5782,,,,,,208,,2,0
nwfsc_pacific_hake_survey,D20210703T155234_IFCB117,2021-07-03 15:52:34+00:00,117,4.72222546666667,34.9448,-121.6202,,,,,,375,,2,0
nwfsc_pacific_hake_survey,D20210703T161616_IFCB117,2021-07-03 16:16:16+00:00,117,4.85840713333333,34.9427,-121.695,,,,,,89,,2,0
nwfsc_pacific_hake_survey,D20210703T163958_IFCB117,2021-07-03 16:39:58+00:00,117,4.83533113333333,34.9199,-121.6352,,,,,,211,,2,0
nwfsc_pacific_hake_survey,D20210703T170340_IFCB117,2021-07-03 17:03:40+00:00,117,4.71319315833333,34.926,-121.63,,,,,,351,,2,0
nwfsc_pacific_hake_survey,D20210703T172722_IFCB117,2021-07-03 17:27:22+00:00,117,4.79775458333333,34.9388,-121.6453,,,,,,242,,2,0
nwfsc_pacific_hake_survey,D20210703T175104_IFCB117,2021-07-03 17:51:04+00:00,117,4.8254166875,34.9378,-121.6435,,,,,,102,,2,0
nwfsc_pacific_hake_survey,D20210703T181446_IFCB117,2021-07-03 18:14:46+00:00,117,4.7509750875,34.9211,-121.6251,,,,,,336,,2,0
nwfsc_pacific_hake_survey,D20210703T183827_IFCB117,2021-07-03 18:38:27+00:00,117,4.7425137875,34.9381,-121.6436,,,,,,334,,2,0
nwfsc_pacific_hake_survey,D20210703T190209_IFCB117,2021-07-03 19:02:09+00:00,117,4.8781691,34.9561,-121.6605,,,,,,93,,2,0
nwfsc_pacific_hake_survey,D20210703T192551_IFCB117,2021-07-03 19:25:51+00:00,117,4.53610046666667,34.9721,-121.6743,,,,,,55,,2,0
nwfsc_pacific_hake_survey,D20210703T194933_IFCB117,2021-07-03 19:49:33+00:00,117,4.68692492916667,34.9887,-121.6859,,,,,,43,,2,0
nwfsc_pacific_hake_survey,D20210703T201315_IFCB117,2021-07-03 20:13:15+00:00,117,4.79847432083333,35.0249,-121.7084,,,,,,274,,2,0
nwfsc_pacific_hake_survey,D20210703T203659_IFCB117,2021-07-03 20:36:59+00:00,117,4.84083307916667,35.0899,-121.7275,,,,,,214,,2,0
nwfsc_pacific_hake_survey,D20210703T210041_IFCB117,2021-07-03 21:00:41+00:00,117,4.85530807916667,35.1116,-121.6715,,,,,,88,,2,0
nwfsc_pacific_hake_survey,D20210703T212423_IFCB117,2021-07-03 21:24:23+00:00,117,4.83015614166667,35.1117,-121.5803,,,,,,80,,2,0
nwfsc_pacific_hake_survey,D20210703T214804_IFCB117,2021-07-03 21:48:04+00:00,117,4.88168761666667,35.1119,-121.4888,,,,,,52,,2,0
nwfsc_pacific_hake_survey,D20210703T221146_IFCB117,2021-07-03 22:11:46+00:00,117,4.8753013875,35.1117,-121.4024,,,,,,57,,2,0
nwfsc_pacific_hake_survey,D20210703T223529_IFCB117,2021-07-03 22:35:29+00:00,117,4.9166010125,35.1116,-121.3114,,,,,,101,,2,0
nwfsc_pacific_hake_survey,D20210703T225911_IFCB117,2021-07-03 22:59:11+00:00,117,4.84698098333333,35.1117,-121.2204,,,,,,147,,2,0
nwfsc_pacific_hake_survey,D20210703T232253_IFCB117,2021-07-03 23:22:53+00:00,117,4.88431055833333,35.1118,-121.1386,,,,,,99,,2,0
nwfsc_pacific_hake_survey,D20210703T234635_IFCB117,2021-07-03 23:46:35+00:00,117,4.88167014583333,35.1118,-121.0522,,,,,,73,,2,0
nwfsc_pacific_hake_survey,D20210704T001016_IFCB117,2021-07-04 00:10:16+00:00,117,4.69411031666667,35.1112,-120.9673,,,,,,397,,2,0
nwfsc_pacific_hake_survey,D20210704T003400_IFCB117,2021-07-04 00:34:00+00:00,117,4.638355975,35.108,-120.8922,,,,,,487,,2,0
nwfsc_pacific_hake_survey,D20210704T005741_IFCB117,2021-07-04 00:57:41+00:00,117,4.47772347083333,35.0941,-120.9059,,,,,,725,,2,0
nwfsc_pacific_hake_survey,D20210704T014705_IFCB117,2021-07-04 01:47:05+00:00,117,4.73932656666667,35.1189,-120.955,,,,,,366,,2,0
nwfsc_pacific_hake_survey,D20210704T021047_IFCB117,2021-07-04 02:10:47+00:00,117,4.61025360833333,35.1284,-120.976,,,,,,553,,2,0
nwfsc_pacific_hake_survey,D20210704T023428_IFCB117,2021-07-04 02:34:28+00:00,117,4.60851316666667,35.1386,-120.9973,,,,,,563,,2,0
nwfsc_pacific_hake_survey,D20210704T025810_IFCB117,2021-07-04 02:58:10+00:00,117,4.82514233333333,35.1392,-121.0462,,,,,,238,,2,0
nwfsc_pacific_hake_survey,D20210704T032152_IFCB117,2021-07-04 03:21:52+00:00,117,4.84249682916667,35.1283,-121.1206,,,,,,181,,2,0
nwfsc_pacific_hake_survey,D20210704T034534_IFCB117,2021-07-04 03:45:34+00:00,117,4.8607339125,35.1235,-121.2081,,,,,,157,,2,0
nwfsc_pacific_hake_survey,D20210704T040916_IFCB117,2021-07-04 04:09:16+00:00,117,4.7941773375,35.1148,-121.2982,,,,,,220,,2,0
nwfsc_pacific_hake_survey,D20210704T043258_IFCB117,2021-07-04 04:32:58+00:00,117,4.85451322916667,35.1099,-121.3788,,,,,,145,,2,0
nwfsc_pacific_hake_survey,D20210704T045640_IFCB117,2021-07-04 04:56:40+00:00,117,4.75705997916667,35.1075,-121.3829,,,,,,138,,2,0
nwfsc_pacific_hake_survey,D20210704T052022_IFCB117,2021-07-04 05:20:22+00:00,117,4.72937775833333,35.1043,-121.3851,,,,,,119,,2,0
nwfsc_pacific_hake_survey,D20210704T054403_IFCB117,2021-07-04 05:44:03+00:00,117,4.85721687916667,35.1086,-121.3524,,,,,,141,,2,0
nwfsc_pacific_hake_survey,D20210704T060745_IFCB117,2021-07-04 06:07:45+00:00,117,4.48790755833333,35.1113,-121.2762,,,,,,692,,2,0
nwfsc_pacific_hake_survey,D20210704T063127_IFCB117,2021-07-04 06:31:27+00:00,117,4.54231453333333,35.1133,-121.2754,,,,,,637,,2,0
nwfsc_pacific_hake_survey,D20210704T065510_IFCB117,2021-07-04 06:55:10+00:00,117,4.5231840375,35.113,-121.2766,,,,,,674,,2,0
nwfsc_pacific_hake_survey,D20210704T071852_IFCB117,2021-07-04 07:18:52+00:00,117,4.79931395,35.1122,-121.2014,,,,,,270,,2,0
nwfsc_pacific_hake_survey,D20210704T074234_IFCB117,2021-07-04 07:42:34+00:00,117,4.85544015,35.1123,-121.1751,,,,,,176,,2,0
nwfsc_pacific_hake_survey,D20210704T080616_IFCB117,2021-07-04 08:06:16+00:00,117,4.81749071666667,35.112,-121.1753,,,,,,202,,2,0
nwfsc_pacific_hake_survey,D20210704T082958_IFCB117,2021-07-04 08:29:58+00:00,117,4.88362489166667,35.1119,-121.1287,,,,,,91,,2,0
nwfsc_pacific_hake_survey,D20210704T085341_IFCB117,2021-07-04 08:53:41+00:00,117,4.69706121666667,35.1117,-121.0735,,,,,,279,,2,0
nwfsc_pacific_hake_survey,D20210704T091723_IFCB117,2021-07-04 09:17:23+00:00,117,4.81032722916667,35.1117,-121.0735,,,,,,253,,2,0
nwfsc_pacific_hake_survey,D20210704T094105_IFCB117,2021-07-04 09:41:05+00:00,117,4.71282586666667,35.1117,-121.0735,,,,,,360,,2,0
nwfsc_pacific_hake_survey,D20210704T100447_IFCB117,2021-07-04 10:04:47+00:00,117,4.82513162916667,35.1118,-121.0077,,,,,,211,,2,0
nwfsc_pacific_hake_survey,D20210704T102829_IFCB117,2021-07-04 10:28:29+00:00,117,4.796758725,35.1124,-120.9656,,,,,,206,,2,0
nwfsc_pacific_hake_survey,D20210704T105211_IFCB117,2021-07-04 10:52:11+00:00,117,4.80837565833333,35.1119,-120.9665,,,,,,262,,2,0
nwfsc_pacific_hake_survey,D20210704T111552_IFCB117,2021-07-04 11:15:52+00:00,117,4.589003625,35.1119,-120.9072,,,,,,540,,2,0
nwfsc_pacific_hake_survey,D20210704T113934_IFCB117,2021-07-04 11:39:34+00:00,117,4.62729453333333,35.1112,-120.8856,,,,,,511,,2,0
nwfsc_pacific_hake_survey,D20210704T120316_IFCB117,2021-07-04 12:03:16+00:00,117,4.58693999583333,35.1106,-120.8965,,,,,,579,,2,0
nwfsc_pacific_hake_survey,D20210704T122658_IFCB117,2021-07-04 12:26:58+00:00,117,4.57956280833333,35.1139,-120.9123,,,,,,596,,2,0
nwfsc_pacific_hake_survey,D20210704T125040_IFCB117,2021-07-04 12:50:40+00:00,117,4.6052850875,35.1144,-120.9133,,,,,,559,,2,0
nwfsc_pacific_hake_survey,D20210704T131423_IFCB117,2021-07-04 13:14:23+00:00,117,4.68892372083333,35.1112,-120.8438,,,,,,351,,2,0
nwfsc_pacific_hake_survey,D20210704T133805_IFCB117,2021-07-04 13:38:05+00:00,117,4.50159090833333,35.1104,-120.7713,,,,,,740,,2,0
nwfsc_pacific_hake_survey,D20210704T140147_IFCB117,2021-07-04 14:01:47+00:00,117,4.72724425,35.1119,-120.8462,,,,,,382,,2,0
nwfsc_pacific_hake_survey,D20210704T142529_IFCB117,2021-07-04 14:25:29+00:00,117,4.68621495833333,35.159,-120.9008,,,,,,397,,2,0
nwfsc_pacific_hake_survey,D20210704T144911_IFCB117,2021-07-04 14:49:11+00:00,117,4.702783875,35.2131,-120.9567,,,,,,444,,2,0
nwfsc_pacific_hake_survey,D20210704T151253_IFCB117,2021-07-04 15:12:53+00:00,117,4.81992182083333,35.2689,-120.9479,,,,,,267,,2,0
nwfsc_pacific_hake_survey,D20210704T153635_IFCB117,2021-07-04 15:36:35+00:00,117,4.63446004166667,35.2787,-121.0012,,,,,,664,,2,0
nwfsc_pacific_hake_survey,D20210704T160017_IFCB117,2021-07-04 16:00:17+00:00,117,4.79659173333333,35.2783,-121.0908,,,,,,289,,2,0
nwfsc_pacific_hake_survey,D20210704T162400_IFCB117,2021-07-04 16:24:00+00:00,117,4.69137318333333,35.2664,-121.0901,,,,,,547,,2,0
nwfsc_pacific_hake_survey,D20210704T164742_IFCB117,2021-07-04 16:47:42+00:00,117,4.87339934166667,35.2638,-121.0527,,,,,,151,,2,0
nwfsc_pacific_hake_survey,D20210704T171124_IFCB117,2021-07-04 17:11:24+00:00,117,4.87971856666667,35.2823,-121.0716,,,,,,116,,2,0
nwfsc_pacific_hake_survey,D20210704T180048_IFCB117,2021-07-04 18:00:48+00:00,117,4.74720836666667,35.3133,-121.1075,,,,,,307,,2,0
nwfsc_pacific_hake_survey,D20210704T182430_IFCB117,2021-07-04 18:24:30+00:00,117,4.74091904583333,35.3244,-121.1199,,,,,,327,,2,0
nwfsc_pacific_hake_survey,D20210704T184812_IFCB117,2021-07-04 18:48:12+00:00,117,4.67953030833333,35.2789,-121.1453,,,,,,456,,2,0
nwfsc_pacific_hake_survey,D20210704T191153_IFCB117,2021-07-04 19:11:53+00:00,117,4.90327617916667,35.2783,-121.2281,,,,,,55,,2,0
nwfsc_pacific_hake_survey,D20210704T193535_IFCB117,2021-07-04 19:35:35+00:00,117,4.75052312083333,35.279,-121.3143,,,,,,51,,2,0
nwfsc_pacific_hake_survey,D20210704T195917_IFCB117,2021-07-04 19:59:17+00:00,117,4.802738825,35.2785,-121.3765,,,,,,244,,2,0
nwfsc_pacific_hake_survey,D20210704T202259_IFCB117,2021-07-04 20:22:59+00:00,117,4.87474742083333,35.2782,-121.426,,,,,,154,,2,0
nwfsc_pacific_hake_survey,D20210704T204641_IFCB117,2021-07-04 20:46:41+00:00,117,4.51526051666667,35.2779,-121.5169,,,,,,703,,2,0
nwfsc_pacific_hake_survey,D20210704T211023_IFCB117,2021-07-04 21:10:23+00:00,117,4.62676845416667,35.2783,-121.6091,,,,,,538,,2,0
nwfsc_pacific_hake_survey,D20210704T213404_IFCB117,2021-07-04 21:34:04+00:00,117,4.82937679166667,35.2786,-121.6998,,,,,,167,,2,0
nwfsc_pacific_hake_survey,D20210704T215746_IFCB117,2021-07-04 21:57:46+00:00,117,4.86853273333333,35.2782,-121.744,,,,,,163,,2,0
nwfsc_pacific_hake_survey,D20210704T222128_IFCB117,2021-07-04 22:21:28+00:00,117,4.86085043333333,35.2989,-121.8185,,,,,,50,,2,0
nwfsc_pacific_hake_survey,D20210704T224510_IFCB117,2021-07-04 22:45:10+00:00,117,4.945414825,35.3616,-121.8651,,,,,,32,,2,0
nwfsc_pacific_hake_survey,D20210704T230851_IFCB117,2021-07-04 23:08:51+00:00,117,4.91075847083333,35.4208,-121.9126,,,,,,44,,2,0
nwfsc_pacific_hake_survey,D20210704T233233_IFCB117,2021-07-04 23:32:33+00:00,117,4.874878375,35.4451,-121.8885,,,,,,52,,2,0
nwfsc_pacific_hake_survey,D20210704T235615_IFCB117,2021-07-04 23:56:15+00:00,117,4.842774225,35.4447,-121.7977,,,,,,58,,2,0
nwfsc_pacific_hake_survey,D20210705T001957_IFCB117,2021-07-05 00:19:57+00:00,117,4.38577550833333,35.4451,-121.7118,,,,,,868,,2,0
nwfsc_pacific_hake_survey,D20210705T004338_IFCB117,2021-07-05 00:43:38+00:00,117,4.5342745125,35.4445,-121.6216,,,,,,676,,2,0
nwfsc_pacific_hake_survey,D20210705T010721_IFCB117,2021-07-05 01:07:21+00:00,117,4.40086925,35.445,-121.5315,,,,,,873,,2,0
nwfsc_pacific_hake_survey,D20210705T013103_IFCB117,2021-07-05 01:31:03+00:00,117,4.8379167,35.4447,-121.438,,,,,,81,,2,0
nwfsc_pacific_hake_survey,D20210705T015446_IFCB117,2021-07-05 01:54:46+00:00,117,4.89986009583333,35.4445,-121.3479,,,,,,133,,2,0
nwfsc_pacific_hake_survey,D20210705T021828_IFCB117,2021-07-05 02:18:28+00:00,117,4.73947306666667,35.4453,-121.2521,,,,,,376,,2,0
nwfsc_pacific_hake_survey,D20210705T024210_IFCB117,2021-07-05 02:42:10+00:00,117,4.55181097083333,35.445,-121.1544,,,,,,660,,2,0
nwfsc_pacific_hake_survey,D20210705T030552_IFCB117,2021-07-05 03:05:52+00:00,117,4.52159687916667,35.4448,-121.0642,,,,,,710,,2,0
nwfsc_pacific_hake_survey,D20210705T032934_IFCB117,2021-07-05 03:29:34+00:00,117,4.755646475,35.4304,-121.0059,,,,,,341,,2,0
nwfsc_pacific_hake_survey,D20210705T035316_IFCB117,2021-07-05 03:53:16+00:00,117,4.7981361125,35.4089,-120.9547,,,,,,211,,2,0
nwfsc_pacific_hake_survey,D20210705T041658_IFCB117,2021-07-05 04:16:58+00:00,117,4.83149074166667,35.4113,-120.9468,,,,,,220,,2,0
nwfsc_pacific_hake_survey,D20210705T044041_IFCB117,2021-07-05 04:40:41+00:00,117,4.80755380833333,35.413,-120.9429,,,,,,263,,2,0
nwfsc_pacific_hake_survey,D20210705T050423_IFCB117,2021-07-05 05:04:23+00:00,117,4.77243985,35.4293,-121.0024,,,,,,230,,2,0
nwfsc_pacific_hake_survey,D20210705T052804_IFCB117,2021-07-05 05:28:04+00:00,117,4.76665822916667,35.4434,-121.0161,,,,,,278,,2,0
nwfsc_pacific_hake_survey,D20210705T055146_IFCB117,2021-07-05 05:51:46+00:00,117,4.80413095,35.4449,-121.0377,,,,,,265,,2,0
nwfsc_pacific_hake_survey,D20210705T061528_IFCB117,2021-07-05 06:15:28+00:00,117,4.59071797916667,35.4453,-121.0833,,,,,,574,,2,0
nwfsc_pacific_hake_survey,D20210705T063910_IFCB117,2021-07-05 06:39:10+00:00,117,4.56293614583333,35.4426,-121.0877,,,,,,589,,2,0
nwfsc_pacific_hake_survey,D20210705T070252_IFCB117,2021-07-05 07:02:52+00:00,117,4.67272834166667,35.445,-121.155,,,,,,463,,2,0
nwfsc_pacific_hake_survey,D20210705T072635_IFCB117,2021-07-05 07:26:35+00:00,117,4.5927851125,35.4455,-121.1594,,,,,,561,,2,0
nwfsc_pacific_hake_survey,D20210705T075018_IFCB117,2021-07-05 07:50:18+00:00,117,4.60514765,35.4455,-121.2061,,,,,,564,,2,0
nwfsc_pacific_hake_survey,D20210705T081401_IFCB117,2021-07-05 08:14:01+00:00,117,4.80405708333333,35.4454,-121.3014,,,,,,218,,2,0
nwfsc_pacific_hake_survey,D20210705T083744_IFCB117,2021-07-05 08:37:44+00:00,117,4.7879153625,35.446,-121.3118,,,,,,290,,2,0
nwfsc_pacific_hake_survey,D20210705T090126_IFCB117,2021-07-05 09:01:26+00:00,117,4.7763226625,35.4474,-121.3147,,,,,,305,,2,0
nwfsc_pacific_hake_survey,D20210705T092508_IFCB117,2021-07-05 09:25:08+00:00,117,4.57412414166667,35.4456,-121.3961,,,,,,607,,2,0
nwfsc_pacific_hake_survey,D20210705T101411_IFCB117,2021-07-05 10:14:11+00:00,117,4.83949165416667,35.4464,-121.419,,,,,,102,,2,0
nwfsc_pacific_hake_survey,D20210705T103753_IFCB117,2021-07-05 10:37:53+00:00,117,4.62843959166667,35.4453,-121.3725,,,,,,528,,2,0
nwfsc_pacific_hake_survey,D20210705T110135_IFCB117,2021-07-05 11:01:35+00:00,117,4.81416889166667,35.4452,-121.3236,,,,,,250,,2,0
nwfsc_pacific_hake_survey,D20210705T112517_IFCB117,2021-07-05 11:25:17+00:00,117,4.87515215416667,35.4461,-121.2789,,,,,,161,,2,0
nwfsc_pacific_hake_survey,D20210705T114858_IFCB117,2021-07-05 11:48:58+00:00,117,4.64066253333333,35.4423,-121.2611,,,,,,484,,2,0
nwfsc_pacific_hake_survey,D20210705T121240_IFCB117,2021-07-05 12:12:40+00:00,117,4.67254097083333,35.4458,-121.2696,,,,,,459,,2,0
nwfsc_pacific_hake_survey,D20210705T123622_IFCB117,2021-07-05 12:36:22+00:00,117,4.88263247083333,35.4415,-121.2768,,,,,,125,,2,0
nwfsc_pacific_hake_survey,D20210705T130005_IFCB117,2021-07-05 13:00:05+00:00,117,4.64737749583333,35.4452,-121.2044,,,,,,484,,2,0
nwfsc_pacific_hake_survey,D20210705T132347_IFCB117,2021-07-05 13:23:47+00:00,117,4.81677453333333,35.4456,-121.1174,,,,,,248,,2,0
nwfsc_pacific_hake_survey,D20210705T134729_IFCB117,2021-07-05 13:47:29+00:00,117,4.69611507083333,35.4455,-121.1692,,,,,,409,,2,0
nwfsc_pacific_hake_survey,D20210705T141111_IFCB117,2021-07-05 14:11:11+00:00,117,4.6832217875,35.4423,-121.2259,,,,,,439,,2,0
nwfsc_pacific_hake_survey,D20210705T143453_IFCB117,2021-07-05 14:34:53+00:00,117,4.85877729166667,35.4229,-121.1566,,,,,,207,,2,0
nwfsc_pacific_hake_survey,D20210705T145836_IFCB117,2021-07-05 14:58:36+00:00,117,4.73611814583333,35.4232,-121.1469,,,,,,460,,2,0
nwfsc_pacific_hake_survey,D20210705T152218_IFCB117,2021-07-05 15:22:18+00:00,117,4.82798638333333,35.4449,-121.1647,,,,,,277,,2,0
nwfsc_pacific_hake_survey,D20210705T154600_IFCB117,2021-07-05 15:46:00+00:00,117,4.6791792375,35.4611,-121.1809,,,,,,584,,2,0
nwfsc_pacific_hake_survey,D20210705T160942_IFCB117,2021-07-05 16:09:42+00:00,117,4.733579225,35.4724,-121.1954,,,,,,440,,2,0
nwfsc_pacific_hake_survey,D20210705T163324_IFCB117,2021-07-05 16:33:24+00:00,117,4.7325326125,35.477,-121.2222,,,,,,472,,2,0
nwfsc_pacific_hake_survey,D20210705T165706_IFCB117,2021-07-05 16:57:06+00:00,117,4.8226952125,35.4444,-121.1991,,,,,,310,,2,0
nwfsc_pacific_hake_survey,D20210705T172048_IFCB117,2021-07-05 17:20:48+00:00,117,4.89250680833333,35.445,-121.2893,,,,,,158,,2,0
nwfsc_pacific_hake_survey,D20210705T174431_IFCB117,2021-07-05 17:44:31+00:00,117,4.91152824583333,35.4121,-121.242,,,,,,151,,2,0
nwfsc_pacific_hake_survey,D20210705T180813_IFCB117,2021-07-05 18:08:13+00:00,117,4.74813257916667,35.4052,-121.2137,,,,,,427,,2,0
nwfsc_pacific_hake_survey,D20210705T183155_IFCB117,2021-07-05 18:31:55+00:00,117,4.66988638333333,35.4241,-121.2219,,,,,,560,,2,0
nwfsc_pacific_hake_survey,D20210705T185538_IFCB117,2021-07-05 18:55:38+00:00,117,4.73672114583333,35.4494,-121.2336,,,,,,496,,2,0
nwfsc_pacific_hake_survey,D20210705T191920_IFCB117,2021-07-05 19:19:20+00:00,117,4.75938600416667,35.4686,-121.243,,,,,,439,,2,0
nwfsc_pacific_hake_survey,D20210705T194302_IFCB117,2021-07-05 19:43:02+00:00,117,4.74983355,35.4879,-121.252,,,,,,396,,2,0
nwfsc_pacific_hake_survey,D20210705T200645_IFCB117,2021-07-05 20:06:45+00:00,117,4.78127289166667,35.5092,-121.2562,,,,,,400,,2,0
nwfsc_pacific_hake_survey,D20210705T203027_IFCB117,2021-07-05 20:30:27+00:00,117,4.76161513333333,35.5517,-121.2495,,,,,,445,,2,0
nwfsc_pacific_hake_survey,D20210705T205409_IFCB117,2021-07-05 20:54:09+00:00,117,4.8204115375,35.5996,-121.2261,,,,,,283,,2,0
nwfsc_pacific_hake_survey,D20210705T211752_IFCB117,2021-07-05 21:17:52+00:00,117,4.76072577916667,35.6114,-121.2765,,,,,,422,,2,0
nwfsc_pacific_hake_survey,D20210705T214134_IFCB117,2021-07-05 21:41:34+00:00,117,4.79708825,35.6118,-121.3675,,,,,,376,,2,0
nwfsc_pacific_hake_survey,D20210705T220516_IFCB117,2021-07-05 22:05:16+00:00,117,4.77007464583333,35.6081,-121.4504,,,,,,417,,2,0
nwfsc_pacific_hake_survey,D20210705T222859_IFCB117,2021-07-05 22:28:59+00:00,117,4.73018845,35.6025,-121.3773,,,,,,436,,2,0
nwfsc_pacific_hake_survey,D20210705T225241_IFCB117,2021-07-05 22:52:41+00:00,117,4.78048389583333,35.5949,-121.3121,,,,,,369,,2,0
nwfsc_pacific_hake_survey,D20210705T231623_IFCB117,2021-07-05 23:16:23+00:00,117,4.65849959166667,35.6049,-121.333,,,,,,435,,2,0
nwfsc_pacific_hake_survey,D20210705T234004_IFCB117,2021-07-05 23:40:04+00:00,117,4.58544438333333,35.6165,-121.3608,,,,,,592,,2,0
nwfsc_pacific_hake_survey,D20210706T000346_IFCB117,2021-07-06 00:03:46+00:00,117,4.64325059583333,35.6259,-121.383,,,,,,449,,2,0
nwfsc_pacific_hake_survey,D20210706T002728_IFCB117,2021-07-06 00:27:28+00:00,117,4.62022293333333,35.631,-121.4105,,,,,,530,,2,0
nwfsc_pacific_hake_survey,D20210706T005110_IFCB117,2021-07-06 00:51:10+00:00,117,4.68979823333333,35.6114,-121.457,,,,,,448,,2,0
nwfsc_pacific_hake_survey,D20210706T011451_IFCB117,2021-07-06 01:14:51+00:00,117,4.37922926666667,35.6117,-121.545,,,,,,918,,2,0
nwfsc_pacific_hake_survey,D20210706T013833_IFCB117,2021-07-06 01:38:33+00:00,117,4.47291685833333,35.6121,-121.6401,,,,,,760,,2,0
nwfsc_pacific_hake_survey,D20210706T022757_IFCB117,2021-07-06 02:27:57+00:00,117,4.73305346666667,35.6111,-121.8257,,,,,,42,,2,0
nwfsc_pacific_hake_survey,D20210706T025139_IFCB117,2021-07-06 02:51:39+00:00,117,4.50525125833333,35.6115,-121.9158,,,,,,20,,2,0
nwfsc_pacific_hake_survey,D20210706T031521_IFCB117,2021-07-06 03:15:21+00:00,117,4.87023885,35.6122,-122.0052,,,,,,33,,2,0
nwfsc_pacific_hake_survey,D20210706T033903_IFCB117,2021-07-06 03:39:03+00:00,117,4.2979698625,35.6209,-122.0845,,,,,,28,,2,0
nwfsc_pacific_hake_survey,D20210706T040244_IFCB117,2021-07-06 04:02:44+00:00,117,3.84234270833333,35.6752,-122.1288,,,,,,32,,2,0
nwfsc_pacific_hake_survey,D20210706T042626_IFCB117,2021-07-06 04:26:26+00:00,117,4.93598116666667,35.7324,-122.1772,,,,,,25,,2,0
nwfsc_pacific_hake_survey,D20210706T045008_IFCB117,2021-07-06 04:50:08+00:00,117,4.9553853625,35.7791,-122.217,,,,,,34,,2,0
nwfsc_pacific_hake_survey,D20210706T051350_IFCB117,2021-07-06 05:13:50+00:00,117,4.71428757083333,35.7788,-122.2149,,,,,,29,,2,0
nwfsc_pacific_hake_survey,D20210706T053732_IFCB117,2021-07-06 05:37:32+00:00,117,4.89096444583333,35.7769,-122.2152,,,,,,34,,2,0
nwfsc_pacific_hake_survey,D20210706T060114_IFCB117,2021-07-06 06:01:14+00:00,117,4.95899902916667,35.7757,-122.2168,,,,,,32,,2,0
nwfsc_pacific_hake_survey,D20210706T062455_IFCB117,2021-07-06 06:24:55+00:00,117,4.78633892083333,35.7781,-122.1914,,,,,,90,,2,0
nwfsc_pacific_hake_survey,D20210706T064837_IFCB117,2021-07-06 06:48:37+00:00,117,4.7017403875,35.7806,-122.1011,,,,,,167,,2,0
nwfsc_pacific_hake_survey,D20210706T071219_IFCB117,2021-07-06 07:12:19+00:00,117,4.95273455416667,35.7859,-122.009,,,,,,43,,2,0
nwfsc_pacific_hake_survey,D20210706T073601_IFCB117,2021-07-06 07:36:01+00:00,117,4.46086031666667,35.7967,-121.9181,,,,,,82,,2,0
nwfsc_pacific_hake_survey,D20210706T075943_IFCB117,2021-07-06 07:59:43+00:00,117,4.88670484166667,35.7892,-121.8315,,,,,,34,,2,0
nwfsc_pacific_hake_survey,D20210706T082325_IFCB117,2021-07-06 08:23:25+00:00,117,4.74632087916667,35.7776,-121.7438,,,,,,33,,2,0
nwfsc_pacific_hake_survey,D20210706T084706_IFCB117,2021-07-06 08:47:06+00:00,117,4.7404605125,35.7783,-121.6551,,,,,,375,,2,0
nwfsc_pacific_hake_survey,D20210706T091048_IFCB117,2021-07-06 09:10:48+00:00,117,4.44842342083333,35.7786,-121.5698,,,,,,805,,2,0
nwfsc_pacific_hake_survey,D20210706T093430_IFCB117,2021-07-06 09:34:30+00:00,117,4.4276804125,35.7785,-121.5297,,,,,,833,,2,0
nwfsc_pacific_hake_survey,D20210706T095812_IFCB117,2021-07-06 09:58:12+00:00,117,4.43809794583333,35.7784,-121.5298,,,,,,834,,2,0
nwfsc_pacific_hake_survey,D20210706T102154_IFCB117,2021-07-06 10:21:54+00:00,117,4.44987564583333,35.7783,-121.5298,,,,,,759,,2,0
nwfsc_pacific_hake_survey,D20210706T104536_IFCB117,2021-07-06 10:45:36+00:00,117,4.47357342083333,35.7779,-121.4964,,,,,,748,,2,0
nwfsc_pacific_hake_survey,D20210706T110918_IFCB117,2021-07-06 11:09:18+00:00,117,4.55340897083333,35.7772,-121.4925,,,,,,638,,2,0
nwfsc_pacific_hake_survey,D20210706T113300_IFCB117,2021-07-06 11:33:00+00:00,117,4.51905942916667,35.7798,-121.4797,,,,,,660,,2,0
nwfsc_pacific_hake_survey,D20210706T115642_IFCB117,2021-07-06 11:56:42+00:00,117,4.51805525416667,35.776,-121.4689,,,,,,702,,2,0
nwfsc_pacific_hake_survey,D20210706T122023_IFCB117,2021-07-06 12:20:23+00:00,117,4.67548475416667,35.7775,-121.4215,,,,,,449,,2,0
nwfsc_pacific_hake_survey,D20210706T124405_IFCB117,2021-07-06 12:44:05+00:00,117,4.65170559583333,35.7775,-121.3684,,,,,,480,,2,0
nwfsc_pacific_hake_survey,D20210706T130747_IFCB117,2021-07-06 13:07:47+00:00,117,4.67085307083333,35.7775,-121.3931,,,,,,467,,2,0
nwfsc_pacific_hake_survey,D20210706T133129_IFCB117,2021-07-06 13:31:29+00:00,117,4.57499584166667,35.7783,-121.4838,,,,,,614,,2,0
nwfsc_pacific_hake_survey,D20210706T135510_IFCB117,2021-07-06 13:55:10+00:00,117,4.48534431666667,35.7784,-121.5702,,,,,,746,,2,0
nwfsc_pacific_hake_survey,D20210706T141852_IFCB117,2021-07-06 14:18:52+00:00,117,4.56239835833333,35.7781,-121.6533,,,,,,592,,2,0
nwfsc_pacific_hake_survey,D20210706T144234_IFCB117,2021-07-06 14:42:34+00:00,117,4.62060214166667,35.7787,-121.7401,,,,,,502,,2,0
nwfsc_pacific_hake_survey,D20210706T150616_IFCB117,2021-07-06 15:06:16+00:00,117,4.87178510833333,35.7783,-121.8279,,,,,,51,,2,0
nwfsc_pacific_hake_survey,D20210706T152957_IFCB117,2021-07-06 15:29:57+00:00,117,4.74902992916667,35.7977,-121.8725,,,,,,42,,2,0
nwfsc_pacific_hake_survey,D20210706T155339_IFCB117,2021-07-06 15:53:39+00:00,117,4.81992107083333,35.7934,-121.9429,,,,,,46,,2,0
nwfsc_pacific_hake_survey,D20210706T161721_IFCB117,2021-07-06 16:17:21+00:00,117,4.88460537916667,35.7783,-121.9965,,,,,,60,,2,0
nwfsc_pacific_hake_survey,D20210706T164103_IFCB117,2021-07-06 16:41:03+00:00,117,4.75228662916667,35.7784,-122.0819,,,,,,198,,2,0
nwfsc_pacific_hake_survey,D20210706T170445_IFCB117,2021-07-06 17:04:45+00:00,117,4.8170118125,35.7781,-122.1633,,,,,,128,,2,0
nwfsc_pacific_hake_survey,D20210706T172826_IFCB117,2021-07-06 17:28:26+00:00,117,4.772992325,35.7925,-122.2033,,,,,,56,,2,0
nwfsc_pacific_hake_survey,D20210706T175208_IFCB117,2021-07-06 17:52:08+00:00,117,4.7417286625,35.8444,-122.1472,,,,,,130,,2,0
nwfsc_pacific_hake_survey,D20210706T184110_IFCB117,2021-07-06 18:41:10+00:00,117,4.00356639583333,35.9444,-122.0366,,,,,,18,,2,0
nwfsc_pacific_hake_survey,D20210706T190452_IFCB117,2021-07-06 19:04:52+00:00,117,4.6049545375,35.9451,-121.9817,,,,,,31,,2,0
nwfsc_pacific_hake_survey,D20210706T192834_IFCB117,2021-07-06 19:28:34+00:00,117,4.85749800833333,35.9452,-121.9093,,,,,,38,,2,0
nwfsc_pacific_hake_survey,D20210706T195215_IFCB117,2021-07-06 19:52:15+00:00,117,4.72539239166667,35.9457,-121.8202,,,,,,17,,2,0
nwfsc_pacific_hake_survey,D20210706T201558_IFCB117,2021-07-06 20:15:58+00:00,117,4.8387044,35.9445,-121.7368,,,,,,23,,2,0
nwfsc_pacific_hake_survey,D20210706T203940_IFCB117,2021-07-06 20:39:40+00:00,117,4.9511042375,35.944,-121.6915,,,,,,51,,2,0
nwfsc_pacific_hake_survey,D20210706T210323_IFCB117,2021-07-06 21:03:23+00:00,117,4.96245270833333,35.9225,-121.7323,,,,,,35,,2,0
nwfsc_pacific_hake_survey,D20210706T212704_IFCB117,2021-07-06 21:27:04+00:00,117,4.7937510125,35.9314,-121.753,,,,,,21,,2,0
nwfsc_pacific_hake_survey,D20210706T215046_IFCB117,2021-07-06 21:50:46+00:00,117,4.50593675,35.9534,-121.7695,,,,,,25,,2,0
nwfsc_pacific_hake_survey,D20210706T221428_IFCB117,2021-07-06 22:14:28+00:00,117,4.8674577,35.9712,-121.7857,,,,,,38,,2,0
nwfsc_pacific_hake_survey,D20210706T223810_IFCB117,2021-07-06 22:38:10+00:00,117,4.8975794875,35.9897,-121.7955,,,,,,44,,2,0
nwfsc_pacific_hake_survey,D20210706T230152_IFCB117,2021-07-06 23:01:52+00:00,117,4.9424815875,35.9869,-121.777,,,,,,67,,2,0
nwfsc_pacific_hake_survey,D20210706T232534_IFCB117,2021-07-06 23:25:34+00:00,117,4.90944994166667,35.9491,-121.7043,,,,,,56,,2,0
nwfsc_pacific_hake_survey,D20210706T234916_IFCB117,2021-07-06 23:49:16+00:00,117,4.53367565833333,35.9449,-121.6202,,,,,,698,,2,0
nwfsc_pacific_hake_survey,D20210707T001300_IFCB117,2021-07-07 00:13:00+00:00,117,4.53476522083333,35.9452,-121.544,,,,,,685,,2,0
nwfsc_pacific_hake_survey,D20210707T003642_IFCB117,2021-07-07 00:36:42+00:00,117,4.60955859166667,35.9499,-121.527,,,,,,550,,2,0
nwfsc_pacific_hake_survey,D20210707T010024_IFCB117,2021-07-07 01:00:24+00:00,117,4.48344699583333,35.9792,-121.577,,,,,,744,,2,0
nwfsc_pacific_hake_survey,D20210707T012407_IFCB117,2021-07-07 01:24:07+00:00,117,4.611231075,36.0166,-121.6289,,,,,,571,,2,0
nwfsc_pacific_hake_survey,D20210707T014749_IFCB117,2021-07-07 01:47:49+00:00,117,4.63262134583333,36.0633,-121.6478,,,,,,539,,2,0
nwfsc_pacific_hake_survey,D20210707T021132_IFCB117,2021-07-07 02:11:32+00:00,117,4.68211746666667,36.1092,-121.6548,,,,,,455,,2,0
nwfsc_pacific_hake_survey,D20210707T023515_IFCB117,2021-07-07 02:35:15+00:00,117,4.82962670833333,36.1113,-121.7299,,,,,,202,,2,0
nwfsc_pacific_hake_survey,D20210707T025856_IFCB117,2021-07-07 02:58:56+00:00,117,4.70393811666667,36.1105,-121.8006,,,,,,361,,2,0
nwfsc_pacific_hake_survey,D20210707T032239_IFCB117,2021-07-07 03:22:39+00:00,117,4.58662275833333,36.1118,-121.8724,,,,,,613,,2,0
nwfsc_pacific_hake_survey,D20210707T034621_IFCB117,2021-07-07 03:46:21+00:00,117,4.514915175,36.1115,-121.9001,,,,,,732,,2,0
nwfsc_pacific_hake_survey,D20210707T041003_IFCB117,2021-07-07 04:10:03+00:00,117,4.58344417083333,36.109,-121.8458,,,,,,622,,2,0
nwfsc_pacific_hake_survey,D20210707T043345_IFCB117,2021-07-07 04:33:45+00:00,117,4.78630362916667,36.108,-121.7921,,,,,,301,,2,0
nwfsc_pacific_hake_survey,D20210707T045727_IFCB117,2021-07-07 04:57:27+00:00,117,4.8588393375,36.1095,-121.7375,,,,,,194,,2,0
nwfsc_pacific_hake_survey,D20210707T052109_IFCB117,2021-07-07 05:21:09+00:00,117,4.74694815,36.1156,-121.6959,,,,,,190,,2,0
nwfsc_pacific_hake_survey,D20210707T054451_IFCB117,2021-07-07 05:44:51+00:00,117,4.80108467083333,36.1194,-121.7075,,,,,,194,,2,0
nwfsc_pacific_hake_survey,D20210707T060833_IFCB117,2021-07-07 06:08:33+00:00,117,4.80497195416667,36.1212,-121.7131,,,,,,147,,2,0
nwfsc_pacific_hake_survey,D20210707T063215_IFCB117,2021-07-07 06:32:15+00:00,117,4.82164950416667,36.1225,-121.716,,,,,,143,,2,0
nwfsc_pacific_hake_survey,D20210707T065557_IFCB117,2021-07-07 06:55:57+00:00,117,4.8785679375,36.1228,-121.7229,,,,,,119,,2,0
nwfsc_pacific_hake_survey,D20210707T071939_IFCB117,2021-07-07 07:19:39+00:00,117,4.89941811666667,36.1168,-121.7284,,,,,,121,,2,0
nwfsc_pacific_hake_survey,D20210707T074321_IFCB117,2021-07-07 07:43:21+00:00,117,4.90960781666667,36.119,-121.7296,,,,,,104,,2,0
nwfsc_pacific_hake_survey,D20210707T080703_IFCB117,2021-07-07 08:07:03+00:00,117,4.70291872083333,36.1177,-121.7272,,,,,,113,,2,0
nwfsc_pacific_hake_survey,D20210707T083045_IFCB117,2021-07-07 08:30:45+00:00,117,4.88208445416667,36.1219,-121.7217,,,,,,147,,2,0
nwfsc_pacific_hake_survey,D20210707T085427_IFCB117,2021-07-07 08:54:27+00:00,117,4.8919962125,36.1219,-121.7221,,,,,,126,,2,0
nwfsc_pacific_hake_survey,D20210707T091809_IFCB117,2021-07-07 09:18:09+00:00,117,4.89985699166667,36.1207,-121.7236,,,,,,132,,2,0
nwfsc_pacific_hake_survey,D20210707T094151_IFCB117,2021-07-07 09:41:51+00:00,117,4.81876679166667,36.1177,-121.7256,,,,,,148,,2,0
nwfsc_pacific_hake_survey,D20210707T100532_IFCB117,2021-07-07 10:05:32+00:00,117,4.8174816375,36.12,-121.725,,,,,,132,,2,0
nwfsc_pacific_hake_survey,D20210707T105518_IFCB117,2021-07-07 10:55:18+00:00,117,4.73332556666667,36.1176,-121.7293,,,,,,59,,2,0
nwfsc_pacific_hake_survey,D20210707T111900_IFCB117,2021-07-07 11:19:00+00:00,117,4.87725057916667,36.1147,-121.7303,,,,,,120,,2,0
nwfsc_pacific_hake_survey,D20210707T114244_IFCB117,2021-07-07 11:42:44+00:00,117,4.93221190833333,36.115,-121.7527,,,,,,84,,2,0
nwfsc_pacific_hake_survey,D20210707T120626_IFCB117,2021-07-07 12:06:26+00:00,117,4.76839202916667,36.113,-121.7832,,,,,,81,,2,0
nwfsc_pacific_hake_survey,D20210707T123008_IFCB117,2021-07-07 12:30:08+00:00,117,4.90552463333333,36.1119,-121.8156,,,,,,84,,2,0
nwfsc_pacific_hake_survey,D20210707T125350_IFCB117,2021-07-07 12:53:50+00:00,117,4.80501384166667,36.1119,-121.8549,,,,,,96,,2,0
nwfsc_pacific_hake_survey,D20210707T131732_IFCB117,2021-07-07 13:17:32+00:00,117,4.78177162916667,36.1117,-121.9239,,,,,,230,,2,0
nwfsc_pacific_hake_survey,D20210707T134114_IFCB117,2021-07-07 13:41:14+00:00,117,4.7206777875,36.1117,-121.9941,,,,,,374,,2,0
nwfsc_pacific_hake_survey,D20210707T140457_IFCB117,2021-07-07 14:04:57+00:00,117,4.76836030416667,36.1113,-122.0628,,,,,,322,,2,0
nwfsc_pacific_hake_survey,D20210707T142839_IFCB117,2021-07-07 14:28:39+00:00,117,4.81351713333333,36.1117,-122.135,,,,,,181,,2,0
nwfsc_pacific_hake_survey,D20210707T145221_IFCB117,2021-07-07 14:52:21+00:00,117,4.7353379,36.1114,-122.2094,,,,,,359,,2,0
nwfsc_pacific_hake_survey,D20210707T151603_IFCB117,2021-07-07 15:16:03+00:00,117,4.77426514583333,36.1118,-122.2858,,,,,,302,,2,0
nwfsc_pacific_hake_survey,D20210707T153945_IFCB117,2021-07-07 15:39:45+00:00,117,4.88137880416667,36.1128,-122.3594,,,,,,122,,2,0
nwfsc_pacific_hake_survey,D20210707T160327_IFCB117,2021-07-07 16:03:27+00:00,117,4.90622025833333,36.1128,-122.4367,,,,,,91,,2,0
nwfsc_pacific_hake_survey,D20210707T162709_IFCB117,2021-07-07 16:27:09+00:00,117,4.72400190833333,36.1274,-122.4895,,,,,,388,,2,0
nwfsc_pacific_hake_survey,D20210707T165051_IFCB117,2021-07-07 16:50:51+00:00,117,4.70463616666667,36.1408,-122.5091,,,,,,356,,2,0
nwfsc_pacific_hake_survey,D20210707T171434_IFCB117,2021-07-07 17:14:34+00:00,117,4.80604447916667,36.1546,-122.5168,,,,,,256,,2,0
nwfsc_pacific_hake_survey,D20210707T173816_IFCB117,2021-07-07 17:38:16+00:00,117,4.7935681875,36.1692,-122.5248,,,,,,287,,2,0
nwfsc_pacific_hake_survey,D20210707T180158_IFCB117,2021-07-07 18:01:58+00:00,117,4.80666876666667,36.1828,-122.5305,,,,,,256,,2,0
nwfsc_pacific_hake_survey,D20210707T182540_IFCB117,2021-07-07 18:25:40+00:00,117,4.81580420833333,36.198,-122.5372,,,,,,249,,2,0
nwfsc_pacific_hake_survey,D20210707T184923_IFCB117,2021-07-07 18:49:23+00:00,117,4.79013385833333,36.2096,-122.5402,,,,,,192,,2,0
nwfsc_pacific_hake_survey,D20210707T191305_IFCB117,2021-07-07 19:13:05+00:00,117,0.7229617,36.2139,-122.5417,,,,,,39,,2,0
nwfsc_pacific_hake_survey,D20210707T192303_IFCB117,2021-07-07 19:23:03+00:00,117,4.80603852083333,36.2153,-122.5452,,,,,,239,,2,0
nwfsc_pacific_hake_survey,D20210707T194645_IFCB117,2021-07-07 19:46:45+00:00,117,4.8476819,36.2181,-122.5529,,,,,,273,,2,0
nwfsc_pacific_hake_survey,D20210707T201027_IFCB117,2021-07-07 20:10:27+00:00,117,4.77937972083333,36.2212,-122.5585,,,,,,370,,2,0
nwfsc_pacific_hake_survey,D20210707T203410_IFCB117,2021-07-07 20:34:10+00:00,117,4.7641184,36.2252,-122.5638,,,,,,412,,2,0
nwfsc_pacific_hake_survey,D20210707T205752_IFCB117,2021-07-07 20:57:52+00:00,117,4.691532075,36.2287,-122.5689,,,,,,445,,2,0
nwfsc_pacific_hake_survey,D20210707T212134_IFCB117,2021-07-07 21:21:34+00:00,117,4.6996234,36.2311,-122.5734,,,,,,425,,2,0
nwfsc_pacific_hake_survey,D20210707T214516_IFCB117,2021-07-07 21:45:16+00:00,117,4.52604878333333,36.2533,-122.5858,,,,,,699,,2,0
nwfsc_pacific_hake_survey,D20210707T220858_IFCB117,2021-07-07 22:08:58+00:00,117,4.5430430875,36.2793,-122.5452,,,,,,648,,2,0
nwfsc_pacific_hake_survey,D20210707T223240_IFCB117,2021-07-07 22:32:40+00:00,117,4.67995009583333,36.2783,-122.4569,,,,,,435,,2,0
nwfsc_pacific_hake_survey,D20210707T225622_IFCB117,2021-07-07 22:56:22+00:00,117,4.62923194166667,36.2785,-122.3692,,,,,,533,,2,0
nwfsc_pacific_hake_survey,D20210707T232004_IFCB117,2021-07-07 23:20:04+00:00,117,4.56177281666667,36.2785,-122.2848,,,,,,638,,2,0
nwfsc_pacific_hake_survey,D20210707T234347_IFCB117,2021-07-07 23:43:47+00:00,117,4.55990835,36.2779,-122.2071,,,,,,591,,2,0
nwfsc_pacific_hake_survey,D20210708T000729_IFCB117,2021-07-08 00:07:29+00:00,117,4.73329407916667,36.2779,-122.1243,,,,,,353,,2,0
nwfsc_pacific_hake_survey,D20210708T003111_IFCB117,2021-07-08 00:31:11+00:00,117,4.92692009166667,36.278,-122.0411,,,,,,88,,2,0
nwfsc_pacific_hake_survey,D20210708T005453_IFCB117,2021-07-08 00:54:53+00:00,117,4.61923245,36.2777,-121.9814,,,,,,36,,2,0
nwfsc_pacific_hake_survey,D20210708T011835_IFCB117,2021-07-08 01:18:35+00:00,117,4.83232121666667,36.2785,-121.9249,,,,,,33,,2,0
nwfsc_pacific_hake_survey,D20210708T014217_IFCB117,2021-07-08 01:42:17+00:00,117,4.86660913333333,36.2942,-121.9311,,,,,,29,,2,0
nwfsc_pacific_hake_survey,D20210708T020600_IFCB117,2021-07-08 02:06:00+00:00,117,4.93440247916667,36.3238,-121.9676,,,,,,56,,2,0
nwfsc_pacific_hake_survey,D20210708T025524_IFCB117,2021-07-08 02:55:24+00:00,117,4.86107183333333,36.399,-122.0536,,,,,,153,,2,0
nwfsc_pacific_hake_survey,D20210708T031906_IFCB117,2021-07-08 03:19:06+00:00,117,4.1322499625,36.4369,-122.0982,,,,,,1259,,2,0
nwfsc_pacific_hake_survey,D20210708T034249_IFCB117,2021-07-08 03:42:49+00:00,117,4.09154584166667,36.4466,-122.1135,,,,,,1344,,2,0
nwfsc_pacific_hake_survey,D20210708T040631_IFCB117,2021-07-08 04:06:31+00:00,117,4.0732415375,36.4463,-122.1182,,,,,,1376,,2,0
nwfsc_pacific_hake_survey,D20210708T043013_IFCB117,2021-07-08 04:30:13+00:00,117,4.08808372083333,36.4455,-122.1211,,,,,,1352,,2,0
nwfsc_pacific_hake_survey,D20210708T045355_IFCB117,2021-07-08 04:53:55+00:00,117,4.030581275,36.4435,-122.1251,,,,,,1434,,2,0
nwfsc_pacific_hake_survey,D20210708T051738_IFCB117,2021-07-08 05:17:38+00:00,117,4.0931155875,36.4447,-122.1623,,,,,,1339,,2,0
nwfsc_pacific_hake_survey,D20210708T054120_IFCB117,2021-07-08 05:41:20+00:00,117,3.92125926666667,36.4446,-122.2097,,,,,,1594,,2,0
nwfsc_pacific_hake_survey,D20210708T060502_IFCB117,2021-07-08 06:05:02+00:00,117,3.95146823333333,36.4438,-122.2194,,,,,,1552,,2,0
nwfsc_pacific_hake_survey,D20210708T062845_IFCB117,2021-07-08 06:28:45+00:00,117,3.95442980416667,36.4438,-122.225,,,,,,1525,,2,0
nwfsc_pacific_hake_survey,D20210708T065228_IFCB117,2021-07-08 06:52:28+00:00,117,3.99448715833333,36.4449,-122.2438,,,,,,1513,,2,0
nwfsc_pacific_hake_survey,D20210708T071610_IFCB117,2021-07-08 07:16:10+00:00,117,4.10055787083333,36.4446,-122.2762,,,,,,1359,,2,0
nwfsc_pacific_hake_survey,D20210708T073952_IFCB117,2021-07-08 07:39:52+00:00,117,4.1298883625,36.4456,-122.3027,,,,,,1340,,2,0
nwfsc_pacific_hake_survey,D20210708T080334_IFCB117,2021-07-08 08:03:34+00:00,117,4.16998102083333,36.4445,-122.3182,,,,,,1275,,2,0
nwfsc_pacific_hake_survey,D20210708T082716_IFCB117,2021-07-08 08:27:16+00:00,117,4.21980849583333,36.4457,-122.3273,,,,,,1194,,2,0
nwfsc_pacific_hake_survey,D20210708T085058_IFCB117,2021-07-08 08:50:58+00:00,117,4.23121782083333,36.4475,-122.3401,,,,,,1176,,2,0
nwfsc_pacific_hake_survey,D20210708T091441_IFCB117,2021-07-08 09:14:41+00:00,117,4.32126220833333,36.4457,-122.3571,,,,,,1019,,2,0
nwfsc_pacific_hake_survey,D20210708T093823_IFCB117,2021-07-08 09:38:23+00:00,117,4.3242379375,36.4452,-122.365,,,,,,1030,,2,0
nwfsc_pacific_hake_survey,D20210708T100205_IFCB117,2021-07-08 10:02:05+00:00,117,4.31235064166667,36.4454,-122.3726,,,,,,1050,,2,0
nwfsc_pacific_hake_survey,D20210708T102547_IFCB117,2021-07-08 10:25:47+00:00,117,4.26670375,36.4489,-122.3533,,,,,,1096,,2,0
nwfsc_pacific_hake_survey,D20210708T104929_IFCB117,2021-07-08 10:49:29+00:00,117,4.1385388,36.4444,-122.313,,,,,,1313,,2,0
nwfsc_pacific_hake_survey,D20210708T111311_IFCB117,2021-07-08 11:13:11+00:00,117,4.01765549166667,36.4401,-122.2424,,,,,,1472,,2,0
nwfsc_pacific_hake_survey,D20210708T113653_IFCB117,2021-07-08 11:36:53+00:00,117,4.0604819625,36.4621,-122.2059,,,,,,1397,,2,0
nwfsc_pacific_hake_survey,D20210708T120035_IFCB117,2021-07-08 12:00:35+00:00,117,3.987911975,36.4734,-122.2449,,,,,,1528,,2,0
nwfsc_pacific_hake_survey,D20210708T122417_IFCB117,2021-07-08 12:24:17+00:00,117,4.16716949583333,36.4615,-122.3166,,,,,,1250,,2,0
nwfsc_pacific_hake_survey,D20210708T124759_IFCB117,2021-07-08 12:47:59+00:00,117,4.3265357375,36.4521,-122.385,,,,,,1023,,2,0
nwfsc_pacific_hake_survey,D20210708T131141_IFCB117,2021-07-08 13:11:41+00:00,117,4.1101977625,36.4453,-122.3223,,,,,,1331,,2,0
nwfsc_pacific_hake_survey,D20210708T133523_IFCB117,2021-07-08 13:35:23+00:00,117,3.921124675,36.4447,-122.231,,,,,,1621,,2,0
nwfsc_pacific_hake_survey,D20210708T135905_IFCB117,2021-07-08 13:59:05+00:00,117,4.17631012083333,36.4447,-122.1404,,,,,,1218,,2,0
nwfsc_pacific_hake_survey,D20210708T142248_IFCB117,2021-07-08 14:22:48+00:00,117,4.41702040833333,36.4443,-122.0553,,,,,,850,,2,0
nwfsc_pacific_hake_survey,D20210708T144631_IFCB117,2021-07-08 14:46:31+00:00,117,4.73776252916667,36.445,-121.9681,,,,,,357,,2,0
nwfsc_pacific_hake_survey,D20210708T151013_IFCB117,2021-07-08 15:10:13+00:00,117,4.7547786,36.4335,-121.963,,,,,,245,,2,0
nwfsc_pacific_hake_survey,D20210708T153355_IFCB117,2021-07-08 15:33:55+00:00,117,4.84663332916667,36.4028,-121.9675,,,,,,168,,2,0
nwfsc_pacific_hake_survey,D20210708T155737_IFCB117,2021-07-08 15:57:37+00:00,117,4.84512300416667,36.4162,-121.9733,,,,,,161,,2,0
nwfsc_pacific_hake_survey,D20210708T162119_IFCB117,2021-07-08 16:21:19+00:00,117,4.86458695,36.4298,-121.981,,,,,,163,,2,0
nwfsc_pacific_hake_survey,D20210708T164501_IFCB117,2021-07-08 16:45:01+00:00,117,4.84915285,36.4432,-121.988,,,,,,195,,2,0
nwfsc_pacific_hake_survey,D20210708T170842_IFCB117,2021-07-08 17:08:42+00:00,117,4.74925554583333,36.4558,-121.9965,,,,,,282,,2,0
nwfsc_pacific_hake_survey,D20210708T173224_IFCB117,2021-07-08 17:32:24+00:00,117,4.77757924583333,36.4513,-121.9985,,,,,,307,,2,0
nwfsc_pacific_hake_survey,D20210708T175606_IFCB117,2021-07-08 17:56:06+00:00,117,4.89158465,36.4028,-121.9749,,,,,,95,,2,0
nwfsc_pacific_hake_survey,D20210708T181948_IFCB117,2021-07-08 18:19:48+00:00,117,4.90374487916667,36.4047,-121.9744,,,,,,26,,2,0
nwfsc_pacific_hake_survey,D20210708T190935_IFCB117,2021-07-08 19:09:35+00:00,117,4.80395337916667,36.43,-121.9809,,,,,,28,,2,0
nwfsc_pacific_hake_survey,D20210708T193317_IFCB117,2021-07-08 19:33:17+00:00,117,4.86376298333333,36.4514,-121.9931,,,,,,150,,2,0
nwfsc_pacific_hake_survey,D20210708T195659_IFCB117,2021-07-08 19:56:59+00:00,117,4.72793876666667,36.4653,-122.0032,,,,,,384,,2,0
nwfsc_pacific_hake_survey,D20210708T202041_IFCB117,2021-07-08 20:20:41+00:00,117,4.51466479583333,36.4915,-122.025,,,,,,703,,2,0
nwfsc_pacific_hake_survey,D20210708T204423_IFCB117,2021-07-08 20:44:23+00:00,117,4.15124270416667,36.5507,-122.0627,,,,,,1243,,2,0
nwfsc_pacific_hake_survey,D20210708T210805_IFCB117,2021-07-08 21:08:05+00:00,117,4.27575659166667,36.6069,-122.1048,,,,,,1059,,2,0
nwfsc_pacific_hake_survey,D20210708T213147_IFCB117,2021-07-08 21:31:47+00:00,117,4.0195675875,36.6115,-122.0378,,,,,,1441,,2,0
nwfsc_pacific_hake_survey,D20210708T215530_IFCB117,2021-07-08 21:55:30+00:00,117,4.34288306666667,36.6118,-121.9965,,,,,,960,,2,0
nwfsc_pacific_hake_survey,D20210708T221912_IFCB117,2021-07-08 22:19:12+00:00,117,4.163065925,36.6439,-121.9891,,,,,,1222,,2,0
nwfsc_pacific_hake_survey,D20210708T224254_IFCB117,2021-07-08 22:42:54+00:00,117,4.36330864166667,36.7097,-122.0036,,,,,,944,,2,0
nwfsc_pacific_hake_survey,D20210708T230636_IFCB117,2021-07-08 23:06:36+00:00,117,4.05198782083333,36.7406,-121.9204,,,,,,1396,,2,0
nwfsc_pacific_hake_survey,D20210708T233018_IFCB117,2021-07-08 23:30:18+00:00,117,4.02532803333333,36.7718,-121.8429,,,,,,1437,,2,0
nwfsc_pacific_hake_survey,D20210708T235401_IFCB117,2021-07-08 23:54:01+00:00,117,4.05756152083333,36.778,-121.9104,,,,,,1382,,2,0
nwfsc_pacific_hake_survey,D20210709T001743_IFCB117,2021-07-09 00:17:43+00:00,117,4.20235600416667,36.7758,-121.9495,,,,,,1157,,2,0
nwfsc_pacific_hake_survey,D20210709T004125_IFCB117,2021-07-09 00:41:25+00:00,117,4.11662259583333,36.7757,-121.8817,,,,,,1299,,2,0
nwfsc_pacific_hake_survey,D20210709T010507_IFCB117,2021-07-09 01:05:07+00:00,117,4.05339754166667,36.7776,-121.8951,,,,,,1378,,2,0
nwfsc_pacific_hake_survey,D20210709T012849_IFCB117,2021-07-09 01:28:49+00:00,117,3.99976423333333,36.7783,-121.9234,,,,,,1463,,2,0
nwfsc_pacific_hake_survey,D20210709T015231_IFCB117,2021-07-09 01:52:31+00:00,117,4.14027476666667,36.7793,-121.9461,,,,,,1260,,2,0
nwfsc_pacific_hake_survey,D20210709T021613_IFCB117,2021-07-09 02:16:13+00:00,117,4.071737025,36.7723,-121.9675,,,,,,1366,,2,0
nwfsc_pacific_hake_survey,D20210709T023955_IFCB117,2021-07-09 02:39:55+00:00,117,4.13215518333333,36.774,-121.9602,,,,,,1273,,2,0
nwfsc_pacific_hake_survey,D20210709T030338_IFCB117,2021-07-09 03:03:38+00:00,117,4.24032660833333,36.7786,-122.0207,,,,,,1079,,2,0
nwfsc_pacific_hake_survey,D20210709T032720_IFCB117,2021-07-09 03:27:20+00:00,117,4.47826140833333,36.7783,-122.0979,,,,,,757,,2,0
nwfsc_pacific_hake_survey,D20210709T035102_IFCB117,2021-07-09 03:51:02+00:00,117,4.34147915833333,36.7777,-122.0465,,,,,,947,,2,0
nwfsc_pacific_hake_survey,D20210709T041444_IFCB117,2021-07-09 04:14:44+00:00,117,3.96993559166667,36.7783,-121.9581,,,,,,1500,,2,0
nwfsc_pacific_hake_survey,D20210709T043826_IFCB117,2021-07-09 04:38:26+00:00,117,3.85938447916667,36.7783,-121.8651,,,,,,1677,,2,0
nwfsc_pacific_hake_survey,D20210709T050209_IFCB117,2021-07-09 05:02:09+00:00,117,3.991178375,36.7792,-121.841,,,,,,1479,,2,0
nwfsc_pacific_hake_survey,D20210709T052551_IFCB117,2021-07-09 05:25:51+00:00,117,4.07368277083333,36.7793,-121.8699,,,,,,1366,,2,0
nwfsc_pacific_hake_survey,D20210709T054933_IFCB117,2021-07-09 05:49:33+00:00,117,4.27463065416667,36.7763,-121.8829,,,,,,1068,,2,0
nwfsc_pacific_hake_survey,D20210709T061316_IFCB117,2021-07-09 06:13:16+00:00,117,4.221454075,36.7782,-121.898,,,,,,1159,,2,0
nwfsc_pacific_hake_survey,D20210709T063658_IFCB117,2021-07-09 06:36:58+00:00,117,4.3788589375,36.7773,-121.8969,,,,,,921,,2,0
nwfsc_pacific_hake_survey,D20210709T070040_IFCB117,2021-07-09 07:00:40+00:00,117,4.35395310833333,36.7781,-121.8949,,,,,,955,,2,0
nwfsc_pacific_hake_survey,D20210709T072423_IFCB117,2021-07-09 07:24:23+00:00,117,4.1393858125,36.7773,-121.9481,,,,,,1282,,2,0
nwfsc_pacific_hake_survey,D20210709T074805_IFCB117,2021-07-09 07:48:05+00:00,117,4.31749852916667,36.7793,-122.0398,,,,,,1015,,2,0
nwfsc_pacific_hake_survey,D20210709T081147_IFCB117,2021-07-09 08:11:47+00:00,117,4.530647625,36.778,-122.1264,,,,,,686,,2,0
nwfsc_pacific_hake_survey,D20210709T083529_IFCB117,2021-07-09 08:35:29+00:00,117,4.55526059583333,36.7788,-122.2156,,,,,,618,,2,0
nwfsc_pacific_hake_survey,D20210709T085911_IFCB117,2021-07-09 08:59:11+00:00,117,4.42078063333333,36.7777,-122.3053,,,,,,846,,2,0
nwfsc_pacific_hake_survey,D20210709T092253_IFCB117,2021-07-09 09:22:53+00:00,117,4.35451701666667,36.7763,-122.3151,,,,,,951,,2,0
nwfsc_pacific_hake_survey,D20210709T094635_IFCB117,2021-07-09 09:46:35+00:00,117,4.3241727,36.7771,-122.3149,,,,,,981,,2,0
nwfsc_pacific_hake_survey,D20210709T101017_IFCB117,2021-07-09 10:10:17+00:00,117,4.33755555,36.7787,-122.3148,,,,,,980,,2,0
nwfsc_pacific_hake_survey,D20210709T103359_IFCB117,2021-07-09 10:33:59+00:00,117,4.44746981666667,36.7786,-122.2681,,,,,,813,,2,0
nwfsc_pacific_hake_survey,D20210709T112301_IFCB117,2021-07-09 11:23:01+00:00,117,4.5668083125,36.7776,-122.1071,,,,,,635,,2,0
nwfsc_pacific_hake_survey,D20210709T114643_IFCB117,2021-07-09 11:46:43+00:00,117,4.43232336666667,36.7766,-122.1068,,,,,,841,,2,0
nwfsc_pacific_hake_survey,D20210709T121025_IFCB117,2021-07-09 12:10:25+00:00,117,4.4528896875,36.7751,-122.1056,,,,,,786,,2,0
nwfsc_pacific_hake_survey,D20210709T123407_IFCB117,2021-07-09 12:34:07+00:00,117,4.0524267125,36.7792,-122.1138,,,,,,1430,,2,0
nwfsc_pacific_hake_survey,D20210709T125750_IFCB117,2021-07-09 12:57:50+00:00,117,4.40849497916667,36.7781,-122.0977,,,,,,881,,2,0
nwfsc_pacific_hake_survey,D20210709T132132_IFCB117,2021-07-09 13:21:32+00:00,117,4.42883,36.7791,-122.179,,,,,,832,,2,0
nwfsc_pacific_hake_survey,D20210709T134514_IFCB117,2021-07-09 13:45:14+00:00,117,4.45799545,36.7785,-122.2635,,,,,,796,,2,0
nwfsc_pacific_hake_survey,D20210709T140856_IFCB117,2021-07-09 14:08:56+00:00,117,4.3768274375,36.7872,-122.308,,,,,,919,,2,0
nwfsc_pacific_hake_survey,D20210709T143238_IFCB117,2021-07-09 14:32:38+00:00,117,4.52592898333333,36.8332,-122.2561,,,,,,684,,2,0
nwfsc_pacific_hake_survey,D20210709T145620_IFCB117,2021-07-09 14:56:20+00:00,117,4.772134575,36.8869,-122.1985,,,,,,220,,2,0
nwfsc_pacific_hake_survey,D20210709T152002_IFCB117,2021-07-09 15:20:02+00:00,117,4.44502048333333,36.9295,-122.1414,,,,,,801,,2,0
nwfsc_pacific_hake_survey,D20210709T154344_IFCB117,2021-07-09 15:43:44+00:00,117,4.56565609583333,36.945,-122.1844,,,,,,591,,2,0
nwfsc_pacific_hake_survey,D20210709T160726_IFCB117,2021-07-09 16:07:26+00:00,117,4.71700176666667,36.9447,-122.2733,,,,,,360,,2,0
nwfsc_pacific_hake_survey,D20210709T163108_IFCB117,2021-07-09 16:31:08+00:00,117,4.4201167375,36.9451,-122.3447,,,,,,852,,2,0
nwfsc_pacific_hake_survey,D20210709T165450_IFCB117,2021-07-09 16:54:50+00:00,117,4.766308475,36.9458,-122.4284,,,,,,324,,2,0
nwfsc_pacific_hake_survey,D20210709T171832_IFCB117,2021-07-09 17:18:32+00:00,117,4.75291543333333,36.9457,-122.437,,,,,,294,,2,0
nwfsc_pacific_hake_survey,D20210709T174214_IFCB117,2021-07-09 17:42:14+00:00,117,4.735712375,36.9552,-122.438,,,,,,370,,2,0
nwfsc_pacific_hake_survey,D20210709T180556_IFCB117,2021-07-09 18:05:56+00:00,117,4.67362798333333,36.9584,-122.4199,,,,,,476,,2,0
nwfsc_pacific_hake_survey,D20210709T182938_IFCB117,2021-07-09 18:29:38+00:00,117,4.78297128333333,36.918,-122.3803,,,,,,309,,2,0
nwfsc_pacific_hake_survey,D20210709T185320_IFCB117,2021-07-09 18:53:20+00:00,117,4.79717977916667,36.9184,-122.3841,,,,,,279,,2,0
nwfsc_pacific_hake_survey,D20210709T191702_IFCB117,2021-07-09 19:17:02+00:00,117,4.79213344583333,36.9255,-122.3976,,,,,,283,,2,0
nwfsc_pacific_hake_survey,D20210709T194044_IFCB117,2021-07-09 19:40:44+00:00,117,4.704926125,36.9288,-122.4083,,,,,,264,,2,0
nwfsc_pacific_hake_survey,D20210709T200427_IFCB117,2021-07-09 20:04:27+00:00,117,4.7937908625,36.9149,-122.3804,,,,,,371,,2,0
nwfsc_pacific_hake_survey,D20210709T202809_IFCB117,2021-07-09 20:28:09+00:00,117,4.81552109583333,36.9205,-122.3877,,,,,,300,,2,0
nwfsc_pacific_hake_survey,D20210709T205151_IFCB117,2021-07-09 20:51:51+00:00,117,4.81111230416667,36.935,-122.4095,,,,,,267,,2,0
nwfsc_pacific_hake_survey,D20210709T211533_IFCB117,2021-07-09 21:15:33+00:00,117,4.74041664583333,36.9477,-122.4284,,,,,,422,,2,0
nwfsc_pacific_hake_survey,D20210709T213916_IFCB117,2021-07-09 21:39:16+00:00,117,4.79136654583333,36.9562,-122.4459,,,,,,306,,2,0
nwfsc_pacific_hake_survey,D20210709T220258_IFCB117,2021-07-09 22:02:58+00:00,117,4.75608660833333,36.9463,-122.4666,,,,,,343,,2,0
nwfsc_pacific_hake_survey,D20210709T222641_IFCB117,2021-07-09 22:26:41+00:00,117,4.8173229875,36.9447,-122.4812,,,,,,305,,2,0
nwfsc_pacific_hake_survey,D20210709T225023_IFCB117,2021-07-09 22:50:23+00:00,117,4.85006845833333,36.9442,-122.5246,,,,,,246,,2,0
nwfsc_pacific_hake_survey,D20210709T231406_IFCB117,2021-07-09 23:14:06+00:00,117,4.82942727916667,36.9458,-122.5758,,,,,,280,,2,0
nwfsc_pacific_hake_survey,D20210709T233748_IFCB117,2021-07-09 23:37:48+00:00,117,4.87016530416667,36.9449,-122.6633,,,,,,187,,2,0
nwfsc_pacific_hake_survey,D20210710T000131_IFCB117,2021-07-10 00:01:31+00:00,117,4.8951356,36.9439,-122.7127,,,,,,154,,2,0
nwfsc_pacific_hake_survey,D20210710T002513_IFCB117,2021-07-10 00:25:13+00:00,117,4.8495440375,36.9454,-122.7939,,,,,,112,,2,0
nwfsc_pacific_hake_survey,D20210710T004856_IFCB117,2021-07-10 00:48:56+00:00,117,4.59996356666667,36.9825,-122.8587,,,,,,102,,2,0
nwfsc_pacific_hake_survey,D20210710T011238_IFCB117,2021-07-10 01:12:38+00:00,117,4.8167108,37.0223,-122.9191,,,,,,59,,2,0
nwfsc_pacific_hake_survey,D20210710T013621_IFCB117,2021-07-10 01:36:21+00:00,117,4.79591538333333,37.0506,-122.9838,,,,,,42,,2,0
nwfsc_pacific_hake_survey,D20210710T020003_IFCB117,2021-07-10 02:00:03+00:00,117,4.8888343,37.0795,-123.0452,,,,,,74,,2,0
nwfsc_pacific_hake_survey,D20210710T022346_IFCB117,2021-07-10 02:23:46+00:00,117,4.85165404583333,37.1034,-123.1058,,,,,,63,,2,0
nwfsc_pacific_hake_survey,D20210710T024728_IFCB117,2021-07-10 02:47:28+00:00,117,4.728825575,37.1113,-123.0678,,,,,,66,,2,0
nwfsc_pacific_hake_survey,D20210710T033653_IFCB117,2021-07-10 03:36:53+00:00,117,4.72199134583333,37.1122,-122.8973,,,,,,517,,2,0
nwfsc_pacific_hake_survey,D20210710T040035_IFCB117,2021-07-10 04:00:35+00:00,117,4.17234290833333,37.1122,-122.8431,,,,,,1678,,2,0
nwfsc_pacific_hake_survey,D20210710T042418_IFCB117,2021-07-10 04:24:18+00:00,117,4.1211666125,37.1134,-122.8526,,,,,,1783,,2,0
nwfsc_pacific_hake_survey,D20210710T044800_IFCB117,2021-07-10 04:48:00+00:00,117,4.10174883333333,37.1164,-122.8596,,,,,,1820,,2,0
nwfsc_pacific_hake_survey,D20210710T051143_IFCB117,2021-07-10 05:11:43+00:00,117,4.50341739166667,37.1154,-122.8102,,,,,,976,,2,0
nwfsc_pacific_hake_survey,D20210710T053525_IFCB117,2021-07-10 05:35:25+00:00,117,4.17332507083333,37.1108,-122.733,,,,,,1655,,2,0
nwfsc_pacific_hake_survey,D20210710T055908_IFCB117,2021-07-10 05:59:08+00:00,117,4.25075095833333,37.1123,-122.7376,,,,,,1487,,2,0
nwfsc_pacific_hake_survey,D20210710T062251_IFCB117,2021-07-10 06:22:51+00:00,117,4.26063338333333,37.1143,-122.7437,,,,,,1483,,2,0
nwfsc_pacific_hake_survey,D20210710T064633_IFCB117,2021-07-10 06:46:33+00:00,117,3.595127525,37.1119,-122.7121,,,,,,2852,,2,0
nwfsc_pacific_hake_survey,D20210710T071016_IFCB117,2021-07-10 07:10:16+00:00,117,3.703734925,37.1133,-122.7128,,,,,,2637,,2,0
nwfsc_pacific_hake_survey,D20210710T073358_IFCB117,2021-07-10 07:33:58+00:00,117,3.80130459583333,37.1164,-122.7159,,,,,,2449,,2,0
nwfsc_pacific_hake_survey,D20210710T075740_IFCB117,2021-07-10 07:57:40+00:00,117,3.81771909583333,37.1244,-122.7207,,,,,,2406,,2,0
nwfsc_pacific_hake_survey,D20210710T082123_IFCB117,2021-07-10 08:21:23+00:00,117,3.63956623333333,37.1119,-122.6813,,,,,,2778,,2,0
nwfsc_pacific_hake_survey,D20210710T084505_IFCB117,2021-07-10 08:45:05+00:00,117,3.65159256666667,37.1121,-122.6861,,,,,,2742,,2,0
nwfsc_pacific_hake_survey,D20210710T090848_IFCB117,2021-07-10 09:08:48+00:00,117,3.55449504166667,37.1292,-122.6794,,,,,,2969,,2,0
nwfsc_pacific_hake_survey,D20210710T093231_IFCB117,2021-07-10 09:32:31+00:00,117,3.83015053333333,37.1847,-122.637,,,,,,2349,,2,0
nwfsc_pacific_hake_survey,D20210710T095614_IFCB117,2021-07-10 09:56:14+00:00,117,3.86515914166667,37.2404,-122.5946,,,,,,2288,,2,0
nwfsc_pacific_hake_survey,D20210710T101956_IFCB117,2021-07-10 10:19:56+00:00,117,3.85380888333333,37.2514,-122.5877,,,,,,2291,,2,0
nwfsc_pacific_hake_survey,D20210710T104339_IFCB117,2021-07-10 10:43:39+00:00,117,4.07932657083333,37.2517,-122.5868,,,,,,1834,,2,0
nwfsc_pacific_hake_survey,D20210710T110722_IFCB117,2021-07-10 11:07:22+00:00,117,4.09963555416667,37.2517,-122.5868,,,,,,1778,,2,0
nwfsc_pacific_hake_survey,D20210710T113104_IFCB117,2021-07-10 11:31:04+00:00,117,4.08673452916667,37.2517,-122.5868,,,,,,1805,,2,0
nwfsc_pacific_hake_survey,D20210710T115447_IFCB117,2021-07-10 11:54:47+00:00,117,3.94658970833333,37.2503,-122.5861,,,,,,2108,,2,0
nwfsc_pacific_hake_survey,D20210710T121829_IFCB117,2021-07-10 12:18:29+00:00,117,3.89396442916667,37.2814,-122.6289,,,,,,2164,,2,0
nwfsc_pacific_hake_survey,D20210710T124212_IFCB117,2021-07-10 12:42:12+00:00,117,3.23218538333333,37.3306,-122.6625,,,,,,3598,,2,0
nwfsc_pacific_hake_survey,D20210710T130555_IFCB117,2021-07-10 13:05:55+00:00,117,3.64310143333333,37.3896,-122.6636,,,,,,2748,,2,0
nwfsc_pacific_hake_survey,D20210710T132937_IFCB117,2021-07-10 13:29:37+00:00,117,3.98157375833333,37.4514,-122.6644,,,,,,2040,,2,0
nwfsc_pacific_hake_survey,D20210710T135320_IFCB117,2021-07-10 13:53:20+00:00,117,3.8187306125,37.512,-122.6484,,,,,,2360,,2,0
nwfsc_pacific_hake_survey,D20210710T141702_IFCB117,2021-07-10 14:17:02+00:00,117,3.66633272083333,37.5565,-122.6416,,,,,,2716,,2,0
nwfsc_pacific_hake_survey,D20210710T144045_IFCB117,2021-07-10 14:40:45+00:00,117,3.57290909583333,37.5735,-122.6285,,,,,,2745,,2,0
nwfsc_pacific_hake_survey,D20210710T150427_IFCB117,2021-07-10 15:04:27+00:00,117,3.5080285375,37.5207,-122.6327,,,,,,2286,,2,0
nwfsc_pacific_hake_survey,D20210710T152810_IFCB117,2021-07-10 15:28:10+00:00,117,3.44949924166667,37.4568,-122.633,,,,,,2362,,2,0
nwfsc_pacific_hake_survey,D20210710T155152_IFCB117,2021-07-10 15:51:52+00:00,117,3.58449730833333,37.3952,-122.6333,,,,,,2147,,2,0
nwfsc_pacific_hake_survey,D20210710T161534_IFCB117,2021-07-10 16:15:34+00:00,117,2.7154518875,37.3435,-122.633,,,,,,3538,,2,0
nwfsc_pacific_hake_survey,D20210710T163916_IFCB117,2021-07-10 16:39:16+00:00,117,3.28419542916667,37.2776,-122.6321,,,,,,2587,,2,0
nwfsc_pacific_hake_survey,D20210710T170259_IFCB117,2021-07-10 17:02:59+00:00,117,3.53484713333333,37.2422,-122.6333,,,,,,2208,,2,0
nwfsc_pacific_hake_survey,D20210710T172641_IFCB117,2021-07-10 17:26:41+00:00,117,3.578978275,37.2123,-122.7075,,,,,,2108,,2,0
nwfsc_pacific_hake_survey,D20210710T175023_IFCB117,2021-07-10 17:50:23+00:00,117,4.41368957916667,37.1822,-122.7816,,,,,,870,,2,0
nwfsc_pacific_hake_survey,D20210710T181405_IFCB117,2021-07-10 18:14:05+00:00,117,4.57640306666667,37.1515,-122.8565,,,,,,631,,2,0
nwfsc_pacific_hake_survey,D20210710T183748_IFCB117,2021-07-10 18:37:48+00:00,117,4.251714375,37.1233,-122.9365,,,,,,1123,,2,0
nwfsc_pacific_hake_survey,D20210710T190130_IFCB117,2021-07-10 19:01:30+00:00,117,4.8133303375,37.1121,-122.8952,,,,,,259,,2,0
nwfsc_pacific_hake_survey,D20210710T195055_IFCB117,2021-07-10 19:50:55+00:00,117,4.23504686666667,37.1115,-122.7189,,,,,,1158,,2,0
nwfsc_pacific_hake_survey,D20210710T201437_IFCB117,2021-07-10 20:14:37+00:00,117,3.86886885416667,37.1053,-122.6621,,,,,,1709,,2,0
nwfsc_pacific_hake_survey,D20210710T203819_IFCB117,2021-07-10 20:38:19+00:00,117,3.34138652083333,37.1153,-122.7141,,,,,,2555,,2,0
nwfsc_pacific_hake_survey,D20210710T210202_IFCB117,2021-07-10 21:02:02+00:00,117,3.87043821666667,37.0986,-122.6895,,,,,,1697,,2,0
nwfsc_pacific_hake_survey,D20210710T212544_IFCB117,2021-07-10 21:25:44+00:00,117,4.46671552916667,37.0895,-122.6817,,,,,,779,,2,0
nwfsc_pacific_hake_survey,D20210710T214926_IFCB117,2021-07-10 21:49:26+00:00,117,3.2923389375,37.1101,-122.7085,,,,,,2615,,2,0
nwfsc_pacific_hake_survey,D20210710T221308_IFCB117,2021-07-10 22:13:08+00:00,117,3.75938852083333,37.1251,-122.7275,,,,,,1913,,2,0
nwfsc_pacific_hake_survey,D20210710T223651_IFCB117,2021-07-10 22:36:51+00:00,117,4.10241927916667,37.1372,-122.7449,,,,,,1383,,2,0
nwfsc_pacific_hake_survey,D20210710T230033_IFCB117,2021-07-10 23:00:33+00:00,117,4.46356532083333,37.1316,-122.7494,,,,,,811,,2,0
nwfsc_pacific_hake_survey,D20210710T232414_IFCB117,2021-07-10 23:24:14+00:00,117,4.4040369375,37.0895,-122.6976,,,,,,874,,2,0
nwfsc_pacific_hake_survey,D20210710T234756_IFCB117,2021-07-10 23:47:56+00:00,117,4.42093870416667,37.0869,-122.6939,,,,,,852,,2,0
nwfsc_pacific_hake_survey,D20210711T001138_IFCB117,2021-07-11 00:11:38+00:00,117,4.37264420416667,37.1071,-122.7193,,,,,,915,,2,0
nwfsc_pacific_hake_survey,D20210711T003521_IFCB117,2021-07-11 00:35:21+00:00,117,3.6582376125,37.122,-122.7376,,,,,,2055,,2,0
nwfsc_pacific_hake_survey,D20210711T005903_IFCB117,2021-07-11 00:59:03+00:00,117,4.17087764583333,37.1341,-122.7553,,,,,,1264,,2,0
nwfsc_pacific_hake_survey,D20210711T012244_IFCB117,2021-07-11 01:22:44+00:00,117,4.42637935833333,37.1189,-122.7796,,,,,,859,,2,0
nwfsc_pacific_hake_survey,D20210711T014626_IFCB117,2021-07-11 01:46:26+00:00,117,4.46283640833333,37.1226,-122.7942,,,,,,815,,2,0
nwfsc_pacific_hake_survey,D20210711T021008_IFCB117,2021-07-11 02:10:08+00:00,117,3.88108659166667,37.1118,-122.7142,,,,,,1693,,2,0
nwfsc_pacific_hake_survey,D20210711T023350_IFCB117,2021-07-11 02:33:50+00:00,117,3.539417725,37.1117,-122.625,,,,,,2235,,2,0
nwfsc_pacific_hake_survey,D20210711T025732_IFCB117,2021-07-11 02:57:32+00:00,117,3.79365914166667,37.1103,-122.5318,,,,,,1847,,2,0
nwfsc_pacific_hake_survey,D20210711T032114_IFCB117,2021-07-11 03:21:14+00:00,117,4.53906990833333,37.1118,-122.4366,,,,,,672,,2,0
nwfsc_pacific_hake_survey,D20210711T034456_IFCB117,2021-07-11 03:44:56+00:00,117,4.6794431,37.1095,-122.3897,,,,,,352,,2,0
nwfsc_pacific_hake_survey,D20210711T040837_IFCB117,2021-07-11 04:08:37+00:00,117,4.64479555416667,37.121,-122.4591,,,,,,515,,2,0
nwfsc_pacific_hake_survey,D20210711T043219_IFCB117,2021-07-11 04:32:19+00:00,117,3.82913195416667,37.1423,-122.5399,,,,,,1774,,2,0
nwfsc_pacific_hake_survey,D20210711T045601_IFCB117,2021-07-11 04:56:01+00:00,117,3.52561076666667,37.1635,-122.6213,,,,,,2257,,2,0
nwfsc_pacific_hake_survey,D20210711T051943_IFCB117,2021-07-11 05:19:43+00:00,117,3.59777502083333,37.1834,-122.6969,,,,,,2129,,2,0
nwfsc_pacific_hake_survey,D20210711T054326_IFCB117,2021-07-11 05:43:26+00:00,117,4.21281490416667,37.2042,-122.7753,,,,,,1187,,2,0
nwfsc_pacific_hake_survey,D20210711T060709_IFCB117,2021-07-11 06:07:09+00:00,117,4.25565694583333,37.2432,-122.8182,,,,,,1129,,2,0
nwfsc_pacific_hake_survey,D20210711T063051_IFCB117,2021-07-11 06:30:51+00:00,117,3.75133123333333,37.2965,-122.8365,,,,,,1848,,2,0
nwfsc_pacific_hake_survey,D20210711T065433_IFCB117,2021-07-11 06:54:33+00:00,117,3.56764083333333,37.3498,-122.8568,,,,,,2122,,2,0
nwfsc_pacific_hake_survey,D20210711T071815_IFCB117,2021-07-11 07:18:15+00:00,117,3.6195638375,37.4073,-122.8761,,,,,,2056,,2,0
nwfsc_pacific_hake_survey,D20210711T074157_IFCB117,2021-07-11 07:41:57+00:00,117,3.3930323875,37.4436,-122.888,,,,,,2398,,2,0
nwfsc_pacific_hake_survey,D20210711T080539_IFCB117,2021-07-11 08:05:39+00:00,117,3.34918852083333,37.4436,-122.888,,,,,,2451,,2,0
nwfsc_pacific_hake_survey,D20210711T082921_IFCB117,2021-07-11 08:29:21+00:00,117,3.41022055,37.4443,-122.8896,,,,,,2357,,2,0
nwfsc_pacific_hake_survey,D20210711T085303_IFCB117,2021-07-11 08:53:03+00:00,117,4.15437659166667,37.4454,-122.9308,,,,,,1259,,2,0
nwfsc_pacific_hake_survey,D20210711T091645_IFCB117,2021-07-11 09:16:45+00:00,117,4.4573709125,37.4442,-122.9562,,,,,,794,,2,0
nwfsc_pacific_hake_survey,D20210711T094027_IFCB117,2021-07-11 09:40:27+00:00,117,4.4452860125,37.4442,-122.9562,,,,,,812,,2,0
nwfsc_pacific_hake_survey,D20210711T100409_IFCB117,2021-07-11 10:04:09+00:00,117,4.5184916,37.4451,-122.9921,,,,,,705,,2,0
nwfsc_pacific_hake_survey,D20210711T102751_IFCB117,2021-07-11 10:27:51+00:00,117,4.20693004166667,37.4447,-123.0172,,,,,,1175,,2,0
nwfsc_pacific_hake_survey,D20210711T105132_IFCB117,2021-07-11 10:51:32+00:00,117,4.2392802125,37.4445,-123.0174,,,,,,1121,,2,0
nwfsc_pacific_hake_survey,D20210711T111514_IFCB117,2021-07-11 11:15:14+00:00,117,4.2501397125,37.4435,-123.0189,,,,,,1113,,2,0
nwfsc_pacific_hake_survey,D20210711T120439_IFCB117,2021-07-11 12:04:39+00:00,117,4.40819890833333,37.3819,-123.0607,,,,,,871,,2,0
nwfsc_pacific_hake_survey,D20210711T122821_IFCB117,2021-07-11 12:28:21+00:00,117,3.9820993375,37.3089,-123.0739,,,,,,1457,,2,0
nwfsc_pacific_hake_survey,D20210711T125203_IFCB117,2021-07-11 12:52:03+00:00,117,4.39365478333333,37.3024,-123.1494,,,,,,880,,2,0
nwfsc_pacific_hake_survey,D20210711T131544_IFCB117,2021-07-11 13:15:44+00:00,117,4.22176498333333,37.3054,-123.2225,,,,,,1159,,2,0
nwfsc_pacific_hake_survey,D20210711T133926_IFCB117,2021-07-11 13:39:26+00:00,117,4.74863334583333,37.2622,-123.2246,,,,,,352,,2,0
nwfsc_pacific_hake_survey,D20210711T140308_IFCB117,2021-07-11 14:03:08+00:00,117,4.1861064625,37.2807,-123.2526,,,,,,1228,,2,0
nwfsc_pacific_hake_survey,D20210711T142650_IFCB117,2021-07-11 14:26:50+00:00,117,4.82563567083333,37.2781,-123.1786,,,,,,244,,2,0
nwfsc_pacific_hake_survey,D20210711T145032_IFCB117,2021-07-11 14:50:32+00:00,117,4.410609775,37.2783,-123.1006,,,,,,874,,2,0
nwfsc_pacific_hake_survey,D20210711T151414_IFCB117,2021-07-11 15:14:14+00:00,117,3.83705439583333,37.2784,-123.0143,,,,,,1682,,2,0
nwfsc_pacific_hake_survey,D20210711T153756_IFCB117,2021-07-11 15:37:56+00:00,117,3.66140872916667,37.2781,-122.9309,,,,,,1947,,2,0
nwfsc_pacific_hake_survey,D20210711T160138_IFCB117,2021-07-11 16:01:38+00:00,117,4.09976256666667,37.2784,-122.8529,,,,,,1330,,2,0
nwfsc_pacific_hake_survey,D20210711T162520_IFCB117,2021-07-11 16:25:20+00:00,117,3.770847025,37.2535,-122.8285,,,,,,1888,,2,0
nwfsc_pacific_hake_survey,D20210711T164902_IFCB117,2021-07-11 16:49:02+00:00,117,4.24379532916667,37.2653,-122.8432,,,,,,1159,,2,0
nwfsc_pacific_hake_survey,D20210711T171244_IFCB117,2021-07-11 17:12:44+00:00,117,3.85278417083333,37.2837,-122.8672,,,,,,1683,,2,0
nwfsc_pacific_hake_survey,D20210711T173625_IFCB117,2021-07-11 17:36:25+00:00,117,3.68790702916667,37.2948,-122.8879,,,,,,1927,,2,0
nwfsc_pacific_hake_survey,D20210711T180007_IFCB117,2021-07-11 18:00:07+00:00,117,3.56195725,37.3017,-122.9109,,,,,,2102,,2,0
nwfsc_pacific_hake_survey,D20210711T182349_IFCB117,2021-07-11 18:23:49+00:00,117,3.8960315375,37.2781,-122.8509,,,,,,1625,,2,0
nwfsc_pacific_hake_survey,D20210711T184731_IFCB117,2021-07-11 18:47:31+00:00,117,3.4769653875,37.2791,-122.7573,,,,,,2334,,2,0
nwfsc_pacific_hake_survey,D20210711T191113_IFCB117,2021-07-11 19:11:13+00:00,117,2.72692951666667,37.2783,-122.6657,,,,,,3537,,2,0
nwfsc_pacific_hake_survey,D20210711T193456_IFCB117,2021-07-11 19:34:56+00:00,117,3.08936344583333,37.2784,-122.5892,,,,,,2958,,2,0
nwfsc_pacific_hake_survey,D20210711T195838_IFCB117,2021-07-11 19:58:38+00:00,117,3.317734575,37.2781,-122.5137,,,,,,2588,,2,0
nwfsc_pacific_hake_survey,D20210711T202220_IFCB117,2021-07-11 20:22:20+00:00,117,3.55564858333333,37.2856,-122.5201,,,,,,2385,,2,0
nwfsc_pacific_hake_survey,D20210711T204602_IFCB117,2021-07-11 20:46:02+00:00,117,2.78453995833333,37.3105,-122.5644,,,,,,4602,,2,0
nwfsc_pacific_hake_survey,D20210711T210945_IFCB117,2021-07-11 21:09:45+00:00,117,3.40843760833333,37.3708,-122.5509,,,,,,3283,,2,0
nwfsc_pacific_hake_survey,D20210711T213328_IFCB117,2021-07-11 21:33:28+00:00,117,3.4445775625,37.4343,-122.534,,,,,,2450,,2,0
nwfsc_pacific_hake_survey,D20210711T215710_IFCB117,2021-07-11 21:57:10+00:00,117,2.8212992875,37.4441,-122.5803,,,,,,3389,,2,0
nwfsc_pacific_hake_survey,D20210711T222053_IFCB117,2021-07-11 22:20:53+00:00,117,2.82832259166667,37.4451,-122.6568,,,,,,3354,,2,0
nwfsc_pacific_hake_survey,D20210711T224436_IFCB117,2021-07-11 22:44:36+00:00,117,3.35647078333333,37.4447,-122.7376,,,,,,2503,,2,0
nwfsc_pacific_hake_survey,D20210711T230818_IFCB117,2021-07-11 23:08:18+00:00,117,3.19925409583333,37.4455,-122.8166,,,,,,2707,,2,0
nwfsc_pacific_hake_survey,D20210711T233200_IFCB117,2021-07-11 23:32:00+00:00,117,3.22232442083333,37.4444,-122.8872,,,,,,2613,,2,0
nwfsc_pacific_hake_survey,D20210711T235542_IFCB117,2021-07-11 23:55:42+00:00,117,3.67672835,37.4453,-122.9655,,,,,,1995,,2,0
nwfsc_pacific_hake_survey,D20210712T001924_IFCB117,2021-07-12 00:19:24+00:00,117,4.0511231375,37.4449,-123.0531,,,,,,1433,,2,0
nwfsc_pacific_hake_survey,D20210712T004306_IFCB117,2021-07-12 00:43:06+00:00,117,3.985172825,37.4441,-123.1439,,,,,,1536,,2,0
nwfsc_pacific_hake_survey,D20210712T010647_IFCB117,2021-07-12 01:06:47+00:00,117,4.03625714166667,37.4239,-123.0959,,,,,,1450,,2,0
nwfsc_pacific_hake_survey,D20210712T013030_IFCB117,2021-07-12 01:30:30+00:00,117,3.92555675416667,37.411,-123.0523,,,,,,1592,,2,0
nwfsc_pacific_hake_survey,D20210712T015412_IFCB117,2021-07-12 01:54:12+00:00,117,3.9724928625,37.4144,-123.0496,,,,,,1529,,2,0
nwfsc_pacific_hake_survey,D20210712T021754_IFCB117,2021-07-12 02:17:54+00:00,117,4.06473376666667,37.4354,-123.1083,,,,,,1400,,2,0
nwfsc_pacific_hake_survey,D20210712T024136_IFCB117,2021-07-12 02:41:36+00:00,117,4.018477675,37.4443,-123.1796,,,,,,1481,,2,0
nwfsc_pacific_hake_survey,D20210712T030518_IFCB117,2021-07-12 03:05:18+00:00,117,4.39650367083333,37.445,-123.2497,,,,,,893,,2,0
nwfsc_pacific_hake_survey,D20210712T032900_IFCB117,2021-07-12 03:29:00+00:00,117,4.45660011666667,37.4687,-123.2936,,,,,,781,,2,0
nwfsc_pacific_hake_survey,D20210712T041845_IFCB117,2021-07-12 04:18:45+00:00,117,4.5996111375,37.5631,-123.3401,,,,,,543,,2,0
nwfsc_pacific_hake_survey,D20210712T044226_IFCB117,2021-07-12 04:42:26+00:00,117,4.77670475416667,37.6029,-123.3591,,,,,,319,,2,0
nwfsc_pacific_hake_survey,D20210712T050608_IFCB117,2021-07-12 05:06:08+00:00,117,4.30719508333333,37.6435,-123.3795,,,,,,1023,,2,0
nwfsc_pacific_hake_survey,D20210712T052950_IFCB117,2021-07-12 05:29:50+00:00,117,4.36451209166667,37.6801,-123.3975,,,,,,929,,2,0
nwfsc_pacific_hake_survey,D20210712T055332_IFCB117,2021-07-12 05:53:32+00:00,117,4.76150132916667,37.7169,-123.4151,,,,,,343,,2,0
nwfsc_pacific_hake_survey,D20210712T061714_IFCB117,2021-07-12 06:17:14+00:00,117,4.62444635,37.7536,-123.4306,,,,,,534,,2,0
nwfsc_pacific_hake_survey,D20210712T064059_IFCB117,2021-07-12 06:40:59+00:00,117,4.80674632083333,37.7769,-123.4196,,,,,,249,,2,0
nwfsc_pacific_hake_survey,D20210712T070441_IFCB117,2021-07-12 07:04:41+00:00,117,4.85776351666667,37.7835,-123.4152,,,,,,195,,2,0
nwfsc_pacific_hake_survey,D20210712T072823_IFCB117,2021-07-12 07:28:23+00:00,117,4.84081645833333,37.7847,-123.424,,,,,,204,,2,0
nwfsc_pacific_hake_survey,D20210712T075205_IFCB117,2021-07-12 07:52:05+00:00,117,4.8311606625,37.7857,-123.4341,,,,,,204,,2,0
nwfsc_pacific_hake_survey,D20210712T081546_IFCB117,2021-07-12 08:15:46+00:00,117,4.79734510833333,37.79,-123.428,,,,,,245,,2,0
nwfsc_pacific_hake_survey,D20210712T083929_IFCB117,2021-07-12 08:39:29+00:00,117,4.880972175,37.7811,-123.3608,,,,,,152,,2,0
nwfsc_pacific_hake_survey,D20210712T090311_IFCB117,2021-07-12 09:03:11+00:00,117,4.75645789166667,37.778,-123.2894,,,,,,213,,2,0
nwfsc_pacific_hake_survey,D20210712T092653_IFCB117,2021-07-12 09:26:53+00:00,117,4.70443483333333,37.7788,-123.2545,,,,,,406,,2,0
nwfsc_pacific_hake_survey,D20210712T095035_IFCB117,2021-07-12 09:50:35+00:00,117,4.70383022083333,37.7777,-123.2625,,,,,,403,,2,0
nwfsc_pacific_hake_survey,D20210712T101418_IFCB117,2021-07-12 10:14:18+00:00,117,4.69875762916667,37.7779,-123.2786,,,,,,404,,2,0
nwfsc_pacific_hake_survey,D20210712T103800_IFCB117,2021-07-12 10:38:00+00:00,117,4.72350174583333,37.7776,-123.2863,,,,,,366,,2,0
nwfsc_pacific_hake_survey,D20210712T110142_IFCB117,2021-07-12 11:01:42+00:00,117,4.81459703333333,37.7776,-123.2905,,,,,,248,,2,0
nwfsc_pacific_hake_survey,D20210712T112523_IFCB117,2021-07-12 11:25:23+00:00,117,4.797692275,37.7778,-123.2946,,,,,,221,,2,0
nwfsc_pacific_hake_survey,D20210712T114905_IFCB117,2021-07-12 11:49:05+00:00,117,4.85933031666667,37.7773,-123.2959,,,,,,182,,2,0
nwfsc_pacific_hake_survey,D20210712T121247_IFCB117,2021-07-12 12:12:47+00:00,117,4.79807183333333,37.7164,-123.2873,,,,,,266,,2,0
nwfsc_pacific_hake_survey,D20210712T123629_IFCB117,2021-07-12 12:36:29+00:00,117,4.64625711666667,37.652,-123.2795,,,,,,485,,2,0
nwfsc_pacific_hake_survey,D20210712T130011_IFCB117,2021-07-12 13:00:11+00:00,117,4.68190862083333,37.6112,-123.2655,,,,,,450,,2,0
nwfsc_pacific_hake_survey,D20210712T132353_IFCB117,2021-07-12 13:23:53+00:00,117,4.7659165875,37.6111,-123.1921,,,,,,308,,2,0
nwfsc_pacific_hake_survey,D20210712T134735_IFCB117,2021-07-12 13:47:35+00:00,117,4.79170912916667,37.6112,-123.121,,,,,,261,,2,0
nwfsc_pacific_hake_survey,D20210712T141116_IFCB117,2021-07-12 14:11:16+00:00,117,4.7249141625,37.6118,-123.1063,,,,,,368,,2,0
nwfsc_pacific_hake_survey,D20210712T143458_IFCB117,2021-07-12 14:34:58+00:00,117,4.76728890833333,37.6109,-123.1563,,,,,,273,,2,0
nwfsc_pacific_hake_survey,D20210712T145840_IFCB117,2021-07-12 14:58:40+00:00,117,4.7302838375,37.6108,-123.1232,,,,,,344,,2,0
nwfsc_pacific_hake_survey,D20210712T152222_IFCB117,2021-07-12 15:22:22+00:00,117,4.66777713333333,37.6113,-123.0436,,,,,,421,,2,0
nwfsc_pacific_hake_survey,D20210712T154604_IFCB117,2021-07-12 15:46:04+00:00,117,4.64913195416667,37.6114,-122.9786,,,,,,466,,2,0
nwfsc_pacific_hake_survey,D20210712T160946_IFCB117,2021-07-12 16:09:46+00:00,117,4.70585533333333,37.6117,-122.9089,,,,,,432,,2,0
nwfsc_pacific_hake_survey,D20210712T163328_IFCB117,2021-07-12 16:33:28+00:00,117,4.77526563333333,37.612,-122.8269,,,,,,355,,2,0
nwfsc_pacific_hake_survey,D20210712T165709_IFCB117,2021-07-12 16:57:09+00:00,117,4.7095252375,37.6121,-122.745,,,,,,499,,2,0
nwfsc_pacific_hake_survey,D20210712T172052_IFCB117,2021-07-12 17:20:52+00:00,117,4.617238275,37.6353,-122.758,,,,,,709,,2,0
nwfsc_pacific_hake_survey,D20210712T174434_IFCB117,2021-07-12 17:44:34+00:00,117,4.4462463375,37.6764,-122.82,,,,,,1089,,2,0
nwfsc_pacific_hake_survey,D20210712T180816_IFCB117,2021-07-12 18:08:16+00:00,117,4.31807698333333,37.7273,-122.8371,,,,,,1272,,2,0
nwfsc_pacific_hake_survey,D20210712T183158_IFCB117,2021-07-12 18:31:58+00:00,117,4.26975409583333,37.7784,-122.822,,,,,,1103,,2,0
nwfsc_pacific_hake_survey,D20210712T185540_IFCB117,2021-07-12 18:55:40+00:00,117,4.49509354166667,37.7781,-122.8908,,,,,,730,,2,0
nwfsc_pacific_hake_survey,D20210712T191921_IFCB117,2021-07-12 19:19:21+00:00,117,4.45850530416667,37.7779,-122.9525,,,,,,778,,2,0
nwfsc_pacific_hake_survey,D20210712T194303_IFCB117,2021-07-12 19:43:03+00:00,117,4.72553516666667,37.7785,-123.0294,,,,,,382,,2,0
nwfsc_pacific_hake_survey,D20210712T203249_IFCB117,2021-07-12 20:32:49+00:00,117,4.80149602083333,37.8075,-123.174,,,,,,127,,2,0
nwfsc_pacific_hake_survey,D20210712T205630_IFCB117,2021-07-12 20:56:30+00:00,117,4.77536668333333,37.7785,-123.2224,,,,,,283,,2,0
nwfsc_pacific_hake_survey,D20210712T212012_IFCB117,2021-07-12 21:20:12+00:00,117,4.84924850833333,37.7782,-123.2998,,,,,,166,,2,0
nwfsc_pacific_hake_survey,D20210712T214354_IFCB117,2021-07-12 21:43:54+00:00,117,4.80515895416667,37.7711,-123.3224,,,,,,176,,2,0
nwfsc_pacific_hake_survey,D20210712T220736_IFCB117,2021-07-12 22:07:36+00:00,117,4.82954345,37.7442,-123.2673,,,,,,192,,2,0
nwfsc_pacific_hake_survey,D20210712T223117_IFCB117,2021-07-12 22:31:17+00:00,117,4.84833375833333,37.7514,-123.2672,,,,,,199,,2,0
nwfsc_pacific_hake_survey,D20210712T225459_IFCB117,2021-07-12 22:54:59+00:00,117,4.827708675,37.7597,-123.278,,,,,,185,,2,0
nwfsc_pacific_hake_survey,D20210712T231842_IFCB117,2021-07-12 23:18:42+00:00,117,4.80410222916667,37.7777,-123.3006,,,,,,180,,2,0
nwfsc_pacific_hake_survey,D20210712T234224_IFCB117,2021-07-12 23:42:24+00:00,117,4.83476324583333,37.793,-123.3213,,,,,,162,,2,0
nwfsc_pacific_hake_survey,D20210713T000606_IFCB117,2021-07-13 00:06:06+00:00,117,4.8216279375,37.8064,-123.3389,,,,,,109,,2,0
nwfsc_pacific_hake_survey,D20210713T002948_IFCB117,2021-07-13 00:29:48+00:00,117,4.87394335,37.8129,-123.3538,,,,,,87,,2,0
nwfsc_pacific_hake_survey,D20210713T005330_IFCB117,2021-07-13 00:53:30+00:00,117,4.82716544583333,37.7835,-123.3285,,,,,,214,,2,0
nwfsc_pacific_hake_survey,D20210713T011713_IFCB117,2021-07-13 01:17:13+00:00,117,4.6984023875,37.7788,-123.3917,,,,,,358,,2,0
nwfsc_pacific_hake_survey,D20210713T014055_IFCB117,2021-07-13 01:40:55+00:00,117,4.69282824166667,37.7974,-123.4362,,,,,,242,,2,0
nwfsc_pacific_hake_survey,D20210713T020437_IFCB117,2021-07-13 02:04:37+00:00,117,4.82938773333333,37.8346,-123.4589,,,,,,232,,2,0
nwfsc_pacific_hake_survey,D20210713T022819_IFCB117,2021-07-13 02:28:19+00:00,117,4.16615054583333,37.8726,-123.4827,,,,,,143,,2,0
nwfsc_pacific_hake_survey,D20210720T195155_IFCB117,2021-07-20 19:51:55+00:00,117,3.71401077916667,44.4937,-124.233,,,,,,1780,,2,0
nwfsc_pacific_hake_survey,D20210722T205011_IFCB117,2021-07-22 20:50:11+00:00,117,3.91135134583333,44.4908,-124.2365,,,,,,2034,,2,0
nwfsc_pacific_hake_survey,D20210722T213957_IFCB117,2021-07-22 21:39:57+00:00,117,3.70897086666667,44.3725,-124.3642,,,,,,2384,,2,0
nwfsc_pacific_hake_survey,D20210722T220341_IFCB117,2021-07-22 22:03:41+00:00,117,3.1059776125,44.3143,-124.427,,,,,,3416,,2,0
nwfsc_pacific_hake_survey,D20210722T222724_IFCB117,2021-07-22 22:27:24+00:00,117,3.13157449166667,44.2566,-124.4916,,,,,,3366,,2,0
nwfsc_pacific_hake_survey,D20210722T225106_IFCB117,2021-07-22 22:51:06+00:00,117,3.10874019583333,44.1983,-124.5532,,,,,,3418,,2,0
nwfsc_pacific_hake_survey,D20210722T231449_IFCB117,2021-07-22 23:14:49+00:00,117,3.24080354583333,44.143,-124.6051,,,,,,3158,,2,0
nwfsc_pacific_hake_survey,D20210722T233832_IFCB117,2021-07-22 23:38:32+00:00,117,3.66146683333333,44.0716,-124.6219,,,,,,2385,,2,0
nwfsc_pacific_hake_survey,D20210723T000215_IFCB117,2021-07-23 00:02:15+00:00,117,4.21039832916667,44.0174,-124.6354,,,,,,1420,,2,0
nwfsc_pacific_hake_survey,D20210723T002556_IFCB117,2021-07-23 00:25:56+00:00,117,3.40473075833333,43.9507,-124.6475,,,,,,2948,,2,0
nwfsc_pacific_hake_survey,D20210723T004939_IFCB117,2021-07-23 00:49:39+00:00,117,3.64116515416667,43.8799,-124.6649,,,,,,2505,,2,0
nwfsc_pacific_hake_survey,D20210723T011322_IFCB117,2021-07-23 01:13:22+00:00,117,4.64918602083333,43.8089,-124.6802,,,,,,607,,2,0
nwfsc_pacific_hake_survey,D20210723T013705_IFCB117,2021-07-23 01:37:05+00:00,117,4.649459425,43.738,-124.696,,,,,,608,,2,0
nwfsc_pacific_hake_survey,D20210723T020047_IFCB117,2021-07-23 02:00:47+00:00,117,4.7194299875,43.6703,-124.7129,,,,,,363,,2,0
nwfsc_pacific_hake_survey,D20210723T022429_IFCB117,2021-07-23 02:24:29+00:00,117,4.75888639583333,43.5971,-124.7284,,,,,,431,,2,0
nwfsc_pacific_hake_survey,D20210723T024812_IFCB117,2021-07-23 02:48:12+00:00,117,4.77733620833333,43.523,-124.7451,,,,,,363,,2,0
nwfsc_pacific_hake_survey,D20210723T031154_IFCB117,2021-07-23 03:11:54+00:00,117,4.84416105,43.4523,-124.7607,,,,,,178,,2,0
nwfsc_pacific_hake_survey,D20210723T033536_IFCB117,2021-07-23 03:35:36+00:00,117,4.82002997916667,43.379,-124.7773,,,,,,248,,2,0
nwfsc_pacific_hake_survey,D20210723T035919_IFCB117,2021-07-23 03:59:19+00:00,117,4.81528478333333,43.3063,-124.795,,,,,,333,,2,0
nwfsc_pacific_hake_survey,D20210723T042301_IFCB117,2021-07-23 04:23:01+00:00,117,4.823113325,43.2321,-124.8117,,,,,,290,,2,0
nwfsc_pacific_hake_survey,D20210723T044643_IFCB117,2021-07-23 04:46:43+00:00,117,4.62506983333333,43.1616,-124.8246,,,,,,692,,2,0
nwfsc_pacific_hake_survey,D20210723T051025_IFCB117,2021-07-23 05:10:25+00:00,117,4.77385118333333,43.0886,-124.8406,,,,,,353,,2,0
nwfsc_pacific_hake_survey,D20210723T053408_IFCB117,2021-07-23 05:34:08+00:00,117,4.8226962875,43.0139,-124.8584,,,,,,307,,2,0
nwfsc_pacific_hake_survey,D20210723T055750_IFCB117,2021-07-23 05:57:50+00:00,117,4.80257319583333,42.9406,-124.876,,,,,,278,,2,0
nwfsc_pacific_hake_survey,D20210723T062133_IFCB117,2021-07-23 06:21:33+00:00,117,4.71197590833333,42.8641,-124.893,,,,,,499,,2,0
nwfsc_pacific_hake_survey,D20210723T064515_IFCB117,2021-07-23 06:45:15+00:00,117,4.83059690416667,42.7871,-124.9101,,,,,,299,,2,0
nwfsc_pacific_hake_survey,D20210723T070858_IFCB117,2021-07-23 07:08:58+00:00,117,4.765562425,42.7141,-124.9074,,,,,,429,,2,0
nwfsc_pacific_hake_survey,D20210723T073240_IFCB117,2021-07-23 07:32:40+00:00,117,4.44757346666667,42.6398,-124.9014,,,,,,1025,,2,0
nwfsc_pacific_hake_survey,D20210723T075623_IFCB117,2021-07-23 07:56:23+00:00,117,3.8752042625,42.5671,-124.8944,,,,,,2032,,2,0
nwfsc_pacific_hake_survey,D20210723T082005_IFCB117,2021-07-23 08:20:05+00:00,117,4.37672971666667,42.4967,-124.8871,,,,,,1190,,2,0
nwfsc_pacific_hake_survey,D20210723T084347_IFCB117,2021-07-23 08:43:47+00:00,117,4.3974074875,42.4299,-124.88,,,,,,1084,,2,0
nwfsc_pacific_hake_survey,D20210723T090730_IFCB117,2021-07-23 09:07:30+00:00,117,4.65848445833333,42.3581,-124.875,,,,,,588,,2,0
nwfsc_pacific_hake_survey,D20210723T093112_IFCB117,2021-07-23 09:31:12+00:00,117,4.6625599875,42.285,-124.869,,,,,,603,,2,0
nwfsc_pacific_hake_survey,D20210723T095454_IFCB117,2021-07-23 09:54:54+00:00,117,4.55625576666667,42.2153,-124.8613,,,,,,756,,2,0
nwfsc_pacific_hake_survey,D20210723T101836_IFCB117,2021-07-23 10:18:36+00:00,117,4.6426412375,42.1432,-124.8536,,,,,,595,,2,0
nwfsc_pacific_hake_survey,D20210723T104218_IFCB117,2021-07-23 10:42:18+00:00,117,4.82937420416667,42.0694,-124.8483,,,,,,271,,2,0
nwfsc_pacific_hake_survey,D20210723T110601_IFCB117,2021-07-23 11:06:01+00:00,117,4.85232355833333,41.9923,-124.8399,,,,,,223,,2,0
nwfsc_pacific_hake_survey,D20210723T112943_IFCB117,2021-07-23 11:29:43+00:00,117,4.8660096625,41.9215,-124.8345,,,,,,220,,2,0
nwfsc_pacific_hake_survey,D20210723T115326_IFCB117,2021-07-23 11:53:26+00:00,117,4.88814684583333,41.845,-124.8268,,,,,,126,,2,0
nwfsc_pacific_hake_survey,D20210723T121708_IFCB117,2021-07-23 12:17:08+00:00,117,4.83820980833333,41.7698,-124.8206,,,,,,126,,2,0
nwfsc_pacific_hake_survey,D20210723T124051_IFCB117,2021-07-23 12:40:51+00:00,117,4.8433408625,41.6987,-124.8141,,,,,,203,,2,0
nwfsc_pacific_hake_survey,D20210723T130433_IFCB117,2021-07-23 13:04:33+00:00,117,4.84699162083333,41.6223,-124.806,,,,,,240,,2,0
nwfsc_pacific_hake_survey,D20210723T135417_IFCB117,2021-07-23 13:54:17+00:00,117,4.70598033333333,41.4603,-124.7927,,,,,,186,,2,0
nwfsc_pacific_hake_survey,D20210723T141800_IFCB117,2021-07-23 14:18:00+00:00,117,4.79575588333333,41.3844,-124.7847,,,,,,86,,2,0
nwfsc_pacific_hake_survey,D20210723T144142_IFCB117,2021-07-23 14:41:42+00:00,117,4.86308675833333,41.3123,-124.7784,,,,,,210,,2,0
nwfsc_pacific_hake_survey,D20210723T150524_IFCB117,2021-07-23 15:05:24+00:00,117,4.85100305833333,41.2393,-124.7722,,,,,,221,,2,0
nwfsc_pacific_hake_survey,D20210723T152906_IFCB117,2021-07-23 15:29:06+00:00,117,4.7917955,41.1669,-124.7653,,,,,,144,,2,0
nwfsc_pacific_hake_survey,D20210723T155249_IFCB117,2021-07-23 15:52:49+00:00,117,4.8719711375,41.0977,-124.7591,,,,,,150,,2,0
nwfsc_pacific_hake_survey,D20210723T161631_IFCB117,2021-07-23 16:16:31+00:00,117,4.87118582916667,41.025,-124.7522,,,,,,174,,2,0
nwfsc_pacific_hake_survey,D20210723T164013_IFCB117,2021-07-23 16:40:13+00:00,117,4.87656165,40.9526,-124.7448,,,,,,204,,2,0
nwfsc_pacific_hake_survey,D20210723T170356_IFCB117,2021-07-23 17:03:56+00:00,117,4.8601617375,40.8834,-124.739,,,,,,184,,2,0
nwfsc_pacific_hake_survey,D20210723T172739_IFCB117,2021-07-23 17:27:39+00:00,117,4.69028053333333,40.8101,-124.7334,,,,,,98,,2,0
nwfsc_pacific_hake_survey,D20210723T175120_IFCB117,2021-07-23 17:51:20+00:00,117,4.47423740416667,40.7356,-124.7251,,,,,,887,,2,0
nwfsc_pacific_hake_survey,D20210723T181503_IFCB117,2021-07-23 18:15:03+00:00,117,4.46738820416667,40.6641,-124.7187,,,,,,905,,2,0
nwfsc_pacific_hake_survey,D20210723T183845_IFCB117,2021-07-23 18:38:45+00:00,117,4.66413563333333,40.5958,-124.7129,,,,,,567,,2,0
nwfsc_pacific_hake_survey,D20210723T190227_IFCB117,2021-07-23 19:02:27+00:00,117,4.79361226666667,40.5238,-124.7071,,,,,,340,,2,0
nwfsc_pacific_hake_survey,D20210723T192610_IFCB117,2021-07-23 19:26:10+00:00,117,4.61877244166667,40.453,-124.6991,,,,,,594,,2,0
nwfsc_pacific_hake_survey,D20210723T194952_IFCB117,2021-07-23 19:49:52+00:00,117,4.41377832083333,40.3876,-124.6793,,,,,,819,,2,0
nwfsc_pacific_hake_survey,D20210723T201334_IFCB117,2021-07-23 20:13:34+00:00,117,4.81935379583333,40.3189,-124.654,,,,,,232,,2,0
nwfsc_pacific_hake_survey,D20210723T203715_IFCB117,2021-07-23 20:37:15+00:00,117,4.800326425,40.2523,-124.6262,,,,,,100,,2,0
nwfsc_pacific_hake_survey,D20210723T210058_IFCB117,2021-07-23 21:00:58+00:00,117,4.74902365416667,40.1865,-124.6026,,,,,,120,,2,0
nwfsc_pacific_hake_survey,D20210723T212440_IFCB117,2021-07-23 21:24:40+00:00,117,4.78485895,40.114,-124.5747,,,,,,78,,2,0
nwfsc_pacific_hake_survey,D20210723T214821_IFCB117,2021-07-23 21:48:21+00:00,117,4.891782725,40.0427,-124.5463,,,,,,105,,2,0
nwfsc_pacific_hake_survey,D20210723T221203_IFCB117,2021-07-23 22:12:03+00:00,117,4.883412825,39.9723,-124.5186,,,,,,112,,2,0
nwfsc_pacific_hake_survey,D20210723T223545_IFCB117,2021-07-23 22:35:45+00:00,117,4.88664250416667,39.905,-124.4937,,,,,,104,,2,0
nwfsc_pacific_hake_survey,D20210723T225927_IFCB117,2021-07-23 22:59:27+00:00,117,4.8810256,39.8338,-124.4654,,,,,,144,,2,0
nwfsc_pacific_hake_survey,D20210723T232308_IFCB117,2021-07-23 23:23:08+00:00,117,4.85170790833333,39.7608,-124.437,,,,,,140,,2,0
nwfsc_pacific_hake_survey,D20210723T234651_IFCB117,2021-07-23 23:46:51+00:00,117,4.86077135833333,39.6922,-124.4099,,,,,,174,,2,0
nwfsc_pacific_hake_survey,D20210724T001033_IFCB117,2021-07-24 00:10:33+00:00,117,4.82512885,39.622,-124.3822,,,,,,146,,2,0
nwfsc_pacific_hake_survey,D20210724T003415_IFCB117,2021-07-24 00:34:15+00:00,117,4.81623647083333,39.5494,-124.3557,,,,,,192,,2,0
nwfsc_pacific_hake_survey,D20210724T005758_IFCB117,2021-07-24 00:57:58+00:00,117,4.820067775,39.4789,-124.3295,,,,,,198,,2,0
nwfsc_pacific_hake_survey,D20210724T012138_IFCB117,2021-07-24 01:21:38+00:00,117,4.82010923333333,39.4048,-124.3008,,,,,,150,,2,0
nwfsc_pacific_hake_survey,D20210724T014520_IFCB117,2021-07-24 01:45:20+00:00,117,4.7404853125,39.3349,-124.2723,,,,,,248,,2,0
nwfsc_pacific_hake_survey,D20210724T020904_IFCB117,2021-07-24 02:09:04+00:00,117,4.80551595833333,39.265,-124.2474,,,,,,250,,2,0
nwfsc_pacific_hake_survey,D20210724T023245_IFCB117,2021-07-24 02:32:45+00:00,117,4.87568627083333,39.1969,-124.2204,,,,,,173,,2,0
nwfsc_pacific_hake_survey,D20210724T025627_IFCB117,2021-07-24 02:56:27+00:00,117,4.91180900833333,39.1233,-124.1946,,,,,,117,,2,0
nwfsc_pacific_hake_survey,D20210724T032009_IFCB117,2021-07-24 03:20:09+00:00,117,4.8989801375,39.0497,-124.1667,,,,,,127,,2,0
nwfsc_pacific_hake_survey,D20210724T034351_IFCB117,2021-07-24 03:43:51+00:00,117,4.91041925,38.9827,-124.1308,,,,,,122,,2,0
nwfsc_pacific_hake_survey,D20210724T040733_IFCB117,2021-07-24 04:07:33+00:00,117,4.81670267916667,38.9219,-124.0736,,,,,,148,,2,0
nwfsc_pacific_hake_survey,D20210724T043116_IFCB117,2021-07-24 04:31:16+00:00,117,4.80871792083333,38.861,-124.0184,,,,,,179,,2,0
nwfsc_pacific_hake_survey,D20210724T045458_IFCB117,2021-07-24 04:54:58+00:00,117,4.85120427083333,38.8025,-123.9655,,,,,,255,,2,0
nwfsc_pacific_hake_survey,D20210724T051841_IFCB117,2021-07-24 05:18:41+00:00,117,4.50672117916667,38.7428,-123.9097,,,,,,883,,2,0
nwfsc_pacific_hake_survey,D20210724T060805_IFCB117,2021-07-24 06:08:05+00:00,117,4.68322405833333,38.623,-123.799,,,,,,462,,2,0
nwfsc_pacific_hake_survey,D20210724T063147_IFCB117,2021-07-24 06:31:47+00:00,117,4.330717325,38.5665,-123.7492,,,,,,1227,,2,0
nwfsc_pacific_hake_survey,D20210724T065529_IFCB117,2021-07-24 06:55:29+00:00,117,4.57987170833333,38.5054,-123.6942,,,,,,750,,2,0
nwfsc_pacific_hake_survey,D20210724T071911_IFCB117,2021-07-24 07:19:11+00:00,117,4.43631200416667,38.4451,-123.6383,,,,,,1028,,2,0
nwfsc_pacific_hake_survey,D20210724T074253_IFCB117,2021-07-24 07:42:53+00:00,117,4.8869491625,38.3891,-123.5849,,,,,,161,,2,0
nwfsc_pacific_hake_survey,D20210724T080635_IFCB117,2021-07-24 08:06:35+00:00,117,4.8191488,38.331,-123.533,,,,,,107,,2,0
nwfsc_pacific_hake_survey,D20210724T083018_IFCB117,2021-07-24 08:30:18+00:00,117,4.84868542916667,38.274,-123.4812,,,,,,218,,2,0
nwfsc_pacific_hake_survey,D20210724T085400_IFCB117,2021-07-24 08:54:00+00:00,117,4.72035659166667,38.2172,-123.4289,,,,,,512,,2,0
nwfsc_pacific_hake_survey,D20210724T091742_IFCB117,2021-07-24 09:17:42+00:00,117,4.7743701625,38.1628,-123.3787,,,,,,330,,2,0
nwfsc_pacific_hake_survey,D20210724T094125_IFCB117,2021-07-24 09:41:25+00:00,117,4.77985104583333,38.1127,-123.3335,,,,,,406,,2,0
nwfsc_pacific_hake_survey,D20210724T100507_IFCB117,2021-07-24 10:05:07+00:00,117,4.73109519166667,38.1106,-123.3307,,,,,,496,,2,0
nwfsc_pacific_hake_survey,D20210724T102850_IFCB117,2021-07-24 10:28:50+00:00,117,4.7933548375,38.1111,-123.3966,,,,,,366,,2,0
nwfsc_pacific_hake_survey,D20210724T105233_IFCB117,2021-07-24 10:52:33+00:00,117,4.81700527083333,38.1113,-123.4808,,,,,,264,,2,0
nwfsc_pacific_hake_survey,D20210724T111615_IFCB117,2021-07-24 11:16:15+00:00,117,4.7814291,38.1093,-123.524,,,,,,351,,2,0
nwfsc_pacific_hake_survey,D20210724T113956_IFCB117,2021-07-24 11:39:56+00:00,117,4.79208402916667,38.1051,-123.5275,,,,,,328,,2,0
nwfsc_pacific_hake_survey,D20210724T120338_IFCB117,2021-07-24 12:03:38+00:00,117,4.79716054583333,38.1067,-123.5629,,,,,,317,,2,0
nwfsc_pacific_hake_survey,D20210724T122721_IFCB117,2021-07-24 12:27:21+00:00,117,4.88527769583333,38.1104,-123.6031,,,,,,115,,2,0
nwfsc_pacific_hake_survey,D20210724T125103_IFCB117,2021-07-24 12:51:03+00:00,117,4.93136402083333,38.1092,-123.6046,,,,,,76,,2,0
nwfsc_pacific_hake_survey,D20210724T131445_IFCB117,2021-07-24 13:14:45+00:00,117,4.881647,38.1115,-123.5918,,,,,,91,,2,0
nwfsc_pacific_hake_survey,D20210724T133828_IFCB117,2021-07-24 13:38:28+00:00,117,4.82676622083333,38.1115,-123.5107,,,,,,268,,2,0
nwfsc_pacific_hake_survey,D20210724T140210_IFCB117,2021-07-24 14:02:10+00:00,117,4.7666709625,38.1115,-123.4571,,,,,,316,,2,0
nwfsc_pacific_hake_survey,D20210724T142551_IFCB117,2021-07-24 14:25:51+00:00,117,4.715764125,38.0954,-123.4583,,,,,,412,,2,0
nwfsc_pacific_hake_survey,D20210724T144933_IFCB117,2021-07-24 14:49:33+00:00,117,4.68590777916667,38.094,-123.455,,,,,,430,,2,0
nwfsc_pacific_hake_survey,D20210724T151314_IFCB117,2021-07-24 15:13:14+00:00,117,4.7196562875,38.1082,-123.4758,,,,,,381,,2,0
nwfsc_pacific_hake_survey,D20210724T153656_IFCB117,2021-07-24 15:36:56+00:00,117,4.72438529166667,38.1177,-123.4927,,,,,,380,,2,0
nwfsc_pacific_hake_survey,D20210724T160038_IFCB117,2021-07-24 16:00:38+00:00,117,4.78178953333333,38.1248,-123.5163,,,,,,300,,2,0
nwfsc_pacific_hake_survey,D20210724T162421_IFCB117,2021-07-24 16:24:21+00:00,117,4.69305121666667,38.0937,-123.493,,,,,,376,,2,0
nwfsc_pacific_hake_survey,D20210724T164804_IFCB117,2021-07-24 16:48:04+00:00,117,4.75906732916667,38.1007,-123.5078,,,,,,335,,2,0
nwfsc_pacific_hake_survey,D20210724T171146_IFCB117,2021-07-24 17:11:46+00:00,117,4.77155417083333,38.113,-123.5271,,,,,,287,,2,0
nwfsc_pacific_hake_survey,D20210724T173528_IFCB117,2021-07-24 17:35:28+00:00,117,4.67192722916667,38.1215,-123.5457,,,,,,422,,2,0
nwfsc_pacific_hake_survey,D20210724T175911_IFCB117,2021-07-24 17:59:11+00:00,117,4.72720065416667,38.1117,-123.4781,,,,,,375,,2,0
nwfsc_pacific_hake_survey,D20210724T182254_IFCB117,2021-07-24 18:22:54+00:00,117,4.67103105,38.1114,-123.4007,,,,,,484,,2,0
nwfsc_pacific_hake_survey,D20210724T184636_IFCB117,2021-07-24 18:46:36+00:00,117,4.70377008333333,38.1116,-123.3198,,,,,,415,,2,0
nwfsc_pacific_hake_survey,D20210724T191018_IFCB117,2021-07-24 19:10:18+00:00,117,3.14022462916667,38.1122,-123.2451,,,,,,2905,,2,0
nwfsc_pacific_hake_survey,D20210724T193400_IFCB117,2021-07-24 19:34:00+00:00,117,3.3013169875,38.1117,-123.1737,,,,,,2643,,2,0
nwfsc_pacific_hake_survey,D20210724T195743_IFCB117,2021-07-24 19:57:43+00:00,117,3.1418609375,38.1115,-123.0952,,,,,,2909,,2,0
nwfsc_pacific_hake_survey,D20210724T202125_IFCB117,2021-07-24 20:21:25+00:00,117,3.92633839583333,38.1117,-123.027,,,,,,1641,,2,0
nwfsc_pacific_hake_survey,D20210724T204507_IFCB117,2021-07-24 20:45:07+00:00,117,4.26171537916667,38.1339,-123.0113,,,,,,1122,,2,0
nwfsc_pacific_hake_survey,D20210724T210850_IFCB117,2021-07-24 21:08:50+00:00,117,3.3163819,38.1862,-123.0529,,,,,,2623,,2,0
nwfsc_pacific_hake_survey,D20210724T213233_IFCB117,2021-07-24 21:32:33+00:00,117,2.8710020375,38.2416,-123.0963,,,,,,3318,,2,0
nwfsc_pacific_hake_survey,D20210724T222156_IFCB117,2021-07-24 22:21:56+00:00,117,3.95670665,38.3628,-123.164,,,,,,1625,,2,0
nwfsc_pacific_hake_survey,D20210724T224538_IFCB117,2021-07-24 22:45:38+00:00,117,3.6104209,38.4237,-123.1943,,,,,,2159,,2,0
nwfsc_pacific_hake_survey,D20210724T230920_IFCB117,2021-07-24 23:09:20+00:00,117,4.48635655416667,38.4451,-123.2652,,,,,,770,,2,0
nwfsc_pacific_hake_survey,D20210724T233302_IFCB117,2021-07-24 23:33:02+00:00,117,4.53869486666667,38.4455,-123.352,,,,,,749,,2,0
nwfsc_pacific_hake_survey,D20210724T235645_IFCB117,2021-07-24 23:56:45+00:00,117,4.88285785833333,38.4451,-123.4417,,,,,,187,,2,0
nwfsc_pacific_hake_survey,D20210725T002027_IFCB117,2021-07-25 00:20:27+00:00,117,4.722936,38.4441,-123.5338,,,,,,499,,2,0
nwfsc_pacific_hake_survey,D20210725T004409_IFCB117,2021-07-25 00:44:09+00:00,117,4.54564787083333,38.445,-123.6226,,,,,,847,,2,0
nwfsc_pacific_hake_survey,D20210725T010750_IFCB117,2021-07-25 01:07:50+00:00,117,4.42888094583333,38.445,-123.7064,,,,,,1071,,2,0
nwfsc_pacific_hake_survey,D20210725T013132_IFCB117,2021-07-25 01:31:32+00:00,117,4.57557475,38.4437,-123.7869,,,,,,768,,2,0
nwfsc_pacific_hake_survey,D20210725T015515_IFCB117,2021-07-25 01:55:15+00:00,117,4.61840063333333,38.4436,-123.7825,,,,,,691,,2,0
nwfsc_pacific_hake_survey,D20210725T021859_IFCB117,2021-07-25 02:18:59+00:00,117,4.64925547083333,38.442,-123.785,,,,,,621,,2,0
nwfsc_pacific_hake_survey,D20210725T024241_IFCB117,2021-07-25 02:42:41+00:00,117,4.570004475,38.4444,-123.7478,,,,,,801,,2,0
nwfsc_pacific_hake_survey,D20210725T030623_IFCB117,2021-07-25 03:06:23+00:00,117,4.5862780125,38.4426,-123.7496,,,,,,735,,2,0
nwfsc_pacific_hake_survey,D20210725T033005_IFCB117,2021-07-25 03:30:05+00:00,117,4.59565069583333,38.4417,-123.7488,,,,,,739,,2,0
nwfsc_pacific_hake_survey,D20210725T035346_IFCB117,2021-07-25 03:53:46+00:00,117,4.3434477375,38.4405,-123.7171,,,,,,1195,,2,0
nwfsc_pacific_hake_survey,D20210725T041729_IFCB117,2021-07-25 04:17:29+00:00,117,4.3994521375,38.4449,-123.6495,,,,,,1117,,2,0
nwfsc_pacific_hake_survey,D20210725T044112_IFCB117,2021-07-25 04:41:12+00:00,117,4.3767722375,38.4441,-123.6408,,,,,,1160,,2,0
nwfsc_pacific_hake_survey,D20210725T050454_IFCB117,2021-07-25 05:04:54+00:00,117,4.39515081666667,38.4433,-123.6418,,,,,,1103,,2,0
nwfsc_pacific_hake_survey,D20210725T052836_IFCB117,2021-07-25 05:28:36+00:00,117,4.4501124125,38.444,-123.6196,,,,,,1017,,2,0
nwfsc_pacific_hake_survey,D20210725T055217_IFCB117,2021-07-25 05:52:17+00:00,117,4.4256810625,38.4427,-123.6245,,,,,,1054,,2,0
nwfsc_pacific_hake_survey,D20210725T061600_IFCB117,2021-07-25 06:16:00+00:00,117,4.41651315833333,38.4432,-123.6206,,,,,,1045,,2,0
nwfsc_pacific_hake_survey,D20210725T063942_IFCB117,2021-07-25 06:39:42+00:00,117,4.31613116666667,38.4449,-123.563,,,,,,1272,,2,0
nwfsc_pacific_hake_survey,D20210725T070325_IFCB117,2021-07-25 07:03:25+00:00,117,4.778474475,38.445,-123.4966,,,,,,395,,2,0
nwfsc_pacific_hake_survey,D20210725T072708_IFCB117,2021-07-25 07:27:08+00:00,117,4.84846798333333,38.4464,-123.4769,,,,,,233,,2,0
nwfsc_pacific_hake_survey,D20210725T075050_IFCB117,2021-07-25 07:50:50+00:00,117,4.813752025,38.4453,-123.4199,,,,,,340,,2,0
nwfsc_pacific_hake_survey,D20210725T081432_IFCB117,2021-07-25 08:14:32+00:00,117,4.56366712916667,38.445,-123.3311,,,,,,847,,2,0
nwfsc_pacific_hake_survey,D20210725T083814_IFCB117,2021-07-25 08:38:14+00:00,117,4.285782125,38.4451,-123.2437,,,,,,1428,,2,0
nwfsc_pacific_hake_survey,D20210725T090157_IFCB117,2021-07-25 09:01:57+00:00,117,3.61815335,38.4493,-123.2125,,,,,,2843,,2,0
nwfsc_pacific_hake_survey,D20210725T092539_IFCB117,2021-07-25 09:25:39+00:00,117,4.01973009166667,38.4637,-123.278,,,,,,1976,,2,0
nwfsc_pacific_hake_survey,D20210725T094922_IFCB117,2021-07-25 09:49:22+00:00,117,4.59558326666667,38.4919,-123.3502,,,,,,768,,2,0
nwfsc_pacific_hake_survey,D20210725T101304_IFCB117,2021-07-25 10:13:04+00:00,117,4.56589028333333,38.5391,-123.405,,,,,,833,,2,0
nwfsc_pacific_hake_survey,D20210725T103647_IFCB117,2021-07-25 10:36:47+00:00,117,4.52623207083333,38.5775,-123.4477,,,,,,912,,2,0
nwfsc_pacific_hake_survey,D20210725T110029_IFCB117,2021-07-25 11:00:29+00:00,117,4.6873001875,38.6181,-123.4922,,,,,,573,,2,0
nwfsc_pacific_hake_survey,D20210725T112412_IFCB117,2021-07-25 11:24:12+00:00,117,4.78651962083333,38.6414,-123.5177,,,,,,398,,2,0
nwfsc_pacific_hake_survey,D20210725T114755_IFCB117,2021-07-25 11:47:55+00:00,117,4.85878285833333,38.6573,-123.5354,,,,,,251,,2,0
nwfsc_pacific_hake_survey,D20210725T121137_IFCB117,2021-07-25 12:11:37+00:00,117,4.83543094166667,38.7117,-123.5976,,,,,,191,,2,0
nwfsc_pacific_hake_survey,D20210725T123520_IFCB117,2021-07-25 12:35:20+00:00,117,4.79221513333333,38.7732,-123.5879,,,,,,272,,2,0
nwfsc_pacific_hake_survey,D20210725T125902_IFCB117,2021-07-25 12:59:02+00:00,117,4.83080148333333,38.7818,-123.5877,,,,,,304,,2,0
nwfsc_pacific_hake_survey,D20210725T132244_IFCB117,2021-07-25 13:22:44+00:00,117,4.88087130833333,38.7785,-123.625,,,,,,192,,2,0
nwfsc_pacific_hake_survey,D20210725T134627_IFCB117,2021-07-25 13:46:27+00:00,117,4.7892638875,38.7785,-123.6951,,,,,,354,,2,0
nwfsc_pacific_hake_survey,D20210725T143552_IFCB117,2021-07-25 14:35:52+00:00,117,4.74073203333333,38.778,-123.882,,,,,,293,,2,0
nwfsc_pacific_hake_survey,D20210725T145933_IFCB117,2021-07-25 14:59:33+00:00,117,4.466078475,38.7691,-123.8573,,,,,,745,,2,0
nwfsc_pacific_hake_survey,D20210725T152315_IFCB117,2021-07-25 15:23:15+00:00,117,4.66279845833333,38.7611,-123.8087,,,,,,461,,2,0
nwfsc_pacific_hake_survey,D20210725T154657_IFCB117,2021-07-25 15:46:57+00:00,117,4.70001836666667,38.7602,-123.8085,,,,,,407,,2,0
nwfsc_pacific_hake_survey,D20210725T161039_IFCB117,2021-07-25 16:10:39+00:00,117,4.62160020833333,38.7688,-123.8245,,,,,,520,,2,0
nwfsc_pacific_hake_survey,D20210725T163422_IFCB117,2021-07-25 16:34:22+00:00,117,4.57875605,38.7777,-123.8466,,,,,,585,,2,0
nwfsc_pacific_hake_survey,D20210725T165804_IFCB117,2021-07-25 16:58:04+00:00,117,4.68758345416667,38.7617,-123.8008,,,,,,432,,2,0
nwfsc_pacific_hake_survey,D20210725T172145_IFCB117,2021-07-25 17:21:45+00:00,117,4.70402911666667,38.7701,-123.8206,,,,,,407,,2,0
nwfsc_pacific_hake_survey,D20210725T174527_IFCB117,2021-07-25 17:45:27+00:00,117,4.71858147916667,38.7828,-123.8482,,,,,,384,,2,0
nwfsc_pacific_hake_survey,D20210725T180910_IFCB117,2021-07-25 18:09:10+00:00,117,4.17838945,38.7935,-123.8705,,,,,,1181,,2,0
nwfsc_pacific_hake_survey,D20210725T183251_IFCB117,2021-07-25 18:32:51+00:00,117,4.47988230416667,38.7995,-123.8919,,,,,,730,,2,0
nwfsc_pacific_hake_survey,D20210725T185633_IFCB117,2021-07-25 18:56:33+00:00,117,4.73092590833333,38.7781,-123.9294,,,,,,353,,2,0
nwfsc_pacific_hake_survey,D20210725T192016_IFCB117,2021-07-25 19:20:16+00:00,117,4.81695960833333,38.7823,-123.9972,,,,,,243,,2,0
nwfsc_pacific_hake_survey,D20210725T194358_IFCB117,2021-07-25 19:43:58+00:00,117,4.82854110833333,38.8362,-124.0255,,,,,,147,,2,0
nwfsc_pacific_hake_survey,D20210725T200740_IFCB117,2021-07-25 20:07:40+00:00,117,4.8158139375,38.8977,-124.0616,,,,,,110,,2,0
nwfsc_pacific_hake_survey,D20210725T203122_IFCB117,2021-07-25 20:31:22+00:00,117,4.89846367083333,38.9602,-124.0991,,,,,,67,,2,0
nwfsc_pacific_hake_survey,D20210725T205504_IFCB117,2021-07-25 20:55:04+00:00,117,4.90074187083333,39.0232,-124.137,,,,,,77,,2,0
nwfsc_pacific_hake_survey,D20210725T211846_IFCB117,2021-07-25 21:18:46+00:00,117,4.93587381666667,39.082,-124.1736,,,,,,68,,2,0
nwfsc_pacific_hake_survey,D20210725T214228_IFCB117,2021-07-25 21:42:28+00:00,117,4.7589704875,39.1114,-124.1523,,,,,,109,,2,0
nwfsc_pacific_hake_survey,D20210725T220610_IFCB117,2021-07-25 22:06:10+00:00,117,4.782397725,39.1121,-124.055,,,,,,67,,2,0
nwfsc_pacific_hake_survey,D20210725T222952_IFCB117,2021-07-25 22:29:52+00:00,117,4.9020319375,39.1103,-123.9638,,,,,,115,,2,0
nwfsc_pacific_hake_survey,D20210725T225334_IFCB117,2021-07-25 22:53:34+00:00,117,4.8486302875,39.0878,-123.939,,,,,,115,,2,0
nwfsc_pacific_hake_survey,D20210725T231716_IFCB117,2021-07-25 23:17:16+00:00,117,4.8938542875,39.0923,-123.9512,,,,,,91,,2,0
nwfsc_pacific_hake_survey,D20210725T234058_IFCB117,2021-07-25 23:40:58+00:00,117,4.84119087083333,39.1066,-123.9708,,,,,,112,,2,0
nwfsc_pacific_hake_survey,D20210726T000440_IFCB117,2021-07-26 00:04:40+00:00,117,4.9101595875,39.1181,-123.9894,,,,,,111,,2,0
nwfsc_pacific_hake_survey,D20210726T002822_IFCB117,2021-07-26 00:28:22+00:00,117,4.8327937375,39.1256,-124.0011,,,,,,121,,2,0
nwfsc_pacific_hake_survey,D20210726T005204_IFCB117,2021-07-26 00:52:04+00:00,117,4.90641783333333,39.1386,-124.0132,,,,,,120,,2,0
nwfsc_pacific_hake_survey,D20210726T011547_IFCB117,2021-07-26 01:15:47+00:00,117,4.87949347083333,39.1104,-123.9357,,,,,,158,,2,0
nwfsc_pacific_hake_survey,D20210726T013929_IFCB117,2021-07-26 01:39:29+00:00,117,4.88670369166667,39.1113,-123.84,,,,,,145,,2,0
nwfsc_pacific_hake_survey,D20210726T020311_IFCB117,2021-07-26 02:03:11+00:00,117,4.78224115833333,39.1108,-123.7531,,,,,,302,,2,0
nwfsc_pacific_hake_survey,D20210726T022652_IFCB117,2021-07-26 02:26:52+00:00,117,4.76135885416667,39.1092,-123.7551,,,,,,340,,2,0
nwfsc_pacific_hake_survey,D20210726T025035_IFCB117,2021-07-26 02:50:35+00:00,117,4.78966504583333,39.111,-123.8455,,,,,,246,,2,0
nwfsc_pacific_hake_survey,D20210726T031417_IFCB117,2021-07-26 03:14:17+00:00,117,4.75145199583333,39.1113,-123.9269,,,,,,183,,2,0
nwfsc_pacific_hake_survey,D20210726T033759_IFCB117,2021-07-26 03:37:59+00:00,117,4.86006254583333,39.1088,-123.9345,,,,,,177,,2,0
nwfsc_pacific_hake_survey,D20210726T040142_IFCB117,2021-07-26 04:01:42+00:00,117,4.9106775625,39.1082,-123.9529,,,,,,114,,2,0
nwfsc_pacific_hake_survey,D20210726T042524_IFCB117,2021-07-26 04:25:24+00:00,117,4.82923745,39.1075,-123.9667,,,,,,133,,2,0
nwfsc_pacific_hake_survey,D20210726T044906_IFCB117,2021-07-26 04:49:06+00:00,117,4.83599179166667,39.1039,-123.969,,,,,,190,,2,0
nwfsc_pacific_hake_survey,D20210726T051248_IFCB117,2021-07-26 05:12:48+00:00,117,4.83769585416667,39.1108,-124.0141,,,,,,127,,2,0
nwfsc_pacific_hake_survey,D20210726T053630_IFCB117,2021-07-26 05:36:30+00:00,117,4.89705568333333,39.1082,-124.0177,,,,,,137,,2,0
nwfsc_pacific_hake_survey,D20210726T060013_IFCB117,2021-07-26 06:00:13+00:00,117,4.73847574583333,39.112,-124.0184,,,,,,120,,2,0
nwfsc_pacific_hake_survey,D20210726T064959_IFCB117,2021-07-26 06:49:59+00:00,117,4.8719961125,39.1125,-124.1206,,,,,,49,,2,0
nwfsc_pacific_hake_survey,D20210726T071341_IFCB117,2021-07-26 07:13:41+00:00,117,4.91692064583333,39.1119,-124.1245,,,,,,73,,2,0
nwfsc_pacific_hake_survey,D20210726T073723_IFCB117,2021-07-26 07:37:23+00:00,117,4.86296357916667,39.1106,-124.142,,,,,,73,,2,0
nwfsc_pacific_hake_survey,D20210726T080105_IFCB117,2021-07-26 08:01:05+00:00,117,4.91390257083333,39.1119,-124.1901,,,,,,65,,2,0
nwfsc_pacific_hake_survey,D20210726T082447_IFCB117,2021-07-26 08:24:47+00:00,117,4.9115057,39.1109,-124.1944,,,,,,87,,2,0
nwfsc_pacific_hake_survey,D20210726T084829_IFCB117,2021-07-26 08:48:29+00:00,117,4.92016773333333,39.1269,-124.2002,,,,,,78,,2,0
nwfsc_pacific_hake_survey,D20210726T091211_IFCB117,2021-07-26 09:12:11+00:00,117,4.8821039375,39.1784,-124.2169,,,,,,103,,2,0
nwfsc_pacific_hake_survey,D20210726T093553_IFCB117,2021-07-26 09:35:53+00:00,117,4.890980375,39.2362,-124.2377,,,,,,142,,2,0
nwfsc_pacific_hake_survey,D20210726T095935_IFCB117,2021-07-26 09:59:35+00:00,117,4.65437577916667,39.2951,-124.2632,,,,,,75,,2,0
nwfsc_pacific_hake_survey,D20210726T102317_IFCB117,2021-07-26 10:23:17+00:00,117,4.90194959166667,39.3539,-124.285,,,,,,120,,2,0
nwfsc_pacific_hake_survey,D20210726T104659_IFCB117,2021-07-26 10:46:59+00:00,117,4.8353803875,39.4083,-124.3023,,,,,,125,,2,0
nwfsc_pacific_hake_survey,D20210726T111041_IFCB117,2021-07-26 11:10:41+00:00,117,4.784296375,39.4437,-124.309,,,,,,101,,2,0
nwfsc_pacific_hake_survey,D20210726T113423_IFCB117,2021-07-26 11:34:23+00:00,117,4.65154422916667,39.4413,-124.3125,,,,,,75,,2,0
nwfsc_pacific_hake_survey,D20210726T115805_IFCB117,2021-07-26 11:58:05+00:00,117,4.78177515833333,39.4451,-124.3121,,,,,,122,,2,0
nwfsc_pacific_hake_survey,D20210726T122146_IFCB117,2021-07-26 12:21:46+00:00,117,4.83969180416667,39.4561,-124.3221,,,,,,85,,2,0
nwfsc_pacific_hake_survey,D20210726T124529_IFCB117,2021-07-26 12:45:29+00:00,117,4.90387642916667,39.4707,-124.3325,,,,,,90,,2,0
nwfsc_pacific_hake_survey,D20210726T130911_IFCB117,2021-07-26 13:09:11+00:00,117,4.83763564583333,39.4492,-124.3187,,,,,,179,,2,0
nwfsc_pacific_hake_survey,D20210726T133253_IFCB117,2021-07-26 13:32:53+00:00,117,4.90358872916667,39.4451,-124.2615,,,,,,116,,2,0
nwfsc_pacific_hake_survey,D20210726T135635_IFCB117,2021-07-26 13:56:35+00:00,117,4.47110533333333,39.4448,-124.2016,,,,,,86,,2,0
nwfsc_pacific_hake_survey,D20210726T142017_IFCB117,2021-07-26 14:20:17+00:00,117,4.74341401666667,39.4452,-124.1233,,,,,,84,,2,0
nwfsc_pacific_hake_survey,D20210726T144400_IFCB117,2021-07-26 14:44:00+00:00,117,4.77528230833333,39.4446,-124.0671,,,,,,77,,2,0
nwfsc_pacific_hake_survey,D20210726T150741_IFCB117,2021-07-26 15:07:41+00:00,117,4.84243489583333,39.4453,-123.9887,,,,,,90,,2,0
nwfsc_pacific_hake_survey,D20210726T153123_IFCB117,2021-07-26 15:31:23+00:00,117,4.72696190416667,39.4448,-123.918,,,,,,108,,2,0
nwfsc_pacific_hake_survey,D20210726T155505_IFCB117,2021-07-26 15:55:05+00:00,117,4.8787712125,39.4451,-123.8503,,,,,,147,,2,0
nwfsc_pacific_hake_survey,D20210726T161847_IFCB117,2021-07-26 16:18:47+00:00,117,4.82725370833333,39.4826,-123.8899,,,,,,144,,2,0
nwfsc_pacific_hake_survey,D20210726T164229_IFCB117,2021-07-26 16:42:29+00:00,117,4.5613232875,39.5543,-123.8926,,,,,,78,,2,0
nwfsc_pacific_hake_survey,D20210726T170611_IFCB117,2021-07-26 17:06:11+00:00,117,4.91714102083333,39.6251,-123.8959,,,,,,61,,2,0
nwfsc_pacific_hake_survey,D20210726T172953_IFCB117,2021-07-26 17:29:53+00:00,117,4.88288777083333,39.6935,-123.9005,,,,,,75,,2,0
nwfsc_pacific_hake_survey,D20210726T175335_IFCB117,2021-07-26 17:53:35+00:00,117,4.67401501666667,39.7664,-123.8946,,,,,,452,,2,0
nwfsc_pacific_hake_survey,D20210726T181718_IFCB117,2021-07-26 18:17:18+00:00,117,4.7998047125,39.7791,-123.9713,,,,,,160,,2,0
nwfsc_pacific_hake_survey,D20210726T184100_IFCB117,2021-07-26 18:41:00+00:00,117,4.80588274166667,39.7787,-124.065,,,,,,138,,2,0
nwfsc_pacific_hake_survey,D20210726T190443_IFCB117,2021-07-26 19:04:43+00:00,117,4.77800152083333,39.7712,-124.1089,,,,,,265,,2,0
nwfsc_pacific_hake_survey,D20210726T192825_IFCB117,2021-07-26 19:28:25+00:00,117,4.89969957083333,39.7481,-124.0277,,,,,,128,,2,0
nwfsc_pacific_hake_survey,D20210726T195207_IFCB117,2021-07-26 19:52:07+00:00,117,4.80416658333333,39.7542,-124.045,,,,,,207,,2,0
nwfsc_pacific_hake_survey,D20210726T201549_IFCB117,2021-07-26 20:15:49+00:00,117,4.82078198333333,39.7731,-124.0662,,,,,,189,,2,0
nwfsc_pacific_hake_survey,D20210726T203930_IFCB117,2021-07-26 20:39:30+00:00,117,4.82569206666667,39.7871,-124.0822,,,,,,236,,2,0
nwfsc_pacific_hake_survey,D20210726T210312_IFCB117,2021-07-26 21:03:12+00:00,117,4.8454622875,39.7971,-124.0991,,,,,,189,,2,0
nwfsc_pacific_hake_survey,D20210726T212653_IFCB117,2021-07-26 21:26:53+00:00,117,4.77190573333333,39.7783,-124.0579,,,,,,260,,2,0
nwfsc_pacific_hake_survey,D20210726T215035_IFCB117,2021-07-26 21:50:35+00:00,117,4.81467502083333,39.7525,-124.0388,,,,,,222,,2,0
nwfsc_pacific_hake_survey,D20210726T221417_IFCB117,2021-07-26 22:14:17+00:00,117,4.7360322,39.7687,-124.0505,,,,,,210,,2,0
nwfsc_pacific_hake_survey,D20210726T230342_IFCB117,2021-07-26 23:03:42+00:00,117,4.84071507083333,39.7528,-124.0385,,,,,,38,,2,0
nwfsc_pacific_hake_survey,D20210726T232724_IFCB117,2021-07-26 23:27:24+00:00,117,4.8138394125,39.7697,-124.0521,,,,,,147,,2,0
nwfsc_pacific_hake_survey,D20210726T235106_IFCB117,2021-07-26 23:51:06+00:00,117,4.8477706875,39.7848,-124.066,,,,,,202,,2,0
nwfsc_pacific_hake_survey,D20210727T001447_IFCB117,2021-07-27 00:14:47+00:00,117,4.81486964583333,39.7994,-124.0777,,,,,,206,,2,0
nwfsc_pacific_hake_survey,D20210727T003829_IFCB117,2021-07-27 00:38:29+00:00,117,4.87149064166667,39.7791,-124.1282,,,,,,121,,2,0
nwfsc_pacific_hake_survey,D20210727T010211_IFCB117,2021-07-27 01:02:11+00:00,117,4.897404775,39.7787,-124.1884,,,,,,114,,2,0
nwfsc_pacific_hake_survey,D20210727T012553_IFCB117,2021-07-27 01:25:53+00:00,117,4.75000054166667,39.7774,-124.2718,,,,,,141,,2,0
nwfsc_pacific_hake_survey,D20210727T014934_IFCB117,2021-07-27 01:49:34+00:00,117,4.888441725,39.7779,-124.3352,,,,,,129,,2,0
nwfsc_pacific_hake_survey,D20210727T021317_IFCB117,2021-07-27 02:13:17+00:00,117,4.86323792083333,39.769,-124.3183,,,,,,95,,2,0
nwfsc_pacific_hake_survey,D20210727T023659_IFCB117,2021-07-27 02:36:59+00:00,117,4.78808036666667,39.7575,-124.2331,,,,,,89,,2,0
nwfsc_pacific_hake_survey,D20210727T030041_IFCB117,2021-07-27 03:00:41+00:00,117,4.91389874583333,39.769,-124.2505,,,,,,95,,2,0
nwfsc_pacific_hake_survey,D20210727T032422_IFCB117,2021-07-27 03:24:22+00:00,117,4.84049137083333,39.7802,-124.2684,,,,,,90,,2,0
nwfsc_pacific_hake_survey,D20210727T034803_IFCB117,2021-07-27 03:48:03+00:00,117,4.85529034583333,39.7772,-124.2895,,,,,,136,,2,0
nwfsc_pacific_hake_survey,D20210727T041146_IFCB117,2021-07-27 04:11:46+00:00,117,4.81989825,39.7794,-124.3273,,,,,,96,,2,0
nwfsc_pacific_hake_survey,D20210727T043527_IFCB117,2021-07-27 04:35:27+00:00,117,4.86331205416667,39.78,-124.3269,,,,,,124,,2,0
nwfsc_pacific_hake_survey,D20210727T045910_IFCB117,2021-07-27 04:59:10+00:00,117,4.87347159166667,39.7805,-124.3263,,,,,,117,,2,0
nwfsc_pacific_hake_survey,D20210727T052254_IFCB117,2021-07-27 05:22:54+00:00,117,4.91353834583333,39.8158,-124.3143,,,,,,86,,2,0
nwfsc_pacific_hake_survey,D20210727T054635_IFCB117,2021-07-27 05:46:35+00:00,117,4.88672784583333,39.8708,-124.2912,,,,,,131,,2,0
nwfsc_pacific_hake_survey,D20210727T061018_IFCB117,2021-07-27 06:10:18+00:00,117,4.8080689625,39.9254,-124.2714,,,,,,84,,2,0
nwfsc_pacific_hake_survey,D20210727T063400_IFCB117,2021-07-27 06:34:00+00:00,117,4.5560889,39.9766,-124.2504,,,,,,633,,2,0
nwfsc_pacific_hake_survey,D20210727T065742_IFCB117,2021-07-27 06:57:42+00:00,117,4.15414286666667,40.0271,-124.2286,,,,,,1237,,2,0
nwfsc_pacific_hake_survey,D20210727T072123_IFCB117,2021-07-27 07:21:23+00:00,117,3.91811126666667,40.0825,-124.2075,,,,,,1562,,2,0
nwfsc_pacific_hake_survey,D20210727T074505_IFCB117,2021-07-27 07:45:05+00:00,117,4.4712957375,40.1108,-124.2003,,,,,,760,,2,0
nwfsc_pacific_hake_survey,D20210727T080847_IFCB117,2021-07-27 08:08:47+00:00,117,3.98612612916667,40.1123,-124.2437,,,,,,1446,,2,0
nwfsc_pacific_hake_survey,D20210727T083230_IFCB117,2021-07-27 08:32:30+00:00,117,3.82225225833333,40.1115,-124.289,,,,,,1706,,2,0
nwfsc_pacific_hake_survey,D20210727T085612_IFCB117,2021-07-27 08:56:12+00:00,117,3.45275685416667,40.1128,-124.2909,,,,,,2225,,2,0
nwfsc_pacific_hake_survey,D20210727T091955_IFCB117,2021-07-27 09:19:55+00:00,117,3.3740994125,40.1124,-124.2953,,,,,,2315,,2,0
nwfsc_pacific_hake_survey,D20210727T094336_IFCB117,2021-07-27 09:43:36+00:00,117,4.68192026666667,40.1128,-124.3588,,,,,,454,,2,0
nwfsc_pacific_hake_survey,D20210727T100718_IFCB117,2021-07-27 10:07:18+00:00,117,4.52126112083333,40.1147,-124.3798,,,,,,679,,2,0
nwfsc_pacific_hake_survey,D20210727T103100_IFCB117,2021-07-27 10:31:00+00:00,117,4.498546675,40.1177,-124.3857,,,,,,718,,2,0
nwfsc_pacific_hake_survey,D20210727T105442_IFCB117,2021-07-27 10:54:42+00:00,117,4.7311720375,40.1144,-124.356,,,,,,376,,2,0
nwfsc_pacific_hake_survey,D20210727T111824_IFCB117,2021-07-27 11:18:24+00:00,117,4.6514710375,40.1123,-124.3238,,,,,,455,,2,0
nwfsc_pacific_hake_survey,D20210727T114206_IFCB117,2021-07-27 11:42:06+00:00,117,3.51371500416667,40.1118,-124.2977,,,,,,2150,,2,0
nwfsc_pacific_hake_survey,D20210727T120548_IFCB117,2021-07-27 12:05:48+00:00,117,3.49717485,40.1118,-124.2691,,,,,,2167,,2,0
nwfsc_pacific_hake_survey,D20210727T122931_IFCB117,2021-07-27 12:29:31+00:00,117,3.65723327916667,40.1115,-124.2406,,,,,,1890,,2,0
nwfsc_pacific_hake_survey,D20210727T125312_IFCB117,2021-07-27 12:53:12+00:00,117,3.53674335416667,40.1081,-124.209,,,,,,2091,,2,0
nwfsc_pacific_hake_survey,D20210727T131655_IFCB117,2021-07-27 13:16:55+00:00,117,3.0898927125,40.1124,-124.208,,,,,,2739,,2,0
nwfsc_pacific_hake_survey,D20210727T134037_IFCB117,2021-07-27 13:40:37+00:00,117,3.07704800416667,40.1115,-124.3042,,,,,,2750,,2,0
nwfsc_pacific_hake_survey,D20210727T140420_IFCB117,2021-07-27 14:04:20+00:00,117,4.51071085416667,40.1116,-124.391,,,,,,700,,2,0
nwfsc_pacific_hake_survey,D20210727T142802_IFCB117,2021-07-27 14:28:02+00:00,117,4.18390516666667,40.1019,-124.3928,,,,,,1154,,2,0
nwfsc_pacific_hake_survey,D20210727T151704_IFCB117,2021-07-27 15:17:04+00:00,117,4.52094234583333,40.0966,-124.3325,,,,,,111,,2,0
nwfsc_pacific_hake_survey,D20210727T154047_IFCB117,2021-07-27 15:40:47+00:00,117,4.6914667,40.1131,-124.3592,,,,,,440,,2,0
nwfsc_pacific_hake_survey,D20210727T160428_IFCB117,2021-07-27 16:04:28+00:00,117,4.65654318333333,40.1256,-124.3792,,,,,,373,,2,0
nwfsc_pacific_hake_survey,D20210727T162810_IFCB117,2021-07-27 16:28:10+00:00,117,4.77432395416667,40.1337,-124.3973,,,,,,316,,2,0
nwfsc_pacific_hake_survey,D20210727T165152_IFCB117,2021-07-27 16:51:52+00:00,117,4.43619123333333,40.1305,-124.4188,,,,,,806,,2,0
nwfsc_pacific_hake_survey,D20210727T171534_IFCB117,2021-07-27 17:15:34+00:00,117,4.77933020416667,40.1116,-124.4853,,,,,,293,,2,0
nwfsc_pacific_hake_survey,D20210727T173917_IFCB117,2021-07-27 17:39:17+00:00,117,4.72524642916667,40.1053,-124.5143,,,,,,347,,2,0
nwfsc_pacific_hake_survey,D20210727T180259_IFCB117,2021-07-27 18:02:59+00:00,117,4.80518574583333,40.0966,-124.4753,,,,,,266,,2,0
nwfsc_pacific_hake_survey,D20210727T182641_IFCB117,2021-07-27 18:26:41+00:00,117,4.78031327083333,40.1137,-124.501,,,,,,243,,2,0
nwfsc_pacific_hake_survey,D20210727T185023_IFCB117,2021-07-27 18:50:23+00:00,117,4.81426999166667,40.1274,-124.5276,,,,,,248,,2,0
nwfsc_pacific_hake_survey,D20210727T191404_IFCB117,2021-07-27 19:14:04+00:00,117,4.80944916666667,40.1298,-124.5623,,,,,,230,,2,0
nwfsc_pacific_hake_survey,D20210727T193746_IFCB117,2021-07-27 19:37:46+00:00,117,4.82224132916667,40.1206,-124.5561,,,,,,233,,2,0
nwfsc_pacific_hake_survey,D20210727T200128_IFCB117,2021-07-27 20:01:28+00:00,117,4.7553528375,40.1118,-124.5833,,,,,,303,,2,0
nwfsc_pacific_hake_survey,D20210727T203148_IFCB117,2021-07-27 20:31:48+00:00,117,4.71451390416667,40.1113,-124.6543,,,,,,76,,2,0
nwfsc_pacific_hake_survey,D20210727T205530_IFCB117,2021-07-27 20:55:30+00:00,117,4.88040103333333,40.1115,-124.7564,,,,,,147,,2,0
nwfsc_pacific_hake_survey,D20210727T211912_IFCB117,2021-07-27 21:19:12+00:00,117,3.98919647083333,40.1112,-124.8328,,,,,,1438,,2,0
nwfsc_pacific_hake_survey,D20210727T214254_IFCB117,2021-07-27 21:42:54+00:00,117,4.23460130833333,40.1113,-124.8907,,,,,,1056,,2,0
nwfsc_pacific_hake_survey,D20210727T220636_IFCB117,2021-07-27 22:06:36+00:00,117,4.88322647083333,40.1113,-124.9792,,,,,,83,,2,0
nwfsc_pacific_hake_survey,D20210727T223019_IFCB117,2021-07-27 22:30:19+00:00,117,4.6998636,40.1116,-125.0505,,,,,,79,,2,0
nwfsc_pacific_hake_survey,D20210727T225401_IFCB117,2021-07-27 22:54:01+00:00,117,4.84288136666667,40.1119,-125.1161,,,,,,91,,2,0
nwfsc_pacific_hake_survey,D20210727T231742_IFCB117,2021-07-27 23:17:42+00:00,117,4.83284245833333,40.1262,-125.1522,,,,,,66,,2,0
nwfsc_pacific_hake_survey,D20210727T234124_IFCB117,2021-07-27 23:41:24+00:00,117,4.86806065416667,40.17,-125.0881,,,,,,87,,2,0
nwfsc_pacific_hake_survey,D20210728T000505_IFCB117,2021-07-28 00:05:05+00:00,117,4.90577819166667,40.2151,-125.0252,,,,,,81,,2,0
nwfsc_pacific_hake_survey,D20210728T002847_IFCB117,2021-07-28 00:28:47+00:00,117,4.6507482,40.2596,-124.9658,,,,,,481,,2,0
nwfsc_pacific_hake_survey,D20210728T005229_IFCB117,2021-07-28 00:52:29+00:00,117,4.14980210416667,40.3065,-124.9004,,,,,,1170,,2,0
nwfsc_pacific_hake_survey,D20210728T011610_IFCB117,2021-07-28 01:16:10+00:00,117,4.21572085,40.3555,-124.8328,,,,,,1092,,2,0
nwfsc_pacific_hake_survey,D20210728T013953_IFCB117,2021-07-28 01:39:53+00:00,117,4.57682090833333,40.4019,-124.7672,,,,,,546,,2,0
nwfsc_pacific_hake_survey,D20210728T020335_IFCB117,2021-07-28 02:03:35+00:00,117,4.5443403875,40.4443,-124.7012,,,,,,653,,2,0
nwfsc_pacific_hake_survey,D20210728T022717_IFCB117,2021-07-28 02:27:17+00:00,117,4.645353,40.4451,-124.6106,,,,,,509,,2,0
nwfsc_pacific_hake_survey,D20210728T025059_IFCB117,2021-07-28 02:50:59+00:00,117,4.76981913333333,40.4456,-124.5239,,,,,,315,,2,0
nwfsc_pacific_hake_survey,D20210728T031440_IFCB117,2021-07-28 03:14:40+00:00,117,4.80292425416667,40.4441,-124.5133,,,,,,224,,2,0
nwfsc_pacific_hake_survey,D20210728T033822_IFCB117,2021-07-28 03:38:22+00:00,117,4.72824425,40.4444,-124.5589,,,,,,383,,2,0
nwfsc_pacific_hake_survey,D20210728T040203_IFCB117,2021-07-28 04:02:03+00:00,117,4.6029372625,40.4442,-124.602,,,,,,560,,2,0
nwfsc_pacific_hake_survey,D20210728T042545_IFCB117,2021-07-28 04:25:45+00:00,117,4.604969925,40.4452,-124.6093,,,,,,570,,2,0
nwfsc_pacific_hake_survey,D20210728T044927_IFCB117,2021-07-28 04:49:27+00:00,117,4.65251199166667,40.4473,-124.6211,,,,,,511,,2,0
nwfsc_pacific_hake_survey,D20210728T051309_IFCB117,2021-07-28 05:13:09+00:00,117,4.634122675,40.4488,-124.6262,,,,,,533,,2,0
nwfsc_pacific_hake_survey,D20210728T053651_IFCB117,2021-07-28 05:36:51+00:00,117,4.75756175833333,40.4478,-124.6289,,,,,,351,,2,0
nwfsc_pacific_hake_survey,D20210728T060033_IFCB117,2021-07-28 06:00:33+00:00,117,4.72604472083333,40.4488,-124.6296,,,,,,390,,2,0
nwfsc_pacific_hake_survey,D20210728T062415_IFCB117,2021-07-28 06:24:15+00:00,117,4.70731791666667,40.4474,-124.6807,,,,,,416,,2,0
nwfsc_pacific_hake_survey,D20210728T071336_IFCB117,2021-07-28 07:13:36+00:00,117,4.88441859166667,40.4525,-124.7141,,,,,,88,,2,0
nwfsc_pacific_hake_survey,D20210728T073718_IFCB117,2021-07-28 07:37:18+00:00,117,4.65456875833333,40.4982,-124.725,,,,,,506,,2,0
nwfsc_pacific_hake_survey,D20210728T080101_IFCB117,2021-07-28 08:01:01+00:00,117,4.81431512916667,40.5568,-124.7436,,,,,,243,,2,0
nwfsc_pacific_hake_survey,D20210728T082443_IFCB117,2021-07-28 08:24:43+00:00,117,4.75227384583333,40.6209,-124.7647,,,,,,224,,2,0
nwfsc_pacific_hake_survey,D20210728T084825_IFCB117,2021-07-28 08:48:25+00:00,117,4.65666973333333,40.6876,-124.7864,,,,,,442,,2,0
nwfsc_pacific_hake_survey,D20210728T091207_IFCB117,2021-07-28 09:12:07+00:00,117,4.75775112916667,40.752,-124.8067,,,,,,304,,2,0
nwfsc_pacific_hake_survey,D20210728T093549_IFCB117,2021-07-28 09:35:49+00:00,117,4.650096325,40.773,-124.8216,,,,,,480,,2,0
nwfsc_pacific_hake_survey,D20210728T095931_IFCB117,2021-07-28 09:59:31+00:00,117,4.61209157916667,40.7707,-124.8318,,,,,,532,,2,0
nwfsc_pacific_hake_survey,D20210728T102314_IFCB117,2021-07-28 10:23:14+00:00,117,4.58316609583333,40.7714,-124.8322,,,,,,525,,2,0
nwfsc_pacific_hake_survey,D20210728T104656_IFCB117,2021-07-28 10:46:56+00:00,117,4.62962758333333,40.7776,-124.8233,,,,,,498,,2,0
nwfsc_pacific_hake_survey,D20210728T111038_IFCB117,2021-07-28 11:10:38+00:00,117,4.676692575,40.7811,-124.8158,,,,,,421,,2,0
nwfsc_pacific_hake_survey,D20210728T113420_IFCB117,2021-07-28 11:34:20+00:00,117,4.6832862125,40.7749,-124.8262,,,,,,408,,2,0
nwfsc_pacific_hake_survey,D20210728T115801_IFCB117,2021-07-28 11:58:01+00:00,117,4.65125074166667,40.7739,-124.8378,,,,,,455,,2,0
nwfsc_pacific_hake_survey,D20210728T122143_IFCB117,2021-07-28 12:21:43+00:00,117,4.673402,40.7726,-124.8459,,,,,,429,,2,0
nwfsc_pacific_hake_survey,D20210728T124525_IFCB117,2021-07-28 12:45:25+00:00,117,4.649903475,40.7786,-124.8328,,,,,,465,,2,0
nwfsc_pacific_hake_survey,D20210728T130907_IFCB117,2021-07-28 13:09:07+00:00,117,4.60075470833333,40.7782,-124.8214,,,,,,547,,2,0
nwfsc_pacific_hake_survey,D20210728T133250_IFCB117,2021-07-28 13:32:50+00:00,117,4.61328732916667,40.7787,-124.916,,,,,,483,,2,0
nwfsc_pacific_hake_survey,D20210728T135631_IFCB117,2021-07-28 13:56:31+00:00,117,4.67576257083333,40.7802,-125.0119,,,,,,417,,2,0
nwfsc_pacific_hake_survey,D20210728T142013_IFCB117,2021-07-28 14:20:13+00:00,117,4.66287531666667,40.7778,-124.9383,,,,,,466,,2,0
nwfsc_pacific_hake_survey,D20210728T144356_IFCB117,2021-07-28 14:43:56+00:00,117,4.63344627083333,40.7778,-124.8636,,,,,,506,,2,0
nwfsc_pacific_hake_survey,D20210728T150737_IFCB117,2021-07-28 15:07:37+00:00,117,4.463058175,40.7778,-124.7829,,,,,,749,,2,0
nwfsc_pacific_hake_survey,D20210728T153119_IFCB117,2021-07-28 15:31:19+00:00,117,4.33879780833333,40.7782,-124.6985,,,,,,914,,2,0
nwfsc_pacific_hake_survey,D20210728T155501_IFCB117,2021-07-28 15:55:01+00:00,117,3.97140770416667,40.7779,-124.6125,,,,,,1434,,2,0
nwfsc_pacific_hake_survey,D20210728T161844_IFCB117,2021-07-28 16:18:44+00:00,117,3.97107153333333,40.7785,-124.5328,,,,,,1421,,2,0
nwfsc_pacific_hake_survey,D20210728T164226_IFCB117,2021-07-28 16:42:26+00:00,117,4.78998910416667,40.7739,-124.4937,,,,,,234,,2,0
nwfsc_pacific_hake_survey,D20210728T170607_IFCB117,2021-07-28 17:06:07+00:00,117,4.75601683333333,40.7468,-124.5395,,,,,,305,,2,0
nwfsc_pacific_hake_survey,D20210728T172949_IFCB117,2021-07-28 17:29:49+00:00,117,4.58889179166667,40.7665,-124.5441,,,,,,550,,2,0
nwfsc_pacific_hake_survey,D20210728T175331_IFCB117,2021-07-28 17:53:31+00:00,117,4.54018295,40.7885,-124.5502,,,,,,599,,2,0
nwfsc_pacific_hake_survey,D20210728T181712_IFCB117,2021-07-28 18:17:12+00:00,117,4.8553218125,40.8024,-124.5555,,,,,,153,,2,0
nwfsc_pacific_hake_survey,D20210728T184054_IFCB117,2021-07-28 18:40:54+00:00,117,4.7709291,40.8072,-124.5528,,,,,,304,,2,0
nwfsc_pacific_hake_survey,D20210728T190436_IFCB117,2021-07-28 19:04:36+00:00,117,4.75756684166667,40.7639,-124.4999,,,,,,318,,2,0
nwfsc_pacific_hake_survey,D20210728T192817_IFCB117,2021-07-28 19:28:17+00:00,117,4.8695370625,40.743,-124.4944,,,,,,102,,2,0
nwfsc_pacific_hake_survey,D20210728T195159_IFCB117,2021-07-28 19:51:59+00:00,117,4.7604540125,40.7685,-124.5022,,,,,,142,,2,0
nwfsc_pacific_hake_survey,D20210728T201541_IFCB117,2021-07-28 20:15:41+00:00,117,4.72383065416667,40.7898,-124.5074,,,,,,357,,2,0
nwfsc_pacific_hake_survey,D20210728T203922_IFCB117,2021-07-28 20:39:22+00:00,117,4.71026707916667,40.805,-124.5075,,,,,,387,,2,0
nwfsc_pacific_hake_survey,D20210728T210304_IFCB117,2021-07-28 21:03:04+00:00,117,4.27252612083333,40.803,-124.5065,,,,,,1001,,2,0
nwfsc_pacific_hake_survey,D20210728T212647_IFCB117,2021-07-28 21:26:47+00:00,117,4.9046441625,40.7783,-124.4454,,,,,,100,,2,0
nwfsc_pacific_hake_survey,D20210728T215029_IFCB117,2021-07-28 21:50:29+00:00,117,4.94988394166667,40.7636,-124.4317,,,,,,55,,2,0
nwfsc_pacific_hake_survey,D20210728T221411_IFCB117,2021-07-28 22:14:11+00:00,117,4.9517678375,40.7402,-124.4344,,,,,,34,,2,0
nwfsc_pacific_hake_survey,D20210728T223753_IFCB117,2021-07-28 22:37:53+00:00,117,4.88990858333333,40.7508,-124.4439,,,,,,29,,2,0
nwfsc_pacific_hake_survey,D20210728T232718_IFCB117,2021-07-28 23:27:18+00:00,117,4.42599375833333,40.7655,-124.4489,,,,,,34,,2,0
nwfsc_pacific_hake_survey,D20210728T235100_IFCB117,2021-07-28 23:51:00+00:00,117,4.78430965416667,40.7889,-124.4549,,,,,,71,,2,0
nwfsc_pacific_hake_survey,D20210729T001441_IFCB117,2021-07-29 00:14:41+00:00,117,4.94680515,40.8036,-124.4565,,,,,,34,,2,0
nwfsc_pacific_hake_survey,D20210729T003823_IFCB117,2021-07-29 00:38:23+00:00,117,4.8342941625,40.7957,-124.4451,,,,,,59,,2,0
nwfsc_pacific_hake_survey,D20210729T010206_IFCB117,2021-07-29 01:02:06+00:00,117,4.7743203,40.7798,-124.4282,,,,,,90,,2,0
nwfsc_pacific_hake_survey,D20210729T012548_IFCB117,2021-07-29 01:25:48+00:00,117,4.64219919166667,40.7783,-124.385,,,,,,33,,2,0
nwfsc_pacific_hake_survey,D20210729T014930_IFCB117,2021-07-29 01:49:30+00:00,117,4.59350207083333,40.7887,-124.3109,,,,,,104,,2,0
nwfsc_pacific_hake_survey,D20210729T021312_IFCB117,2021-07-29 02:13:12+00:00,117,4.43593924583333,40.8457,-124.2866,,,,,,784,,2,0
nwfsc_pacific_hake_survey,D20210729T023652_IFCB117,2021-07-29 02:36:52+00:00,117,3.90716344583333,40.904,-124.2426,,,,,,1509,,2,0
nwfsc_pacific_hake_survey,D20210729T030034_IFCB117,2021-07-29 03:00:34+00:00,117,3.40027322916667,40.9448,-124.2339,,,,,,2252,,2,0
nwfsc_pacific_hake_survey,D20210729T032416_IFCB117,2021-07-29 03:24:16+00:00,117,3.65905510416667,40.9451,-124.3246,,,,,,1884,,2,0
nwfsc_pacific_hake_survey,D20210729T034758_IFCB117,2021-07-29 03:47:58+00:00,117,4.64821175,40.9661,-124.3521,,,,,,465,,2,0
nwfsc_pacific_hake_survey,D20210729T041140_IFCB117,2021-07-29 04:11:40+00:00,117,3.37949614583333,41.019,-124.3017,,,,,,2265,,2,0
nwfsc_pacific_hake_survey,D20210729T043522_IFCB117,2021-07-29 04:35:22+00:00,117,3.1225911,41.072,-124.2492,,,,,,2670,,2,0
nwfsc_pacific_hake_survey,D20210729T045905_IFCB117,2021-07-29 04:59:05+00:00,117,4.29078927083333,41.1111,-124.2195,,,,,,978,,2,0
nwfsc_pacific_hake_survey,D20210729T052250_IFCB117,2021-07-29 05:22:50+00:00,117,4.1624114875,41.1132,-124.2202,,,,,,1132,,2,0
nwfsc_pacific_hake_survey,D20210729T054632_IFCB117,2021-07-29 05:46:32+00:00,117,4.1481835125,41.1118,-124.2952,,,,,,1181,,2,0
nwfsc_pacific_hake_survey,D20210729T061014_IFCB117,2021-07-29 06:10:14+00:00,117,4.76637337083333,41.1105,-124.3329,,,,,,106,,2,0
nwfsc_pacific_hake_survey,D20210729T063356_IFCB117,2021-07-29 06:33:56+00:00,117,4.8960195125,41.1096,-124.3539,,,,,,91,,2,0
nwfsc_pacific_hake_survey,D20210729T065738_IFCB117,2021-07-29 06:57:38+00:00,117,4.89799385,41.1122,-124.3773,,,,,,95,,2,0
nwfsc_pacific_hake_survey,D20210729T072120_IFCB117,2021-07-29 07:21:20+00:00,117,4.81866012083333,41.1117,-124.3956,,,,,,119,,2,0
nwfsc_pacific_hake_survey,D20210729T074502_IFCB117,2021-07-29 07:45:02+00:00,117,4.84190743333333,41.1104,-124.4189,,,,,,154,,2,0
nwfsc_pacific_hake_survey,D20210729T080844_IFCB117,2021-07-29 08:08:44+00:00,117,4.46120297916667,41.1079,-124.4235,,,,,,105,,2,0
nwfsc_pacific_hake_survey,D20210729T083226_IFCB117,2021-07-29 08:32:26+00:00,117,4.6765784875,41.1109,-124.4838,,,,,,265,,2,0
nwfsc_pacific_hake_survey,D20210729T085606_IFCB117,2021-07-29 08:56:06+00:00,117,4.68355908333333,41.1103,-124.5303,,,,,,357,,2,0
nwfsc_pacific_hake_survey,D20210729T091949_IFCB117,2021-07-29 09:19:49+00:00,117,4.72061830833333,41.11,-124.5363,,,,,,357,,2,0
nwfsc_pacific_hake_survey,D20210729T094331_IFCB117,2021-07-29 09:43:31+00:00,117,4.7636348375,41.1114,-124.5911,,,,,,138,,2,0
nwfsc_pacific_hake_survey,D20210729T100712_IFCB117,2021-07-29 10:07:12+00:00,117,4.84194863333333,41.1111,-124.6369,,,,,,196,,2,0
nwfsc_pacific_hake_survey,D20210729T103055_IFCB117,2021-07-29 10:30:55+00:00,117,4.82156615416667,41.1092,-124.6452,,,,,,242,,2,0
nwfsc_pacific_hake_survey,D20210729T105435_IFCB117,2021-07-29 10:54:35+00:00,117,4.80764851666667,41.1061,-124.6502,,,,,,251,,2,0
nwfsc_pacific_hake_survey,D20210729T111818_IFCB117,2021-07-29 11:18:18+00:00,117,4.779257525,41.0928,-124.6332,,,,,,209,,2,0
nwfsc_pacific_hake_survey,D20210729T114159_IFCB117,2021-07-29 11:41:59+00:00,117,4.73077815833333,41.0613,-124.5739,,,,,,373,,2,0
nwfsc_pacific_hake_survey,D20210729T120542_IFCB117,2021-07-29 12:05:42+00:00,117,4.85691267083333,41.0292,-124.5102,,,,,,178,,2,0
nwfsc_pacific_hake_survey,D20210729T122924_IFCB117,2021-07-29 12:29:24+00:00,117,4.89789380416667,40.9955,-124.4488,,,,,,115,,2,0
nwfsc_pacific_hake_survey,D20210729T125307_IFCB117,2021-07-29 12:53:07+00:00,117,4.88760014166667,40.9676,-124.3844,,,,,,121,,2,0
nwfsc_pacific_hake_survey,D20210729T131649_IFCB117,2021-07-29 13:16:49+00:00,117,4.86716695,40.945,-124.372,,,,,,157,,2,0
nwfsc_pacific_hake_survey,D20210729T134031_IFCB117,2021-07-29 13:40:31+00:00,117,4.74231839583333,40.9445,-124.4666,,,,,,287,,2,0
nwfsc_pacific_hake_survey,D20210729T140413_IFCB117,2021-07-29 14:04:13+00:00,117,4.83625132916667,40.944,-124.5413,,,,,,125,,2,0
nwfsc_pacific_hake_survey,D20210729T142756_IFCB117,2021-07-29 14:27:56+00:00,117,4.77824470416667,40.945,-124.6067,,,,,,263,,2,0
nwfsc_pacific_hake_survey,D20210729T145138_IFCB117,2021-07-29 14:51:38+00:00,117,4.8744708375,40.9453,-124.7069,,,,,,149,,2,0
nwfsc_pacific_hake_survey,D20210729T154103_IFCB117,2021-07-29 15:41:03+00:00,117,4.8452345375,40.945,-124.8619,,,,,,115,,2,0
nwfsc_pacific_hake_survey,D20210729T160444_IFCB117,2021-07-29 16:04:44+00:00,117,4.7662069375,40.9453,-124.9529,,,,,,256,,2,0
nwfsc_pacific_hake_survey,D20210729T162826_IFCB117,2021-07-29 16:28:26+00:00,117,4.77426055416667,40.9424,-125.0259,,,,,,260,,2,0
nwfsc_pacific_hake_survey,D20210729T165209_IFCB117,2021-07-29 16:52:09+00:00,117,4.76220892083333,40.9127,-124.9569,,,,,,275,,2,0
nwfsc_pacific_hake_survey,D20210729T171551_IFCB117,2021-07-29 17:15:51+00:00,117,4.80777554583333,40.9265,-124.9562,,,,,,218,,2,0
nwfsc_pacific_hake_survey,D20210729T173933_IFCB117,2021-07-29 17:39:33+00:00,117,4.774417275,40.9482,-124.9605,,,,,,289,,2,0
nwfsc_pacific_hake_survey,D20210729T180316_IFCB117,2021-07-29 18:03:16+00:00,117,4.78770777083333,40.9663,-124.9623,,,,,,268,,2,0
nwfsc_pacific_hake_survey,D20210729T182656_IFCB117,2021-07-29 18:26:56+00:00,117,4.72331264583333,40.9802,-124.9668,,,,,,372,,2,0
nwfsc_pacific_hake_survey,D20210729T185041_IFCB117,2021-07-29 18:50:41+00:00,117,4.7824015125,40.9984,-124.9788,,,,,,266,,2,0
nwfsc_pacific_hake_survey,D20210729T191423_IFCB117,2021-07-29 19:14:23+00:00,117,4.54464050416667,41.0516,-125.0033,,,,,,622,,2,0
nwfsc_pacific_hake_survey,D20210729T193805_IFCB117,2021-07-29 19:38:05+00:00,117,4.616733925,41.0799,-125.0183,,,,,,506,,2,0
nwfsc_pacific_hake_survey,D20210729T200148_IFCB117,2021-07-29 20:01:48+00:00,117,4.715209775,41.0911,-125.0268,,,,,,389,,2,0
nwfsc_pacific_hake_survey,D20210729T202530_IFCB117,2021-07-29 20:25:30+00:00,117,4.72956749166667,41.1103,-125.0396,,,,,,368,,2,0
nwfsc_pacific_hake_survey,D20210729T204910_IFCB117,2021-07-29 20:49:10+00:00,117,4.79069660416667,41.1164,-125.0407,,,,,,305,,2,0
nwfsc_pacific_hake_survey,D20210729T211253_IFCB117,2021-07-29 21:12:53+00:00,117,4.78317862916667,41.1112,-125.0051,,,,,,387,,2,0
nwfsc_pacific_hake_survey,D20210729T213635_IFCB117,2021-07-29 21:36:35+00:00,117,4.74662895416667,41.1098,-124.996,,,,,,453,,2,0
nwfsc_pacific_hake_survey,D20210729T220018_IFCB117,2021-07-29 22:00:18+00:00,117,4.72374912083333,41.1115,-124.9914,,,,,,472,,2,0
nwfsc_pacific_hake_survey,D20210729T222400_IFCB117,2021-07-29 22:24:00+00:00,117,4.69424970416667,41.1115,-124.9006,,,,,,537,,2,0
nwfsc_pacific_hake_survey,D20210729T224743_IFCB117,2021-07-29 22:47:43+00:00,117,4.70504659583333,41.112,-124.8444,,,,,,531,,2,0
nwfsc_pacific_hake_survey,D20210729T231125_IFCB117,2021-07-29 23:11:25+00:00,117,4.82847242083333,41.1116,-124.7494,,,,,,294,,2,0
nwfsc_pacific_hake_survey,D20210729T233508_IFCB117,2021-07-29 23:35:08+00:00,117,4.84196341666667,41.1113,-124.654,,,,,,254,,2,0
nwfsc_pacific_hake_survey,D20210729T235849_IFCB117,2021-07-29 23:58:49+00:00,117,4.83462147916667,41.1112,-124.5684,,,,,,280,,2,0
nwfsc_pacific_hake_survey,D20210730T004615_IFCB117,2021-07-30 00:46:15+00:00,117,4.90678433333333,41.1119,-124.3857,,,,,,134,,2,0
nwfsc_pacific_hake_survey,D20210730T010957_IFCB117,2021-07-30 01:09:57+00:00,117,4.82120238333333,41.1015,-124.3381,,,,,,113,,2,0
nwfsc_pacific_hake_survey,D20210730T013339_IFCB117,2021-07-30 01:33:39+00:00,117,4.600046425,41.0903,-124.3645,,,,,,689,,2,0
nwfsc_pacific_hake_survey,D20210730T015722_IFCB117,2021-07-30 01:57:22+00:00,117,4.79864765,41.1138,-124.3695,,,,,,147,,2,0
nwfsc_pacific_hake_survey,D20210730T022104_IFCB117,2021-07-30 02:21:04+00:00,117,4.87586730416667,41.1275,-124.376,,,,,,44,,2,0
nwfsc_pacific_hake_survey,D20210730T024446_IFCB117,2021-07-30 02:44:46+00:00,117,4.97018216666667,41.1154,-124.3562,,,,,,31,,2,0
nwfsc_pacific_hake_survey,D20210730T030829_IFCB117,2021-07-30 03:08:29+00:00,117,3.68470837916667,41.1115,-124.2775,,,,,,2398,,2,0
nwfsc_pacific_hake_survey,D20210730T033211_IFCB117,2021-07-30 03:32:11+00:00,117,4.14434960833333,41.1251,-124.2234,,,,,,1487,,2,0
nwfsc_pacific_hake_survey,D20210730T035553_IFCB117,2021-07-30 03:55:53+00:00,117,3.68575925833333,41.177,-124.2289,,,,,,2366,,2,0
nwfsc_pacific_hake_survey,D20210730T041936_IFCB117,2021-07-30 04:19:36+00:00,117,4.46208934583333,41.2298,-124.238,,,,,,925,,2,0
nwfsc_pacific_hake_survey,D20210730T044319_IFCB117,2021-07-30 04:43:19+00:00,117,3.67689205,41.2812,-124.2465,,,,,,2368,,2,0
nwfsc_pacific_hake_survey,D20210730T050701_IFCB117,2021-07-30 05:07:01+00:00,117,4.67041124166667,41.3318,-124.2554,,,,,,556,,2,0
nwfsc_pacific_hake_survey,D20210730T053044_IFCB117,2021-07-30 05:30:44+00:00,117,4.83113449583333,41.3773,-124.2341,,,,,,277,,2,0
nwfsc_pacific_hake_survey,D20210730T055425_IFCB117,2021-07-30 05:54:25+00:00,117,4.31770991666667,41.4229,-124.194,,,,,,1207,,2,0
nwfsc_pacific_hake_survey,D20210730T061807_IFCB117,2021-07-30 06:18:07+00:00,117,4.09770865833333,41.4463,-124.1765,,,,,,1594,,2,0
nwfsc_pacific_hake_survey,D20210730T064150_IFCB117,2021-07-30 06:41:50+00:00,117,4.22170379583333,41.4484,-124.2096,,,,,,1353,,2,0
nwfsc_pacific_hake_survey,D20210730T070531_IFCB117,2021-07-30 07:05:31+00:00,117,4.1413119125,41.4468,-124.2804,,,,,,1528,,2,0
nwfsc_pacific_hake_survey,D20210730T075517_IFCB117,2021-07-30 07:55:17+00:00,117,4.78514932916667,41.4448,-124.4272,,,,,,106,,2,0
nwfsc_pacific_hake_survey,D20210730T081859_IFCB117,2021-07-30 08:18:59+00:00,117,4.78798158333333,41.4445,-124.4443,,,,,,279,,2,0
nwfsc_pacific_hake_survey,D20210730T084241_IFCB117,2021-07-30 08:42:41+00:00,117,4.93646123333333,41.4448,-124.4937,,,,,,92,,2,0
nwfsc_pacific_hake_survey,D20210730T090622_IFCB117,2021-07-30 09:06:22+00:00,117,4.91708102083333,41.4412,-124.4995,,,,,,126,,2,0
nwfsc_pacific_hake_survey,D20210730T093005_IFCB117,2021-07-30 09:30:05+00:00,117,4.88079990416667,41.4444,-124.5183,,,,,,122,,2,0
nwfsc_pacific_hake_survey,D20210730T095348_IFCB117,2021-07-30 09:53:48+00:00,117,4.913592475,41.4447,-124.5232,,,,,,133,,2,0
nwfsc_pacific_hake_survey,D20210730T101730_IFCB117,2021-07-30 10:17:30+00:00,117,4.89874165416667,41.4457,-124.5633,,,,,,142,,2,0
nwfsc_pacific_hake_survey,D20210730T104112_IFCB117,2021-07-30 10:41:12+00:00,117,4.89096967083333,41.446,-124.6302,,,,,,126,,2,0
nwfsc_pacific_hake_survey,D20210730T110455_IFCB117,2021-07-30 11:04:55+00:00,117,4.8805271,41.4437,-124.6356,,,,,,166,,2,0
nwfsc_pacific_hake_survey,D20210730T112835_IFCB117,2021-07-30 11:28:35+00:00,117,4.78595682916667,41.443,-124.6353,,,,,,185,,2,0
nwfsc_pacific_hake_survey,D20210730T115218_IFCB117,2021-07-30 11:52:18+00:00,117,4.74910327083333,41.411,-124.6942,,,,,,431,,2,0
nwfsc_pacific_hake_survey,D20210730T121600_IFCB117,2021-07-30 12:16:00+00:00,117,4.732239175,41.3711,-124.7667,,,,,,448,,2,0
nwfsc_pacific_hake_survey,D20210730T123943_IFCB117,2021-07-30 12:39:43+00:00,117,4.78696815416667,41.3279,-124.818,,,,,,390,,2,0
nwfsc_pacific_hake_survey,D20210730T130326_IFCB117,2021-07-30 13:03:26+00:00,117,4.81419336666667,41.2777,-124.8664,,,,,,189,,2,0
nwfsc_pacific_hake_survey,D20210730T132708_IFCB117,2021-07-30 13:27:08+00:00,117,4.8533753625,41.2783,-124.9297,,,,,,198,,2,0
nwfsc_pacific_hake_survey,D20210730T135049_IFCB117,2021-07-30 13:50:49+00:00,117,4.8686179375,41.2781,-124.8792,,,,,,189,,2,0
nwfsc_pacific_hake_survey,D20210730T141431_IFCB117,2021-07-30 14:14:31+00:00,117,4.78538417083333,41.2786,-124.7815,,,,,,339,,2,0
nwfsc_pacific_hake_survey,D20210730T143813_IFCB117,2021-07-30 14:38:13+00:00,117,4.75753655833333,41.2781,-124.6873,,,,,,323,,2,0
nwfsc_pacific_hake_survey,D20210730T150155_IFCB117,2021-07-30 15:01:55+00:00,117,4.77750547083333,41.2779,-124.597,,,,,,378,,2,0
nwfsc_pacific_hake_survey,D20210730T152538_IFCB117,2021-07-30 15:25:38+00:00,117,4.83639701666667,41.2779,-124.5343,,,,,,231,,2,0
nwfsc_pacific_hake_survey,D20210730T154920_IFCB117,2021-07-30 15:49:20+00:00,117,4.84876130416667,41.2781,-124.457,,,,,,172,,2,0
nwfsc_pacific_hake_survey,D20210730T161302_IFCB117,2021-07-30 16:13:02+00:00,117,4.7543521125,41.2754,-124.3861,,,,,,67,,2,0
nwfsc_pacific_hake_survey,D20210730T163644_IFCB117,2021-07-30 16:36:44+00:00,117,4.52516295833333,41.2511,-124.3918,,,,,,27,,2,0
nwfsc_pacific_hake_survey,D20210730T170027_IFCB117,2021-07-30 17:00:27+00:00,117,4.839113525,41.2695,-124.4031,,,,,,72,,2,0
nwfsc_pacific_hake_survey,D20210730T172409_IFCB117,2021-07-30 17:24:09+00:00,117,4.8770459875,41.2736,-124.42,,,,,,38,,2,0
nwfsc_pacific_hake_survey,D20210730T174751_IFCB117,2021-07-30 17:47:51+00:00,117,4.93863893333333,41.2826,-124.4344,,,,,,42,,2,0
nwfsc_pacific_hake_survey,D20210730T181133_IFCB117,2021-07-30 18:11:33+00:00,117,4.8430922125,41.2626,-124.4171,,,,,,46,,2,0
nwfsc_pacific_hake_survey,D20210730T183516_IFCB117,2021-07-30 18:35:16+00:00,117,4.51436949166667,41.2397,-124.3952,,,,,,46,,2,0
nwfsc_pacific_hake_survey,D20210730T185858_IFCB117,2021-07-30 18:58:58+00:00,117,4.72125405,41.2481,-124.4026,,,,,,33,,2,0
nwfsc_pacific_hake_survey,D20210730T192241_IFCB117,2021-07-30 19:22:41+00:00,117,4.81977845,41.2667,-124.4199,,,,,,34,,2,0
nwfsc_pacific_hake_survey,D20210730T194623_IFCB117,2021-07-30 19:46:23+00:00,117,4.85462625833333,41.2793,-124.434,,,,,,53,,2,0
nwfsc_pacific_hake_survey,D20210730T201005_IFCB117,2021-07-30 20:10:05+00:00,117,4.93653656666667,41.2773,-124.4554,,,,,,95,,2,0
nwfsc_pacific_hake_survey,D20210730T203347_IFCB117,2021-07-30 20:33:47+00:00,117,4.66346769166667,41.2775,-124.4067,,,,,,43,,2,0
nwfsc_pacific_hake_survey,D20210730T205729_IFCB117,2021-07-30 20:57:29+00:00,117,4.60699370833333,41.279,-124.3461,,,,,,13,,2,0
nwfsc_pacific_hake_survey,D20210730T212111_IFCB117,2021-07-30 21:21:11+00:00,117,4.43319657083333,41.2785,-124.2687,,,,,,983,,2,0
nwfsc_pacific_hake_survey,D20210730T214453_IFCB117,2021-07-30 21:44:53+00:00,117,3.78492830416667,41.2782,-124.1875,,,,,,2153,,2,0
nwfsc_pacific_hake_survey,D20210730T220836_IFCB117,2021-07-30 22:08:36+00:00,117,3.65274880833333,41.3053,-124.2017,,,,,,2456,,2,0
nwfsc_pacific_hake_survey,D20210730T223217_IFCB117,2021-07-30 22:32:17+00:00,117,3.554192425,41.369,-124.2292,,,,,,2576,,2,0
nwfsc_pacific_hake_survey,D20210730T225600_IFCB117,2021-07-30 22:56:00+00:00,117,4.79257627916667,41.4287,-124.1797,,,,,,328,,2,0
nwfsc_pacific_hake_survey,D20210730T231943_IFCB117,2021-07-30 23:19:43+00:00,117,4.68614865416667,41.4449,-124.2149,,,,,,543,,2,0
nwfsc_pacific_hake_survey,D20210731T000928_IFCB117,2021-07-31 00:09:28+00:00,117,4.86305955416667,41.4451,-124.4075,,,,,,108,,2,0
nwfsc_pacific_hake_survey,D20210731T003310_IFCB117,2021-07-31 00:33:10+00:00,117,4.74864700833333,41.445,-124.4978,,,,,,81,,2,0
nwfsc_pacific_hake_survey,D20210731T005650_IFCB117,2021-07-31 00:56:50+00:00,117,4.86325363333333,41.4451,-124.5848,,,,,,155,,2,0
nwfsc_pacific_hake_survey,D20210731T012033_IFCB117,2021-07-31 01:20:33+00:00,117,4.84168756666667,41.4449,-124.6751,,,,,,174,,2,0
nwfsc_pacific_hake_survey,D20210731T014415_IFCB117,2021-07-31 01:44:15+00:00,117,4.8002150875,41.4454,-124.7641,,,,,,224,,2,0
nwfsc_pacific_hake_survey,D20210731T020755_IFCB117,2021-07-31 02:07:55+00:00,117,4.70953282916667,41.4447,-124.8527,,,,,,407,,2,0
nwfsc_pacific_hake_survey,D20210731T023139_IFCB117,2021-07-31 02:31:39+00:00,117,4.80577423333333,41.4445,-124.946,,,,,,251,,2,0
nwfsc_pacific_hake_survey,D20210731T025521_IFCB117,2021-07-31 02:55:21+00:00,117,4.83769185833333,41.4578,-124.9916,,,,,,158,,2,0
nwfsc_pacific_hake_survey,D20210731T031903_IFCB117,2021-07-31 03:19:03+00:00,117,4.87455420833333,41.5004,-124.9573,,,,,,167,,2,0
nwfsc_pacific_hake_survey,D20210731T034243_IFCB117,2021-07-31 03:42:43+00:00,117,4.82577257916667,41.5425,-124.9251,,,,,,177,,2,0
nwfsc_pacific_hake_survey,D20210731T040625_IFCB117,2021-07-31 04:06:25+00:00,117,4.9020610875,41.5819,-124.8854,,,,,,120,,2,0
nwfsc_pacific_hake_survey,D20210731T043007_IFCB117,2021-07-31 04:30:07+00:00,117,4.92037565,41.6256,-124.8599,,,,,,60,,2,0
nwfsc_pacific_hake_survey,D20210731T045348_IFCB117,2021-07-31 04:53:48+00:00,117,4.58760861666667,41.6695,-124.8344,,,,,,20,,2,0
nwfsc_pacific_hake_survey,D20210731T051733_IFCB117,2021-07-31 05:17:33+00:00,117,4.74526875416667,41.7179,-124.8064,,,,,,16,,2,0
nwfsc_pacific_hake_survey,D20210731T054115_IFCB117,2021-07-31 05:41:15+00:00,117,4.97061118333333,41.7678,-124.7764,,,,,,17,,2,0
nwfsc_pacific_hake_survey,D20210731T060457_IFCB117,2021-07-31 06:04:57+00:00,117,4.1321186625,41.7693,-124.7716,,,,,,45,,2,0
nwfsc_pacific_hake_survey,D20210731T062839_IFCB117,2021-07-31 06:28:39+00:00,117,4.41320324166667,41.7667,-124.7766,,,,,,17,,2,0
nwfsc_pacific_hake_survey,D20210731T065221_IFCB117,2021-07-31 06:52:21+00:00,117,4.76839955,41.774,-124.7581,,,,,,50,,2,0
nwfsc_pacific_hake_survey,D20210731T071604_IFCB117,2021-07-31 07:16:04+00:00,117,4.7380261125,41.7802,-124.6773,,,,,,196,,2,0
nwfsc_pacific_hake_survey,D20210731T073946_IFCB117,2021-07-31 07:39:46+00:00,117,4.81108009583333,41.7798,-124.6651,,,,,,201,,2,0
nwfsc_pacific_hake_survey,D20210731T080327_IFCB117,2021-07-31 08:03:27+00:00,117,4.83966310416667,41.7793,-124.6599,,,,,,191,,2,0
nwfsc_pacific_hake_survey,D20210731T082709_IFCB117,2021-07-31 08:27:09+00:00,117,4.7235889375,41.7797,-124.5824,,,,,,284,,2,0
nwfsc_pacific_hake_survey,D20210731T085050_IFCB117,2021-07-31 08:50:50+00:00,117,4.78716385416667,41.7805,-124.5505,,,,,,217,,2,0
nwfsc_pacific_hake_survey,D20210731T091432_IFCB117,2021-07-31 09:14:32+00:00,117,4.80758840833333,41.7798,-124.55,,,,,,233,,2,0
nwfsc_pacific_hake_survey,D20210731T093814_IFCB117,2021-07-31 09:38:14+00:00,117,4.76288780416667,41.7786,-124.4899,,,,,,127,,2,0
nwfsc_pacific_hake_survey,D20210731T100156_IFCB117,2021-07-31 10:01:56+00:00,117,4.882528475,41.7776,-124.4846,,,,,,136,,2,0
nwfsc_pacific_hake_survey,D20210731T102538_IFCB117,2021-07-31 10:25:38+00:00,117,4.8963276125,41.7778,-124.4377,,,,,,95,,2,0
nwfsc_pacific_hake_survey,D20210731T104920_IFCB117,2021-07-31 10:49:20+00:00,117,4.17210265416667,41.7725,-124.3865,,,,,,1154,,2,0
nwfsc_pacific_hake_survey,D20210731T111301_IFCB117,2021-07-31 11:13:01+00:00,117,3.84112565,41.7715,-124.3488,,,,,,1632,,2,0
nwfsc_pacific_hake_survey,D20210731T113643_IFCB117,2021-07-31 11:36:43+00:00,117,4.32667499583333,41.7687,-124.3444,,,,,,933,,2,0
nwfsc_pacific_hake_survey,D20210731T120025_IFCB117,2021-07-31 12:00:25+00:00,117,3.61308102916667,41.7269,-124.3315,,,,,,1975,,2,0
nwfsc_pacific_hake_survey,D20210731T122408_IFCB117,2021-07-31 12:24:08+00:00,117,3.32998582083333,41.6892,-124.3068,,,,,,2348,,2,0
nwfsc_pacific_hake_survey,D20210731T124750_IFCB117,2021-07-31 12:47:50+00:00,117,3.593813525,41.6521,-124.2822,,,,,,2003,,2,0
nwfsc_pacific_hake_survey,D20210731T131132_IFCB117,2021-07-31 13:11:32+00:00,117,2.9897931875,41.6127,-124.2572,,,,,,2836,,2,0
nwfsc_pacific_hake_survey,D20210731T133515_IFCB117,2021-07-31 13:35:15+00:00,117,3.66828553333333,41.6117,-124.3313,,,,,,1885,,2,0
nwfsc_pacific_hake_survey,D20210731T135857_IFCB117,2021-07-31 13:58:57+00:00,117,4.3928213,41.6117,-124.3918,,,,,,847,,2,0
nwfsc_pacific_hake_survey,D20210731T142240_IFCB117,2021-07-31 14:22:40+00:00,117,4.82894924583333,41.6119,-124.4886,,,,,,216,,2,0
nwfsc_pacific_hake_survey,D20210731T144622_IFCB117,2021-07-31 14:46:22+00:00,117,4.85150529166667,41.6119,-124.5284,,,,,,180,,2,0
nwfsc_pacific_hake_survey,D20210731T151005_IFCB117,2021-07-31 15:10:05+00:00,117,4.87393133333333,41.5773,-124.4959,,,,,,199,,2,0
nwfsc_pacific_hake_survey,D20210731T153347_IFCB117,2021-07-31 15:33:47+00:00,117,4.89540352083333,41.5806,-124.4996,,,,,,112,,2,0
nwfsc_pacific_hake_survey,D20210731T162334_IFCB117,2021-07-31 16:23:34+00:00,117,4.949215975,41.6254,-124.5197,,,,,,68,,2,0
nwfsc_pacific_hake_survey,D20210731T164717_IFCB117,2021-07-31 16:47:17+00:00,117,4.9019974375,41.6419,-124.527,,,,,,118,,2,0
nwfsc_pacific_hake_survey,D20210731T171059_IFCB117,2021-07-31 17:10:59+00:00,117,4.86166737083333,41.6554,-124.5349,,,,,,140,,2,0
nwfsc_pacific_hake_survey,D20210731T173440_IFCB117,2021-07-31 17:34:40+00:00,117,4.88787418333333,41.6123,-124.526,,,,,,121,,2,0
nwfsc_pacific_hake_survey,D20210731T175823_IFCB117,2021-07-31 17:58:23+00:00,117,4.77526032916667,41.6114,-124.6137,,,,,,101,,2,0
nwfsc_pacific_hake_survey,D20210731T182205_IFCB117,2021-07-31 18:22:05+00:00,117,4.8189159875,41.6114,-124.6815,,,,,,281,,2,0
nwfsc_pacific_hake_survey,D20210731T184547_IFCB117,2021-07-31 18:45:47+00:00,117,4.83134517083333,41.6116,-124.7507,,,,,,161,,2,0
nwfsc_pacific_hake_survey,D20210731T190929_IFCB117,2021-07-31 19:09:29+00:00,117,4.79643058333333,41.6119,-124.8443,,,,,,55,,2,0
nwfsc_pacific_hake_survey,D20210731T193311_IFCB117,2021-07-31 19:33:11+00:00,117,4.94029377083333,41.6114,-124.9333,,,,,,39,,2,0
nwfsc_pacific_hake_survey,D20210731T195654_IFCB117,2021-07-31 19:56:54+00:00,117,4.96153254583333,41.6119,-125.0189,,,,,,37,,2,0
nwfsc_pacific_hake_survey,D20210731T202036_IFCB117,2021-07-31 20:20:36+00:00,117,4.91060155416667,41.6364,-125.0588,,,,,,31,,2,0
nwfsc_pacific_hake_survey,D20210731T204418_IFCB117,2021-07-31 20:44:18+00:00,117,4.65352722916667,41.6973,-125.0644,,,,,,18,,2,0
nwfsc_pacific_hake_survey,D20210731T210800_IFCB117,2021-07-31 21:08:00+00:00,117,4.7305281375,41.7583,-125.0741,,,,,,27,,2,0
nwfsc_pacific_hake_survey,D20210731T213143_IFCB117,2021-07-31 21:31:43+00:00,117,4.906979775,41.7783,-125.0192,,,,,,9,,2,0
nwfsc_pacific_hake_survey,D20210731T215525_IFCB117,2021-07-31 21:55:25+00:00,117,4.7883406125,41.7784,-124.9202,,,,,,12,,2,0
nwfsc_pacific_hake_survey,D20210731T221907_IFCB117,2021-07-31 22:19:07+00:00,117,4.77770284583333,41.7778,-124.8262,,,,,,18,,2,0
nwfsc_pacific_hake_survey,D20210731T224250_IFCB117,2021-07-31 22:42:50+00:00,117,4.63324547916667,41.7783,-124.7387,,,,,,15,,2,0
nwfsc_pacific_hake_survey,D20210731T230632_IFCB117,2021-07-31 23:06:32+00:00,117,4.9030215375,41.7778,-124.6475,,,,,,78,,2,0
nwfsc_pacific_hake_survey,D20210731T233014_IFCB117,2021-07-31 23:30:14+00:00,117,4.7924094875,41.7783,-124.5561,,,,,,167,,2,0
nwfsc_pacific_hake_survey,D20210731T235357_IFCB117,2021-07-31 23:53:57+00:00,117,4.87327459166667,41.7777,-124.4682,,,,,,65,,2,0
nwfsc_pacific_hake_survey,D20210801T001740_IFCB117,2021-08-01 00:17:40+00:00,117,4.803261075,41.7615,-124.4529,,,,,,230,,2,0
nwfsc_pacific_hake_survey,D20210801T004122_IFCB117,2021-08-01 00:41:22+00:00,117,4.8795588375,41.7518,-124.4701,,,,,,157,,2,0
nwfsc_pacific_hake_survey,D20210801T010502_IFCB117,2021-08-01 01:05:02+00:00,117,4.78404195,41.7662,-124.4741,,,,,,124,,2,0
nwfsc_pacific_hake_survey,D20210801T012844_IFCB117,2021-08-01 01:28:44+00:00,117,4.87992327916667,41.7786,-124.4695,,,,,,74,,2,0
nwfsc_pacific_hake_survey,D20210801T015225_IFCB117,2021-08-01 01:52:25+00:00,117,4.00447509166667,41.7778,-124.3859,,,,,,1405,,2,0
nwfsc_pacific_hake_survey,D20210801T021608_IFCB117,2021-08-01 02:16:08+00:00,117,3.6034446875,41.7817,-124.36,,,,,,1978,,2,0
nwfsc_pacific_hake_survey,D20210801T023950_IFCB117,2021-08-01 02:39:50+00:00,117,3.54880656666667,41.8196,-124.4039,,,,,,2069,,2,0
nwfsc_pacific_hake_survey,D20210801T030332_IFCB117,2021-08-01 03:03:32+00:00,117,3.60488241666667,41.8856,-124.4093,,,,,,2002,,2,0
nwfsc_pacific_hake_survey,D20210801T032714_IFCB117,2021-08-01 03:27:14+00:00,117,3.786059875,41.9425,-124.4076,,,,,,1740,,2,0
nwfsc_pacific_hake_survey,D20210801T035055_IFCB117,2021-08-01 03:50:55+00:00,117,4.20146940833333,41.9969,-124.4024,,,,,,1121,,2,0
nwfsc_pacific_hake_survey,D20210801T041436_IFCB117,2021-08-01 04:14:36+00:00,117,4.30599037916667,42.055,-124.3994,,,,,,934,,2,0
nwfsc_pacific_hake_survey,D20210801T043818_IFCB117,2021-08-01 04:38:18+00:00,117,4.71866652916667,42.1107,-124.4,,,,,,303,,2,0
nwfsc_pacific_hake_survey,D20210801T050201_IFCB117,2021-08-01 05:02:01+00:00,117,4.76727839166667,42.1124,-124.4036,,,,,,217,,2,0
nwfsc_pacific_hake_survey,D20210801T052543_IFCB117,2021-08-01 05:25:43+00:00,117,4.43900009166667,42.1114,-124.4507,,,,,,623,,2,0
nwfsc_pacific_hake_survey,D20210801T054925_IFCB117,2021-08-01 05:49:25+00:00,117,4.44994195833333,42.1109,-124.5296,,,,,,757,,2,0
nwfsc_pacific_hake_survey,D20210801T061307_IFCB117,2021-08-01 06:13:07+00:00,117,4.81967260833333,42.1091,-124.5562,,,,,,234,,2,0
nwfsc_pacific_hake_survey,D20210801T063650_IFCB117,2021-08-01 06:36:50+00:00,117,4.74327705416667,42.1099,-124.5911,,,,,,299,,2,0
nwfsc_pacific_hake_survey,D20210801T070032_IFCB117,2021-08-01 07:00:32+00:00,117,4.7993150125,42.1126,-124.5992,,,,,,240,,2,0
nwfsc_pacific_hake_survey,D20210801T072414_IFCB117,2021-08-01 07:24:14+00:00,117,4.75223044166667,42.1115,-124.633,,,,,,319,,2,0
nwfsc_pacific_hake_survey,D20210801T074756_IFCB117,2021-08-01 07:47:56+00:00,117,4.75689915416667,42.1114,-124.6579,,,,,,331,,2,0
nwfsc_pacific_hake_survey,D20210801T083718_IFCB117,2021-08-01 08:37:18+00:00,117,4.8028847375,42.1132,-124.7425,,,,,,92,,2,0
nwfsc_pacific_hake_survey,D20210801T090100_IFCB117,2021-08-01 09:01:00+00:00,117,4.8836185875,42.1163,-124.7679,,,,,,89,,2,0
nwfsc_pacific_hake_survey,D20210801T092442_IFCB117,2021-08-01 09:24:42+00:00,117,4.8454047375,42.1209,-124.7745,,,,,,113,,2,0
nwfsc_pacific_hake_survey,D20210801T094825_IFCB117,2021-08-01 09:48:25+00:00,117,4.84785865416667,42.0997,-124.7181,,,,,,108,,2,0
nwfsc_pacific_hake_survey,D20210801T101207_IFCB117,2021-08-01 10:12:07+00:00,117,4.88113310833333,42.0754,-124.6572,,,,,,158,,2,0
nwfsc_pacific_hake_survey,D20210801T103549_IFCB117,2021-08-01 10:35:49+00:00,117,4.80392326666667,42.0509,-124.5966,,,,,,249,,2,0
nwfsc_pacific_hake_survey,D20210801T105932_IFCB117,2021-08-01 10:59:32+00:00,117,4.68700864166667,42.0259,-124.5317,,,,,,390,,2,0
nwfsc_pacific_hake_survey,D20210801T112314_IFCB117,2021-08-01 11:23:14+00:00,117,4.80223910416667,42.0106,-124.4929,,,,,,233,,2,0
nwfsc_pacific_hake_survey,D20210801T114656_IFCB117,2021-08-01 11:46:56+00:00,117,4.20515050833333,41.9978,-124.4586,,,,,,1094,,2,0
nwfsc_pacific_hake_survey,D20210801T121037_IFCB117,2021-08-01 12:10:37+00:00,117,3.58592695,41.985,-124.4258,,,,,,1980,,2,0
nwfsc_pacific_hake_survey,D20210801T123420_IFCB117,2021-08-01 12:34:20+00:00,117,4.22052455833333,41.9701,-124.3875,,,,,,1073,,2,0
nwfsc_pacific_hake_survey,D20210801T125802_IFCB117,2021-08-01 12:58:02+00:00,117,4.29233005833333,41.9545,-124.3482,,,,,,956,,2,0
nwfsc_pacific_hake_survey,D20210801T132144_IFCB117,2021-08-01 13:21:44+00:00,117,3.96585884166667,41.9449,-124.3515,,,,,,1443,,2,0
nwfsc_pacific_hake_survey,D20210801T134526_IFCB117,2021-08-01 13:45:26+00:00,117,4.23600284166667,41.9451,-124.4061,,,,,,1016,,2,0
nwfsc_pacific_hake_survey,D20210801T140908_IFCB117,2021-08-01 14:09:08+00:00,117,4.22672612083333,41.9452,-124.4513,,,,,,1054,,2,0
nwfsc_pacific_hake_survey,D20210801T143252_IFCB117,2021-08-01 14:32:52+00:00,117,3.88045367916667,41.9473,-124.4914,,,,,,1552,,2,0
nwfsc_pacific_hake_survey,D20210801T145635_IFCB117,2021-08-01 14:56:35+00:00,117,4.642353325,41.9449,-124.5577,,,,,,491,,2,0
nwfsc_pacific_hake_survey,D20210801T152017_IFCB117,2021-08-01 15:20:17+00:00,117,4.80002998333333,41.934,-124.6098,,,,,,268,,2,0
nwfsc_pacific_hake_survey,D20210801T154357_IFCB117,2021-08-01 15:43:57+00:00,117,4.8216717125,41.9269,-124.5713,,,,,,232,,2,0
nwfsc_pacific_hake_survey,D20210801T160739_IFCB117,2021-08-01 16:07:39+00:00,117,4.7395011125,41.923,-124.5695,,,,,,334,,2,0
nwfsc_pacific_hake_survey,D20210801T163121_IFCB117,2021-08-01 16:31:21+00:00,117,4.80925906666667,41.9459,-124.5833,,,,,,169,,2,0
nwfsc_pacific_hake_survey,D20210801T165502_IFCB117,2021-08-01 16:55:02+00:00,117,4.87145578333333,41.9654,-124.5938,,,,,,170,,2,0
nwfsc_pacific_hake_survey,D20210801T171844_IFCB117,2021-08-01 17:18:44+00:00,117,4.74221863333333,41.9794,-124.5986,,,,,,240,,2,0
nwfsc_pacific_hake_survey,D20210801T174226_IFCB117,2021-08-01 17:42:26+00:00,117,4.75971480833333,41.9567,-124.6004,,,,,,200,,2,0
nwfsc_pacific_hake_survey,D20210801T180607_IFCB117,2021-08-01 18:06:07+00:00,117,4.83146900416667,41.9457,-124.6752,,,,,,208,,2,0
nwfsc_pacific_hake_survey,D20210801T182949_IFCB117,2021-08-01 18:29:49+00:00,117,4.89638666666667,41.945,-124.7421,,,,,,93,,2,0
nwfsc_pacific_hake_survey,D20210801T185331_IFCB117,2021-08-01 18:53:31+00:00,117,4.8735270625,41.9449,-124.8094,,,,,,124,,2,0
nwfsc_pacific_hake_survey,D20210801T191713_IFCB117,2021-08-01 19:17:13+00:00,117,4.88467091666667,41.9456,-124.9041,,,,,,108,,2,0
nwfsc_pacific_hake_survey,D20210801T194055_IFCB117,2021-08-01 19:40:55+00:00,117,4.79437821666667,41.9447,-124.9954,,,,,,251,,2,0
nwfsc_pacific_hake_survey,D20210801T200437_IFCB117,2021-08-01 20:04:37+00:00,117,4.82343144166667,41.945,-125.0359,,,,,,217,,2,0
nwfsc_pacific_hake_survey,D20210801T202818_IFCB117,2021-08-01 20:28:18+00:00,117,4.85311152916667,41.9481,-125.1225,,,,,,159,,2,0
nwfsc_pacific_hake_survey,D20210801T205201_IFCB117,2021-08-01 20:52:01+00:00,117,4.82628447083333,42.0041,-125.0791,,,,,,159,,2,0
nwfsc_pacific_hake_survey,D20210801T211543_IFCB117,2021-08-01 21:15:43+00:00,117,4.79663007083333,42.0635,-125.0437,,,,,,225,,2,0
nwfsc_pacific_hake_survey,D20210801T213925_IFCB117,2021-08-01 21:39:25+00:00,117,4.81360142083333,42.1118,-125.0052,,,,,,189,,2,0
nwfsc_pacific_hake_survey,D20210801T220307_IFCB117,2021-08-01 22:03:07+00:00,117,4.76472520416667,42.1118,-124.9211,,,,,,109,,2,0
nwfsc_pacific_hake_survey,D20210801T222650_IFCB117,2021-08-01 22:26:50+00:00,117,4.72045485,42.1117,-124.8395,,,,,,70,,2,0
nwfsc_pacific_hake_survey,D20210801T225031_IFCB117,2021-08-01 22:50:31+00:00,117,4.789122025,42.1112,-124.7483,,,,,,104,,2,0
nwfsc_pacific_hake_survey,D20210801T231413_IFCB117,2021-08-01 23:14:13+00:00,117,4.9202701,42.1116,-124.6536,,,,,,87,,2,0
nwfsc_pacific_hake_survey,D20210801T233755_IFCB117,2021-08-01 23:37:55+00:00,117,4.9096202625,42.1111,-124.5613,,,,,,142,,2,0
nwfsc_pacific_hake_survey,D20210802T000137_IFCB117,2021-08-02 00:01:37+00:00,117,4.71533539583333,42.1119,-124.4681,,,,,,189,,2,0
nwfsc_pacific_hake_survey,D20210802T005121_IFCB117,2021-08-02 00:51:21+00:00,117,4.88297948333333,42.1559,-124.4401,,,,,,144,,2,0
nwfsc_pacific_hake_survey,D20210802T011503_IFCB117,2021-08-02 01:15:03+00:00,117,4.87256695833333,42.2133,-124.4646,,,,,,134,,2,0
nwfsc_pacific_hake_survey,D20210802T013845_IFCB117,2021-08-02 01:38:45+00:00,117,3.88422187916667,42.2721,-124.4548,,,,,,1588,,2,0
nwfsc_pacific_hake_survey,D20210802T020227_IFCB117,2021-08-02 02:02:27+00:00,117,4.46491905416667,42.2786,-124.5125,,,,,,746,,2,0
nwfsc_pacific_hake_survey,D20210802T022608_IFCB117,2021-08-02 02:26:08+00:00,117,4.83071289166667,42.2781,-124.6041,,,,,,185,,2,0
nwfsc_pacific_hake_survey,D20210802T024950_IFCB117,2021-08-02 02:49:50+00:00,117,4.81279335833333,42.2783,-124.6907,,,,,,182,,2,0
nwfsc_pacific_hake_survey,D20210802T031332_IFCB117,2021-08-02 03:13:32+00:00,117,4.76932225833333,42.2775,-124.7607,,,,,,235,,2,0
nwfsc_pacific_hake_survey,D20210802T033714_IFCB117,2021-08-02 03:37:14+00:00,117,4.75371841666667,42.2792,-124.8427,,,,,,206,,2,0
nwfsc_pacific_hake_survey,D20210802T040056_IFCB117,2021-08-02 04:00:56+00:00,117,4.86211004166667,42.2863,-124.8132,,,,,,171,,2,0
nwfsc_pacific_hake_survey,D20210802T042438_IFCB117,2021-08-02 04:24:38+00:00,117,4.8512267,42.3215,-124.7485,,,,,,201,,2,0
nwfsc_pacific_hake_survey,D20210802T044820_IFCB117,2021-08-02 04:48:20+00:00,117,4.852972125,42.3622,-124.6746,,,,,,111,,2,0
nwfsc_pacific_hake_survey,D20210802T051201_IFCB117,2021-08-02 05:12:01+00:00,117,4.78833580833333,42.4033,-124.6008,,,,,,78,,2,0
nwfsc_pacific_hake_survey,D20210802T053543_IFCB117,2021-08-02 05:35:43+00:00,117,4.56529117083333,42.4366,-124.5367,,,,,,75,,2,0
nwfsc_pacific_hake_survey,D20210802T055925_IFCB117,2021-08-02 05:59:25+00:00,117,3.99240210833333,42.4422,-124.5297,,,,,,1394,,2,0
nwfsc_pacific_hake_survey,D20210802T062307_IFCB117,2021-08-02 06:23:07+00:00,117,4.7982803375,42.4541,-124.5998,,,,,,240,,2,0
nwfsc_pacific_hake_survey,D20210802T064649_IFCB117,2021-08-02 06:46:49+00:00,117,4.75605680416667,42.4452,-124.6878,,,,,,88,,2,0
nwfsc_pacific_hake_survey,D20210802T071031_IFCB117,2021-08-02 07:10:31+00:00,117,4.88638701666667,42.4445,-124.7292,,,,,,142,,2,0
nwfsc_pacific_hake_survey,D20210802T073413_IFCB117,2021-08-02 07:34:13+00:00,117,4.89857548333333,42.4463,-124.7714,,,,,,77,,2,0
nwfsc_pacific_hake_survey,D20210802T075756_IFCB117,2021-08-02 07:57:56+00:00,117,4.8541114625,42.4473,-124.7792,,,,,,90,,2,0
nwfsc_pacific_hake_survey,D20210802T082138_IFCB117,2021-08-02 08:21:38+00:00,117,4.720540775,42.4451,-124.822,,,,,,236,,2,0
nwfsc_pacific_hake_survey,D20210802T084520_IFCB117,2021-08-02 08:45:20+00:00,117,4.8565973375,42.446,-124.8301,,,,,,176,,2,0
nwfsc_pacific_hake_survey,D20210802T090902_IFCB117,2021-08-02 09:09:02+00:00,117,4.7753943875,42.445,-124.8666,,,,,,271,,2,0
nwfsc_pacific_hake_survey,D20210802T093244_IFCB117,2021-08-02 09:32:44+00:00,117,4.87809129166667,42.4471,-124.8949,,,,,,151,,2,0
nwfsc_pacific_hake_survey,D20210802T095626_IFCB117,2021-08-02 09:56:26+00:00,117,4.81437102916667,42.4443,-124.8971,,,,,,168,,2,0
nwfsc_pacific_hake_survey,D20210802T102009_IFCB117,2021-08-02 10:20:09+00:00,117,4.77871939166667,42.4139,-124.8857,,,,,,200,,2,0
nwfsc_pacific_hake_survey,D20210802T104351_IFCB117,2021-08-02 10:43:51+00:00,117,4.76631290416667,42.3873,-124.8743,,,,,,142,,2,0
nwfsc_pacific_hake_survey,D20210802T110733_IFCB117,2021-08-02 11:07:33+00:00,117,4.8918500125,42.3615,-124.8625,,,,,,139,,2,0
nwfsc_pacific_hake_survey,D20210802T113115_IFCB117,2021-08-02 11:31:15+00:00,117,4.76933644583333,42.3369,-124.8498,,,,,,166,,2,0
nwfsc_pacific_hake_survey,D20210802T115458_IFCB117,2021-08-02 11:54:58+00:00,117,4.8052506,42.3127,-124.8394,,,,,,213,,2,0
nwfsc_pacific_hake_survey,D20210802T121839_IFCB117,2021-08-02 12:18:39+00:00,117,4.8337079,42.2881,-124.8278,,,,,,178,,2,0
nwfsc_pacific_hake_survey,D20210802T124222_IFCB117,2021-08-02 12:42:22+00:00,117,4.72778785,42.2649,-124.8152,,,,,,117,,2,0
nwfsc_pacific_hake_survey,D20210802T130604_IFCB117,2021-08-02 13:06:04+00:00,117,4.78758145416667,42.2757,-124.8238,,,,,,100,,2,0
nwfsc_pacific_hake_survey,D20210802T132946_IFCB117,2021-08-02 13:29:46+00:00,117,4.86933572083333,42.2786,-124.8969,,,,,,124,,2,0
nwfsc_pacific_hake_survey,D20210802T135328_IFCB117,2021-08-02 13:53:28+00:00,117,4.895161875,42.2783,-124.9576,,,,,,110,,2,0
nwfsc_pacific_hake_survey,D20210802T141710_IFCB117,2021-08-02 14:17:10+00:00,117,4.83270016666667,42.2809,-125.0297,,,,,,147,,2,0
nwfsc_pacific_hake_survey,D20210802T144053_IFCB117,2021-08-02 14:40:53+00:00,117,4.87379296666667,42.2783,-124.9452,,,,,,110,,2,0
nwfsc_pacific_hake_survey,D20210802T150433_IFCB117,2021-08-02 15:04:33+00:00,117,4.81704115416667,42.2765,-124.8613,,,,,,144,,2,0
nwfsc_pacific_hake_survey,D20210802T152816_IFCB117,2021-08-02 15:28:16+00:00,117,4.87271181666667,42.2462,-124.8917,,,,,,74,,2,0
nwfsc_pacific_hake_survey,D20210802T155158_IFCB117,2021-08-02 15:51:58+00:00,117,4.87297639166667,42.2501,-124.8877,,,,,,93,,2,0
nwfsc_pacific_hake_survey,D20210802T161540_IFCB117,2021-08-02 16:15:40+00:00,117,4.84595526666667,42.2551,-124.9067,,,,,,119,,2,0
nwfsc_pacific_hake_survey,D20210802T170502_IFCB117,2021-08-02 17:05:02+00:00,117,4.8280996375,42.3047,-124.8828,,,,,,65,,2,0
nwfsc_pacific_hake_survey,D20210802T172844_IFCB117,2021-08-02 17:28:44+00:00,117,4.74271694166667,42.3239,-124.8741,,,,,,61,,2,0
nwfsc_pacific_hake_survey,D20210802T175226_IFCB117,2021-08-02 17:52:26+00:00,117,4.88011604166667,42.3415,-124.8683,,,,,,109,,2,0
nwfsc_pacific_hake_survey,D20210802T181608_IFCB117,2021-08-02 18:16:08+00:00,117,4.8741494875,42.3187,-124.8154,,,,,,119,,2,0
nwfsc_pacific_hake_survey,D20210802T183950_IFCB117,2021-08-02 18:39:50+00:00,117,4.93822626666667,42.2827,-124.7322,,,,,,58,,2,0
nwfsc_pacific_hake_survey,D20210802T190332_IFCB117,2021-08-02 19:03:32+00:00,117,4.91204200833333,42.2782,-124.6281,,,,,,94,,2,0
nwfsc_pacific_hake_survey,D20210802T192714_IFCB117,2021-08-02 19:27:14+00:00,117,4.91584541666667,42.2712,-124.6235,,,,,,61,,2,0
nwfsc_pacific_hake_survey,D20210802T195057_IFCB117,2021-08-02 19:50:57+00:00,117,4.8626805375,42.2412,-124.6422,,,,,,83,,2,0
nwfsc_pacific_hake_survey,D20210802T201439_IFCB117,2021-08-02 20:14:39+00:00,117,4.86671072916667,42.2527,-124.6442,,,,,,39,,2,0
nwfsc_pacific_hake_survey,D20210802T203821_IFCB117,2021-08-02 20:38:21+00:00,117,4.849017125,42.2808,-124.6553,,,,,,76,,2,0
nwfsc_pacific_hake_survey,D20210802T210201_IFCB117,2021-08-02 21:02:01+00:00,117,4.7683609375,42.3006,-124.6624,,,,,,81,,2,0
nwfsc_pacific_hake_survey,D20210802T212544_IFCB117,2021-08-02 21:25:44+00:00,117,4.83454941666667,42.3191,-124.6675,,,,,,149,,2,0
nwfsc_pacific_hake_survey,D20210802T214926_IFCB117,2021-08-02 21:49:26+00:00,117,4.91648128333333,42.3541,-124.6336,,,,,,120,,2,0
nwfsc_pacific_hake_survey,D20210802T221309_IFCB117,2021-08-02 22:13:09+00:00,117,4.89972325416667,42.4086,-124.5652,,,,,,74,,2,0
nwfsc_pacific_hake_survey,D20210802T223649_IFCB117,2021-08-02 22:36:49+00:00,117,4.89639312083333,42.4454,-124.5372,,,,,,136,,2,0
nwfsc_pacific_hake_survey,D20210802T230032_IFCB117,2021-08-02 23:00:32+00:00,117,4.5921586625,42.4449,-124.622,,,,,,61,,2,0
nwfsc_pacific_hake_survey,D20210802T232414_IFCB117,2021-08-02 23:24:14+00:00,117,4.599633925,42.4451,-124.7107,,,,,,72,,2,0
nwfsc_pacific_hake_survey,D20210802T234756_IFCB117,2021-08-02 23:47:56+00:00,117,4.85157662083333,42.4451,-124.7985,,,,,,236,,2,0
nwfsc_pacific_hake_survey,D20210803T001141_IFCB117,2021-08-03 00:11:41+00:00,117,4.86077702916667,42.4452,-124.8928,,,,,,149,,2,0
nwfsc_pacific_hake_survey,D20210803T003524_IFCB117,2021-08-03 00:35:24+00:00,117,4.88213873333333,42.4277,-124.8341,,,,,,172,,2,0
nwfsc_pacific_hake_survey,D20210803T005906_IFCB117,2021-08-03 00:59:06+00:00,117,4.75705815,42.4269,-124.7992,,,,,,200,,2,0
nwfsc_pacific_hake_survey,D20210803T012248_IFCB117,2021-08-03 01:22:48+00:00,117,4.80924915,42.4483,-124.8136,,,,,,235,,2,0
nwfsc_pacific_hake_survey,D20210803T014631_IFCB117,2021-08-03 01:46:31+00:00,117,4.87544392916667,42.4671,-124.8239,,,,,,186,,2,0
nwfsc_pacific_hake_survey,D20210803T021013_IFCB117,2021-08-03 02:10:13+00:00,117,4.87994582083333,42.479,-124.8179,,,,,,190,,2,0
nwfsc_pacific_hake_survey,D20210803T023356_IFCB117,2021-08-03 02:33:56+00:00,117,4.73611625833333,42.5184,-124.8551,,,,,,242,,2,0
nwfsc_pacific_hake_survey,D20210803T025739_IFCB117,2021-08-03 02:57:39+00:00,117,4.86695353333333,42.5627,-124.8888,,,,,,202,,2,0
nwfsc_pacific_hake_survey,D20210803T032121_IFCB117,2021-08-03 03:21:21+00:00,117,4.81292145833333,42.6016,-124.9233,,,,,,293,,2,0
nwfsc_pacific_hake_survey,D20210803T034505_IFCB117,2021-08-03 03:45:05+00:00,117,4.60525355416667,42.6333,-124.9542,,,,,,607,,2,0
nwfsc_pacific_hake_survey,D20210803T040848_IFCB117,2021-08-03 04:08:48+00:00,117,4.82467170416667,42.6646,-124.9825,,,,,,202,,2,0
nwfsc_pacific_hake_survey,D20210803T043229_IFCB117,2021-08-03 04:32:29+00:00,117,4.82977475833333,42.7055,-125.0138,,,,,,213,,2,0
nwfsc_pacific_hake_survey,D20210803T045610_IFCB117,2021-08-03 04:56:10+00:00,117,4.71570722916667,42.7595,-125.0581,,,,,,284,,2,0
nwfsc_pacific_hake_survey,D20210803T051955_IFCB117,2021-08-03 05:19:55+00:00,117,4.42034934583333,42.777,-125.0715,,,,,,805,,2,0
nwfsc_pacific_hake_survey,D20210803T054337_IFCB117,2021-08-03 05:43:37+00:00,117,4.46619700416667,42.7771,-125.0771,,,,,,739,,2,0
nwfsc_pacific_hake_survey,D20210803T060719_IFCB117,2021-08-03 06:07:19+00:00,117,4.27507644583333,42.7809,-125.0614,,,,,,991,,2,0
nwfsc_pacific_hake_survey,D20210803T063101_IFCB117,2021-08-03 06:31:01+00:00,117,4.02306382916667,42.779,-125.0136,,,,,,1326,,2,0
nwfsc_pacific_hake_survey,D20210803T065443_IFCB117,2021-08-03 06:54:43+00:00,117,3.8467027625,42.7801,-125.0205,,,,,,1585,,2,0
nwfsc_pacific_hake_survey,D20210803T071825_IFCB117,2021-08-03 07:18:25+00:00,117,3.79718273333333,42.7802,-125.0039,,,,,,1666,,2,0
nwfsc_pacific_hake_survey,D20210803T074207_IFCB117,2021-08-03 07:42:07+00:00,117,4.65788132083333,42.7789,-124.9175,,,,,,449,,2,0
nwfsc_pacific_hake_survey,D20210803T080549_IFCB117,2021-08-03 08:05:49+00:00,117,4.64092597083333,42.7784,-124.9031,,,,,,490,,2,0
nwfsc_pacific_hake_survey,D20210803T082929_IFCB117,2021-08-03 08:29:29+00:00,117,4.71227112916667,42.7778,-124.9008,,,,,,367,,2,0
nwfsc_pacific_hake_survey,D20210803T091853_IFCB117,2021-08-03 09:18:53+00:00,117,4.49536717083333,42.7791,-124.752,,,,,,680,,2,0
nwfsc_pacific_hake_survey,D20210803T094235_IFCB117,2021-08-03 09:42:35+00:00,117,4.22300945833333,42.7821,-124.7596,,,,,,1080,,2,0
nwfsc_pacific_hake_survey,D20210803T100617_IFCB117,2021-08-03 10:06:17+00:00,117,4.37200740833333,42.7863,-124.7665,,,,,,881,,2,0
nwfsc_pacific_hake_survey,D20210803T102959_IFCB117,2021-08-03 10:29:59+00:00,117,4.58159198333333,42.7795,-124.7202,,,,,,530,,2,0
nwfsc_pacific_hake_survey,D20210803T105341_IFCB117,2021-08-03 10:53:41+00:00,117,4.84211110833333,42.7807,-124.7168,,,,,,173,,2,0
nwfsc_pacific_hake_survey,D20210803T111722_IFCB117,2021-08-03 11:17:22+00:00,117,4.79347412916667,42.7606,-124.7139,,,,,,146,,2,0
nwfsc_pacific_hake_survey,D20210803T114104_IFCB117,2021-08-03 11:41:04+00:00,117,4.87702020833333,42.7236,-124.6734,,,,,,116,,2,0
nwfsc_pacific_hake_survey,D20210803T120445_IFCB117,2021-08-03 12:04:45+00:00,117,4.1640595875,42.6951,-124.6208,,,,,,1132,,2,0
nwfsc_pacific_hake_survey,D20210803T122827_IFCB117,2021-08-03 12:28:27+00:00,117,4.16802910416667,42.6649,-124.5639,,,,,,1171,,2,0
nwfsc_pacific_hake_survey,D20210803T125209_IFCB117,2021-08-03 12:52:09+00:00,117,3.876407425,42.6352,-124.5084,,,,,,1583,,2,0
nwfsc_pacific_hake_survey,D20210803T131551_IFCB117,2021-08-03 13:15:51+00:00,117,4.11060523333333,42.6119,-124.4776,,,,,,1237,,2,0
nwfsc_pacific_hake_survey,D20210803T133934_IFCB117,2021-08-03 13:39:34+00:00,117,4.15375234166667,42.6116,-124.5647,,,,,,1172,,2,0
nwfsc_pacific_hake_survey,D20210803T140318_IFCB117,2021-08-03 14:03:18+00:00,117,4.84817637083333,42.6116,-124.6527,,,,,,197,,2,0
nwfsc_pacific_hake_survey,D20210803T142700_IFCB117,2021-08-03 14:27:00+00:00,117,4.65461369166667,42.6114,-124.7414,,,,,,477,,2,0
nwfsc_pacific_hake_survey,D20210803T145042_IFCB117,2021-08-03 14:50:42+00:00,117,4.66252544583333,42.6161,-124.7179,,,,,,454,,2,0
nwfsc_pacific_hake_survey,D20210803T151424_IFCB117,2021-08-03 15:14:24+00:00,117,4.89703033333333,42.595,-124.7029,,,,,,114,,2,0
nwfsc_pacific_hake_survey,D20210803T153806_IFCB117,2021-08-03 15:38:06+00:00,117,4.65952515833333,42.5946,-124.7036,,,,,,114,,2,0
nwfsc_pacific_hake_survey,D20210803T160148_IFCB117,2021-08-03 16:01:48+00:00,117,4.79111095833333,42.613,-124.7012,,,,,,116,,2,0
nwfsc_pacific_hake_survey,D20210803T162529_IFCB117,2021-08-03 16:25:29+00:00,117,4.74813403333333,42.6262,-124.7009,,,,,,117,,2,0
nwfsc_pacific_hake_survey,D20210803T164911_IFCB117,2021-08-03 16:49:11+00:00,117,4.92426373333333,42.5945,-124.7074,,,,,,81,,2,0
nwfsc_pacific_hake_survey,D20210803T171253_IFCB117,2021-08-03 17:12:53+00:00,117,4.86227279583333,42.5726,-124.7139,,,,,,59,,2,0
nwfsc_pacific_hake_survey,D20210803T173635_IFCB117,2021-08-03 17:36:35+00:00,117,4.9148555875,42.5936,-124.7259,,,,,,56,,2,0
nwfsc_pacific_hake_survey,D20210803T180017_IFCB117,2021-08-03 18:00:17+00:00,117,4.655203125,42.6117,-124.7921,,,,,,452,,2,0
nwfsc_pacific_hake_survey,D20210803T182358_IFCB117,2021-08-03 18:23:58+00:00,117,4.6338299875,42.6122,-124.8804,,,,,,487,,2,0
nwfsc_pacific_hake_survey,D20210803T184741_IFCB117,2021-08-03 18:47:41+00:00,117,4.79468015833333,42.6117,-124.9696,,,,,,254,,2,0
nwfsc_pacific_hake_survey,D20210803T191123_IFCB117,2021-08-03 19:11:23+00:00,117,4.87264388333333,42.612,-125.0587,,,,,,125,,2,0
nwfsc_pacific_hake_survey,D20210803T193505_IFCB117,2021-08-03 19:35:05+00:00,117,4.90189361666667,42.6459,-125.0855,,,,,,83,,2,0
nwfsc_pacific_hake_survey,D20210803T195847_IFCB117,2021-08-03 19:58:47+00:00,117,4.80233252916667,42.7118,-125.0762,,,,,,121,,2,0
nwfsc_pacific_hake_survey,D20210803T202229_IFCB117,2021-08-03 20:22:29+00:00,117,4.814970325,42.7774,-125.069,,,,,,197,,2,0
nwfsc_pacific_hake_survey,D20210803T204611_IFCB117,2021-08-03 20:46:11+00:00,117,4.49623632083333,42.7782,-124.9824,,,,,,679,,2,0
nwfsc_pacific_hake_survey,D20210803T210952_IFCB117,2021-08-03 21:09:52+00:00,117,4.53890120416667,42.778,-124.8955,,,,,,610,,2,0
nwfsc_pacific_hake_survey,D20210803T213334_IFCB117,2021-08-03 21:33:34+00:00,117,4.5830677375,42.7786,-124.8051,,,,,,660,,2,0
nwfsc_pacific_hake_survey,D20210803T215717_IFCB117,2021-08-03 21:57:17+00:00,117,4.41700345416667,42.7785,-124.718,,,,,,1026,,2,0
nwfsc_pacific_hake_survey,D20210803T222059_IFCB117,2021-08-03 22:20:59+00:00,117,4.44595629166667,42.7785,-124.6408,,,,,,981,,2,0
nwfsc_pacific_hake_survey,D20210803T224442_IFCB117,2021-08-03 22:44:42+00:00,117,4.24771707083333,42.7784,-124.7078,,,,,,1061,,2,0
nwfsc_pacific_hake_survey,D20210803T230824_IFCB117,2021-08-03 23:08:24+00:00,117,4.35824194166667,42.8104,-124.7113,,,,,,902,,2,0
nwfsc_pacific_hake_survey,D20210803T233206_IFCB117,2021-08-03 23:32:06+00:00,117,4.37381902083333,42.8609,-124.6576,,,,,,827,,2,0
nwfsc_pacific_hake_survey,D20210803T235548_IFCB117,2021-08-03 23:55:48+00:00,117,4.213563875,42.9102,-124.6064,,,,,,1103,,2,0
nwfsc_pacific_hake_survey,D20210804T001930_IFCB117,2021-08-04 00:19:30+00:00,117,4.4045132375,42.937,-124.5497,,,,,,826,,2,0
nwfsc_pacific_hake_survey,D20210804T004312_IFCB117,2021-08-04 00:43:12+00:00,117,4.42613367916667,42.9449,-124.5978,,,,,,759,,2,0
nwfsc_pacific_hake_survey,D20210804T013232_IFCB117,2021-08-04 01:32:32+00:00,117,4.7126173125,42.9453,-124.7736,,,,,,299,,2,0
nwfsc_pacific_hake_survey,D20210804T015614_IFCB117,2021-08-04 01:56:14+00:00,117,4.4321877875,42.9444,-124.8552,,,,,,786,,2,0
nwfsc_pacific_hake_survey,D20210804T021955_IFCB117,2021-08-04 02:19:55+00:00,117,4.42368280833333,42.9452,-124.9432,,,,,,801,,2,0
nwfsc_pacific_hake_survey,D20210804T024337_IFCB117,2021-08-04 02:43:37+00:00,117,4.6678959875,42.9453,-124.9942,,,,,,444,,2,0
nwfsc_pacific_hake_survey,D20210804T030718_IFCB117,2021-08-04 03:07:18+00:00,117,4.66668515,42.9486,-125.077,,,,,,437,,2,0
nwfsc_pacific_hake_survey,D20210804T033100_IFCB117,2021-08-04 03:31:00+00:00,117,4.78881157083333,42.9908,-125.0761,,,,,,193,,2,0
nwfsc_pacific_hake_survey,D20210804T035442_IFCB117,2021-08-04 03:54:42+00:00,117,4.78680239166667,43.0268,-125.0748,,,,,,273,,2,0
nwfsc_pacific_hake_survey,D20210804T041825_IFCB117,2021-08-04 04:18:25+00:00,117,4.745485025,43.0772,-125.0729,,,,,,310,,2,0
nwfsc_pacific_hake_survey,D20210804T044205_IFCB117,2021-08-04 04:42:05+00:00,117,4.82655702916667,43.0753,-125.1131,,,,,,224,,2,0
nwfsc_pacific_hake_survey,D20210804T050547_IFCB117,2021-08-04 05:05:47+00:00,117,4.7450379125,43.0589,-125.1595,,,,,,146,,2,0
nwfsc_pacific_hake_survey,D20210804T052930_IFCB117,2021-08-04 05:29:30+00:00,117,4.89596333333333,43.0638,-125.1588,,,,,,113,,2,0
nwfsc_pacific_hake_survey,D20210804T055311_IFCB117,2021-08-04 05:53:11+00:00,117,4.75714605,43.0997,-125.0972,,,,,,296,,2,0
nwfsc_pacific_hake_survey,D20210804T061653_IFCB117,2021-08-04 06:16:53+00:00,117,4.78399590416667,43.1099,-125.0757,,,,,,271,,2,0
nwfsc_pacific_hake_survey,D20210804T064035_IFCB117,2021-08-04 06:40:35+00:00,117,4.722191925,43.1095,-125.0833,,,,,,377,,2,0
nwfsc_pacific_hake_survey,D20210804T070417_IFCB117,2021-08-04 07:04:17+00:00,117,4.7542442875,43.1088,-125.0469,,,,,,338,,2,0
nwfsc_pacific_hake_survey,D20210804T072800_IFCB117,2021-08-04 07:28:00+00:00,117,4.75877740416667,43.1112,-125.0152,,,,,,265,,2,0
nwfsc_pacific_hake_survey,D20210804T075142_IFCB117,2021-08-04 07:51:42+00:00,117,4.7690878125,43.1108,-125.0228,,,,,,312,,2,0
nwfsc_pacific_hake_survey,D20210804T081524_IFCB117,2021-08-04 08:15:24+00:00,117,4.695119375,43.1122,-124.9596,,,,,,407,,2,0
nwfsc_pacific_hake_survey,D20210804T083906_IFCB117,2021-08-04 08:39:06+00:00,117,4.888208975,43.1127,-124.8964,,,,,,99,,2,0
nwfsc_pacific_hake_survey,D20210804T090247_IFCB117,2021-08-04 09:02:47+00:00,117,4.92141095833333,43.1148,-124.9056,,,,,,86,,2,0
nwfsc_pacific_hake_survey,D20210804T092630_IFCB117,2021-08-04 09:26:30+00:00,117,4.90944045833333,43.107,-124.8678,,,,,,62,,2,0
nwfsc_pacific_hake_survey,D20210804T095012_IFCB117,2021-08-04 09:50:12+00:00,117,4.92164616666667,43.11,-124.8696,,,,,,68,,2,0
nwfsc_pacific_hake_survey,D20210804T101355_IFCB117,2021-08-04 10:13:55+00:00,117,4.91086104583333,43.1126,-124.8214,,,,,,61,,2,0
nwfsc_pacific_hake_survey,D20210804T103737_IFCB117,2021-08-04 10:37:37+00:00,117,4.87641725833333,43.1115,-124.7438,,,,,,55,,2,0
nwfsc_pacific_hake_survey,D20210804T110117_IFCB117,2021-08-04 11:01:17+00:00,117,4.61925699166667,43.1105,-124.6881,,,,,,35,,2,0
nwfsc_pacific_hake_survey,D20210804T112500_IFCB117,2021-08-04 11:25:00+00:00,117,4.88141525,43.1102,-124.6887,,,,,,93,,2,0
nwfsc_pacific_hake_survey,D20210804T114842_IFCB117,2021-08-04 11:48:42+00:00,117,4.74294973333333,43.1118,-124.6471,,,,,,340,,2,0
nwfsc_pacific_hake_survey,D20210804T121224_IFCB117,2021-08-04 12:12:24+00:00,117,4.732906675,43.1117,-124.5504,,,,,,283,,2,0
nwfsc_pacific_hake_survey,D20210804T123607_IFCB117,2021-08-04 12:36:07+00:00,117,4.53210766666667,43.1112,-124.5002,,,,,,624,,2,0
nwfsc_pacific_hake_survey,D20210804T125949_IFCB117,2021-08-04 12:59:49+00:00,117,4.43342912916667,43.1105,-124.516,,,,,,764,,2,0
nwfsc_pacific_hake_survey,D20210804T132331_IFCB117,2021-08-04 13:23:31+00:00,117,4.5198536875,43.1117,-124.542,,,,,,617,,2,0
nwfsc_pacific_hake_survey,D20210804T134712_IFCB117,2021-08-04 13:47:12+00:00,117,0.417349570833333,43.1119,-124.6405,,,,,,44,,2,0
nwfsc_pacific_hake_survey,D20210804T135512_IFCB117,2021-08-04 13:55:12+00:00,117,4.34017777083333,43.1119,-124.6743,,,,,,885,,2,0
nwfsc_pacific_hake_survey,D20210804T141854_IFCB117,2021-08-04 14:18:54+00:00,117,4.91360064166667,43.1116,-124.7723,,,,,,96,,2,0
nwfsc_pacific_hake_survey,D20210804T144236_IFCB117,2021-08-04 14:42:36+00:00,117,4.892463525,43.0872,-124.7269,,,,,,44,,2,0
nwfsc_pacific_hake_survey,D20210804T150619_IFCB117,2021-08-04 15:06:19+00:00,117,4.84382049583333,43.0998,-124.7321,,,,,,55,,2,0
nwfsc_pacific_hake_survey,D20210804T153001_IFCB117,2021-08-04 15:30:01+00:00,117,4.91650799583333,43.1181,-124.7429,,,,,,55,,2,0
nwfsc_pacific_hake_survey,D20210804T155343_IFCB117,2021-08-04 15:53:43+00:00,117,4.91176364583333,43.1302,-124.7549,,,,,,55,,2,0
nwfsc_pacific_hake_survey,D20210804T161725_IFCB117,2021-08-04 16:17:25+00:00,117,4.6254116125,43.1149,-124.7586,,,,,,63,,2,0
nwfsc_pacific_hake_survey,D20210804T164107_IFCB117,2021-08-04 16:41:07+00:00,117,4.58458758333333,43.1117,-124.8461,,,,,,52,,2,0
nwfsc_pacific_hake_survey,D20210804T173031_IFCB117,2021-08-04 17:30:31+00:00,117,4.83836405,43.1116,-125.0456,,,,,,83,,2,0
nwfsc_pacific_hake_survey,D20210804T175412_IFCB117,2021-08-04 17:54:12+00:00,117,4.78533254583333,43.1489,-125.0924,,,,,,248,,2,0
nwfsc_pacific_hake_survey,D20210804T181754_IFCB117,2021-08-04 18:17:54+00:00,117,4.82965099583333,43.2038,-125.1216,,,,,,215,,2,0
nwfsc_pacific_hake_survey,D20210804T184136_IFCB117,2021-08-04 18:41:36+00:00,117,4.67378694583333,43.2595,-125.1578,,,,,,438,,2,0
nwfsc_pacific_hake_survey,D20210804T190519_IFCB117,2021-08-04 19:05:19+00:00,117,4.8385107875,43.2784,-125.1223,,,,,,196,,2,0
nwfsc_pacific_hake_survey,D20210804T192901_IFCB117,2021-08-04 19:29:01+00:00,117,4.83626030833333,43.2782,-125.0358,,,,,,174,,2,0
nwfsc_pacific_hake_survey,D20210804T195243_IFCB117,2021-08-04 19:52:43+00:00,117,4.77211065,43.2783,-124.9511,,,,,,92,,2,0
nwfsc_pacific_hake_survey,D20210804T201625_IFCB117,2021-08-04 20:16:25+00:00,117,4.5953554125,43.2551,-124.9438,,,,,,73,,2,0
nwfsc_pacific_hake_survey,D20210804T204007_IFCB117,2021-08-04 20:40:07+00:00,117,4.76900680833333,43.256,-124.9547,,,,,,245,,2,0
nwfsc_pacific_hake_survey,D20210804T210350_IFCB117,2021-08-04 21:03:50+00:00,117,4.900228875,43.277,-124.9501,,,,,,82,,2,0
nwfsc_pacific_hake_survey,D20210804T212732_IFCB117,2021-08-04 21:27:32+00:00,117,4.78164194583333,43.2943,-124.9492,,,,,,36,,2,0
nwfsc_pacific_hake_survey,D20210804T215113_IFCB117,2021-08-04 21:51:13+00:00,117,4.9005152375,43.3092,-124.9486,,,,,,85,,2,0
nwfsc_pacific_hake_survey,D20210804T221456_IFCB117,2021-08-04 22:14:56+00:00,117,4.71988295833333,43.2788,-124.9249,,,,,,57,,2,0
nwfsc_pacific_hake_survey,D20210804T223838_IFCB117,2021-08-04 22:38:38+00:00,117,4.82344790833333,43.2785,-124.8375,,,,,,231,,2,0
nwfsc_pacific_hake_survey,D20210804T230219_IFCB117,2021-08-04 23:02:19+00:00,117,4.545691325,43.2786,-124.746,,,,,,764,,2,0
nwfsc_pacific_hake_survey,D20210804T232602_IFCB117,2021-08-04 23:26:02+00:00,117,4.8937465375,43.2781,-124.6532,,,,,,172,,2,0
nwfsc_pacific_hake_survey,D20210804T234944_IFCB117,2021-08-04 23:49:44+00:00,117,4.8483291,43.2778,-124.5663,,,,,,165,,2,0
nwfsc_pacific_hake_survey,D20210805T001327_IFCB117,2021-08-05 00:13:27+00:00,117,4.74664605,43.278,-124.5093,,,,,,430,,2,0
nwfsc_pacific_hake_survey,D20210805T003708_IFCB117,2021-08-05 00:37:08+00:00,117,4.5466656875,43.2781,-124.4605,,,,,,763,,2,0
nwfsc_pacific_hake_survey,D20210805T010049_IFCB117,2021-08-05 01:00:49+00:00,117,4.43222190833333,43.3149,-124.4562,,,,,,963,,2,0
nwfsc_pacific_hake_survey,D20210805T012432_IFCB117,2021-08-05 01:24:32+00:00,117,4.42057887916667,43.3817,-124.4445,,,,,,986,,2,0
nwfsc_pacific_hake_survey,D20210805T014814_IFCB117,2021-08-05 01:48:14+00:00,117,3.95176867916667,43.4231,-124.3698,,,,,,1519,,2,0
nwfsc_pacific_hake_survey,D20210805T021156_IFCB117,2021-08-05 02:11:56+00:00,117,3.94257908333333,43.4443,-124.3368,,,,,,1460,,2,0
nwfsc_pacific_hake_survey,D20210805T023539_IFCB117,2021-08-05 02:35:39+00:00,117,3.83356069166667,43.4451,-124.3746,,,,,,1613,,2,0
nwfsc_pacific_hake_survey,D20210805T025922_IFCB117,2021-08-05 02:59:22+00:00,117,4.65683330416667,43.4442,-124.4692,,,,,,461,,2,0
nwfsc_pacific_hake_survey,D20210805T032304_IFCB117,2021-08-05 03:23:04+00:00,117,4.870769475,43.4448,-124.5666,,,,,,78,,2,0
nwfsc_pacific_hake_survey,D20210805T034646_IFCB117,2021-08-05 03:46:46+00:00,117,4.88592695833333,43.4446,-124.6134,,,,,,67,,2,0
nwfsc_pacific_hake_survey,D20210805T041028_IFCB117,2021-08-05 04:10:28+00:00,117,4.91121254583333,43.4454,-124.5834,,,,,,65,,2,0
nwfsc_pacific_hake_survey,D20210805T043410_IFCB117,2021-08-05 04:34:10+00:00,117,4.77688615,43.4473,-124.6213,,,,,,54,,2,0
nwfsc_pacific_hake_survey,D20210805T045752_IFCB117,2021-08-05 04:57:52+00:00,117,4.6919488125,43.4454,-124.6656,,,,,,33,,2,0
nwfsc_pacific_hake_survey,D20210805T052135_IFCB117,2021-08-05 05:21:35+00:00,117,4.95147177083333,43.4484,-124.6739,,,,,,44,,2,0
nwfsc_pacific_hake_survey,D20210805T054517_IFCB117,2021-08-05 05:45:17+00:00,117,4.87500595833333,43.4463,-124.7329,,,,,,37,,2,0
nwfsc_pacific_hake_survey,D20210805T060900_IFCB117,2021-08-05 06:09:00+00:00,117,4.6878848125,43.4451,-124.7419,,,,,,42,,2,0
nwfsc_pacific_hake_survey,D20210805T063241_IFCB117,2021-08-05 06:32:41+00:00,117,4.7659497375,43.4522,-124.7578,,,,,,119,,2,0
nwfsc_pacific_hake_survey,D20210805T065624_IFCB117,2021-08-05 06:56:24+00:00,117,4.60126110416667,43.4475,-124.8508,,,,,,568,,2,0
nwfsc_pacific_hake_survey,D20210805T072006_IFCB117,2021-08-05 07:20:06+00:00,117,4.7628136125,43.4418,-124.951,,,,,,220,,2,0
nwfsc_pacific_hake_survey,D20210805T074348_IFCB117,2021-08-05 07:43:48+00:00,117,4.73751745416667,43.4399,-124.9648,,,,,,78,,2,0
nwfsc_pacific_hake_survey,D20210805T080729_IFCB117,2021-08-05 08:07:29+00:00,117,4.80738972083333,43.4418,-124.9956,,,,,,92,,2,0
nwfsc_pacific_hake_survey,D20210805T083111_IFCB117,2021-08-05 08:31:11+00:00,117,4.85913012916667,43.4453,-125.0922,,,,,,110,,2,0
nwfsc_pacific_hake_survey,D20210805T085453_IFCB117,2021-08-05 08:54:53+00:00,117,4.849496675,43.446,-125.1294,,,,,,132,,2,0
nwfsc_pacific_hake_survey,D20210805T094352_IFCB117,2021-08-05 09:43:52+00:00,117,4.85401767916667,43.4436,-125.08,,,,,,29,,2,0
nwfsc_pacific_hake_survey,D20210805T100733_IFCB117,2021-08-05 10:07:33+00:00,117,4.91623173333333,43.4403,-125.0899,,,,,,76,,2,0
nwfsc_pacific_hake_survey,D20210805T103114_IFCB117,2021-08-05 10:31:14+00:00,117,4.8745095125,43.4423,-125.0176,,,,,,64,,2,0
nwfsc_pacific_hake_survey,D20210805T105455_IFCB117,2021-08-05 10:54:55+00:00,117,4.87518386666667,43.4448,-124.9262,,,,,,106,,2,0
nwfsc_pacific_hake_survey,D20210805T111837_IFCB117,2021-08-05 11:18:37+00:00,117,4.6111948875,43.445,-124.8475,,,,,,550,,2,0
nwfsc_pacific_hake_survey,D20210805T114219_IFCB117,2021-08-05 11:42:19+00:00,117,4.59726849166667,43.4423,-124.8544,,,,,,524,,2,0
nwfsc_pacific_hake_survey,D20210805T120601_IFCB117,2021-08-05 12:06:01+00:00,117,4.517894675,43.4421,-124.8618,,,,,,666,,2,0
nwfsc_pacific_hake_survey,D20210805T122944_IFCB117,2021-08-05 12:29:44+00:00,117,4.71588664583333,43.4449,-124.7781,,,,,,399,,2,0
nwfsc_pacific_hake_survey,D20210805T125327_IFCB117,2021-08-05 12:53:27+00:00,117,4.8806210875,43.445,-124.6824,,,,,,144,,2,0
nwfsc_pacific_hake_survey,D20210805T131709_IFCB117,2021-08-05 13:17:09+00:00,117,4.91716516666667,43.4456,-124.6128,,,,,,76,,2,0
nwfsc_pacific_hake_survey,D20210805T134051_IFCB117,2021-08-05 13:40:51+00:00,117,4.62087249583333,43.4453,-124.7066,,,,,,87,,2,0
nwfsc_pacific_hake_survey,D20210805T140433_IFCB117,2021-08-05 14:04:33+00:00,117,4.89429492083333,43.4451,-124.8028,,,,,,99,,2,0
nwfsc_pacific_hake_survey,D20210805T142815_IFCB117,2021-08-05 14:28:15+00:00,117,4.69221076666667,43.4478,-124.7627,,,,,,407,,2,0
nwfsc_pacific_hake_survey,D20210805T145157_IFCB117,2021-08-05 14:51:57+00:00,117,4.8492771875,43.4153,-124.7355,,,,,,104,,2,0
nwfsc_pacific_hake_survey,D20210805T151539_IFCB117,2021-08-05 15:15:39+00:00,117,4.909772075,43.4163,-124.7366,,,,,,69,,2,0
nwfsc_pacific_hake_survey,D20210805T153921_IFCB117,2021-08-05 15:39:21+00:00,117,4.90338188333333,43.4425,-124.7403,,,,,,114,,2,0
nwfsc_pacific_hake_survey,D20210805T160303_IFCB117,2021-08-05 16:03:03+00:00,117,4.74525667916667,43.4615,-124.7465,,,,,,325,,2,0
nwfsc_pacific_hake_survey,D20210805T162645_IFCB117,2021-08-05 16:26:45+00:00,117,4.56573942916667,43.4739,-124.7578,,,,,,603,,2,0
nwfsc_pacific_hake_survey,D20210805T165027_IFCB117,2021-08-05 16:50:27+00:00,117,4.5523034,43.4533,-124.7979,,,,,,621,,2,0
nwfsc_pacific_hake_survey,D20210805T171410_IFCB117,2021-08-05 17:14:10+00:00,117,4.66717257083333,43.4452,-124.8854,,,,,,462,,2,0
nwfsc_pacific_hake_survey,D20210805T173752_IFCB117,2021-08-05 17:37:52+00:00,117,4.54747909166667,43.4453,-124.9786,,,,,,620,,2,0
nwfsc_pacific_hake_survey,D20210805T180135_IFCB117,2021-08-05 18:01:35+00:00,117,4.86276241666667,43.4453,-125.0714,,,,,,152,,2,0
nwfsc_pacific_hake_survey,D20210805T182517_IFCB117,2021-08-05 18:25:17+00:00,117,4.88540172916667,43.4574,-125.1419,,,,,,87,,2,0
nwfsc_pacific_hake_survey,D20210805T184859_IFCB117,2021-08-05 18:48:59+00:00,117,4.76614087916667,43.5012,-125.1445,,,,,,126,,2,0
nwfsc_pacific_hake_survey,D20210805T191241_IFCB117,2021-08-05 19:12:41+00:00,117,4.91052492916667,43.5467,-125.1425,,,,,,67,,2,0
nwfsc_pacific_hake_survey,D20210805T193623_IFCB117,2021-08-05 19:36:23+00:00,117,4.87676193333333,43.5937,-125.1417,,,,,,96,,2,0
nwfsc_pacific_hake_survey,D20210805T200005_IFCB117,2021-08-05 20:00:05+00:00,117,4.7884345625,43.6113,-125.1116,,,,,,54,,2,0
nwfsc_pacific_hake_survey,D20210805T202346_IFCB117,2021-08-05 20:23:46+00:00,117,4.92161239583333,43.612,-125.0385,,,,,,30,,2,0
nwfsc_pacific_hake_survey,D20210805T204728_IFCB117,2021-08-05 20:47:28+00:00,117,4.96333302083333,43.6116,-124.936,,,,,,30,,2,0
nwfsc_pacific_hake_survey,D20210805T211110_IFCB117,2021-08-05 21:11:10+00:00,117,4.9576419,43.6108,-124.834,,,,,,24,,2,0
nwfsc_pacific_hake_survey,D20210805T213452_IFCB117,2021-08-05 21:34:52+00:00,117,4.665288925,43.6121,-124.7377,,,,,,368,,2,0
nwfsc_pacific_hake_survey,D20210805T215833_IFCB117,2021-08-05 21:58:33+00:00,117,4.71069862083333,43.6114,-124.6695,,,,,,349,,2,0
nwfsc_pacific_hake_survey,D20210805T222215_IFCB117,2021-08-05 22:22:15+00:00,117,4.658217075,43.6116,-124.6127,,,,,,357,,2,0
nwfsc_pacific_hake_survey,D20210805T224557_IFCB117,2021-08-05 22:45:57+00:00,117,4.66390766666667,43.6112,-124.5497,,,,,,464,,2,0
nwfsc_pacific_hake_survey,D20210805T230939_IFCB117,2021-08-05 23:09:39+00:00,117,4.4044449125,43.6086,-124.4778,,,,,,820,,2,0
nwfsc_pacific_hake_survey,D20210805T233321_IFCB117,2021-08-05 23:33:21+00:00,117,4.91973240416667,43.612,-124.3811,,,,,,37,,2,0
nwfsc_pacific_hake_survey,D20210805T235702_IFCB117,2021-08-05 23:57:02+00:00,117,4.86079794166667,43.6116,-124.2975,,,,,,30,,2,0
nwfsc_pacific_hake_survey,D20210806T002044_IFCB117,2021-08-06 00:20:44+00:00,117,4.74998347083333,43.6169,-124.2722,,,,,,217,,2,0
nwfsc_pacific_hake_survey,D20210806T004426_IFCB117,2021-08-06 00:44:26+00:00,117,4.52737142916667,43.6698,-124.2982,,,,,,633,,2,0
nwfsc_pacific_hake_survey,D20210806T010807_IFCB117,2021-08-06 01:08:07+00:00,117,3.921445025,43.7273,-124.2611,,,,,,1490,,2,0
nwfsc_pacific_hake_survey,D20210806T015730_IFCB117,2021-08-06 01:57:30+00:00,117,4.39136326666667,43.7768,-124.2298,,,,,,853,,2,0
nwfsc_pacific_hake_survey,D20210806T022112_IFCB117,2021-08-06 02:21:12+00:00,117,4.1854292625,43.7786,-124.2881,,,,,,1155,,2,0
nwfsc_pacific_hake_survey,D20210806T024455_IFCB117,2021-08-06 02:44:55+00:00,117,4.453428975,43.7778,-124.3823,,,,,,737,,2,0
nwfsc_pacific_hake_survey,D20210806T030838_IFCB117,2021-08-06 03:08:38+00:00,117,4.31769784583333,43.7782,-124.4818,,,,,,974,,2,0
nwfsc_pacific_hake_survey,D20210806T033220_IFCB117,2021-08-06 03:32:20+00:00,117,4.474069075,43.7808,-124.567,,,,,,715,,2,0
nwfsc_pacific_hake_survey,D20210806T035600_IFCB117,2021-08-06 03:56:00+00:00,117,4.75514189166667,43.7783,-124.5117,,,,,,325,,2,0
nwfsc_pacific_hake_survey,D20210806T041943_IFCB117,2021-08-06 04:19:43+00:00,117,4.40435920416667,43.7763,-124.5137,,,,,,850,,2,0
nwfsc_pacific_hake_survey,D20210806T044325_IFCB117,2021-08-06 04:43:25+00:00,117,4.69097867083333,43.7813,-124.5946,,,,,,296,,2,0
nwfsc_pacific_hake_survey,D20210806T050707_IFCB117,2021-08-06 05:07:07+00:00,117,4.4647511125,43.7794,-124.6211,,,,,,729,,2,0
nwfsc_pacific_hake_survey,D20210806T053048_IFCB117,2021-08-06 05:30:48+00:00,117,4.42722055833333,43.7784,-124.6249,,,,,,776,,2,0
nwfsc_pacific_hake_survey,D20210806T055431_IFCB117,2021-08-06 05:54:31+00:00,117,4.2482191375,43.7798,-124.7049,,,,,,1059,,2,0
nwfsc_pacific_hake_survey,D20210806T061813_IFCB117,2021-08-06 06:18:13+00:00,117,4.75022632083333,43.7772,-124.7471,,,,,,323,,2,0
nwfsc_pacific_hake_survey,D20210806T064155_IFCB117,2021-08-06 06:41:55+00:00,117,4.71786025833333,43.7762,-124.7457,,,,,,203,,2,0
nwfsc_pacific_hake_survey,D20210806T070538_IFCB117,2021-08-06 07:05:38+00:00,117,4.80540162083333,43.7783,-124.803,,,,,,136,,2,0
nwfsc_pacific_hake_survey,D20210806T072919_IFCB117,2021-08-06 07:29:19+00:00,117,4.51322608333333,43.7789,-124.8965,,,,,,690,,2,0
nwfsc_pacific_hake_survey,D20210806T075302_IFCB117,2021-08-06 07:53:02+00:00,117,4.8238633,43.777,-124.9848,,,,,,175,,2,0
nwfsc_pacific_hake_survey,D20210806T081643_IFCB117,2021-08-06 08:16:43+00:00,117,4.93897339583333,43.778,-125.0688,,,,,,41,,2,0
nwfsc_pacific_hake_survey,D20210806T084025_IFCB117,2021-08-06 08:40:25+00:00,117,4.79093300833333,43.7766,-125.1286,,,,,,50,,2,0
nwfsc_pacific_hake_survey,D20210806T090407_IFCB117,2021-08-06 09:04:07+00:00,117,4.85904986666667,43.7743,-125.1204,,,,,,48,,2,0
nwfsc_pacific_hake_survey,D20210806T092749_IFCB117,2021-08-06 09:27:49+00:00,117,4.78138921666667,43.7762,-125.0537,,,,,,28,,2,0
nwfsc_pacific_hake_survey,D20210806T095131_IFCB117,2021-08-06 09:51:31+00:00,117,4.9030811125,43.7774,-124.9821,,,,,,96,,2,0
nwfsc_pacific_hake_survey,D20210806T101513_IFCB117,2021-08-06 10:15:13+00:00,117,4.88041905416667,43.77,-124.9788,,,,,,132,,2,0
nwfsc_pacific_hake_survey,D20210806T103855_IFCB117,2021-08-06 10:38:55+00:00,117,4.88367720833333,43.778,-124.9088,,,,,,134,,2,0
nwfsc_pacific_hake_survey,D20210806T110236_IFCB117,2021-08-06 11:02:36+00:00,117,4.84739966666667,43.7775,-124.8627,,,,,,121,,2,0
nwfsc_pacific_hake_survey,D20210806T112617_IFCB117,2021-08-06 11:26:17+00:00,117,4.88711576666667,43.7744,-124.8667,,,,,,113,,2,0
nwfsc_pacific_hake_survey,D20210806T114959_IFCB117,2021-08-06 11:49:59+00:00,117,4.89605937083333,43.7783,-124.837,,,,,,120,,2,0
nwfsc_pacific_hake_survey,D20210806T121342_IFCB117,2021-08-06 12:13:42+00:00,117,4.9051248375,43.7784,-124.7582,,,,,,113,,2,0
nwfsc_pacific_hake_survey,D20210806T123722_IFCB117,2021-08-06 12:37:22+00:00,117,4.72658193333333,43.7782,-124.6788,,,,,,259,,2,0
nwfsc_pacific_hake_survey,D20210806T130104_IFCB117,2021-08-06 13:01:04+00:00,117,4.47765757083333,43.7775,-124.6002,,,,,,727,,2,0
nwfsc_pacific_hake_survey,D20210806T132447_IFCB117,2021-08-06 13:24:47+00:00,117,4.674422925,43.7796,-124.6121,,,,,,426,,2,0
nwfsc_pacific_hake_survey,D20210806T134829_IFCB117,2021-08-06 13:48:29+00:00,117,4.46050755833333,43.7764,-124.6508,,,,,,759,,2,0
nwfsc_pacific_hake_survey,D20210806T141212_IFCB117,2021-08-06 14:12:12+00:00,117,4.72092485,43.7792,-124.5682,,,,,,380,,2,0
nwfsc_pacific_hake_survey,D20210806T143555_IFCB117,2021-08-06 14:35:55+00:00,117,4.79130062916667,43.7789,-124.5615,,,,,,267,,2,0
nwfsc_pacific_hake_survey,D20210806T145935_IFCB117,2021-08-06 14:59:35+00:00,117,4.7033276625,43.7794,-124.586,,,,,,408,,2,0
nwfsc_pacific_hake_survey,D20210806T152317_IFCB117,2021-08-06 15:23:17+00:00,117,4.6248295,43.7792,-124.6151,,,,,,510,,2,0
nwfsc_pacific_hake_survey,D20210806T154659_IFCB117,2021-08-06 15:46:59+00:00,117,4.5282611375,43.7765,-124.6372,,,,,,667,,2,0
nwfsc_pacific_hake_survey,D20210806T161040_IFCB117,2021-08-06 16:10:40+00:00,117,4.48056902916667,43.7548,-124.6161,,,,,,729,,2,0
nwfsc_pacific_hake_survey,D20210806T163420_IFCB117,2021-08-06 16:34:20+00:00,117,4.4947803625,43.7558,-124.6155,,,,,,720,,2,0
nwfsc_pacific_hake_survey,D20210806T165803_IFCB117,2021-08-06 16:58:03+00:00,117,4.55650792916667,43.7634,-124.6149,,,,,,553,,2,0
nwfsc_pacific_hake_survey,D20210806T172145_IFCB117,2021-08-06 17:21:45+00:00,117,4.44378980416667,43.8082,-124.6178,,,,,,762,,2,0
nwfsc_pacific_hake_survey,D20210806T181130_IFCB117,2021-08-06 18:11:30+00:00,117,4.8601697125,43.7666,-124.6178,,,,,,188,,2,0
nwfsc_pacific_hake_survey,D20210806T183512_IFCB117,2021-08-06 18:35:12+00:00,117,4.551384375,43.7481,-124.6146,,,,,,613,,2,0
nwfsc_pacific_hake_survey,D20210806T185852_IFCB117,2021-08-06 18:58:52+00:00,117,4.6498893125,43.7741,-124.6523,,,,,,476,,2,0
nwfsc_pacific_hake_survey,D20210806T192234_IFCB117,2021-08-06 19:22:34+00:00,117,4.71923667916667,43.7785,-124.7375,,,,,,361,,2,0
nwfsc_pacific_hake_survey,D20210806T194616_IFCB117,2021-08-06 19:46:16+00:00,117,4.7414446625,43.778,-124.8359,,,,,,348,,2,0
nwfsc_pacific_hake_survey,D20210806T200958_IFCB117,2021-08-06 20:09:58+00:00,117,4.84551723333333,43.7782,-124.9279,,,,,,191,,2,0
nwfsc_pacific_hake_survey,D20210806T203340_IFCB117,2021-08-06 20:33:40+00:00,117,4.88644291666667,43.7775,-125.0205,,,,,,62,,2,0
nwfsc_pacific_hake_survey,D20210806T205722_IFCB117,2021-08-06 20:57:22+00:00,117,4.83665025416667,43.779,-125.1142,,,,,,25,,2,0
nwfsc_pacific_hake_survey,D20210806T212105_IFCB117,2021-08-06 21:21:05+00:00,117,4.798886025,43.8032,-125.1569,,,,,,17,,2,0
nwfsc_pacific_hake_survey,D20210806T214447_IFCB117,2021-08-06 21:44:47+00:00,117,4.71437936666667,43.8456,-125.148,,,,,,18,,2,0
nwfsc_pacific_hake_survey,D20210806T220829_IFCB117,2021-08-06 22:08:29+00:00,117,4.353068025,43.8904,-125.141,,,,,,17,,2,0
nwfsc_pacific_hake_survey,D20210806T223211_IFCB117,2021-08-06 22:32:11+00:00,117,4.9276315625,43.9347,-125.1335,,,,,,12,,2,0
nwfsc_pacific_hake_survey,D20210806T225553_IFCB117,2021-08-06 22:55:53+00:00,117,4.6994872875,43.9444,-125.0775,,,,,,21,,2,0
nwfsc_pacific_hake_survey,D20210806T231933_IFCB117,2021-08-06 23:19:33+00:00,117,4.67829935833333,43.9452,-125.0076,,,,,,21,,2,0
nwfsc_pacific_hake_survey,D20210806T234316_IFCB117,2021-08-06 23:43:16+00:00,117,4.820879675,43.9328,-124.9632,,,,,,19,,2,0
nwfsc_pacific_hake_survey,D20210807T000658_IFCB117,2021-08-07 00:06:58+00:00,117,4.96935904166667,43.9262,-124.9682,,,,,,20,,2,0
nwfsc_pacific_hake_survey,D20210807T003040_IFCB117,2021-08-07 00:30:40+00:00,117,4.45998595833333,43.9409,-124.9802,,,,,,20,,2,0
nwfsc_pacific_hake_survey,D20210807T005422_IFCB117,2021-08-07 00:54:22+00:00,117,4.95148422916667,43.9453,-124.9691,,,,,,20,,2,0
nwfsc_pacific_hake_survey,D20210807T011804_IFCB117,2021-08-07 01:18:04+00:00,117,4.87462912083333,43.9453,-124.8681,,,,,,53,,2,0
nwfsc_pacific_hake_survey,D20210807T014146_IFCB117,2021-08-07 01:41:46+00:00,117,4.6688849375,43.9449,-124.7658,,,,,,470,,2,0
nwfsc_pacific_hake_survey,D20210807T020528_IFCB117,2021-08-07 02:05:28+00:00,117,4.0326824,43.9454,-124.6558,,,,,,1376,,2,0
nwfsc_pacific_hake_survey,D20210807T022909_IFCB117,2021-08-07 02:29:09+00:00,117,4.2351254,43.9449,-124.5455,,,,,,1086,,2,0
nwfsc_pacific_hake_survey,D20210807T025251_IFCB117,2021-08-07 02:52:51+00:00,117,4.47209102083333,43.9448,-124.4409,,,,,,677,,2,0
nwfsc_pacific_hake_survey,D20210807T031633_IFCB117,2021-08-07 03:16:33+00:00,117,4.36113214166667,43.9443,-124.3354,,,,,,878,,2,0
nwfsc_pacific_hake_survey,D20210807T034016_IFCB117,2021-08-07 03:40:16+00:00,117,4.10704058333333,43.9449,-124.2367,,,,,,1242,,2,0
nwfsc_pacific_hake_survey,D20210807T040358_IFCB117,2021-08-07 04:03:58+00:00,117,3.4202076375,43.9795,-124.2205,,,,,,2182,,2,0
nwfsc_pacific_hake_survey,D20210807T042740_IFCB117,2021-08-07 04:27:40+00:00,117,2.90739670833333,44.034,-124.2255,,,,,,2917,,2,0
nwfsc_pacific_hake_survey,D20210807T045123_IFCB117,2021-08-07 04:51:23+00:00,117,3.00811052916667,44.0854,-124.2083,,,,,,2784,,2,0
nwfsc_pacific_hake_survey,D20210807T051507_IFCB117,2021-08-07 05:15:07+00:00,117,3.035008725,44.1079,-124.2001,,,,,,2801,,2,0
nwfsc_pacific_hake_survey,D20210807T053849_IFCB117,2021-08-07 05:38:49+00:00,117,3.2634945,44.1081,-124.2336,,,,,,2453,,2,0
nwfsc_pacific_hake_survey,D20210807T060231_IFCB117,2021-08-07 06:02:31+00:00,117,2.8389661625,44.1117,-124.3266,,,,,,3020,,2,0
nwfsc_pacific_hake_survey,D20210807T062615_IFCB117,2021-08-07 06:26:15+00:00,117,3.02978247083333,44.1123,-124.4211,,,,,,2760,,2,0
nwfsc_pacific_hake_survey,D20210807T064957_IFCB117,2021-08-07 06:49:57+00:00,117,3.1244990125,44.1116,-124.5158,,,,,,2627,,2,0
nwfsc_pacific_hake_survey,D20210807T071340_IFCB117,2021-08-07 07:13:40+00:00,117,3.3107807625,44.1102,-124.6161,,,,,,2364,,2,0
nwfsc_pacific_hake_survey,D20210807T073722_IFCB117,2021-08-07 07:37:22+00:00,117,3.79599019583333,44.1118,-124.7178,,,,,,1686,,2,0
nwfsc_pacific_hake_survey,D20210807T080105_IFCB117,2021-08-07 08:01:05+00:00,117,4.27468718333333,44.1132,-124.8212,,,,,,1029,,2,0
nwfsc_pacific_hake_survey,D20210807T082446_IFCB117,2021-08-07 08:24:46+00:00,117,4.4247640625,44.1093,-124.9023,,,,,,802,,2,0
nwfsc_pacific_hake_survey,D20210807T084828_IFCB117,2021-08-07 08:48:28+00:00,117,4.674933675,44.1087,-124.9208,,,,,,446,,2,0
nwfsc_pacific_hake_survey,D20210807T091210_IFCB117,2021-08-07 09:12:10+00:00,117,4.7952626,44.113,-124.9686,,,,,,263,,2,0
nwfsc_pacific_hake_survey,D20210807T093552_IFCB117,2021-08-07 09:35:52+00:00,117,4.8174062125,44.1126,-124.9841,,,,,,231,,2,0
nwfsc_pacific_hake_survey,D20210807T102533_IFCB117,2021-08-07 10:25:33+00:00,117,4.73664485,44.1114,-124.9916,,,,,,129,,2,0
nwfsc_pacific_hake_survey,D20210807T104915_IFCB117,2021-08-07 10:49:15+00:00,117,4.737122125,44.1121,-125.0356,,,,,,253,,2,0
nwfsc_pacific_hake_survey,D20210807T111257_IFCB117,2021-08-07 11:12:57+00:00,117,4.86219708333333,44.1119,-125.1057,,,,,,174,,2,0
nwfsc_pacific_hake_survey,D20210807T113638_IFCB117,2021-08-07 11:36:38+00:00,117,4.66043709166667,44.114,-125.1308,,,,,,413,,2,0
nwfsc_pacific_hake_survey,D20210807T120020_IFCB117,2021-08-07 12:00:20+00:00,117,4.68422759583333,44.1165,-125.1273,,,,,,359,,2,0
nwfsc_pacific_hake_survey,D20210807T122402_IFCB117,2021-08-07 12:24:02+00:00,117,4.735056125,44.1202,-125.123,,,,,,325,,2,0
nwfsc_pacific_hake_survey,D20210807T124744_IFCB117,2021-08-07 12:47:44+00:00,117,4.71416376666667,44.1217,-125.1252,,,,,,368,,2,0
nwfsc_pacific_hake_survey,D20210807T131126_IFCB117,2021-08-07 13:11:26+00:00,117,4.74946579166667,44.1187,-125.1312,,,,,,350,,2,0
nwfsc_pacific_hake_survey,D20210807T133506_IFCB117,2021-08-07 13:35:06+00:00,117,4.80133817083333,44.1119,-125.0576,,,,,,235,,2,0
nwfsc_pacific_hake_survey,D20210807T135848_IFCB117,2021-08-07 13:58:48+00:00,117,4.77370457083333,44.1115,-124.9635,,,,,,248,,2,0
nwfsc_pacific_hake_survey,D20210807T142230_IFCB117,2021-08-07 14:22:30+00:00,117,4.66326440416667,44.1112,-124.8655,,,,,,476,,2,0
nwfsc_pacific_hake_survey,D20210807T144612_IFCB117,2021-08-07 14:46:12+00:00,117,4.18080378333333,44.1117,-124.7695,,,,,,1173,,2,0
nwfsc_pacific_hake_survey,D20210807T150955_IFCB117,2021-08-07 15:09:55+00:00,117,3.88411234166667,44.112,-124.6762,,,,,,1591,,2,0
nwfsc_pacific_hake_survey,D20210807T153338_IFCB117,2021-08-07 15:33:38+00:00,117,3.388733275,44.1119,-124.581,,,,,,2265,,2,0
nwfsc_pacific_hake_survey,D20210807T155720_IFCB117,2021-08-07 15:57:20+00:00,117,3.30257614583333,44.1119,-124.4859,,,,,,2376,,2,0
nwfsc_pacific_hake_survey,D20210807T162102_IFCB117,2021-08-07 16:21:02+00:00,117,3.62459860416667,44.1113,-124.3899,,,,,,1951,,2,0
nwfsc_pacific_hake_survey,D20210807T164444_IFCB117,2021-08-07 16:44:44+00:00,117,2.96424875,44.1114,-124.3248,,,,,,2893,,2,0
nwfsc_pacific_hake_survey,D20210807T170827_IFCB117,2021-08-07 17:08:27+00:00,117,2.50728390833333,44.1118,-124.2534,,,,,,3485,,2,0
nwfsc_pacific_hake_survey,D20210807T173209_IFCB117,2021-08-07 17:32:09+00:00,117,0.322673945833333,44.1291,-124.2024,,,,,,356,,2,0
nwfsc_pacific_hake_survey,D20210903T200426_IFCB117,2021-09-03 20:04:26+00:00,117,4.219782725,,,,,,,,1175,,2,0
nwfsc_pacific_hake_survey,D20210903T205413_IFCB117,2021-09-03 20:54:13+00:00,117,4.87778509166667,44.4968,-124.3125,,,,,,141,,2,0
nwfsc_pacific_hake_survey,D20210903T211755_IFCB117,2021-09-03 21:17:55+00:00,117,4.316572825,44.4448,-124.3493,,,,,,991,,2,0
nwfsc_pacific_hake_survey,D20210903T214137_IFCB117,2021-09-03 21:41:37+00:00,117,4.43965678333333,44.42,-124.4266,,,,,,812,,2,0
nwfsc_pacific_hake_survey,D20210903T220520_IFCB117,2021-09-03 22:05:20+00:00,117,4.49338377916667,44.4072,-124.5198,,,,,,734,,2,0
nwfsc_pacific_hake_survey,D20210903T222902_IFCB117,2021-09-03 22:29:02+00:00,117,4.4718733375,44.3963,-124.6152,,,,,,776,,2,0
nwfsc_pacific_hake_survey,D20210903T225244_IFCB117,2021-09-03 22:52:44+00:00,117,3.95589346666667,44.3892,-124.7057,,,,,,1665,,2,0
nwfsc_pacific_hake_survey,D20210903T231626_IFCB117,2021-09-03 23:16:26+00:00,117,2.72721491666667,44.377,-124.8056,,,,,,3415,,2,0
nwfsc_pacific_hake_survey,D20210903T234009_IFCB117,2021-09-03 23:40:09+00:00,117,3.22066625,44.3683,-124.8797,,,,,,2751,,2,0
nwfsc_pacific_hake_survey,D20210904T000351_IFCB117,2021-09-04 00:03:51+00:00,117,3.3924352125,44.3813,-124.878,,,,,,2401,,2,0
nwfsc_pacific_hake_survey,D20210904T002734_IFCB117,2021-09-04 00:27:34+00:00,117,3.1329326625,44.4039,-124.8834,,,,,,2811,,2,0
nwfsc_pacific_hake_survey,D20210904T005116_IFCB117,2021-09-04 00:51:16+00:00,117,3.0069815375,44.427,-124.8893,,,,,,2996,,2,0
nwfsc_pacific_hake_survey,D20210904T011459_IFCB117,2021-09-04 01:14:59+00:00,117,3.15316119583333,44.4421,-124.8931,,,,,,2783,,2,0
nwfsc_pacific_hake_survey,D20210904T013841_IFCB117,2021-09-04 01:38:41+00:00,117,3.63169915416667,44.4463,-124.9597,,,,,,2032,,2,0
nwfsc_pacific_hake_survey,D20210904T020224_IFCB117,2021-09-04 02:02:24+00:00,117,3.95518476666667,44.4446,-125.055,,,,,,1547,,2,0
nwfsc_pacific_hake_survey,D20210904T022606_IFCB117,2021-09-04 02:26:06+00:00,117,3.86874062083333,44.4446,-125.1546,,,,,,1685,,2,0
nwfsc_pacific_hake_survey,D20210904T024948_IFCB117,2021-09-04 02:49:48+00:00,117,4.01559180833333,44.4453,-125.2467,,,,,,1449,,2,0
nwfsc_pacific_hake_survey,D20210904T031331_IFCB117,2021-09-04 03:13:31+00:00,117,4.02796544166667,44.446,-125.2506,,,,,,1437,,2,0
nwfsc_pacific_hake_survey,D20210904T033713_IFCB117,2021-09-04 03:37:13+00:00,117,4.0497996875,44.4462,-125.2565,,,,,,1410,,2,0
nwfsc_pacific_hake_survey,D20210904T040055_IFCB117,2021-09-04 04:00:55+00:00,117,4.09743467916667,44.4462,-125.2419,,,,,,1301,,2,0
nwfsc_pacific_hake_survey,D20210904T042438_IFCB117,2021-09-04 04:24:38+00:00,117,4.10273909583333,44.445,-125.1481,,,,,,1325,,2,0
nwfsc_pacific_hake_survey,D20210904T044820_IFCB117,2021-09-04 04:48:20+00:00,117,4.05976236666667,44.4472,-125.0853,,,,,,1383,,2,0
nwfsc_pacific_hake_survey,D20210904T051202_IFCB117,2021-09-04 05:12:02+00:00,117,4.05468285,44.4454,-125.0867,,,,,,1382,,2,0
nwfsc_pacific_hake_survey,D20210904T053546_IFCB117,2021-09-04 05:35:46+00:00,117,4.09204943333333,44.4429,-125.0875,,,,,,1330,,2,0
nwfsc_pacific_hake_survey,D20210904T055928_IFCB117,2021-09-04 05:59:28+00:00,117,4.20358020416667,44.4449,-125.003,,,,,,1170,,2,0
nwfsc_pacific_hake_survey,D20210904T062311_IFCB117,2021-09-04 06:23:11+00:00,117,3.65676610416667,44.445,-124.9184,,,,,,1996,,2,0
nwfsc_pacific_hake_survey,D20210904T064654_IFCB117,2021-09-04 06:46:54+00:00,117,3.6932384625,44.4417,-124.9149,,,,,,1933,,2,0
nwfsc_pacific_hake_survey,D20210904T071036_IFCB117,2021-09-04 07:10:36+00:00,117,3.7225354375,44.4386,-124.9135,,,,,,1874,,2,0
nwfsc_pacific_hake_survey,D20210904T073419_IFCB117,2021-09-04 07:34:19+00:00,117,3.47847102916667,44.4424,-124.836,,,,,,2257,,2,0
nwfsc_pacific_hake_survey,D20210904T075801_IFCB117,2021-09-04 07:58:01+00:00,117,3.18436520833333,44.4457,-124.7768,,,,,,2720,,2,0
nwfsc_pacific_hake_survey,D20210904T082144_IFCB117,2021-09-04 08:21:44+00:00,117,3.22324065,44.4424,-124.7741,,,,,,2659,,2,0
nwfsc_pacific_hake_survey,D20210904T084526_IFCB117,2021-09-04 08:45:26+00:00,117,4.4241737125,44.4461,-124.7378,,,,,,851,,2,0
nwfsc_pacific_hake_survey,D20210904T090909_IFCB117,2021-09-04 09:09:09+00:00,117,4.45576194583333,44.4448,-124.7147,,,,,,799,,2,0
nwfsc_pacific_hake_survey,D20210904T093251_IFCB117,2021-09-04 09:32:51+00:00,117,4.25273099583333,44.445,-124.6244,,,,,,1109,,2,0
nwfsc_pacific_hake_survey,D20210904T095633_IFCB117,2021-09-04 09:56:33+00:00,117,4.27262179166667,44.445,-124.534,,,,,,1074,,2,0
nwfsc_pacific_hake_survey,D20210904T102016_IFCB117,2021-09-04 10:20:16+00:00,117,4.4087989,44.4448,-124.4396,,,,,,864,,2,0
nwfsc_pacific_hake_survey,D20210904T104358_IFCB117,2021-09-04 10:43:58+00:00,117,4.645490525,44.4447,-124.3456,,,,,,449,,2,0
nwfsc_pacific_hake_survey,D20210904T110740_IFCB117,2021-09-04 11:07:40+00:00,117,4.303563575,44.4448,-124.2451,,,,,,1030,,2,0
nwfsc_pacific_hake_survey,D20210904T113123_IFCB117,2021-09-04 11:31:23+00:00,117,3.10672305416667,44.4457,-124.1706,,,,,,2908,,2,0
nwfsc_pacific_hake_survey,D20210904T115506_IFCB117,2021-09-04 11:55:06+00:00,117,3.18547167916667,44.4264,-124.1816,,,,,,2786,,2,0
nwfsc_pacific_hake_survey,D20210904T121848_IFCB117,2021-09-04 12:18:48+00:00,117,3.80930299583333,44.3896,-124.1942,,,,,,1804,,2,0
nwfsc_pacific_hake_survey,D20210904T130835_IFCB117,2021-09-04 13:08:35+00:00,117,4.51548273333333,44.3199,-124.1947,,,,,,437,,2,0
nwfsc_pacific_hake_survey,D20210904T133217_IFCB117,2021-09-04 13:32:17+00:00,117,4.3702766875,44.2901,-124.1923,,,,,,913,,2,0
nwfsc_pacific_hake_survey,D20210904T135600_IFCB117,2021-09-04 13:56:00+00:00,117,3.5632333,44.2782,-124.2014,,,,,,2145,,2,0
nwfsc_pacific_hake_survey,D20210904T141942_IFCB117,2021-09-04 14:19:42+00:00,117,3.85620396666667,44.2784,-124.2959,,,,,,1762,,2,0
nwfsc_pacific_hake_survey,D20210904T144324_IFCB117,2021-09-04 14:43:24+00:00,117,1.11334415,44.2782,-124.3941,,,,,,395,,2,0
nwfsc_pacific_hake_survey,D20210904T151211_IFCB117,2021-09-04 15:12:11+00:00,117,3.43979921666667,44.2787,-124.5151,,,,,,2284,,2,0
nwfsc_pacific_hake_survey,D20210904T153555_IFCB117,2021-09-04 15:35:55+00:00,117,4.0108447375,44.2781,-124.6105,,,,,,1458,,2,0
nwfsc_pacific_hake_survey,D20210904T155937_IFCB117,2021-09-04 15:59:37+00:00,117,3.3584092875,44.2786,-124.7077,,,,,,2453,,2,0
nwfsc_pacific_hake_survey,D20210904T162320_IFCB117,2021-09-04 16:23:20+00:00,117,4.81029095416667,44.2781,-124.7879,,,,,,226,,2,0
nwfsc_pacific_hake_survey,D20210904T164702_IFCB117,2021-09-04 16:47:02+00:00,117,4.865304275,44.2783,-124.8823,,,,,,134,,2,0
nwfsc_pacific_hake_survey,D20210904T171044_IFCB117,2021-09-04 17:10:44+00:00,117,4.88799552083333,44.2809,-124.9241,,,,,,67,,2,0
nwfsc_pacific_hake_survey,D20210904T173426_IFCB117,2021-09-04 17:34:26+00:00,117,4.85918596666667,44.2782,-124.8824,,,,,,58,,2,0
nwfsc_pacific_hake_survey,D20210904T175809_IFCB117,2021-09-04 17:58:09+00:00,117,4.8908749375,44.2786,-124.9265,,,,,,60,,2,0
nwfsc_pacific_hake_survey,D20210904T182152_IFCB117,2021-09-04 18:21:52+00:00,117,4.80335769166667,44.2541,-124.9329,,,,,,49,,2,0
nwfsc_pacific_hake_survey,D20210904T184534_IFCB117,2021-09-04 18:45:34+00:00,117,4.8887742125,44.2429,-124.9393,,,,,,40,,2,0
nwfsc_pacific_hake_survey,D20210904T190916_IFCB117,2021-09-04 19:09:16+00:00,117,4.96225747083333,44.2573,-124.929,,,,,,32,,2,0
nwfsc_pacific_hake_survey,D20210904T193259_IFCB117,2021-09-04 19:32:59+00:00,117,4.94836890416667,44.27,-124.9189,,,,,,36,,2,0
nwfsc_pacific_hake_survey,D20210904T195641_IFCB117,2021-09-04 19:56:41+00:00,117,4.5901456875,44.2958,-124.9125,,,,,,39,,2,0
nwfsc_pacific_hake_survey,D20210904T202023_IFCB117,2021-09-04 20:20:23+00:00,117,4.57634045833333,44.308,-124.9037,,,,,,40,,2,0
nwfsc_pacific_hake_survey,D20210904T204405_IFCB117,2021-09-04 20:44:05+00:00,117,4.9349070375,44.3098,-124.8923,,,,,,47,,2,0
nwfsc_pacific_hake_survey,D20210904T210748_IFCB117,2021-09-04 21:07:48+00:00,117,4.76092387916667,44.2813,-124.8838,,,,,,35,,2,0
nwfsc_pacific_hake_survey,D20210904T213130_IFCB117,2021-09-04 21:31:30+00:00,117,4.75872022916667,44.2778,-124.9224,,,,,,26,,2,0
nwfsc_pacific_hake_survey,D20210904T215512_IFCB117,2021-09-04 21:55:12+00:00,117,4.93348539583333,44.2787,-125.0173,,,,,,51,,2,0
nwfsc_pacific_hake_survey,D20210904T221854_IFCB117,2021-09-04 22:18:54+00:00,117,4.77544408333333,44.2782,-125.107,,,,,,54,,2,0
nwfsc_pacific_hake_survey,D20210904T224236_IFCB117,2021-09-04 22:42:36+00:00,117,4.2964839875,44.2956,-125.1782,,,,,,43,,2,0
nwfsc_pacific_hake_survey,D20210904T230618_IFCB117,2021-09-04 23:06:18+00:00,117,4.9021452,44.3628,-125.2075,,,,,,47,,2,0
nwfsc_pacific_hake_survey,D20210904T233001_IFCB117,2021-09-04 23:30:01+00:00,117,4.79767999583333,44.4271,-125.2448,,,,,,267,,2,0
nwfsc_pacific_hake_survey,D20210904T235343_IFCB117,2021-09-04 23:53:43+00:00,117,4.78859394166667,44.4447,-125.1902,,,,,,236,,2,0
nwfsc_pacific_hake_survey,D20210905T001725_IFCB117,2021-09-05 00:17:25+00:00,117,4.797031375,44.4445,-125.0985,,,,,,226,,2,0
nwfsc_pacific_hake_survey,D20210905T004107_IFCB117,2021-09-05 00:41:07+00:00,117,4.70557710416667,44.4365,-125.1025,,,,,,394,,2,0
nwfsc_pacific_hake_survey,D20210905T010450_IFCB117,2021-09-05 01:04:50+00:00,117,4.79835493333333,44.445,-125.122,,,,,,254,,2,0
nwfsc_pacific_hake_survey,D20210905T012832_IFCB117,2021-09-05 01:28:32+00:00,117,4.74822809166667,44.4449,-125.0726,,,,,,312,,2,0
nwfsc_pacific_hake_survey,D20210905T015215_IFCB117,2021-09-05 01:52:15+00:00,117,4.73519559166667,44.4462,-124.9814,,,,,,374,,2,0
nwfsc_pacific_hake_survey,D20210905T021557_IFCB117,2021-09-05 02:15:57+00:00,117,4.60250192916667,44.4451,-124.9474,,,,,,678,,2,0
nwfsc_pacific_hake_survey,D20210905T023939_IFCB117,2021-09-05 02:39:39+00:00,117,4.396940175,44.445,-124.844,,,,,,852,,2,0
nwfsc_pacific_hake_survey,D20210905T030322_IFCB117,2021-09-05 03:03:22+00:00,117,4.48082161666667,44.407,-124.8098,,,,,,772,,2,0
nwfsc_pacific_hake_survey,D20210905T032704_IFCB117,2021-09-05 03:27:04+00:00,117,4.38057683333333,44.3373,-124.8307,,,,,,884,,2,0
nwfsc_pacific_hake_survey,D20210905T035046_IFCB117,2021-09-05 03:50:46+00:00,117,4.8656249,44.2773,-124.8512,,,,,,178,,2,0
nwfsc_pacific_hake_survey,D20210905T041429_IFCB117,2021-09-05 04:14:29+00:00,117,4.7150733625,44.2737,-124.8454,,,,,,107,,2,0
nwfsc_pacific_hake_survey,D20210905T050353_IFCB117,2021-09-05 05:03:53+00:00,117,4.9610265125,44.2773,-124.8935,,,,,,18,,2,0
nwfsc_pacific_hake_survey,D20210905T052735_IFCB117,2021-09-05 05:27:35+00:00,117,4.75841563333333,44.2754,-124.8965,,,,,,32,,2,0
nwfsc_pacific_hake_survey,D20210905T055118_IFCB117,2021-09-05 05:51:18+00:00,117,4.4943370125,44.2783,-124.9206,,,,,,35,,2,0
nwfsc_pacific_hake_survey,D20210905T061500_IFCB117,2021-09-05 06:15:00+00:00,117,4.92558657083333,44.2776,-124.9189,,,,,,32,,2,0
nwfsc_pacific_hake_survey,D20210905T063842_IFCB117,2021-09-05 06:38:42+00:00,117,4.6340232375,44.2776,-124.9196,,,,,,28,,2,0
nwfsc_pacific_hake_survey,D20210905T070224_IFCB117,2021-09-05 07:02:24+00:00,117,4.74552625833333,44.2778,-124.9178,,,,,,39,,2,0
nwfsc_pacific_hake_survey,D20210905T072608_IFCB117,2021-09-05 07:26:08+00:00,117,4.94882206666667,44.2781,-124.9151,,,,,,39,,2,0
nwfsc_pacific_hake_survey,D20210905T074950_IFCB117,2021-09-05 07:49:50+00:00,117,4.80208078333333,44.2888,-124.9138,,,,,,27,,2,0
nwfsc_pacific_hake_survey,D20210905T081332_IFCB117,2021-09-05 08:13:32+00:00,117,4.89287480416667,44.3016,-124.9131,,,,,,49,,2,0
nwfsc_pacific_hake_survey,D20210905T083714_IFCB117,2021-09-05 08:37:14+00:00,117,4.71098517916667,44.313,-124.9126,,,,,,38,,2,0
nwfsc_pacific_hake_survey,D20210905T090057_IFCB117,2021-09-05 09:00:57+00:00,117,4.6417025,44.3232,-124.9135,,,,,,48,,2,0
nwfsc_pacific_hake_survey,D20210905T092439_IFCB117,2021-09-05 09:24:39+00:00,117,4.84332052083333,44.335,-124.914,,,,,,50,,2,0
nwfsc_pacific_hake_survey,D20210905T094821_IFCB117,2021-09-05 09:48:21+00:00,117,4.88572944583333,44.3468,-124.9137,,,,,,37,,2,0
nwfsc_pacific_hake_survey,D20210905T101203_IFCB117,2021-09-05 10:12:03+00:00,117,4.84705297916667,44.3597,-124.9129,,,,,,213,,2,0
nwfsc_pacific_hake_survey,D20210905T103546_IFCB117,2021-09-05 10:35:46+00:00,117,4.53366508333333,44.3718,-124.9114,,,,,,646,,2,0
nwfsc_pacific_hake_survey,D20210905T105928_IFCB117,2021-09-05 10:59:28+00:00,117,3.58562737916667,44.3834,-124.9099,,,,,,2097,,2,0
nwfsc_pacific_hake_survey,D20210905T112310_IFCB117,2021-09-05 11:23:10+00:00,117,4.17818777916667,44.3945,-124.9096,,,,,,1214,,2,0
nwfsc_pacific_hake_survey,D20210905T114653_IFCB117,2021-09-05 11:46:53+00:00,117,4.55644712083333,44.4055,-124.9097,,,,,,632,,2,0
nwfsc_pacific_hake_survey,D20210905T121035_IFCB117,2021-09-05 12:10:35+00:00,117,4.69719487083333,44.4173,-124.9089,,,,,,403,,2,0
nwfsc_pacific_hake_survey,D20210905T123417_IFCB117,2021-09-05 12:34:17+00:00,117,4.8562046625,44.4278,-124.9106,,,,,,193,,2,0
nwfsc_pacific_hake_survey,D20210905T125759_IFCB117,2021-09-05 12:57:59+00:00,117,4.86761938333333,44.4341,-124.919,,,,,,157,,2,0
nwfsc_pacific_hake_survey,D20210905T132142_IFCB117,2021-09-05 13:21:42+00:00,117,4.77023094583333,44.4406,-124.9047,,,,,,172,,2,0
nwfsc_pacific_hake_survey,D20210905T134524_IFCB117,2021-09-05 13:45:24+00:00,117,4.8002079625,44.4453,-124.8887,,,,,,239,,2,0
nwfsc_pacific_hake_survey,D20210905T140906_IFCB117,2021-09-05 14:09:06+00:00,117,4.84395172083333,44.4449,-124.9766,,,,,,171,,2,0
nwfsc_pacific_hake_survey,D20210905T143250_IFCB117,2021-09-05 14:32:50+00:00,117,4.845398175,44.4378,-124.9104,,,,,,214,,2,0
nwfsc_pacific_hake_survey,D20210905T145632_IFCB117,2021-09-05 14:56:32+00:00,117,4.8097472875,44.439,-124.8942,,,,,,245,,2,0
nwfsc_pacific_hake_survey,D20210905T152014_IFCB117,2021-09-05 15:20:14+00:00,117,4.86935879583333,44.4434,-124.9171,,,,,,163,,2,0
nwfsc_pacific_hake_survey,D20210905T154357_IFCB117,2021-09-05 15:43:57+00:00,117,4.86249062916667,44.4482,-124.9387,,,,,,144,,2,0
nwfsc_pacific_hake_survey,D20210905T160739_IFCB117,2021-09-05 16:07:39+00:00,117,4.89983545833333,44.4456,-124.9563,,,,,,94,,2,0
nwfsc_pacific_hake_survey,D20210905T163121_IFCB117,2021-09-05 16:31:21+00:00,117,4.8713734,44.4441,-124.9305,,,,,,154,,2,0
nwfsc_pacific_hake_survey,D20210905T165504_IFCB117,2021-09-05 16:55:04+00:00,117,4.7622554375,44.445,-124.8156,,,,,,321,,2,0
nwfsc_pacific_hake_survey,D20210905T171846_IFCB117,2021-09-05 17:18:46+00:00,117,4.7569879375,44.4434,-124.7276,,,,,,325,,2,0
nwfsc_pacific_hake_survey,D20210905T174228_IFCB117,2021-09-05 17:42:28+00:00,117,4.738889025,44.4647,-124.7928,,,,,,371,,2,0
nwfsc_pacific_hake_survey,D20210905T180610_IFCB117,2021-09-05 18:06:10+00:00,117,4.22987563333333,44.4083,-124.7786,,,,,,1126,,2,0
nwfsc_pacific_hake_survey,D20210905T182953_IFCB117,2021-09-05 18:29:53+00:00,117,4.6596503,44.4446,-124.7175,,,,,,493,,2,0
nwfsc_pacific_hake_survey,D20210905T185335_IFCB117,2021-09-05 18:53:35+00:00,117,4.1207966375,44.4453,-124.6259,,,,,,1298,,2,0
nwfsc_pacific_hake_survey,D20210905T191718_IFCB117,2021-09-05 19:17:18+00:00,117,4.03658732083333,44.4449,-124.5338,,,,,,1497,,2,0
nwfsc_pacific_hake_survey,D20210905T194101_IFCB117,2021-09-05 19:41:01+00:00,117,3.8806040125,44.4442,-124.4452,,,,,,2090,,2,0
nwfsc_pacific_hake_survey,D20210905T200444_IFCB117,2021-09-05 20:04:44+00:00,117,3.93787628333333,44.4444,-124.3584,,,,,,1970,,2,0
nwfsc_pacific_hake_survey,D20210905T202827_IFCB117,2021-09-05 20:28:27+00:00,117,4.34621369583333,44.4453,-124.2646,,,,,,1227,,2,0
nwfsc_pacific_hake_survey,D20210905T211753_IFCB117,2021-09-05 21:17:53+00:00,117,3.019276775,44.5092,-124.1687,,,,,,2968,,2,0
nwfsc_pacific_hake_survey,D20210905T214135_IFCB117,2021-09-05 21:41:35+00:00,117,3.84692737916667,44.5744,-124.1681,,,,,,1720,,2,0
nwfsc_pacific_hake_survey,D20210905T220518_IFCB117,2021-09-05 22:05:18+00:00,117,4.03123750416667,44.6122,-124.1688,,,,,,1457,,2,0
nwfsc_pacific_hake_survey,D20210905T222900_IFCB117,2021-09-05 22:29:00+00:00,117,3.43280004166667,44.6115,-124.2563,,,,,,2329,,2,0
nwfsc_pacific_hake_survey,D20210905T225243_IFCB117,2021-09-05 22:52:43+00:00,117,3.45660239583333,44.6111,-124.3348,,,,,,2279,,2,0
nwfsc_pacific_hake_survey,D20210905T231625_IFCB117,2021-09-05 23:16:25+00:00,117,3.00012585,44.6118,-124.4182,,,,,,1240,,2,0
nwfsc_pacific_hake_survey,D20210906T000642_IFCB117,2021-09-06 00:06:42+00:00,117,3.7762594875,44.6045,-124.3729,,,,,,1820,,2,0
nwfsc_pacific_hake_survey,D20210906T003024_IFCB117,2021-09-06 00:30:24+00:00,117,3.0729596375,44.6002,-124.3378,,,,,,2882,,2,0
nwfsc_pacific_hake_survey,D20210906T005406_IFCB117,2021-09-06 00:54:06+00:00,117,2.77135145416667,44.5989,-124.3178,,,,,,3481,,2,0
nwfsc_pacific_hake_survey,D20210906T011749_IFCB117,2021-09-06 01:17:49+00:00,117,2.89373834166667,44.6029,-124.3399,,,,,,3113,,2,0
nwfsc_pacific_hake_survey,D20210906T014132_IFCB117,2021-09-06 01:41:32+00:00,117,2.97568082916667,44.5914,-124.3848,,,,,,2989,,2,0
nwfsc_pacific_hake_survey,D20210906T020514_IFCB117,2021-09-06 02:05:14+00:00,117,3.43558789166667,44.593,-124.4296,,,,,,2318,,2,0
nwfsc_pacific_hake_survey,D20210906T022857_IFCB117,2021-09-06 02:28:57+00:00,117,3.44516160416667,44.6019,-124.5168,,,,,,2307,,2,0
nwfsc_pacific_hake_survey,D20210906T025239_IFCB117,2021-09-06 02:52:39+00:00,117,3.24751860833333,44.6099,-124.6011,,,,,,2620,,2,0
nwfsc_pacific_hake_survey,D20210906T031622_IFCB117,2021-09-06 03:16:22+00:00,117,3.56315842083333,44.613,-124.6937,,,,,,2153,,2,0
nwfsc_pacific_hake_survey,D20210906T034004_IFCB117,2021-09-06 03:40:04+00:00,117,3.74732386666667,44.6118,-124.7801,,,,,,1865,,2,0
nwfsc_pacific_hake_survey,D20210906T040346_IFCB117,2021-09-06 04:03:46+00:00,117,3.29677618333333,44.6115,-124.7985,,,,,,2560,,2,0
nwfsc_pacific_hake_survey,D20210906T042729_IFCB117,2021-09-06 04:27:29+00:00,117,3.15435104583333,44.66,-124.795,,,,,,2768,,2,0
nwfsc_pacific_hake_survey,D20210906T045111_IFCB117,2021-09-06 04:51:11+00:00,117,4.02522380416667,44.7282,-124.8312,,,,,,1445,,2,0
nwfsc_pacific_hake_survey,D20210906T051453_IFCB117,2021-09-06 05:14:53+00:00,117,4.49654127083333,44.7815,-124.8556,,,,,,671,,2,0
nwfsc_pacific_hake_survey,D20210906T053835_IFCB117,2021-09-06 05:38:35+00:00,117,4.64740188333333,44.7837,-124.8559,,,,,,504,,2,0
nwfsc_pacific_hake_survey,D20210906T060217_IFCB117,2021-09-06 06:02:17+00:00,117,4.65907198333333,44.7853,-124.8647,,,,,,483,,2,0
nwfsc_pacific_hake_survey,D20210907T205721_IFCB117,2021-09-07 20:57:21+00:00,117,3.80190257083333,44.7782,-124.3519,,,,,,1776,,2,0
nwfsc_pacific_hake_survey,D20210907T212103_IFCB117,2021-09-07 21:21:03+00:00,117,3.4214624875,44.7784,-124.2587,,,,,,2323,,2,0
nwfsc_pacific_hake_survey,D20210907T214445_IFCB117,2021-09-07 21:44:45+00:00,117,3.4611069875,44.7781,-124.1701,,,,,,2247,,2,0
nwfsc_pacific_hake_survey,D20210907T220828_IFCB117,2021-09-07 22:08:28+00:00,117,3.73238454166667,44.8037,-124.1254,,,,,,1886,,2,0
nwfsc_pacific_hake_survey,D20210907T223210_IFCB117,2021-09-07 22:32:10+00:00,117,4.0909051375,44.8717,-124.1424,,,,,,1331,,2,0
nwfsc_pacific_hake_survey,D20210907T225553_IFCB117,2021-09-07 22:55:53+00:00,117,4.06763802916667,44.9287,-124.1094,,,,,,1343,,2,0
nwfsc_pacific_hake_survey,D20210907T231935_IFCB117,2021-09-07 23:19:35+00:00,117,3.71078551666667,44.9449,-124.1216,,,,,,1898,,2,0
nwfsc_pacific_hake_survey,D20210907T234317_IFCB117,2021-09-07 23:43:17+00:00,117,3.3727219875,44.9448,-124.2158,,,,,,2464,,2,0
nwfsc_pacific_hake_survey,D20210908T000659_IFCB117,2021-09-08 00:06:59+00:00,117,4.27804065416667,44.9448,-124.3047,,,,,,1020,,2,0
nwfsc_pacific_hake_survey,D20210908T003042_IFCB117,2021-09-08 00:30:42+00:00,117,4.76464658333333,44.9461,-124.405,,,,,,271,,2,0
nwfsc_pacific_hake_survey,D20210908T005424_IFCB117,2021-09-08 00:54:24+00:00,117,4.72066930416667,44.945,-124.5069,,,,,,364,,2,0
nwfsc_pacific_hake_survey,D20210908T011806_IFCB117,2021-09-08 01:18:06+00:00,117,4.73142006666667,44.9431,-124.4928,,,,,,353,,2,0
nwfsc_pacific_hake_survey,D20210908T014149_IFCB117,2021-09-08 01:41:49+00:00,117,4.7314044875,44.944,-124.4353,,,,,,328,,2,0
nwfsc_pacific_hake_survey,D20210908T020531_IFCB117,2021-09-08 02:05:31+00:00,117,4.72139478333333,44.9444,-124.4668,,,,,,391,,2,0
nwfsc_pacific_hake_survey,D20210908T022913_IFCB117,2021-09-08 02:29:13+00:00,117,4.72381134583333,44.9434,-124.5037,,,,,,281,,2,0
nwfsc_pacific_hake_survey,D20210908T025256_IFCB117,2021-09-08 02:52:56+00:00,117,4.755307625,44.9422,-124.5346,,,,,,314,,2,0
nwfsc_pacific_hake_survey,D20210908T031638_IFCB117,2021-09-08 03:16:38+00:00,117,4.81864785,44.9357,-124.5705,,,,,,244,,2,0
nwfsc_pacific_hake_survey,D20210908T034020_IFCB117,2021-09-08 03:40:20+00:00,117,4.77275887916667,44.9493,-124.5114,,,,,,281,,2,0
nwfsc_pacific_hake_survey,D20210908T040402_IFCB117,2021-09-08 04:04:02+00:00,117,4.73103081666667,44.9781,-124.428,,,,,,331,,2,0
nwfsc_pacific_hake_survey,D20210908T042745_IFCB117,2021-09-08 04:27:45+00:00,117,4.62995975416667,45.006,-124.3473,,,,,,523,,2,0
nwfsc_pacific_hake_survey,D20210908T045127_IFCB117,2021-09-08 04:51:27+00:00,117,4.46087132083333,45.0368,-124.2595,,,,,,736,,2,0
nwfsc_pacific_hake_survey,D20210908T051510_IFCB117,2021-09-08 05:15:10+00:00,117,4.02317349583333,45.0687,-124.1703,,,,,,1404,,2,0
nwfsc_pacific_hake_survey,D20210908T053852_IFCB117,2021-09-08 05:38:52+00:00,117,3.8824512875,45.0963,-124.0897,,,,,,1599,,2,0
nwfsc_pacific_hake_survey,D20210908T060235_IFCB117,2021-09-08 06:02:35+00:00,117,3.51541275,45.1105,-124.0453,,,,,,2129,,2,0
nwfsc_pacific_hake_survey,D20210908T065222_IFCB117,2021-09-08 06:52:22+00:00,117,3.93212968333333,45.112,-124.1915,,,,,,1551,,2,0
nwfsc_pacific_hake_survey,D20210908T071604_IFCB117,2021-09-08 07:16:04+00:00,117,4.53355709583333,45.109,-124.2235,,,,,,662,,2,0
nwfsc_pacific_hake_survey,D20210908T073947_IFCB117,2021-09-08 07:39:47+00:00,117,4.59536333333333,45.1096,-124.2562,,,,,,555,,2,0
nwfsc_pacific_hake_survey,D20210908T080330_IFCB117,2021-09-08 08:03:30+00:00,117,4.75337879583333,45.1135,-124.3526,,,,,,341,,2,0
nwfsc_pacific_hake_survey,D20210908T082712_IFCB117,2021-09-08 08:27:12+00:00,117,4.87040357083333,45.108,-124.3722,,,,,,144,,2,0
nwfsc_pacific_hake_survey,D20210908T085054_IFCB117,2021-09-08 08:50:54+00:00,117,4.86777397083333,45.1089,-124.3919,,,,,,171,,2,0
nwfsc_pacific_hake_survey,D20210908T091436_IFCB117,2021-09-08 09:14:36+00:00,117,4.8595457,45.1116,-124.4869,,,,,,95,,2,0
nwfsc_pacific_hake_survey,D20210908T093818_IFCB117,2021-09-08 09:38:18+00:00,117,4.66163292916667,45.1117,-124.5825,,,,,,109,,2,0
nwfsc_pacific_hake_survey,D20210908T100201_IFCB117,2021-09-08 10:02:01+00:00,117,4.86440544583333,45.1117,-124.6773,,,,,,121,,2,0
nwfsc_pacific_hake_survey,D20210908T102543_IFCB117,2021-09-08 10:25:43+00:00,117,4.86653668333333,45.113,-124.7669,,,,,,134,,2,0
nwfsc_pacific_hake_survey,D20210908T104925_IFCB117,2021-09-08 10:49:25+00:00,117,4.8120876625,45.1094,-124.7697,,,,,,167,,2,0
nwfsc_pacific_hake_survey,D20210908T111307_IFCB117,2021-09-08 11:13:07+00:00,117,4.72498589166667,45.1069,-124.763,,,,,,118,,2,0
nwfsc_pacific_hake_survey,D20210908T113649_IFCB117,2021-09-08 11:36:49+00:00,117,4.8978552375,45.0819,-124.7281,,,,,,89,,2,0
nwfsc_pacific_hake_survey,D20210908T120031_IFCB117,2021-09-08 12:00:31+00:00,117,4.79339435833333,45.0544,-124.6875,,,,,,63,,2,0
nwfsc_pacific_hake_survey,D20210908T122414_IFCB117,2021-09-08 12:24:14+00:00,117,4.88062298333333,45.0259,-124.6436,,,,,,67,,2,0
nwfsc_pacific_hake_survey,D20210908T124756_IFCB117,2021-09-08 12:47:56+00:00,117,4.85986645833333,44.9991,-124.6038,,,,,,116,,2,0
nwfsc_pacific_hake_survey,D20210908T131138_IFCB117,2021-09-08 13:11:38+00:00,117,4.90159222916667,44.9741,-124.5643,,,,,,73,,2,0
nwfsc_pacific_hake_survey,D20210908T133520_IFCB117,2021-09-08 13:35:20+00:00,117,4.82413455833333,44.9502,-124.5272,,,,,,100,,2,0
nwfsc_pacific_hake_survey,D20210908T135902_IFCB117,2021-09-08 13:59:02+00:00,117,4.8955225,44.945,-124.5678,,,,,,75,,2,0
nwfsc_pacific_hake_survey,D20210908T142245_IFCB117,2021-09-08 14:22:45+00:00,117,4.61991620416667,44.9458,-124.6545,,,,,,82,,2,0
nwfsc_pacific_hake_survey,D20210908T144627_IFCB117,2021-09-08 14:46:27+00:00,117,4.81411371666667,44.9445,-124.7479,,,,,,92,,2,0
nwfsc_pacific_hake_survey,D20210908T151010_IFCB117,2021-09-08 15:10:10+00:00,117,4.94127372916667,44.945,-124.8061,,,,,,79,,2,0
nwfsc_pacific_hake_survey,D20210908T153352_IFCB117,2021-09-08 15:33:52+00:00,117,4.91460380416667,44.9451,-124.8958,,,,,,60,,2,0
nwfsc_pacific_hake_survey,D20210908T155735_IFCB117,2021-09-08 15:57:35+00:00,117,4.93000037916667,44.945,-124.9943,,,,,,47,,2,0
nwfsc_pacific_hake_survey,D20210908T162117_IFCB117,2021-09-08 16:21:17+00:00,117,4.66788962916667,44.9453,-125.0932,,,,,,39,,2,0
nwfsc_pacific_hake_survey,D20210908T164500_IFCB117,2021-09-08 16:45:00+00:00,117,4.90315761666667,44.945,-125.1536,,,,,,61,,2,0
nwfsc_pacific_hake_survey,D20210908T170842_IFCB117,2021-09-08 17:08:42+00:00,117,4.87822867916667,44.945,-125.2345,,,,,,39,,2,0
nwfsc_pacific_hake_survey,D20210908T173224_IFCB117,2021-09-08 17:32:24+00:00,117,4.89663592916667,44.9777,-125.2289,,,,,,44,,2,0
nwfsc_pacific_hake_survey,D20210908T175606_IFCB117,2021-09-08 17:56:06+00:00,117,4.94196941666667,45.0012,-125.1575,,,,,,39,,2,0
nwfsc_pacific_hake_survey,D20210908T181948_IFCB117,2021-09-08 18:19:48+00:00,117,4.90599637916667,45.0403,-125.1518,,,,,,40,,2,0
nwfsc_pacific_hake_survey,D20210908T190935_IFCB117,2021-09-08 19:09:35+00:00,117,4.90624106666667,45.0988,-125.0657,,,,,,32,,2,0
nwfsc_pacific_hake_survey,D20210908T193317_IFCB117,2021-09-08 19:33:17+00:00,117,4.9530744625,45.1103,-124.9833,,,,,,30,,2,0
nwfsc_pacific_hake_survey,D20210908T195700_IFCB117,2021-09-08 19:57:00+00:00,117,4.84063077083333,45.1036,-124.8996,,,,,,35,,2,0
nwfsc_pacific_hake_survey,D20210908T202042_IFCB117,2021-09-08 20:20:42+00:00,117,4.72531704583333,45.1116,-124.8711,,,,,,19,,2,0
nwfsc_pacific_hake_survey,D20210908T204424_IFCB117,2021-09-08 20:44:24+00:00,117,4.92712802083333,45.1116,-124.8,,,,,,17,,2,0
nwfsc_pacific_hake_survey,D20210908T210806_IFCB117,2021-09-08 21:08:06+00:00,117,4.582277125,45.1113,-124.7057,,,,,,22,,2,0
nwfsc_pacific_hake_survey,D20210908T213148_IFCB117,2021-09-08 21:31:48+00:00,117,4.73969222916667,45.1115,-124.6164,,,,,,21,,2,0
nwfsc_pacific_hake_survey,D20210908T215530_IFCB117,2021-09-08 21:55:30+00:00,117,4.86124948333333,45.1114,-124.5226,,,,,,32,,2,0
nwfsc_pacific_hake_survey,D20210908T221912_IFCB117,2021-09-08 22:19:12+00:00,117,4.47868835833333,45.1111,-124.4304,,,,,,21,,2,0
nwfsc_pacific_hake_survey,D20210908T224254_IFCB117,2021-09-08 22:42:54+00:00,117,4.83257647916667,45.1116,-124.3401,,,,,,29,,2,0
nwfsc_pacific_hake_survey,D20210908T230636_IFCB117,2021-09-08 23:06:36+00:00,117,4.878382775,45.1117,-124.2454,,,,,,100,,2,0
nwfsc_pacific_hake_survey,D20210908T233019_IFCB117,2021-09-08 23:30:19+00:00,117,4.74204696666667,45.112,-124.1484,,,,,,327,,2,0
nwfsc_pacific_hake_survey,D20210908T235401_IFCB117,2021-09-08 23:54:01+00:00,117,3.35343273333333,45.1116,-124.0536,,,,,,2411,,2,0
nwfsc_pacific_hake_survey,D20210909T001743_IFCB117,2021-09-09 00:17:43+00:00,117,3.37009129166667,45.1641,-124.0645,,,,,,2996,,2,0
nwfsc_pacific_hake_survey,D20210909T004126_IFCB117,2021-09-09 00:41:26+00:00,117,3.4299141875,45.2329,-124.0695,,,,,,2886,,2,0
nwfsc_pacific_hake_survey,D20210909T010509_IFCB117,2021-09-09 01:05:09+00:00,117,3.815791575,45.2782,-124.0391,,,,,,2141,,2,0
nwfsc_pacific_hake_survey,D20210909T012852_IFCB117,2021-09-09 01:28:52+00:00,117,3.74546131666667,45.2784,-124.1297,,,,,,2279,,2,0
nwfsc_pacific_hake_survey,D20210909T015234_IFCB117,2021-09-09 01:52:34+00:00,117,4.489706425,45.2781,-124.2152,,,,,,909,,2,0
nwfsc_pacific_hake_survey,D20210909T021616_IFCB117,2021-09-09 02:16:16+00:00,117,4.82829502083333,45.2783,-124.3108,,,,,,276,,2,0
nwfsc_pacific_hake_survey,D20210909T024000_IFCB117,2021-09-09 02:40:00+00:00,117,4.89055189166667,45.2787,-124.4068,,,,,,171,,2,0
nwfsc_pacific_hake_survey,D20210909T030343_IFCB117,2021-09-09 03:03:43+00:00,117,4.7862054125,45.2558,-124.4935,,,,,,151,,2,0
nwfsc_pacific_hake_survey,D20210909T032725_IFCB117,2021-09-09 03:27:25+00:00,117,4.90731265416667,45.2344,-124.5858,,,,,,131,,2,0
nwfsc_pacific_hake_survey,D20210909T035107_IFCB117,2021-09-09 03:51:07+00:00,117,4.92113784166667,45.2121,-124.6765,,,,,,119,,2,0
nwfsc_pacific_hake_survey,D20210909T041450_IFCB117,2021-09-09 04:14:50+00:00,117,4.80830592916667,45.1903,-124.7611,,,,,,80,,2,0
nwfsc_pacific_hake_survey,D20210909T043832_IFCB117,2021-09-09 04:38:32+00:00,117,4.9232786625,45.168,-124.8524,,,,,,109,,2,0
nwfsc_pacific_hake_survey,D20210909T050214_IFCB117,2021-09-09 05:02:14+00:00,117,4.82945788333333,45.1448,-124.9457,,,,,,78,,2,0
nwfsc_pacific_hake_survey,D20210909T052558_IFCB117,2021-09-09 05:25:58+00:00,117,4.7640595625,45.1231,-125.0338,,,,,,87,,2,0
nwfsc_pacific_hake_survey,D20210909T054941_IFCB117,2021-09-09 05:49:41+00:00,117,4.9288830875,45.1117,-125.0759,,,,,,61,,2,0
nwfsc_pacific_hake_survey,D20210909T061323_IFCB117,2021-09-09 06:13:23+00:00,117,4.80547853333333,45.1113,-125.0769,,,,,,99,,2,0
nwfsc_pacific_hake_survey,D20210909T063705_IFCB117,2021-09-09 06:37:05+00:00,117,4.91106343333333,45.1126,-125.0671,,,,,,87,,2,0
nwfsc_pacific_hake_survey,D20210909T072653_IFCB117,2021-09-09 07:26:53+00:00,117,4.823112875,45.1094,-125.0074,,,,,,76,,2,0
nwfsc_pacific_hake_survey,D20210909T075035_IFCB117,2021-09-09 07:50:35+00:00,117,4.81693686666667,45.1103,-124.9754,,,,,,85,,2,0
nwfsc_pacific_hake_survey,D20210909T081417_IFCB117,2021-09-09 08:14:17+00:00,117,4.87718359166667,45.1123,-124.8898,,,,,,48,,2,0
nwfsc_pacific_hake_survey,D20210909T083800_IFCB117,2021-09-09 08:38:00+00:00,117,4.8683727,45.1107,-124.8902,,,,,,107,,2,0
nwfsc_pacific_hake_survey,D20210909T090142_IFCB117,2021-09-09 09:01:42+00:00,117,4.67136681666667,45.1079,-124.8871,,,,,,93,,2,0
nwfsc_pacific_hake_survey,D20210909T092524_IFCB117,2021-09-09 09:25:24+00:00,117,4.90013656666667,45.1237,-124.8406,,,,,,53,,2,0
nwfsc_pacific_hake_survey,D20210909T094907_IFCB117,2021-09-09 09:49:07+00:00,117,4.71620131666667,45.1423,-124.7923,,,,,,75,,2,0
nwfsc_pacific_hake_survey,D20210909T101249_IFCB117,2021-09-09 10:12:49+00:00,117,4.72444506666667,45.1604,-124.7454,,,,,,50,,2,0
nwfsc_pacific_hake_survey,D20210909T103632_IFCB117,2021-09-09 10:36:32+00:00,117,4.67674959583333,45.1772,-124.6959,,,,,,31,,2,0
nwfsc_pacific_hake_survey,D20210909T110014_IFCB117,2021-09-09 11:00:14+00:00,117,4.91479445416667,45.1927,-124.6491,,,,,,61,,2,0
nwfsc_pacific_hake_survey,D20210909T112356_IFCB117,2021-09-09 11:23:56+00:00,117,4.96161559583333,45.2047,-124.6145,,,,,,25,,2,0
nwfsc_pacific_hake_survey,D20210909T114740_IFCB117,2021-09-09 11:47:40+00:00,117,4.800541525,45.2181,-124.5731,,,,,,44,,2,0
nwfsc_pacific_hake_survey,D20210909T121122_IFCB117,2021-09-09 12:11:22+00:00,117,4.75420240416667,45.2321,-124.5328,,,,,,29,,2,0
nwfsc_pacific_hake_survey,D20210909T123505_IFCB117,2021-09-09 12:35:05+00:00,117,4.96264337916667,45.2452,-124.4922,,,,,,23,,2,0
nwfsc_pacific_hake_survey,D20210909T125847_IFCB117,2021-09-09 12:58:47+00:00,117,4.93698429583333,45.2584,-124.454,,,,,,47,,2,0
nwfsc_pacific_hake_survey,D20210909T132230_IFCB117,2021-09-09 13:22:30+00:00,117,4.90053374583333,45.2718,-124.4138,,,,,,53,,2,0
nwfsc_pacific_hake_survey,D20210909T134612_IFCB117,2021-09-09 13:46:12+00:00,117,4.75367052916667,45.278,-124.3421,,,,,,26,,2,0
nwfsc_pacific_hake_survey,D20210909T140954_IFCB117,2021-09-09 14:09:54+00:00,117,4.96825944166667,45.2781,-124.2521,,,,,,33,,2,0
nwfsc_pacific_hake_survey,D20210909T143337_IFCB117,2021-09-09 14:33:37+00:00,117,4.85986347916667,45.2784,-124.3169,,,,,,49,,2,0
nwfsc_pacific_hake_survey,D20210909T145719_IFCB117,2021-09-09 14:57:19+00:00,117,4.80474173333333,45.2731,-124.3704,,,,,,31,,2,0
nwfsc_pacific_hake_survey,D20210909T152102_IFCB117,2021-09-09 15:21:02+00:00,117,4.5967736625,45.2447,-124.3391,,,,,,19,,2,0
nwfsc_pacific_hake_survey,D20210909T154444_IFCB117,2021-09-09 15:44:44+00:00,117,4.7675284375,45.2602,-124.3465,,,,,,26,,2,0
nwfsc_pacific_hake_survey,D20210909T160827_IFCB117,2021-09-09 16:08:27+00:00,117,4.938704075,45.2814,-124.3578,,,,,,29,,2,0
nwfsc_pacific_hake_survey,D20210909T163209_IFCB117,2021-09-09 16:32:09+00:00,117,4.48837073333333,45.2945,-124.3654,,,,,,26,,2,0
nwfsc_pacific_hake_survey,D20210909T165552_IFCB117,2021-09-09 16:55:52+00:00,117,4.9470086,45.2837,-124.3938,,,,,,29,,2,0
nwfsc_pacific_hake_survey,D20210909T171934_IFCB117,2021-09-09 17:19:34+00:00,117,4.88540670416667,45.2781,-124.4396,,,,,,45,,2,0
nwfsc_pacific_hake_survey,D20210909T174316_IFCB117,2021-09-09 17:43:16+00:00,117,4.95621102083333,45.2797,-124.4849,,,,,,33,,2,0
nwfsc_pacific_hake_survey,D20210909T180659_IFCB117,2021-09-09 18:06:59+00:00,117,4.35286007083333,45.2784,-124.539,,,,,,20,,2,0
nwfsc_pacific_hake_survey,D20210909T183041_IFCB117,2021-09-09 18:30:41+00:00,117,4.44788024166667,45.2784,-124.6086,,,,,,24,,2,0
nwfsc_pacific_hake_survey,D20210909T185423_IFCB117,2021-09-09 18:54:23+00:00,117,4.6678695,45.278,-124.6979,,,,,,26,,2,0
nwfsc_pacific_hake_survey,D20210909T194410_IFCB117,2021-09-09 19:44:10+00:00,117,4.4540018375,45.2686,-124.7591,,,,,,16,,2,0
nwfsc_pacific_hake_survey,D20210909T200753_IFCB117,2021-09-09 20:07:53+00:00,117,4.65716227083333,45.2365,-124.7163,,,,,,30,,2,0
nwfsc_pacific_hake_survey,D20210909T203136_IFCB117,2021-09-09 20:31:36+00:00,117,4.85971841666667,45.2355,-124.7136,,,,,,20,,2,0
nwfsc_pacific_hake_survey,D20210909T205518_IFCB117,2021-09-09 20:55:18+00:00,117,4.86086227916667,45.2592,-124.7298,,,,,,23,,2,0
nwfsc_pacific_hake_survey,D20210909T211901_IFCB117,2021-09-09 21:19:01+00:00,117,4.48348605,45.2774,-124.7373,,,,,,21,,2,0
nwfsc_pacific_hake_survey,D20210909T214243_IFCB117,2021-09-09 21:42:43+00:00,117,4.49531591666667,45.2931,-124.7434,,,,,,17,,2,0
nwfsc_pacific_hake_survey,D20210909T220625_IFCB117,2021-09-09 22:06:25+00:00,117,2.50486148333333,45.3062,-124.742,,,,,,9,,2,0
nwfsc_pacific_hake_survey,D20210909T223007_IFCB117,2021-09-09 22:30:07+00:00,117,4.88386289166667,45.2988,-124.755,,,,,,16,,2,0
nwfsc_pacific_hake_survey,D20210909T225350_IFCB117,2021-09-09 22:53:50+00:00,117,3.53636996666667,45.2786,-124.8301,,,,,,9,,2,0
nwfsc_pacific_hake_survey,D20210909T231734_IFCB117,2021-09-09 23:17:34+00:00,117,4.91953697083333,45.2781,-124.9129,,,,,,26,,2,0
nwfsc_pacific_hake_survey,D20210909T234116_IFCB117,2021-09-09 23:41:16+00:00,117,4.55888087083333,45.2783,-124.9862,,,,,,22,,2,0
nwfsc_pacific_hake_survey,D20210910T000458_IFCB117,2021-09-10 00:04:58+00:00,117,4.82568909166667,45.3077,-125.0244,,,,,,12,,2,0
nwfsc_pacific_hake_survey,D20210910T002841_IFCB117,2021-09-10 00:28:41+00:00,117,4.340322275,45.3736,-125.0058,,,,,,12,,2,0
nwfsc_pacific_hake_survey,D20210910T005223_IFCB117,2021-09-10 00:52:23+00:00,117,4.35393273333333,45.421,-124.9947,,,,,,9,,2,0
nwfsc_pacific_hake_survey,D20210910T011605_IFCB117,2021-09-10 01:16:05+00:00,117,4.6333560125,45.4449,-124.9497,,,,,,19,,2,0
nwfsc_pacific_hake_survey,D20210910T013948_IFCB117,2021-09-10 01:39:48+00:00,117,4.0421124625,45.4448,-124.8561,,,,,,13,,2,0
nwfsc_pacific_hake_survey,D20210910T020330_IFCB117,2021-09-10 02:03:30+00:00,117,4.819696675,45.4452,-124.7572,,,,,,16,,2,0
nwfsc_pacific_hake_survey,D20210910T022714_IFCB117,2021-09-10 02:27:14+00:00,117,4.85795021666667,45.4449,-124.6578,,,,,,16,,2,0
nwfsc_pacific_hake_survey,D20210910T025056_IFCB117,2021-09-10 02:50:56+00:00,117,4.3977841,45.4452,-124.5669,,,,,,10,,2,0
nwfsc_pacific_hake_survey,D20210910T031438_IFCB117,2021-09-10 03:14:38+00:00,117,4.8104810375,45.4451,-124.4647,,,,,,16,,2,0
nwfsc_pacific_hake_survey,D20210910T033821_IFCB117,2021-09-10 03:38:21+00:00,117,4.78520663333333,45.4441,-124.3594,,,,,,13,,2,0
nwfsc_pacific_hake_survey,D20210910T040203_IFCB117,2021-09-10 04:02:03+00:00,117,4.218194625,45.4449,-124.291,,,,,,15,,2,0
nwfsc_pacific_hake_survey,D20210910T042545_IFCB117,2021-09-10 04:25:45+00:00,117,4.92153115,45.4451,-124.2011,,,,,,48,,2,0
nwfsc_pacific_hake_survey,D20210910T044927_IFCB117,2021-09-10 04:49:27+00:00,117,4.60867390833333,45.4449,-124.0952,,,,,,491,,2,0
nwfsc_pacific_hake_survey,D20210910T051311_IFCB117,2021-09-10 05:13:11+00:00,117,3.5819665625,45.4453,-124.031,,,,,,2050,,2,0
nwfsc_pacific_hake_survey,D20210910T053653_IFCB117,2021-09-10 05:36:53+00:00,117,3.59191144166667,45.4451,-124.0569,,,,,,2022,,2,0
nwfsc_pacific_hake_survey,D20210910T060036_IFCB117,2021-09-10 06:00:36+00:00,117,3.75398700416667,45.4448,-124.1277,,,,,,1791,,2,0
nwfsc_pacific_hake_survey,D20210910T062418_IFCB117,2021-09-10 06:24:18+00:00,117,4.49290129583333,45.4433,-124.2197,,,,,,704,,2,0
nwfsc_pacific_hake_survey,D20210910T064801_IFCB117,2021-09-10 06:48:01+00:00,117,4.79081797916667,45.4416,-124.2272,,,,,,256,,2,0
nwfsc_pacific_hake_survey,D20210910T071143_IFCB117,2021-09-10 07:11:43+00:00,117,4.81820089166667,45.4454,-124.2923,,,,,,182,,2,0
nwfsc_pacific_hake_survey,D20210910T080129_IFCB117,2021-09-10 08:01:29+00:00,117,4.85655095416667,45.4444,-124.4538,,,,,,39,,2,0
nwfsc_pacific_hake_survey,D20210910T082511_IFCB117,2021-09-10 08:25:11+00:00,117,4.87106475,45.4429,-124.4539,,,,,,51,,2,0
nwfsc_pacific_hake_survey,D20210910T084854_IFCB117,2021-09-10 08:48:54+00:00,117,4.9285519125,45.4454,-124.5301,,,,,,35,,2,0
nwfsc_pacific_hake_survey,D20210910T091236_IFCB117,2021-09-10 09:12:36+00:00,117,4.8049770875,45.4449,-124.6278,,,,,,64,,2,0
nwfsc_pacific_hake_survey,D20210910T093618_IFCB117,2021-09-10 09:36:18+00:00,117,4.73617220833333,45.4451,-124.7217,,,,,,38,,2,0
nwfsc_pacific_hake_survey,D20210910T100000_IFCB117,2021-09-10 10:00:00+00:00,117,4.86618900416667,45.4446,-124.7274,,,,,,50,,2,0
nwfsc_pacific_hake_survey,D20210910T102343_IFCB117,2021-09-10 10:23:43+00:00,117,4.6855218375,45.4453,-124.7375,,,,,,28,,2,0
nwfsc_pacific_hake_survey,D20210910T104725_IFCB117,2021-09-10 10:47:25+00:00,117,4.68134134166667,45.4444,-124.8229,,,,,,46,,2,0
nwfsc_pacific_hake_survey,D20210910T111107_IFCB117,2021-09-10 11:11:07+00:00,117,4.41782025833333,45.4441,-124.8447,,,,,,30,,2,0
nwfsc_pacific_hake_survey,D20210910T113449_IFCB117,2021-09-10 11:34:49+00:00,117,4.92888512083333,45.4432,-124.847,,,,,,33,,2,0
nwfsc_pacific_hake_survey,D20210910T115832_IFCB117,2021-09-10 11:58:32+00:00,117,4.74523758333333,45.4449,-124.8006,,,,,,32,,2,0
nwfsc_pacific_hake_survey,D20210910T122214_IFCB117,2021-09-10 12:22:14+00:00,117,4.78501745416667,45.4448,-124.7028,,,,,,25,,2,0
nwfsc_pacific_hake_survey,D20210910T124556_IFCB117,2021-09-10 12:45:56+00:00,117,4.88933759583333,45.4436,-124.6565,,,,,,36,,2,0
nwfsc_pacific_hake_survey,D20210910T130938_IFCB117,2021-09-10 13:09:38+00:00,117,4.8200150125,45.4442,-124.6487,,,,,,21,,2,0
nwfsc_pacific_hake_survey,D20210910T133320_IFCB117,2021-09-10 13:33:20+00:00,117,4.88881242916667,45.4447,-124.6311,,,,,,27,,2,0
nwfsc_pacific_hake_survey,D20210910T135702_IFCB117,2021-09-10 13:57:02+00:00,117,4.52993372083333,45.4444,-124.5851,,,,,,29,,2,0
nwfsc_pacific_hake_survey,D20210910T142045_IFCB117,2021-09-10 14:20:45+00:00,117,4.96292862916667,45.4448,-124.4935,,,,,,18,,2,0
nwfsc_pacific_hake_survey,D20210910T144427_IFCB117,2021-09-10 14:44:27+00:00,117,4.80165006666667,45.4444,-124.3957,,,,,,19,,2,0
nwfsc_pacific_hake_survey,D20210910T150809_IFCB117,2021-09-10 15:08:09+00:00,117,4.88314705416667,45.445,-124.2957,,,,,,22,,2,0
nwfsc_pacific_hake_survey,D20210910T153151_IFCB117,2021-09-10 15:31:51+00:00,117,4.944620025,45.4358,-124.2486,,,,,,46,,2,0
nwfsc_pacific_hake_survey,D20210910T155534_IFCB117,2021-09-10 15:55:34+00:00,117,4.71948085833333,45.4209,-124.2678,,,,,,34,,2,0
nwfsc_pacific_hake_survey,D20210910T161916_IFCB117,2021-09-10 16:19:16+00:00,117,4.90180846666667,45.4363,-124.2764,,,,,,33,,2,0
nwfsc_pacific_hake_survey,D20210910T164258_IFCB117,2021-09-10 16:42:58+00:00,117,4.94672786666667,45.4482,-124.2808,,,,,,34,,2,0
nwfsc_pacific_hake_survey,D20210910T170641_IFCB117,2021-09-10 17:06:41+00:00,117,4.95908086666667,45.4449,-124.2407,,,,,,39,,2,0
nwfsc_pacific_hake_survey,D20210910T173023_IFCB117,2021-09-10 17:30:23+00:00,117,4.7765318375,45.4449,-124.1441,,,,,,167,,2,0
nwfsc_pacific_hake_survey,D20210910T175405_IFCB117,2021-09-10 17:54:05+00:00,117,3.78086130833333,45.445,-124.051,,,,,,986,,2,0
nwfsc_pacific_hake_survey,D20210910T181714_IFCB117,2021-09-10 18:17:14+00:00,117,3.51308291666667,45.455,-124.0521,,,,,,2134,,2,0
nwfsc_pacific_hake_survey,D20210910T184056_IFCB117,2021-09-10 18:40:56+00:00,117,3.60947582916667,45.49,-124.0664,,,,,,2015,,2,0
nwfsc_pacific_hake_survey,D20210910T190439_IFCB117,2021-09-10 19:04:39+00:00,117,3.53775295,45.5168,-124.0751,,,,,,2079,,2,0
nwfsc_pacific_hake_survey,D20210910T192822_IFCB117,2021-09-10 19:28:22+00:00,117,3.54828872916667,45.5376,-124.1053,,,,,,2079,,2,0
nwfsc_pacific_hake_survey,D20210910T201809_IFCB117,2021-09-10 20:18:09+00:00,117,4.02559066666667,45.5385,-124.14,,,,,,1407,,2,0
nwfsc_pacific_hake_survey,D20210910T204151_IFCB117,2021-09-10 20:41:51+00:00,117,3.87043574583333,45.5713,-124.1233,,,,,,1611,,2,0
nwfsc_pacific_hake_survey,D20210910T210533_IFCB117,2021-09-10 21:05:33+00:00,117,3.87068652083333,45.6046,-124.0779,,,,,,1627,,2,0
nwfsc_pacific_hake_survey,D20210910T212916_IFCB117,2021-09-10 21:29:16+00:00,117,4.09730679166667,45.6118,-124.1395,,,,,,1307,,2,0
nwfsc_pacific_hake_survey,D20210910T215258_IFCB117,2021-09-10 21:52:58+00:00,117,4.25015475833333,45.6119,-124.2189,,,,,,1089,,2,0
nwfsc_pacific_hake_survey,D20210910T221640_IFCB117,2021-09-10 22:16:40+00:00,117,4.29406074583333,45.6113,-124.3115,,,,,,1022,,2,0
nwfsc_pacific_hake_survey,D20210910T224022_IFCB117,2021-09-10 22:40:22+00:00,117,4.23522912083333,45.6119,-124.4036,,,,,,1105,,2,0
nwfsc_pacific_hake_survey,D20210910T230405_IFCB117,2021-09-10 23:04:05+00:00,117,4.3331635375,45.6105,-124.498,,,,,,982,,2,0
nwfsc_pacific_hake_survey,D20210910T232747_IFCB117,2021-09-10 23:27:47+00:00,117,4.32494526666667,45.6113,-124.5894,,,,,,978,,2,0
nwfsc_pacific_hake_survey,D20210910T235129_IFCB117,2021-09-10 23:51:29+00:00,117,4.245246625,45.6106,-124.6254,,,,,,1061,,2,0
nwfsc_pacific_hake_survey,D20210911T001512_IFCB117,2021-09-11 00:15:12+00:00,117,4.32252116666667,45.5993,-124.542,,,,,,986,,2,0
nwfsc_pacific_hake_survey,D20210911T003854_IFCB117,2021-09-11 00:38:54+00:00,117,4.35571442083333,45.5945,-124.5341,,,,,,951,,2,0
nwfsc_pacific_hake_survey,D20210911T010236_IFCB117,2021-09-11 01:02:36+00:00,117,4.39611394166667,45.6099,-124.5623,,,,,,862,,2,0
nwfsc_pacific_hake_survey,D20210911T012618_IFCB117,2021-09-11 01:26:18+00:00,117,4.5211822,45.6218,-124.583,,,,,,716,,2,0
nwfsc_pacific_hake_survey,D20210911T015001_IFCB117,2021-09-11 01:50:01+00:00,117,4.5525053875,45.6291,-124.598,,,,,,667,,2,0
nwfsc_pacific_hake_survey,D20210911T021343_IFCB117,2021-09-11 02:13:43+00:00,117,4.5832231625,45.6532,-124.6596,,,,,,595,,2,0
nwfsc_pacific_hake_survey,D20210911T023725_IFCB117,2021-09-11 02:37:25+00:00,117,4.60843902083333,45.6836,-124.7627,,,,,,552,,2,0
nwfsc_pacific_hake_survey,D20210911T030107_IFCB117,2021-09-11 03:01:07+00:00,117,4.67350682916667,45.7133,-124.8675,,,,,,481,,2,0
nwfsc_pacific_hake_survey,D20210911T032449_IFCB117,2021-09-11 03:24:49+00:00,117,4.66835703333333,45.7197,-124.8788,,,,,,450,,2,0
nwfsc_pacific_hake_survey,D20210911T034832_IFCB117,2021-09-11 03:48:32+00:00,117,4.685793875,45.7301,-124.9263,,,,,,371,,2,0
nwfsc_pacific_hake_survey,D20210911T041214_IFCB117,2021-09-11 04:12:14+00:00,117,4.72941145833333,45.7552,-125.0159,,,,,,389,,2,0
nwfsc_pacific_hake_survey,D20210911T043557_IFCB117,2021-09-11 04:35:57+00:00,117,4.7400433125,45.7782,-125.0973,,,,,,359,,2,0
nwfsc_pacific_hake_survey,D20210911T045939_IFCB117,2021-09-11 04:59:39+00:00,117,4.7354930625,45.7789,-125.0967,,,,,,363,,2,0
nwfsc_pacific_hake_survey,D20210911T052323_IFCB117,2021-09-11 05:23:23+00:00,117,4.728828125,45.7783,-125.0955,,,,,,394,,2,0
nwfsc_pacific_hake_survey,D20210911T054705_IFCB117,2021-09-11 05:47:05+00:00,117,4.72424246666667,45.7788,-125.0216,,,,,,320,,2,0
nwfsc_pacific_hake_survey,D20210911T061047_IFCB117,2021-09-11 06:10:47+00:00,117,4.81749092916667,45.7784,-124.9195,,,,,,257,,2,0
nwfsc_pacific_hake_survey,D20210911T063429_IFCB117,2021-09-11 06:34:29+00:00,117,4.80726628333333,45.7785,-124.8135,,,,,,202,,2,0
nwfsc_pacific_hake_survey,D20210911T065812_IFCB117,2021-09-11 06:58:12+00:00,117,4.84780866666667,45.7783,-124.7791,,,,,,181,,2,0
nwfsc_pacific_hake_survey,D20210911T072154_IFCB117,2021-09-11 07:21:54+00:00,117,4.87385046666667,45.7786,-124.7742,,,,,,161,,2,0
nwfsc_pacific_hake_survey,D20210911T074536_IFCB117,2021-09-11 07:45:36+00:00,117,4.87821566666667,45.7784,-124.7195,,,,,,128,,2,0
nwfsc_pacific_hake_survey,D20210911T083522_IFCB117,2021-09-11 08:35:22+00:00,117,4.87791008333333,45.7786,-124.6572,,,,,,35,,2,0
nwfsc_pacific_hake_survey,D20210911T085904_IFCB117,2021-09-11 08:59:04+00:00,117,4.77632260833333,45.7785,-124.565,,,,,,39,,2,0
nwfsc_pacific_hake_survey,D20210911T092247_IFCB117,2021-09-11 09:22:47+00:00,117,4.71464178333333,45.7782,-124.4722,,,,,,32,,2,0
nwfsc_pacific_hake_survey,D20210911T094629_IFCB117,2021-09-11 09:46:29+00:00,117,4.8585776,45.7781,-124.377,,,,,,25,,2,0
nwfsc_pacific_hake_survey,D20210911T101011_IFCB117,2021-09-11 10:10:11+00:00,117,4.41655670416667,45.7745,-124.3758,,,,,,21,,2,0
nwfsc_pacific_hake_survey,D20210911T103353_IFCB117,2021-09-11 10:33:53+00:00,117,4.01215405416667,45.7494,-124.4122,,,,,,31,,2,0
nwfsc_pacific_hake_survey,D20210911T105735_IFCB117,2021-09-11 10:57:35+00:00,117,4.5469898,45.7218,-124.4563,,,,,,17,,2,0
nwfsc_pacific_hake_survey,D20210911T112118_IFCB117,2021-09-11 11:21:18+00:00,117,4.7164554125,45.694,-124.5002,,,,,,24,,2,0
nwfsc_pacific_hake_survey,D20210911T114500_IFCB117,2021-09-11 11:45:00+00:00,117,4.67241050833333,45.6682,-124.5422,,,,,,26,,2,0
nwfsc_pacific_hake_survey,D20210911T120842_IFCB117,2021-09-11 12:08:42+00:00,117,4.21820101666667,45.6428,-124.5767,,,,,,21,,2,0
nwfsc_pacific_hake_survey,D20210911T123224_IFCB117,2021-09-11 12:32:24+00:00,117,4.75641813333333,45.6347,-124.5875,,,,,,19,,2,0
nwfsc_pacific_hake_survey,D20210911T125606_IFCB117,2021-09-11 12:56:06+00:00,117,4.79752570416667,45.6333,-124.5873,,,,,,15,,2,0
nwfsc_pacific_hake_survey,D20210911T131948_IFCB117,2021-09-11 13:19:48+00:00,117,4.63421365416667,45.6275,-124.5939,,,,,,13,,2,0
nwfsc_pacific_hake_survey,D20210911T134330_IFCB117,2021-09-11 13:43:30+00:00,117,4.45181815,45.6159,-124.6137,,,,,,11,,2,0
nwfsc_pacific_hake_survey,D20210911T140712_IFCB117,2021-09-11 14:07:12+00:00,117,4.46357085416667,45.6117,-124.6748,,,,,,27,,2,0
nwfsc_pacific_hake_survey,D20210911T143055_IFCB117,2021-09-11 14:30:55+00:00,117,4.89945157083333,45.6115,-124.768,,,,,,16,,2,0
nwfsc_pacific_hake_survey,D20210911T145437_IFCB117,2021-09-11 14:54:37+00:00,117,4.904615425,45.6121,-124.8663,,,,,,19,,2,0
nwfsc_pacific_hake_survey,D20210911T151819_IFCB117,2021-09-11 15:18:19+00:00,117,4.80439150833333,45.6119,-124.963,,,,,,13,,2,0
nwfsc_pacific_hake_survey,D20210911T154201_IFCB117,2021-09-11 15:42:01+00:00,117,4.58172255416667,45.6119,-125.057,,,,,,22,,2,0
nwfsc_pacific_hake_survey,D20210911T160543_IFCB117,2021-09-11 16:05:43+00:00,117,4.48632639583333,45.6119,-125.1163,,,,,,25,,2,0
nwfsc_pacific_hake_survey,D20210911T162925_IFCB117,2021-09-11 16:29:25+00:00,117,4.9674926125,45.6115,-125.1817,,,,,,16,,2,0
nwfsc_pacific_hake_survey,D20210911T165307_IFCB117,2021-09-11 16:53:07+00:00,117,4.61429794166667,45.6533,-125.1785,,,,,,19,,2,0
nwfsc_pacific_hake_survey,D20210911T171650_IFCB117,2021-09-11 17:16:50+00:00,117,4.58131696666667,45.7151,-125.1395,,,,,,24,,2,0
nwfsc_pacific_hake_survey,D20210911T174032_IFCB117,2021-09-11 17:40:32+00:00,117,4.68687449583333,45.7786,-125.0974,,,,,,22,,2,0
nwfsc_pacific_hake_survey,D20210911T180414_IFCB117,2021-09-11 18:04:14+00:00,117,4.5112967125,45.7785,-124.9992,,,,,,20,,2,0
nwfsc_pacific_hake_survey,D20210911T182757_IFCB117,2021-09-11 18:27:57+00:00,117,4.93818354583333,45.7786,-124.9054,,,,,,24,,2,0
nwfsc_pacific_hake_survey,D20210911T185139_IFCB117,2021-09-11 18:51:39+00:00,117,4.624388525,45.7784,-124.8069,,,,,,23,,2,0
nwfsc_pacific_hake_survey,D20210911T191521_IFCB117,2021-09-11 19:15:21+00:00,117,4.77118042916667,45.7773,-124.7237,,,,,,24,,2,0
nwfsc_pacific_hake_survey,D20210911T193903_IFCB117,2021-09-11 19:39:03+00:00,117,4.82865444166667,45.7837,-124.7432,,,,,,34,,2,0
nwfsc_pacific_hake_survey,D20210911T200245_IFCB117,2021-09-11 20:02:45+00:00,117,4.7664152,45.7674,-124.7482,,,,,,33,,2,0
nwfsc_pacific_hake_survey,D20210911T205232_IFCB117,2021-09-11 20:52:32+00:00,117,4.41191276666667,45.7741,-124.7437,,,,,,16,,2,0
nwfsc_pacific_hake_survey,D20210911T211614_IFCB117,2021-09-11 21:16:14+00:00,117,4.9075323375,45.7955,-124.7371,,,,,,27,,2,0
nwfsc_pacific_hake_survey,D20210911T213956_IFCB117,2021-09-11 21:39:56+00:00,117,4.90122415,45.809,-124.7268,,,,,,38,,2,0
nwfsc_pacific_hake_survey,D20210911T220338_IFCB117,2021-09-11 22:03:38+00:00,117,4.66791338333333,45.8055,-124.7228,,,,,,20,,2,0
nwfsc_pacific_hake_survey,D20210911T222720_IFCB117,2021-09-11 22:27:20+00:00,117,4.086167075,45.7782,-124.6835,,,,,,21,,2,0
nwfsc_pacific_hake_survey,D20210911T225102_IFCB117,2021-09-11 22:51:02+00:00,117,4.86096138333333,45.7764,-124.6398,,,,,,21,,2,0
nwfsc_pacific_hake_survey,D20210911T231444_IFCB117,2021-09-11 23:14:44+00:00,117,4.615774225,45.7639,-124.7036,,,,,,17,,2,0
nwfsc_pacific_hake_survey,D20210911T233826_IFCB117,2021-09-11 23:38:26+00:00,117,4.73744257083333,45.7781,-124.6322,,,,,,16,,2,0
nwfsc_pacific_hake_survey,D20210912T000209_IFCB117,2021-09-12 00:02:09+00:00,117,4.97530048333333,45.778,-124.531,,,,,,12,,2,0
nwfsc_pacific_hake_survey,D20210912T002551_IFCB117,2021-09-12 00:25:51+00:00,117,4.60552940416667,45.7767,-124.4393,,,,,,18,,2,0
nwfsc_pacific_hake_survey,D20210912T004933_IFCB117,2021-09-12 00:49:33+00:00,117,4.86130084583333,45.7773,-124.3538,,,,,,18,,2,0
nwfsc_pacific_hake_survey,D20210912T011315_IFCB117,2021-09-12 01:13:15+00:00,117,4.90166992916667,45.7782,-124.2613,,,,,,20,,2,0
nwfsc_pacific_hake_survey,D20210912T013657_IFCB117,2021-09-12 01:36:57+00:00,117,4.3956234,45.7781,-124.1715,,,,,,9,,2,0
nwfsc_pacific_hake_survey,D20210912T020039_IFCB117,2021-09-12 02:00:39+00:00,117,4.8134832625,45.778,-124.0837,,,,,,91,,2,0
nwfsc_pacific_hake_survey,D20210912T022421_IFCB117,2021-09-12 02:24:21+00:00,117,4.86052300416667,45.7931,-124.0411,,,,,,131,,2,0
nwfsc_pacific_hake_survey,D20210912T024803_IFCB117,2021-09-12 02:48:03+00:00,117,4.78408909166667,45.8383,-124.0909,,,,,,130,,2,0
nwfsc_pacific_hake_survey,D20210912T031146_IFCB117,2021-09-12 03:11:46+00:00,117,4.7972006125,45.8992,-124.0937,,,,,,237,,2,0
nwfsc_pacific_hake_survey,D20210912T033528_IFCB117,2021-09-12 03:35:28+00:00,117,4.77777795833333,45.9652,-124.0953,,,,,,284,,2,0
nwfsc_pacific_hake_survey,D20210912T035910_IFCB117,2021-09-12 03:59:10+00:00,117,4.677865125,46.0318,-124.0975,,,,,,381,,2,0
nwfsc_pacific_hake_survey,D20210912T042252_IFCB117,2021-09-12 04:22:52+00:00,117,4.6218291125,46.0964,-124.0969,,,,,,483,,2,0
nwfsc_pacific_hake_survey,D20210912T044634_IFCB117,2021-09-12 04:46:34+00:00,117,4.61015492083333,46.1112,-124.0976,,,,,,508,,2,0
nwfsc_pacific_hake_survey,D20210912T051016_IFCB117,2021-09-12 05:10:16+00:00,117,4.63371040416667,46.1117,-124.1782,,,,,,468,,2,0
nwfsc_pacific_hake_survey,D20210912T053359_IFCB117,2021-09-12 05:33:59+00:00,117,4.7045662625,46.111,-124.2771,,,,,,383,,2,0
nwfsc_pacific_hake_survey,D20210912T055741_IFCB117,2021-09-12 05:57:41+00:00,117,4.7259760375,46.1117,-124.3787,,,,,,288,,2,0
nwfsc_pacific_hake_survey,D20210912T062123_IFCB117,2021-09-12 06:21:23+00:00,117,4.71930095833333,46.1114,-124.4743,,,,,,343,,2,0
nwfsc_pacific_hake_survey,D20210912T064505_IFCB117,2021-09-12 06:45:05+00:00,117,4.70746076666667,46.1117,-124.5729,,,,,,348,,2,0
nwfsc_pacific_hake_survey,D20210912T070848_IFCB117,2021-09-12 07:08:48+00:00,117,4.7501926375,46.1072,-124.5849,,,,,,306,,2,0
nwfsc_pacific_hake_survey,D20210912T073230_IFCB117,2021-09-12 07:32:30+00:00,117,4.7787081625,46.1117,-124.6557,,,,,,265,,2,0
nwfsc_pacific_hake_survey,D20210912T075612_IFCB117,2021-09-12 07:56:12+00:00,117,4.7492062,46.1125,-124.7006,,,,,,192,,2,0
nwfsc_pacific_hake_survey,D20210912T081954_IFCB117,2021-09-12 08:19:54+00:00,117,4.7104752625,46.1127,-124.7164,,,,,,115,,2,0
nwfsc_pacific_hake_survey,D20210912T090920_IFCB117,2021-09-12 09:09:20+00:00,117,4.877816125,46.1147,-124.7498,,,,,,17,,2,0
nwfsc_pacific_hake_survey,D20210912T093303_IFCB117,2021-09-12 09:33:03+00:00,117,4.91466642083333,46.1115,-124.8121,,,,,,66,,2,0
nwfsc_pacific_hake_survey,D20210912T095645_IFCB117,2021-09-12 09:56:45+00:00,117,4.694089825,46.1123,-124.8643,,,,,,64,,2,0
nwfsc_pacific_hake_survey,D20210912T102027_IFCB117,2021-09-12 10:20:27+00:00,117,4.8784625,46.1138,-124.8648,,,,,,63,,2,0
nwfsc_pacific_hake_survey,D20210912T104409_IFCB117,2021-09-12 10:44:09+00:00,117,4.90706598333333,46.1142,-124.9058,,,,,,57,,2,0
nwfsc_pacific_hake_survey,D20210912T110752_IFCB117,2021-09-12 11:07:52+00:00,117,4.73118627916667,46.1111,-124.9819,,,,,,41,,2,0
nwfsc_pacific_hake_survey,D20210912T113134_IFCB117,2021-09-12 11:31:34+00:00,117,4.71708181666667,46.1116,-124.982,,,,,,34,,2,0
nwfsc_pacific_hake_survey,D20210912T115516_IFCB117,2021-09-12 11:55:16+00:00,117,4.1365961,46.116,-124.9816,,,,,,37,,2,0
nwfsc_pacific_hake_survey,D20210912T121858_IFCB117,2021-09-12 12:18:58+00:00,117,4.93382245833333,46.0893,-125.0334,,,,,,56,,2,0
nwfsc_pacific_hake_survey,D20210912T124241_IFCB117,2021-09-12 12:42:41+00:00,117,4.88731679583333,46.0541,-125.1117,,,,,,44,,2,0
nwfsc_pacific_hake_survey,D20210912T130623_IFCB117,2021-09-12 13:06:23+00:00,117,4.7233461,45.9953,-125.091,,,,,,39,,2,0
nwfsc_pacific_hake_survey,D20210912T133005_IFCB117,2021-09-12 13:30:05+00:00,117,4.67791682083333,45.9714,-125.0813,,,,,,52,,2,0
nwfsc_pacific_hake_survey,D20210912T135347_IFCB117,2021-09-12 13:53:47+00:00,117,4.93527459583333,45.9446,-125.0732,,,,,,44,,2,0
nwfsc_pacific_hake_survey,D20210912T141729_IFCB117,2021-09-12 14:17:29+00:00,117,4.7510669375,45.9452,-124.9842,,,,,,23,,2,0
nwfsc_pacific_hake_survey,D20210912T144113_IFCB117,2021-09-12 14:41:13+00:00,117,4.94998200833333,45.9452,-124.9161,,,,,,32,,2,0
nwfsc_pacific_hake_survey,D20210912T150455_IFCB117,2021-09-12 15:04:55+00:00,117,4.90282011666667,45.9448,-124.8401,,,,,,28,,2,0
nwfsc_pacific_hake_survey,D20210912T152837_IFCB117,2021-09-12 15:28:37+00:00,117,4.58832924583333,45.9447,-124.7442,,,,,,32,,2,0
nwfsc_pacific_hake_survey,D20210912T155220_IFCB117,2021-09-12 15:52:20+00:00,117,4.81639839166667,45.9507,-124.7028,,,,,,20,,2,0
nwfsc_pacific_hake_survey,D20210912T161602_IFCB117,2021-09-12 16:16:02+00:00,117,4.96414168333333,45.9359,-124.7141,,,,,,22,,2,0
nwfsc_pacific_hake_survey,D20210912T163944_IFCB117,2021-09-12 16:39:44+00:00,117,4.5883147875,45.9065,-124.6898,,,,,,20,,2,0
nwfsc_pacific_hake_survey,D20210912T170327_IFCB117,2021-09-12 17:03:27+00:00,117,4.12263747083333,45.9237,-124.7037,,,,,,17,,2,0
nwfsc_pacific_hake_survey,D20210912T172709_IFCB117,2021-09-12 17:27:09+00:00,117,4.9249785875,45.9452,-124.7212,,,,,,19,,2,0
nwfsc_pacific_hake_survey,D20210912T175051_IFCB117,2021-09-12 17:50:51+00:00,117,4.76103727916667,45.9616,-124.7339,,,,,,16,,2,0
nwfsc_pacific_hake_survey,D20210912T181433_IFCB117,2021-09-12 18:14:33+00:00,117,4.42364247916667,45.9796,-124.7409,,,,,,18,,2,0
nwfsc_pacific_hake_survey,D20210912T183816_IFCB117,2021-09-12 18:38:16+00:00,117,4.77067689583333,45.9452,-124.7019,,,,,,20,,2,0
nwfsc_pacific_hake_survey,D20210912T190158_IFCB117,2021-09-12 19:01:58+00:00,117,4.95608971666667,45.9448,-124.6234,,,,,,9,,2,0
nwfsc_pacific_hake_survey,D20210912T192540_IFCB117,2021-09-12 19:25:40+00:00,117,4.78178941666667,45.9449,-124.5449,,,,,,23,,2,0
nwfsc_pacific_hake_survey,D20210912T194922_IFCB117,2021-09-12 19:49:22+00:00,117,4.77433422916667,45.9445,-124.4543,,,,,,12,,2,0
nwfsc_pacific_hake_survey,D20210912T201304_IFCB117,2021-09-12 20:13:04+00:00,117,4.95158552083333,45.9454,-124.3551,,,,,,25,,2,0
nwfsc_pacific_hake_survey,D20210912T203646_IFCB117,2021-09-12 20:36:46+00:00,117,4.9178498625,45.9443,-124.2585,,,,,,29,,2,0
nwfsc_pacific_hake_survey,D20210912T212611_IFCB117,2021-09-12 21:26:11+00:00,117,4.85893840416667,45.9484,-124.0673,,,,,,37,,2,0
nwfsc_pacific_hake_survey,D20210912T214953_IFCB117,2021-09-12 21:49:53+00:00,117,4.85205585416667,45.9821,-124.0689,,,,,,149,,2,0
nwfsc_pacific_hake_survey,D20210912T221336_IFCB117,2021-09-12 22:13:36+00:00,117,4.78486070416667,46.0459,-124.0972,,,,,,262,,2,0
nwfsc_pacific_hake_survey,D20210912T223719_IFCB117,2021-09-12 22:37:19+00:00,117,4.7186099625,46.1028,-124.0973,,,,,,357,,2,0
nwfsc_pacific_hake_survey,D20210912T230101_IFCB117,2021-09-12 23:01:01+00:00,117,4.69774515416667,46.112,-124.1614,,,,,,288,,2,0
nwfsc_pacific_hake_survey,D20210912T232443_IFCB117,2021-09-12 23:24:43+00:00,117,4.71056321666667,46.1117,-124.2532,,,,,,353,,2,0
nwfsc_pacific_hake_survey,D20210912T234825_IFCB117,2021-09-12 23:48:25+00:00,117,4.73472515416667,46.1119,-124.3524,,,,,,290,,2,0
nwfsc_pacific_hake_survey,D20210913T001207_IFCB117,2021-09-13 00:12:07+00:00,117,4.74357634583333,46.111,-124.4518,,,,,,309,,2,0
nwfsc_pacific_hake_survey,D20210913T003550_IFCB117,2021-09-13 00:35:50+00:00,117,4.73781639583333,46.1124,-124.5484,,,,,,310,,2,0
nwfsc_pacific_hake_survey,D20210913T005932_IFCB117,2021-09-13 00:59:32+00:00,117,4.69196481666667,46.1109,-124.6462,,,,,,359,,2,0
nwfsc_pacific_hake_survey,D20210913T012314_IFCB117,2021-09-13 01:23:14+00:00,117,4.67819675833333,46.112,-124.7419,,,,,,340,,2,0
nwfsc_pacific_hake_survey,D20210913T014657_IFCB117,2021-09-13 01:46:57+00:00,117,4.67392389166667,46.1113,-124.8331,,,,,,343,,2,0
nwfsc_pacific_hake_survey,D20210913T021039_IFCB117,2021-09-13 02:10:39+00:00,117,4.72326544583333,46.1116,-124.9306,,,,,,348,,2,0
nwfsc_pacific_hake_survey,D20210913T023422_IFCB117,2021-09-13 02:34:22+00:00,117,4.7425204375,46.1119,-125.0292,,,,,,305,,2,0
nwfsc_pacific_hake_survey,D20210913T025804_IFCB117,2021-09-13 02:58:04+00:00,117,4.71983226666667,46.1143,-125.0631,,,,,,349,,2,0
nwfsc_pacific_hake_survey,D20210913T032146_IFCB117,2021-09-13 03:21:46+00:00,117,4.71268199583333,46.1738,-125.0456,,,,,,255,,2,0
nwfsc_pacific_hake_survey,D20210913T034529_IFCB117,2021-09-13 03:45:29+00:00,117,4.80965466666667,46.2385,-125.0277,,,,,,229,,2,0
nwfsc_pacific_hake_survey,D20210913T040911_IFCB117,2021-09-13 04:09:11+00:00,117,4.7863439875,46.3042,-125.0078,,,,,,236,,2,0
nwfsc_pacific_hake_survey,D20210913T043253_IFCB117,2021-09-13 04:32:53+00:00,117,4.78483141666667,46.3679,-124.9887,,,,,,212,,2,0
nwfsc_pacific_hake_survey,D20210913T045635_IFCB117,2021-09-13 04:56:35+00:00,117,4.83292820416667,46.4336,-124.9699,,,,,,186,,2,0
nwfsc_pacific_hake_survey,D20210913T052018_IFCB117,2021-09-13 05:20:18+00:00,117,4.82618607083333,46.4435,-124.9658,,,,,,178,,2,0
nwfsc_pacific_hake_survey,D20210913T054400_IFCB117,2021-09-13 05:44:00+00:00,117,4.81854172916667,46.4403,-124.9658,,,,,,175,,2,0
nwfsc_pacific_hake_survey,D20210913T060742_IFCB117,2021-09-13 06:07:42+00:00,117,4.8741795125,46.443,-124.9218,,,,,,120,,2,0
nwfsc_pacific_hake_survey,D20210913T063124_IFCB117,2021-09-13 06:31:24+00:00,117,4.8656178125,46.4452,-124.8205,,,,,,140,,2,0
nwfsc_pacific_hake_survey,D20210913T065506_IFCB117,2021-09-13 06:55:06+00:00,117,4.90692453333333,46.4444,-124.7202,,,,,,104,,2,0
nwfsc_pacific_hake_survey,D20210913T071849_IFCB117,2021-09-13 07:18:49+00:00,117,4.84001025416667,46.4441,-124.6257,,,,,,67,,2,0
nwfsc_pacific_hake_survey,D20210913T074231_IFCB117,2021-09-13 07:42:31+00:00,117,4.8207209125,46.4451,-124.5743,,,,,,79,,2,0
nwfsc_pacific_hake_survey,D20210913T080613_IFCB117,2021-09-13 08:06:13+00:00,117,4.7894760375,46.444,-124.5762,,,,,,151,,2,0
nwfsc_pacific_hake_survey,D20210913T082955_IFCB117,2021-09-13 08:29:55+00:00,117,4.7592047625,46.4453,-124.5447,,,,,,102,,2,0
nwfsc_pacific_hake_survey,D20210913T085337_IFCB117,2021-09-13 08:53:37+00:00,117,4.7596396375,46.4438,-124.5447,,,,,,89,,2,0
nwfsc_pacific_hake_survey,D20210913T094302_IFCB117,2021-09-13 09:43:02+00:00,117,4.95424183333333,46.4426,-124.5155,,,,,,26,,2,0
nwfsc_pacific_hake_survey,D20210913T100644_IFCB117,2021-09-13 10:06:44+00:00,117,4.81014982083333,46.4451,-124.4337,,,,,,37,,2,0
nwfsc_pacific_hake_survey,D20210913T103027_IFCB117,2021-09-13 10:30:27+00:00,117,4.73289940416667,46.4443,-124.3325,,,,,,16,,2,0
nwfsc_pacific_hake_survey,D20210913T105409_IFCB117,2021-09-13 10:54:09+00:00,117,4.28732596666667,46.4445,-124.2528,,,,,,32,,2,0
nwfsc_pacific_hake_survey,D20210913T111751_IFCB117,2021-09-13 11:17:51+00:00,117,4.85421265833333,46.4443,-124.2574,,,,,,28,,2,0
nwfsc_pacific_hake_survey,D20210913T114133_IFCB117,2021-09-13 11:41:33+00:00,117,4.77036833333333,46.4465,-124.2648,,,,,,30,,2,0
nwfsc_pacific_hake_survey,D20210913T120516_IFCB117,2021-09-13 12:05:16+00:00,117,4.94034383333333,46.4442,-124.2689,,,,,,36,,2,0
nwfsc_pacific_hake_survey,D20210913T122858_IFCB117,2021-09-13 12:28:58+00:00,117,4.14209555833333,46.4098,-124.2983,,,,,,38,,2,0
nwfsc_pacific_hake_survey,D20210913T125240_IFCB117,2021-09-13 12:52:40+00:00,117,4.91817770833333,46.3778,-124.3264,,,,,,64,,2,0
nwfsc_pacific_hake_survey,D20210913T131622_IFCB117,2021-09-13 13:16:22+00:00,117,4.81494795416667,46.3321,-124.2716,,,,,,65,,2,0
nwfsc_pacific_hake_survey,D20210913T134004_IFCB117,2021-09-13 13:40:04+00:00,117,4.89317435416667,46.2876,-124.2205,,,,,,89,,2,0
nwfsc_pacific_hake_survey,D20210913T140346_IFCB117,2021-09-13 14:03:46+00:00,117,4.87410120833333,46.2783,-124.2611,,,,,,93,,2,0
nwfsc_pacific_hake_survey,D20210913T142729_IFCB117,2021-09-13 14:27:29+00:00,117,4.86924424166667,46.2787,-124.3462,,,,,,105,,2,0
nwfsc_pacific_hake_survey,D20210913T145111_IFCB117,2021-09-13 14:51:11+00:00,117,4.815592575,46.2752,-124.3743,,,,,,107,,2,0
nwfsc_pacific_hake_survey,D20210913T151453_IFCB117,2021-09-13 15:14:53+00:00,117,4.69530908333333,46.2633,-124.3314,,,,,,114,,2,0
nwfsc_pacific_hake_survey,D20210913T153835_IFCB117,2021-09-13 15:38:35+00:00,117,4.7750356875,46.2767,-124.3544,,,,,,123,,2,0
nwfsc_pacific_hake_survey,D20210913T160217_IFCB117,2021-09-13 16:02:17+00:00,117,4.8390889125,46.2876,-124.3756,,,,,,106,,2,0
nwfsc_pacific_hake_survey,D20210913T162559_IFCB117,2021-09-13 16:25:59+00:00,117,4.86839033333333,46.2954,-124.3961,,,,,,110,,2,0
nwfsc_pacific_hake_survey,D20210913T164941_IFCB117,2021-09-13 16:49:41+00:00,117,4.75035445416667,46.3048,-124.4076,,,,,,130,,2,0
nwfsc_pacific_hake_survey,D20210913T171324_IFCB117,2021-09-13 17:13:24+00:00,117,4.73826213333333,46.2784,-124.4205,,,,,,122,,2,0
nwfsc_pacific_hake_survey,D20210913T173706_IFCB117,2021-09-13 17:37:06+00:00,117,4.72588915,46.2789,-124.5097,,,,,,123,,2,0
nwfsc_pacific_hake_survey,D20210913T180048_IFCB117,2021-09-13 18:00:48+00:00,117,4.8549111875,46.2782,-124.5936,,,,,,97,,2,0
nwfsc_pacific_hake_survey,D20210913T182430_IFCB117,2021-09-13 18:24:30+00:00,117,4.86811272916667,46.2788,-124.6742,,,,,,121,,2,0
nwfsc_pacific_hake_survey,D20210913T184813_IFCB117,2021-09-13 18:48:13+00:00,117,4.72997687083333,46.2783,-124.7702,,,,,,91,,2,0
nwfsc_pacific_hake_survey,D20210913T191155_IFCB117,2021-09-13 19:11:55+00:00,117,4.9013593375,46.2788,-124.8641,,,,,,89,,2,0
nwfsc_pacific_hake_survey,D20210913T193538_IFCB117,2021-09-13 19:35:38+00:00,117,4.82823602916667,46.2782,-124.9417,,,,,,83,,2,0
nwfsc_pacific_hake_survey,D20210913T195920_IFCB117,2021-09-13 19:59:20+00:00,117,4.91804449583333,46.2783,-125.0249,,,,,,76,,2,0
nwfsc_pacific_hake_survey,D20210913T202302_IFCB117,2021-09-13 20:23:02+00:00,117,4.66499265833333,46.3083,-125.034,,,,,,98,,2,0
nwfsc_pacific_hake_survey,D20210913T204645_IFCB117,2021-09-13 20:46:45+00:00,117,4.5551296,46.3464,-125.016,,,,,,60,,2,0
nwfsc_pacific_hake_survey,D20210913T211027_IFCB117,2021-09-13 21:10:27+00:00,117,4.776859275,46.392,-124.9954,,,,,,65,,2,0
nwfsc_pacific_hake_survey,D20210913T220013_IFCB117,2021-09-13 22:00:13+00:00,117,4.04012220833333,46.4449,-124.8529,,,,,,12,,2,0
nwfsc_pacific_hake_survey,D20210913T222355_IFCB117,2021-09-13 22:23:55+00:00,117,4.1938881,46.4448,-124.7636,,,,,,12,,2,0
nwfsc_pacific_hake_survey,D20210913T224738_IFCB117,2021-09-13 22:47:38+00:00,117,4.86174685416667,46.4444,-124.6693,,,,,,26,,2,0
nwfsc_pacific_hake_survey,D20210913T231120_IFCB117,2021-09-13 23:11:20+00:00,117,4.2590673125,46.4465,-124.5806,,,,,,19,,2,0
nwfsc_pacific_hake_survey,D20210913T233502_IFCB117,2021-09-13 23:35:02+00:00,117,4.88130417916667,46.4452,-124.5185,,,,,,22,,2,0
nwfsc_pacific_hake_survey,D20210913T235844_IFCB117,2021-09-13 23:58:44+00:00,117,4.4028146,46.4449,-124.4228,,,,,,30,,2,0
nwfsc_pacific_hake_survey,D20210914T002226_IFCB117,2021-09-14 00:22:26+00:00,117,4.81072194166667,46.4449,-124.3236,,,,,,18,,2,0
nwfsc_pacific_hake_survey,D20210914T004608_IFCB117,2021-09-14 00:46:08+00:00,117,4.5352018125,46.4547,-124.2547,,,,,,24,,2,0
nwfsc_pacific_hake_survey,D20210914T010951_IFCB117,2021-09-14 01:09:51+00:00,117,4.3443012625,46.5137,-124.2822,,,,,,26,,2,0
nwfsc_pacific_hake_survey,D20210914T013333_IFCB117,2021-09-14 01:33:33+00:00,117,4.11998499166667,46.5803,-124.2928,,,,,,22,,2,0
nwfsc_pacific_hake_survey,D20210914T015715_IFCB117,2021-09-14 01:57:15+00:00,117,4.766926875,46.648,-124.3089,,,,,,36,,2,0
nwfsc_pacific_hake_survey,D20210914T022057_IFCB117,2021-09-14 02:20:57+00:00,117,4.91941425833333,46.7131,-124.3246,,,,,,56,,2,0
nwfsc_pacific_hake_survey,D20210914T024439_IFCB117,2021-09-14 02:44:39+00:00,117,4.910911775,46.7741,-124.2973,,,,,,79,,2,0
nwfsc_pacific_hake_survey,D20210914T030821_IFCB117,2021-09-14 03:08:21+00:00,117,4.915693975,46.7775,-124.2948,,,,,,94,,2,0
nwfsc_pacific_hake_survey,D20210914T033203_IFCB117,2021-09-14 03:32:03+00:00,117,4.85194529583333,46.7778,-124.3878,,,,,,72,,2,0
nwfsc_pacific_hake_survey,D20210914T035545_IFCB117,2021-09-14 03:55:45+00:00,117,4.80242675,46.7782,-124.4853,,,,,,71,,2,0
nwfsc_pacific_hake_survey,D20210914T041928_IFCB117,2021-09-14 04:19:28+00:00,117,4.91029800416667,46.7787,-124.5873,,,,,,67,,2,0
nwfsc_pacific_hake_survey,D20210914T044310_IFCB117,2021-09-14 04:43:10+00:00,117,4.5435125125,46.7782,-124.6853,,,,,,51,,2,0
nwfsc_pacific_hake_survey,D20210914T050652_IFCB117,2021-09-14 05:06:52+00:00,117,4.88572524166667,46.7774,-124.7381,,,,,,84,,2,0
nwfsc_pacific_hake_survey,D20210914T053036_IFCB117,2021-09-14 05:30:36+00:00,117,4.82974417916667,46.7769,-124.7531,,,,,,73,,2,0
nwfsc_pacific_hake_survey,D20210914T055418_IFCB117,2021-09-14 05:54:18+00:00,117,4.7515341,46.7792,-124.8529,,,,,,54,,2,0
nwfsc_pacific_hake_survey,D20210914T061801_IFCB117,2021-09-14 06:18:01+00:00,117,4.76779040833333,46.7788,-124.8621,,,,,,53,,2,0
nwfsc_pacific_hake_survey,D20210914T064144_IFCB117,2021-09-14 06:41:44+00:00,117,4.65959425416667,46.7775,-124.8644,,,,,,60,,2,0
nwfsc_pacific_hake_survey,D20210914T070526_IFCB117,2021-09-14 07:05:26+00:00,117,4.87845205833333,46.7782,-124.9051,,,,,,62,,2,0
nwfsc_pacific_hake_survey,D20210914T072908_IFCB117,2021-09-14 07:29:08+00:00,117,4.90833125416667,46.7774,-124.9046,,,,,,45,,2,0
nwfsc_pacific_hake_survey,D20210914T075251_IFCB117,2021-09-14 07:52:51+00:00,117,4.37486092083333,46.7781,-124.9654,,,,,,47,,2,0
nwfsc_pacific_hake_survey,D20210914T081633_IFCB117,2021-09-14 08:16:33+00:00,117,4.9113137375,46.7787,-125.0286,,,,,,37,,2,0
nwfsc_pacific_hake_survey,D20210914T084015_IFCB117,2021-09-14 08:40:15+00:00,117,4.76298932916667,46.7781,-125.0281,,,,,,43,,2,0
nwfsc_pacific_hake_survey,D20210914T090357_IFCB117,2021-09-14 09:03:57+00:00,117,4.80427155833333,46.7784,-125.0817,,,,,,60,,2,0
nwfsc_pacific_hake_survey,D20210914T092739_IFCB117,2021-09-14 09:27:39+00:00,117,4.73327110416667,46.7791,-125.1481,,,,,,56,,2,0
nwfsc_pacific_hake_survey,D20210914T101726_IFCB117,2021-09-14 10:17:26+00:00,117,4.47040925833333,46.7787,-125.213,,,,,,23,,2,0
nwfsc_pacific_hake_survey,D20210914T104108_IFCB117,2021-09-14 10:41:08+00:00,117,4.72650642916667,46.778,-125.307,,,,,,32,,2,0
nwfsc_pacific_hake_survey,D20210914T110451_IFCB117,2021-09-14 11:04:51+00:00,117,4.7460521125,46.7789,-125.3173,,,,,,22,,2,0
nwfsc_pacific_hake_survey,D20210914T112833_IFCB117,2021-09-14 11:28:33+00:00,117,4.6027854375,46.7795,-125.3172,,,,,,43,,2,0
nwfsc_pacific_hake_survey,D20210914T115215_IFCB117,2021-09-14 11:52:15+00:00,117,4.383764975,46.7462,-125.2909,,,,,,5,,2,0
nwfsc_pacific_hake_survey,D20210914T121558_IFCB117,2021-09-14 12:15:58+00:00,117,3.6159442625,46.6995,-125.2548,,,,,,4,,2,0
nwfsc_pacific_hake_survey,D20210914T123941_IFCB117,2021-09-14 12:39:41+00:00,117,4.60124195,46.6557,-125.2152,,,,,,6,,2,0
nwfsc_pacific_hake_survey,D20210914T130323_IFCB117,2021-09-14 13:03:23+00:00,117,3.4406674875,46.6558,-125.2199,,,,,,7,,2,0
nwfsc_pacific_hake_survey,D20210914T132705_IFCB117,2021-09-14 13:27:05+00:00,117,3.184011875,46.6272,-125.2383,,,,,,3,,2,0
nwfsc_pacific_hake_survey,D20210914T135047_IFCB117,2021-09-14 13:50:47+00:00,117,4.8531161375,46.6146,-125.2013,,,,,,12,,2,0
nwfsc_pacific_hake_survey,D20210914T141430_IFCB117,2021-09-14 14:14:30+00:00,117,4.9252256875,46.612,-125.1268,,,,,,8,,2,0
nwfsc_pacific_hake_survey,D20210914T143812_IFCB117,2021-09-14 14:38:12+00:00,117,4.82738310416667,46.6113,-125.0288,,,,,,12,,2,0
nwfsc_pacific_hake_survey,D20210914T150154_IFCB117,2021-09-14 15:01:54+00:00,117,4.86328914166667,46.6115,-124.9306,,,,,,16,,2,0
nwfsc_pacific_hake_survey,D20210914T152536_IFCB117,2021-09-14 15:25:36+00:00,117,4.20863182916667,46.6115,-124.8735,,,,,,27,,2,0
nwfsc_pacific_hake_survey,D20210914T154918_IFCB117,2021-09-14 15:49:18+00:00,117,4.70452789583333,46.6114,-124.7931,,,,,,35,,2,0
nwfsc_pacific_hake_survey,D20210914T161300_IFCB117,2021-09-14 16:13:00+00:00,117,4.781406775,46.6116,-124.7061,,,,,,24,,2,0
nwfsc_pacific_hake_survey,D20210914T163643_IFCB117,2021-09-14 16:36:43+00:00,117,4.8358618,46.6119,-124.644,,,,,,32,,2,0
nwfsc_pacific_hake_survey,D20210914T170025_IFCB117,2021-09-14 17:00:25+00:00,117,4.66113374583333,46.6133,-124.5539,,,,,,36,,2,0
nwfsc_pacific_hake_survey,D20210914T172407_IFCB117,2021-09-14 17:24:07+00:00,117,4.67236128333333,46.6059,-124.537,,,,,,31,,2,0
nwfsc_pacific_hake_survey,D20210914T174749_IFCB117,2021-09-14 17:47:49+00:00,117,4.46388384166667,46.6088,-124.5581,,,,,,22,,2,0
nwfsc_pacific_hake_survey,D20210914T181132_IFCB117,2021-09-14 18:11:32+00:00,117,4.75393227083333,46.6132,-124.5905,,,,,,24,,2,0
nwfsc_pacific_hake_survey,D20210914T183514_IFCB117,2021-09-14 18:35:14+00:00,117,4.73763725416667,46.621,-124.6083,,,,,,21,,2,0
nwfsc_pacific_hake_survey,D20210914T185856_IFCB117,2021-09-14 18:58:56+00:00,117,4.62503965833333,46.6144,-124.5807,,,,,,23,,2,0
nwfsc_pacific_hake_survey,D20210914T192239_IFCB117,2021-09-14 19:22:39+00:00,117,4.68308655,46.6117,-124.4849,,,,,,27,,2,0
nwfsc_pacific_hake_survey,D20210914T194621_IFCB117,2021-09-14 19:46:21+00:00,117,4.31713391666667,46.6112,-124.3996,,,,,,26,,2,0
nwfsc_pacific_hake_survey,D20210914T201003_IFCB117,2021-09-14 20:10:03+00:00,117,4.9740454625,46.6111,-124.3035,,,,,,20,,2,0
nwfsc_pacific_hake_survey,D20210914T203346_IFCB117,2021-09-14 20:33:46+00:00,117,4.51364134583333,46.6249,-124.2544,,,,,,22,,2,0
nwfsc_pacific_hake_survey,D20210914T205728_IFCB117,2021-09-14 20:57:28+00:00,117,4.84547861666667,46.6751,-124.3097,,,,,,31,,2,0
nwfsc_pacific_hake_survey,D20210914T212111_IFCB117,2021-09-14 21:21:11+00:00,117,4.79960280833333,46.7398,-124.331,,,,,,65,,2,0
nwfsc_pacific_hake_survey,D20210914T214453_IFCB117,2021-09-14 21:44:53+00:00,117,4.9080667125,46.7784,-124.3008,,,,,,101,,2,0
nwfsc_pacific_hake_survey,D20210914T223439_IFCB117,2021-09-14 22:34:39+00:00,117,4.8217480375,46.7787,-124.4885,,,,,,73,,2,0
nwfsc_pacific_hake_survey,D20210914T225822_IFCB117,2021-09-14 22:58:22+00:00,117,4.84003295,46.7784,-124.5753,,,,,,142,,2,0
nwfsc_pacific_hake_survey,D20210914T232204_IFCB117,2021-09-14 23:22:04+00:00,117,4.8641021875,46.7787,-124.6641,,,,,,153,,2,0
nwfsc_pacific_hake_survey,D20210914T234547_IFCB117,2021-09-14 23:45:47+00:00,117,4.83678214583333,46.7783,-124.7484,,,,,,133,,2,0
nwfsc_pacific_hake_survey,D20210915T000930_IFCB117,2021-09-15 00:09:30+00:00,117,4.91799052916667,46.7834,-124.7039,,,,,,81,,2,0
nwfsc_pacific_hake_survey,D20210915T003312_IFCB117,2021-09-15 00:33:12+00:00,117,4.78736886666667,46.7824,-124.7125,,,,,,84,,2,0
nwfsc_pacific_hake_survey,D20210915T005654_IFCB117,2021-09-15 00:56:54+00:00,117,4.85154170416667,46.7908,-124.6915,,,,,,38,,2,0
nwfsc_pacific_hake_survey,D20210915T012036_IFCB117,2021-09-15 01:20:36+00:00,117,4.80262877916667,46.7596,-124.6962,,,,,,40,,2,0
nwfsc_pacific_hake_survey,D20210915T014419_IFCB117,2021-09-15 01:44:19+00:00,117,4.10463829166667,46.7688,-124.7131,,,,,,35,,2,0
nwfsc_pacific_hake_survey,D20210915T020801_IFCB117,2021-09-15 02:08:01+00:00,117,4.95695805416667,46.7775,-124.7317,,,,,,37,,2,0
nwfsc_pacific_hake_survey,D20210915T023143_IFCB117,2021-09-15 02:31:43+00:00,117,4.86266255416667,46.7723,-124.7551,,,,,,29,,2,0
nwfsc_pacific_hake_survey,D20210915T025525_IFCB117,2021-09-15 02:55:25+00:00,117,4.86879993333333,46.8003,-124.8152,,,,,,35,,2,0
nwfsc_pacific_hake_survey,D20210915T031907_IFCB117,2021-09-15 03:19:07+00:00,117,4.9659581,46.8519,-124.8699,,,,,,31,,2,0
nwfsc_pacific_hake_survey,D20210915T034250_IFCB117,2021-09-15 03:42:50+00:00,117,4.37673919583333,46.903,-124.9239,,,,,,23,,2,0
nwfsc_pacific_hake_survey,D20210915T040632_IFCB117,2021-09-15 04:06:32+00:00,117,4.7184835625,46.9552,-124.9807,,,,,,44,,2,0
nwfsc_pacific_hake_survey,D20210915T043014_IFCB117,2021-09-15 04:30:14+00:00,117,4.77223853333333,47.0074,-125.0361,,,,,,67,,2,0
nwfsc_pacific_hake_survey,D20210915T045356_IFCB117,2021-09-15 04:53:56+00:00,117,4.84779935416667,47.0573,-125.0883,,,,,,215,,2,0
nwfsc_pacific_hake_survey,D20210915T051738_IFCB117,2021-09-15 05:17:38+00:00,117,4.7953478125,47.108,-125.1439,,,,,,283,,2,0
nwfsc_pacific_hake_survey,D20210915T054122_IFCB117,2021-09-15 05:41:22+00:00,117,4.83571270833333,47.1055,-125.1535,,,,,,198,,2,0
nwfsc_pacific_hake_survey,D20210915T060504_IFCB117,2021-09-15 06:05:04+00:00,117,4.843313225,47.0987,-125.1606,,,,,,226,,2,0
nwfsc_pacific_hake_survey,D20210915T062846_IFCB117,2021-09-15 06:28:46+00:00,117,4.81729783333333,47.1089,-125.1303,,,,,,210,,2,0
nwfsc_pacific_hake_survey,D20210915T065228_IFCB117,2021-09-15 06:52:28+00:00,117,4.85199406666667,47.1075,-125.1272,,,,,,216,,2,0
nwfsc_pacific_hake_survey,D20210915T071610_IFCB117,2021-09-15 07:16:10+00:00,117,4.85684779166667,47.1018,-125.1372,,,,,,200,,2,0
nwfsc_pacific_hake_survey,D20210915T073952_IFCB117,2021-09-15 07:39:52+00:00,117,4.85877378333333,47.1055,-125.1276,,,,,,185,,2,0
nwfsc_pacific_hake_survey,D20210915T080334_IFCB117,2021-09-15 08:03:34+00:00,117,4.77680890416667,47.1103,-125.0387,,,,,,175,,2,0
nwfsc_pacific_hake_survey,D20210915T082716_IFCB117,2021-09-15 08:27:16+00:00,117,4.8730780625,47.1094,-125.004,,,,,,153,,2,0
nwfsc_pacific_hake_survey,D20210915T085059_IFCB117,2021-09-15 08:50:59+00:00,117,4.80774634583333,47.1038,-125.0109,,,,,,161,,2,0
nwfsc_pacific_hake_survey,D20210915T091442_IFCB117,2021-09-15 09:14:42+00:00,117,4.88577611666667,47.1109,-124.9883,,,,,,150,,2,0
nwfsc_pacific_hake_survey,D20210915T093824_IFCB117,2021-09-15 09:38:24+00:00,117,4.87865162083333,47.1086,-124.988,,,,,,123,,2,0
nwfsc_pacific_hake_survey,D20210915T100206_IFCB117,2021-09-15 10:02:06+00:00,117,4.89525341666667,47.1089,-124.9692,,,,,,141,,2,0
nwfsc_pacific_hake_survey,D20210915T105132_IFCB117,2021-09-15 10:51:32+00:00,117,4.52766511666667,47.1111,-124.9113,,,,,,34,,2,0
nwfsc_pacific_hake_survey,D20210915T111515_IFCB117,2021-09-15 11:15:15+00:00,117,4.72064030833333,47.1105,-124.9197,,,,,,97,,2,0
nwfsc_pacific_hake_survey,D20210915T113857_IFCB117,2021-09-15 11:38:57+00:00,117,4.81530937083333,47.0644,-124.8965,,,,,,91,,2,0
nwfsc_pacific_hake_survey,D20210915T120239_IFCB117,2021-09-15 12:02:39+00:00,117,4.82011970833333,47.0167,-124.8681,,,,,,95,,2,0
nwfsc_pacific_hake_survey,D20210915T122621_IFCB117,2021-09-15 12:26:21+00:00,117,4.82956448333333,46.9754,-124.8878,,,,,,76,,2,0
nwfsc_pacific_hake_survey,D20210915T125003_IFCB117,2021-09-15 12:50:03+00:00,117,4.91640775,46.9266,-124.8646,,,,,,90,,2,0
nwfsc_pacific_hake_survey,D20210915T131346_IFCB117,2021-09-15 13:13:46+00:00,117,4.84958303333333,46.8711,-124.8121,,,,,,72,,2,0
nwfsc_pacific_hake_survey,D20210915T133728_IFCB117,2021-09-15 13:37:28+00:00,117,4.865297725,46.8058,-124.7745,,,,,,143,,2,0
nwfsc_pacific_hake_survey,D20210915T140110_IFCB117,2021-09-15 14:01:10+00:00,117,4.85776859166667,46.7782,-124.7618,,,,,,187,,2,0
nwfsc_pacific_hake_survey,D20210915T142453_IFCB117,2021-09-15 14:24:53+00:00,117,4.84900394166667,46.7787,-124.8445,,,,,,213,,2,0
nwfsc_pacific_hake_survey,D20210915T144835_IFCB117,2021-09-15 14:48:35+00:00,117,4.8379327,46.7907,-124.8702,,,,,,182,,2,0
nwfsc_pacific_hake_survey,D20210915T151217_IFCB117,2021-09-15 15:12:17+00:00,117,4.85356865416667,46.7734,-124.8685,,,,,,200,,2,0
nwfsc_pacific_hake_survey,D20210915T153600_IFCB117,2021-09-15 15:36:00+00:00,117,4.84637497083333,46.7785,-124.9515,,,,,,229,,2,0
nwfsc_pacific_hake_survey,D20210915T155942_IFCB117,2021-09-15 15:59:42+00:00,117,4.8419698875,46.7784,-125.0363,,,,,,237,,2,0
nwfsc_pacific_hake_survey,D20210915T162324_IFCB117,2021-09-15 16:23:24+00:00,117,4.824078,46.7782,-125.1257,,,,,,263,,2,0
nwfsc_pacific_hake_survey,D20210915T164706_IFCB117,2021-09-15 16:47:06+00:00,117,4.82689814166667,46.7782,-125.2162,,,,,,258,,2,0
nwfsc_pacific_hake_survey,D20210915T171048_IFCB117,2021-09-15 17:10:48+00:00,117,4.81353267083333,46.7782,-125.3034,,,,,,257,,2,0
nwfsc_pacific_hake_survey,D20210915T173430_IFCB117,2021-09-15 17:34:30+00:00,117,4.8403412875,46.8265,-125.3011,,,,,,235,,2,0
nwfsc_pacific_hake_survey,D20210915T175813_IFCB117,2021-09-15 17:58:13+00:00,117,4.81972985416667,46.8866,-125.2801,,,,,,253,,2,0
nwfsc_pacific_hake_survey,D20210915T182155_IFCB117,2021-09-15 18:21:55+00:00,117,4.859566875,46.9416,-125.2655,,,,,,264,,2,0
nwfsc_pacific_hake_survey,D20210915T184537_IFCB117,2021-09-15 18:45:37+00:00,117,4.84084879583333,46.9451,-125.1884,,,,,,277,,2,0
nwfsc_pacific_hake_survey,D20210915T190920_IFCB117,2021-09-15 19:09:20+00:00,117,4.82942795833333,46.9449,-125.1187,,,,,,263,,2,0
nwfsc_pacific_hake_survey,D20210915T193302_IFCB117,2021-09-15 19:33:02+00:00,117,4.84411291666667,46.945,-125.0392,,,,,,302,,2,0
nwfsc_pacific_hake_survey,D20210915T195645_IFCB117,2021-09-15 19:56:45+00:00,117,4.84610965833333,46.9451,-124.9585,,,,,,269,,2,0
nwfsc_pacific_hake_survey,D20210915T202027_IFCB117,2021-09-15 20:20:27+00:00,117,4.85957928333333,46.929,-124.9792,,,,,,237,,2,0
nwfsc_pacific_hake_survey,D20210915T204409_IFCB117,2021-09-15 20:44:09+00:00,117,4.8679595625,46.9601,-125.0198,,,,,,237,,2,0
nwfsc_pacific_hake_survey,D20210915T210752_IFCB117,2021-09-15 21:07:52+00:00,117,4.81327364583333,46.9514,-124.9968,,,,,,355,,2,0
nwfsc_pacific_hake_survey,D20210915T213135_IFCB117,2021-09-15 21:31:35+00:00,117,4.81712502083333,46.945,-124.9635,,,,,,365,,2,0
nwfsc_pacific_hake_survey,D20210915T215517_IFCB117,2021-09-15 21:55:17+00:00,117,4.79796479166667,46.945,-124.9522,,,,,,367,,2,0
nwfsc_pacific_hake_survey,D20210915T221859_IFCB117,2021-09-15 22:18:59+00:00,117,4.7870158,46.9448,-124.865,,,,,,415,,2,0
nwfsc_pacific_hake_survey,D20210915T230825_IFCB117,2021-09-15 23:08:25+00:00,117,4.5386033375,46.945,-124.6851,,,,,,126,,2,0
nwfsc_pacific_hake_survey,D20210915T233207_IFCB117,2021-09-15 23:32:07+00:00,117,4.84909562083333,46.9448,-124.6,,,,,,295,,2,0
nwfsc_pacific_hake_survey,D20210915T235549_IFCB117,2021-09-15 23:55:49+00:00,117,4.7999425,46.9451,-124.5464,,,,,,335,,2,0
nwfsc_pacific_hake_survey,D20210916T001932_IFCB117,2021-09-16 00:19:32+00:00,117,4.80887658333333,46.9448,-124.4506,,,,,,351,,2,0
nwfsc_pacific_hake_survey,D20210916T004314_IFCB117,2021-09-16 00:43:14+00:00,117,4.85525595833333,46.9456,-124.3589,,,,,,264,,2,0
nwfsc_pacific_hake_survey,D20210916T010657_IFCB117,2021-09-16 01:06:57+00:00,117,4.86067119583333,46.9846,-124.4164,,,,,,225,,2,0
nwfsc_pacific_hake_survey,D20210916T013039_IFCB117,2021-09-16 01:30:39+00:00,117,4.8487711125,47.0366,-124.4658,,,,,,249,,2,0
nwfsc_pacific_hake_survey,D20210916T015422_IFCB117,2021-09-16 01:54:22+00:00,117,4.87157594583333,47.0938,-124.4194,,,,,,198,,2,0
nwfsc_pacific_hake_survey,D20210916T021804_IFCB117,2021-09-16 02:18:04+00:00,117,4.85592790416667,47.1112,-124.4184,,,,,,184,,2,0
nwfsc_pacific_hake_survey,D20210916T024146_IFCB117,2021-09-16 02:41:46+00:00,117,4.8465797875,47.1099,-124.4346,,,,,,221,,2,0
nwfsc_pacific_hake_survey,D20210916T030528_IFCB117,2021-09-16 03:05:28+00:00,117,4.81632072083333,47.1087,-124.4001,,,,,,240,,2,0
nwfsc_pacific_hake_survey,D20210916T032910_IFCB117,2021-09-16 03:29:10+00:00,117,4.79679838333333,47.1299,-124.4319,,,,,,231,,2,0
nwfsc_pacific_hake_survey,D20210916T035253_IFCB117,2021-09-16 03:52:53+00:00,117,4.84341689583333,47.1723,-124.4979,,,,,,218,,2,0
nwfsc_pacific_hake_survey,D20210916T041635_IFCB117,2021-09-16 04:16:35+00:00,117,4.85055168333333,47.2296,-124.5177,,,,,,219,,2,0
nwfsc_pacific_hake_survey,D20210916T044017_IFCB117,2021-09-16 04:40:17+00:00,117,4.82761929583333,47.2919,-124.5304,,,,,,256,,2,0
nwfsc_pacific_hake_survey,D20210916T050400_IFCB117,2021-09-16 05:04:00+00:00,117,4.83529540416667,47.3527,-124.5535,,,,,,245,,2,0
nwfsc_pacific_hake_survey,D20210916T052744_IFCB117,2021-09-16 05:27:44+00:00,117,4.82764965833333,47.4094,-124.568,,,,,,260,,2,0
nwfsc_pacific_hake_survey,D20210916T055126_IFCB117,2021-09-16 05:51:26+00:00,117,4.84828822083333,47.4437,-124.5574,,,,,,221,,2,0
nwfsc_pacific_hake_survey,D20210916T061508_IFCB117,2021-09-16 06:15:08+00:00,117,4.83428994166667,47.4442,-124.5964,,,,,,247,,2,0
nwfsc_pacific_hake_survey,D20210916T063851_IFCB117,2021-09-16 06:38:51+00:00,117,4.81398520833333,47.4449,-124.6852,,,,,,244,,2,0
nwfsc_pacific_hake_survey,D20210916T070234_IFCB117,2021-09-16 07:02:34+00:00,117,4.81654091666667,47.4439,-124.7755,,,,,,261,,2,0
nwfsc_pacific_hake_survey,D20210916T072616_IFCB117,2021-09-16 07:26:16+00:00,117,4.80665795,47.4402,-124.8058,,,,,,290,,2,0
nwfsc_pacific_hake_survey,D20210916T074958_IFCB117,2021-09-16 07:49:58+00:00,117,4.77361585833333,47.4455,-124.8319,,,,,,320,,2,0
nwfsc_pacific_hake_survey,D20210916T081341_IFCB117,2021-09-16 08:13:41+00:00,117,4.84330712083333,47.4426,-124.8351,,,,,,213,,2,0
nwfsc_pacific_hake_survey,D20210916T083723_IFCB117,2021-09-16 08:37:23+00:00,117,4.8981704375,47.4447,-124.8477,,,,,,140,,2,0
nwfsc_pacific_hake_survey,D20210916T090105_IFCB117,2021-09-16 09:01:05+00:00,117,4.87881219583333,47.4414,-124.8508,,,,,,123,,2,0
nwfsc_pacific_hake_survey,D20210916T092447_IFCB117,2021-09-16 09:24:47+00:00,117,4.9124080875,47.4441,-124.8785,,,,,,115,,2,0
nwfsc_pacific_hake_survey,D20210916T094829_IFCB117,2021-09-16 09:48:29+00:00,117,4.9084356375,47.4442,-124.9631,,,,,,116,,2,0
nwfsc_pacific_hake_survey,D20210916T101211_IFCB117,2021-09-16 10:12:11+00:00,117,4.8113330875,47.4403,-124.9652,,,,,,124,,2,0
nwfsc_pacific_hake_survey,D20210916T103553_IFCB117,2021-09-16 10:35:53+00:00,117,4.9201094375,47.4358,-124.9586,,,,,,108,,2,0
nwfsc_pacific_hake_survey,D20210916T112517_IFCB117,2021-09-16 11:25:17+00:00,117,4.920007225,47.3384,-124.8205,,,,,,90,,2,0
nwfsc_pacific_hake_survey,D20210916T114859_IFCB117,2021-09-16 11:48:59+00:00,117,4.85339531666667,47.29,-124.7559,,,,,,136,,2,0
nwfsc_pacific_hake_survey,D20210916T121242_IFCB117,2021-09-16 12:12:42+00:00,117,4.86181683333333,47.2451,-124.6805,,,,,,149,,2,0
nwfsc_pacific_hake_survey,D20210916T123624_IFCB117,2021-09-16 12:36:24+00:00,117,4.9059703875,47.2001,-124.6029,,,,,,131,,2,0
nwfsc_pacific_hake_survey,D20210916T130006_IFCB117,2021-09-16 13:00:06+00:00,117,4.92495250833333,47.1578,-124.5305,,,,,,94,,2,0
nwfsc_pacific_hake_survey,D20210916T132349_IFCB117,2021-09-16 13:23:49+00:00,117,4.82206184166667,47.1352,-124.4898,,,,,,74,,2,0
nwfsc_pacific_hake_survey,D20210916T134731_IFCB117,2021-09-16 13:47:31+00:00,117,4.9021369375,47.1103,-124.4512,,,,,,70,,2,0
nwfsc_pacific_hake_survey,D20210916T141113_IFCB117,2021-09-16 14:11:13+00:00,117,4.86523183333333,47.1115,-124.5138,,,,,,82,,2,0
nwfsc_pacific_hake_survey,D20210916T143455_IFCB117,2021-09-16 14:34:55+00:00,117,4.87789070416667,47.1115,-124.6052,,,,,,66,,2,0
nwfsc_pacific_hake_survey,D20210916T145837_IFCB117,2021-09-16 14:58:37+00:00,117,4.82536900416667,47.1115,-124.6993,,,,,,57,,2,0
nwfsc_pacific_hake_survey,D20210916T152219_IFCB117,2021-09-16 15:22:19+00:00,117,4.9066138,47.1119,-124.7961,,,,,,80,,2,0
nwfsc_pacific_hake_survey,D20210916T154602_IFCB117,2021-09-16 15:46:02+00:00,117,4.890885525,47.1117,-124.8927,,,,,,119,,2,0
nwfsc_pacific_hake_survey,D20210916T160944_IFCB117,2021-09-16 16:09:44+00:00,117,4.91612330833333,47.1112,-124.9754,,,,,,96,,2,0
nwfsc_pacific_hake_survey,D20210916T163326_IFCB117,2021-09-16 16:33:26+00:00,117,4.92011547916667,47.121,-125.0032,,,,,,103,,2,0
nwfsc_pacific_hake_survey,D20210916T165708_IFCB117,2021-09-16 16:57:08+00:00,117,4.8050815875,47.0971,-124.9728,,,,,,300,,2,0
nwfsc_pacific_hake_survey,D20210916T172050_IFCB117,2021-09-16 17:20:50+00:00,117,4.73151769583333,47.089,-124.9702,,,,,,395,,2,0
nwfsc_pacific_hake_survey,D20210916T174434_IFCB117,2021-09-16 17:44:34+00:00,117,4.76000665416667,47.1084,-124.98,,,,,,356,,2,0
nwfsc_pacific_hake_survey,D20210916T180816_IFCB117,2021-09-16 18:08:16+00:00,117,4.75316937916667,47.0676,-124.9568,,,,,,386,,2,0
nwfsc_pacific_hake_survey,D20210916T183158_IFCB117,2021-09-16 18:31:58+00:00,117,4.79928597916667,47.0514,-124.95,,,,,,261,,2,0
nwfsc_pacific_hake_survey,D20210916T185540_IFCB117,2021-09-16 18:55:40+00:00,117,4.81766792916667,47.0736,-124.9614,,,,,,242,,2,0
nwfsc_pacific_hake_survey,D20210916T191923_IFCB117,2021-09-16 19:19:23+00:00,117,4.68158049583333,47.0897,-124.97,,,,,,257,,2,0
nwfsc_pacific_hake_survey,D20210916T194305_IFCB117,2021-09-16 19:43:05+00:00,117,4.84929609583333,47.1046,-124.9781,,,,,,222,,2,0
nwfsc_pacific_hake_survey,D20210916T200647_IFCB117,2021-09-16 20:06:47+00:00,117,4.88092015416667,47.114,-124.9833,,,,,,153,,2,0
nwfsc_pacific_hake_survey,D20210916T203029_IFCB117,2021-09-16 20:30:29+00:00,117,4.91699024166667,47.1116,-125.0338,,,,,,113,,2,0
nwfsc_pacific_hake_survey,D20210916T205412_IFCB117,2021-09-16 20:54:12+00:00,117,4.90564380833333,47.1119,-125.1262,,,,,,110,,2,0
nwfsc_pacific_hake_survey,D20210916T211754_IFCB117,2021-09-16 21:17:54+00:00,117,4.911131675,47.1498,-125.1815,,,,,,102,,2,0
nwfsc_pacific_hake_survey,D20210916T214136_IFCB117,2021-09-16 21:41:36+00:00,117,4.8326523,47.2024,-125.2297,,,,,,236,,2,0
nwfsc_pacific_hake_survey,D20210916T220518_IFCB117,2021-09-16 22:05:18+00:00,117,4.78450970833333,47.2563,-125.2808,,,,,,280,,2,0
nwfsc_pacific_hake_survey,D20210916T222901_IFCB117,2021-09-16 22:29:01+00:00,117,4.77011242083333,47.2784,-125.2258,,,,,,319,,2,0
nwfsc_pacific_hake_survey,D20210916T225243_IFCB117,2021-09-16 22:52:43+00:00,117,4.85211009166667,47.278,-125.147,,,,,,249,,2,0
nwfsc_pacific_hake_survey,D20210916T234209_IFCB117,2021-09-16 23:42:09+00:00,117,4.84504963333333,47.2782,-124.9497,,,,,,162,,2,0
nwfsc_pacific_hake_survey,D20210917T000551_IFCB117,2021-09-17 00:05:51+00:00,117,4.86110157916667,47.278,-124.8707,,,,,,194,,2,0
nwfsc_pacific_hake_survey,D20210917T002933_IFCB117,2021-09-17 00:29:33+00:00,117,4.8786907625,47.2826,-124.8569,,,,,,196,,2,0
nwfsc_pacific_hake_survey,D20210917T005316_IFCB117,2021-09-17 00:53:16+00:00,117,4.86879998333333,47.2858,-124.9132,,,,,,130,,2,0
nwfsc_pacific_hake_survey,D20210917T011658_IFCB117,2021-09-17 01:16:58+00:00,117,4.91607287916667,47.2443,-124.901,,,,,,128,,2,0
nwfsc_pacific_hake_survey,D20210917T014040_IFCB117,2021-09-17 01:40:40+00:00,117,4.87148099583333,47.2555,-124.9045,,,,,,205,,2,0
nwfsc_pacific_hake_survey,D20210917T020423_IFCB117,2021-09-17 02:04:23+00:00,117,4.84685347083333,47.2774,-124.9108,,,,,,260,,2,0
nwfsc_pacific_hake_survey,D20210917T022805_IFCB117,2021-09-17 02:28:05+00:00,117,4.8584477125,47.2943,-124.9163,,,,,,206,,2,0
nwfsc_pacific_hake_survey,D20210917T025148_IFCB117,2021-09-17 02:51:48+00:00,117,4.88051067083333,47.3034,-124.9212,,,,,,162,,2,0
nwfsc_pacific_hake_survey,D20210917T031530_IFCB117,2021-09-17 03:15:30+00:00,117,4.89071187916667,47.3133,-124.9364,,,,,,147,,2,0
nwfsc_pacific_hake_survey,D20210917T033912_IFCB117,2021-09-17 03:39:12+00:00,117,4.84789349166667,47.3192,-125.0125,,,,,,141,,2,0
nwfsc_pacific_hake_survey,D20210917T040255_IFCB117,2021-09-17 04:02:55+00:00,117,4.86162873333333,47.3159,-125.0138,,,,,,156,,2,0
nwfsc_pacific_hake_survey,D20210917T042637_IFCB117,2021-09-17 04:26:37+00:00,117,4.91959040416667,47.3144,-125.0187,,,,,,143,,2,0
nwfsc_pacific_hake_survey,D20210917T045020_IFCB117,2021-09-17 04:50:20+00:00,117,4.86392130416667,47.3362,-125.1113,,,,,,153,,2,0
nwfsc_pacific_hake_survey,D20210917T051403_IFCB117,2021-09-17 05:14:03+00:00,117,4.87477109583333,47.3569,-125.2079,,,,,,155,,2,0
nwfsc_pacific_hake_survey,D20210917T053745_IFCB117,2021-09-17 05:37:45+00:00,117,4.89141593333333,47.3774,-125.299,,,,,,143,,2,0
nwfsc_pacific_hake_survey,D20210917T060129_IFCB117,2021-09-17 06:01:29+00:00,117,4.91470021666667,47.3995,-125.3945,,,,,,109,,2,0
nwfsc_pacific_hake_survey,D20210917T062511_IFCB117,2021-09-17 06:25:11+00:00,117,4.93001172916667,47.4207,-125.4899,,,,,,118,,2,0
nwfsc_pacific_hake_survey,D20210917T064854_IFCB117,2021-09-17 06:48:54+00:00,117,4.92948334583333,47.4402,-125.5813,,,,,,108,,2,0
nwfsc_pacific_hake_survey,D20210917T071236_IFCB117,2021-09-17 07:12:36+00:00,117,4.9386994375,47.4504,-125.6013,,,,,,94,,2,0
nwfsc_pacific_hake_survey,D20210917T073618_IFCB117,2021-09-17 07:36:18+00:00,117,4.94302998333333,47.4532,-125.5956,,,,,,94,,2,0
nwfsc_pacific_hake_survey,D20210917T080000_IFCB117,2021-09-17 08:00:00+00:00,117,4.93236076666667,47.4475,-125.5619,,,,,,94,,2,0
nwfsc_pacific_hake_survey,D20210917T082343_IFCB117,2021-09-17 08:23:43+00:00,117,4.8927514,47.4443,-125.4636,,,,,,89,,2,0
nwfsc_pacific_hake_survey,D20210917T084725_IFCB117,2021-09-17 08:47:25+00:00,117,4.8330644875,47.4468,-125.4543,,,,,,67,,2,0
nwfsc_pacific_hake_survey,D20210917T091107_IFCB117,2021-09-17 09:11:07+00:00,117,4.9480267125,47.4447,-125.4356,,,,,,59,,2,0
nwfsc_pacific_hake_survey,D20210917T093450_IFCB117,2021-09-17 09:34:50+00:00,117,4.9045876,47.4438,-125.3575,,,,,,71,,2,0
nwfsc_pacific_hake_survey,D20210917T095832_IFCB117,2021-09-17 09:58:32+00:00,117,4.9336520375,47.4438,-125.3386,,,,,,69,,2,0
nwfsc_pacific_hake_survey,D20210917T102214_IFCB117,2021-09-17 10:22:14+00:00,117,4.6628465,47.445,-125.3288,,,,,,50,,2,0
nwfsc_pacific_hake_survey,D20210917T104557_IFCB117,2021-09-17 10:45:57+00:00,117,4.94439083333333,47.4403,-125.2567,,,,,,24,,2,0
nwfsc_pacific_hake_survey,D20210917T110939_IFCB117,2021-09-17 11:09:39+00:00,117,4.95283209583333,47.4364,-125.1536,,,,,,32,,2,0
nwfsc_pacific_hake_survey,D20210917T115904_IFCB117,2021-09-17 11:59:04+00:00,117,3.71493261666667,47.4465,-125.0873,,,,,,9,,2,0
nwfsc_pacific_hake_survey,D20210917T122247_IFCB117,2021-09-17 12:22:47+00:00,117,4.93098196666667,47.4218,-125.0582,,,,,,28,,2,0
nwfsc_pacific_hake_survey,D20210917T124629_IFCB117,2021-09-17 12:46:29+00:00,117,4.762724575,47.3768,-124.9987,,,,,,19,,2,0
nwfsc_pacific_hake_survey,D20210917T131012_IFCB117,2021-09-17 13:10:12+00:00,117,4.93627094166667,47.3318,-124.9364,,,,,,29,,2,0
nwfsc_pacific_hake_survey,D20210917T133354_IFCB117,2021-09-17 13:33:54+00:00,117,4.82364927916667,47.2955,-124.8854,,,,,,21,,2,0
nwfsc_pacific_hake_survey,D20210917T135737_IFCB117,2021-09-17 13:57:37+00:00,117,4.76261010833333,47.2784,-124.8517,,,,,,35,,2,0
nwfsc_pacific_hake_survey,D20210917T142119_IFCB117,2021-09-17 14:21:19+00:00,117,4.96873663333333,47.2785,-124.7552,,,,,,29,,2,0
nwfsc_pacific_hake_survey,D20210917T144501_IFCB117,2021-09-17 14:45:01+00:00,117,4.64544562083333,47.2785,-124.8364,,,,,,41,,2,0
nwfsc_pacific_hake_survey,D20210917T150843_IFCB117,2021-09-17 15:08:43+00:00,117,4.9103236125,47.2784,-124.8185,,,,,,41,,2,0
nwfsc_pacific_hake_survey,D20210917T153226_IFCB117,2021-09-17 15:32:26+00:00,117,4.96744019583333,47.2782,-124.7221,,,,,,21,,2,0
nwfsc_pacific_hake_survey,D20210917T155608_IFCB117,2021-09-17 15:56:08+00:00,117,4.83207344166667,47.278,-124.6287,,,,,,31,,2,0
nwfsc_pacific_hake_survey,D20210917T161950_IFCB117,2021-09-17 16:19:50+00:00,117,4.65721770833333,47.2787,-124.5416,,,,,,26,,2,0
nwfsc_pacific_hake_survey,D20210917T164333_IFCB117,2021-09-17 16:43:33+00:00,117,4.75732543333333,47.292,-124.4976,,,,,,18,,2,0
nwfsc_pacific_hake_survey,D20210917T170715_IFCB117,2021-09-17 17:07:15+00:00,117,4.88508867083333,47.3511,-124.5565,,,,,,31,,2,0
nwfsc_pacific_hake_survey,D20210917T173057_IFCB117,2021-09-17 17:30:57+00:00,117,4.92226624583333,47.4194,-124.5714,,,,,,35,,2,0
nwfsc_pacific_hake_survey,D20210917T175440_IFCB117,2021-09-17 17:54:40+00:00,117,4.83218195833333,47.4458,-124.598,,,,,,33,,2,0
nwfsc_pacific_hake_survey,D20210917T181823_IFCB117,2021-09-17 18:18:23+00:00,117,4.02983932083333,47.4457,-124.6714,,,,,,41,,2,0
nwfsc_pacific_hake_survey,D20210917T184206_IFCB117,2021-09-17 18:42:06+00:00,117,4.95934999583333,47.4454,-124.7477,,,,,,54,,2,0
nwfsc_pacific_hake_survey,D20210917T190548_IFCB117,2021-09-17 19:05:48+00:00,117,2.2115275875,47.4447,-124.813,,,,,,4169,,2,0
nwfsc_pacific_hake_survey,D20210917T192931_IFCB117,2021-09-17 19:29:31+00:00,117,3.05201547083333,47.4423,-124.8478,,,,,,2978,,2,0
nwfsc_pacific_hake_survey,D20210917T195314_IFCB117,2021-09-17 19:53:14+00:00,117,3.21499403333333,47.4339,-124.8245,,,,,,2701,,2,0
nwfsc_pacific_hake_survey,D20210917T201656_IFCB117,2021-09-17 20:16:56+00:00,117,3.35212432083333,47.4448,-124.8808,,,,,,2475,,2,0
nwfsc_pacific_hake_survey,D20210917T204040_IFCB117,2021-09-17 20:40:40+00:00,117,3.36609470833333,47.4447,-124.9486,,,,,,2461,,2,0
nwfsc_pacific_hake_survey,D20210917T210423_IFCB117,2021-09-17 21:04:23+00:00,117,3.4978554875,47.4458,-125.0222,,,,,,2252,,2,0
nwfsc_pacific_hake_survey,D20210917T212806_IFCB117,2021-09-17 21:28:06+00:00,117,3.52483392083333,47.4416,-125.0959,,,,,,2201,,2,0
nwfsc_pacific_hake_survey,D20210917T215149_IFCB117,2021-09-17 21:51:49+00:00,117,3.71543464166667,47.442,-125.166,,,,,,1933,,2,0
nwfsc_pacific_hake_survey,D20210917T221531_IFCB117,2021-09-17 22:15:31+00:00,117,3.91638834583333,47.4455,-125.2388,,,,,,1643,,2,0
nwfsc_pacific_hake_survey,D20210917T223914_IFCB117,2021-09-17 22:39:14+00:00,117,4.06055313333333,47.4456,-125.3099,,,,,,1401,,2,0
nwfsc_pacific_hake_survey,D20210917T230256_IFCB117,2021-09-17 23:02:56+00:00,117,4.59830624583333,47.4449,-125.3767,,,,,,562,,2,0
nwfsc_pacific_hake_survey,D20210917T232638_IFCB117,2021-09-17 23:26:38+00:00,117,4.7542100625,47.4456,-125.443,,,,,,321,,2,0
nwfsc_pacific_hake_survey,D20210918T001603_IFCB117,2021-09-18 00:16:03+00:00,117,4.84607153333333,47.4445,-125.576,,,,,,67,,2,0
nwfsc_pacific_hake_survey,D20210918T003945_IFCB117,2021-09-18 00:39:45+00:00,117,4.9077138875,47.4594,-125.5687,,,,,,71,,2,0
nwfsc_pacific_hake_survey,D20210918T010327_IFCB117,2021-09-18 01:03:27+00:00,117,4.9290633125,47.4904,-125.4815,,,,,,65,,2,0
nwfsc_pacific_hake_survey,D20210918T012710_IFCB117,2021-09-18 01:27:10+00:00,117,4.877018425,47.525,-125.3881,,,,,,90,,2,0
nwfsc_pacific_hake_survey,D20210918T015052_IFCB117,2021-09-18 01:50:52+00:00,117,4.89329467083333,47.5589,-125.2966,,,,,,73,,2,0
nwfsc_pacific_hake_survey,D20210918T021434_IFCB117,2021-09-18 02:14:34+00:00,117,4.9458969375,47.5924,-125.2041,,,,,,53,,2,0
nwfsc_pacific_hake_survey,D20210918T023816_IFCB117,2021-09-18 02:38:16+00:00,117,4.88073610416667,47.6258,-125.1157,,,,,,54,,2,0
nwfsc_pacific_hake_survey,D20210918T030158_IFCB117,2021-09-18 03:01:58+00:00,117,4.29743591666667,47.6565,-125.0319,,,,,,51,,2,0
nwfsc_pacific_hake_survey,D20210918T032540_IFCB117,2021-09-18 03:25:40+00:00,117,4.87818123333333,47.6876,-124.9463,,,,,,70,,2,0
nwfsc_pacific_hake_survey,D20210918T034922_IFCB117,2021-09-18 03:49:22+00:00,117,4.92769236666667,47.7183,-124.8631,,,,,,54,,2,0
nwfsc_pacific_hake_survey,D20210918T041305_IFCB117,2021-09-18 04:13:05+00:00,117,4.62068767083333,47.7502,-124.78,,,,,,42,,2,0
nwfsc_pacific_hake_survey,D20210918T043647_IFCB117,2021-09-18 04:36:47+00:00,117,4.82447752916667,47.779,-124.7081,,,,,,66,,2,0
nwfsc_pacific_hake_survey,D20210918T050029_IFCB117,2021-09-18 05:00:29+00:00,117,4.92765665,47.781,-124.7119,,,,,,85,,2,0
nwfsc_pacific_hake_survey,D20210918T052411_IFCB117,2021-09-18 05:24:11+00:00,117,4.82814553333333,47.7818,-124.7183,,,,,,127,,2,0
nwfsc_pacific_hake_survey,D20210918T054754_IFCB117,2021-09-18 05:47:54+00:00,117,4.8611794875,47.784,-124.7232,,,,,,139,,2,0
nwfsc_pacific_hake_survey,D20210918T061136_IFCB117,2021-09-18 06:11:36+00:00,117,4.87642725833333,47.7851,-124.7267,,,,,,151,,2,0
nwfsc_pacific_hake_survey,D20210918T063518_IFCB117,2021-09-18 06:35:18+00:00,117,4.8559702125,47.7856,-124.7292,,,,,,152,,2,0
nwfsc_pacific_hake_survey,D20210918T065900_IFCB117,2021-09-18 06:59:00+00:00,117,4.87251865416667,47.7813,-124.7374,,,,,,149,,2,0
nwfsc_pacific_hake_survey,D20210918T072243_IFCB117,2021-09-18 07:22:43+00:00,117,4.86485477916667,47.7742,-124.7501,,,,,,155,,2,0
nwfsc_pacific_hake_survey,D20210918T074625_IFCB117,2021-09-18 07:46:25+00:00,117,4.78373324583333,47.7706,-124.7629,,,,,,173,,2,0
nwfsc_pacific_hake_survey,D20210918T081007_IFCB117,2021-09-18 08:10:07+00:00,117,4.8369832375,47.7624,-124.7697,,,,,,152,,2,0
nwfsc_pacific_hake_survey,D20210918T083349_IFCB117,2021-09-18 08:33:49+00:00,117,4.85933112916667,47.7557,-124.7765,,,,,,182,,2,0
nwfsc_pacific_hake_survey,D20210918T085732_IFCB117,2021-09-18 08:57:32+00:00,117,4.85540004583333,47.7974,-124.7488,,,,,,188,,2,0
nwfsc_pacific_hake_survey,D20210918T092114_IFCB117,2021-09-18 09:21:14+00:00,117,4.87838725833333,47.8032,-124.7506,,,,,,152,,2,0
nwfsc_pacific_hake_survey,D20210918T094456_IFCB117,2021-09-18 09:44:56+00:00,117,4.8867283625,47.7982,-124.7584,,,,,,144,,2,0
nwfsc_pacific_hake_survey,D20210918T100838_IFCB117,2021-09-18 10:08:38+00:00,117,4.8935013125,47.7919,-124.762,,,,,,146,,2,0
nwfsc_pacific_hake_survey,D20210918T103220_IFCB117,2021-09-18 10:32:20+00:00,117,4.893115675,47.785,-124.7672,,,,,,151,,2,0
nwfsc_pacific_hake_survey,D20210918T105603_IFCB117,2021-09-18 10:56:03+00:00,117,4.8779298875,47.7786,-124.772,,,,,,164,,2,0
nwfsc_pacific_hake_survey,D20210918T111945_IFCB117,2021-09-18 11:19:45+00:00,117,4.8262255875,47.7689,-124.7708,,,,,,169,,2,0
nwfsc_pacific_hake_survey,D20210918T114327_IFCB117,2021-09-18 11:43:27+00:00,117,4.85683675,47.7714,-124.7563,,,,,,160,,2,0
nwfsc_pacific_hake_survey,D20210918T123252_IFCB117,2021-09-18 12:32:52+00:00,117,4.85880407083333,47.7802,-124.7445,,,,,,62,,2,0
nwfsc_pacific_hake_survey,D20210918T125634_IFCB117,2021-09-18 12:56:34+00:00,117,4.8097592125,47.7696,-124.7579,,,,,,149,,2,0
nwfsc_pacific_hake_survey,D20210918T132018_IFCB117,2021-09-18 13:20:18+00:00,117,4.8857474125,47.7552,-124.7741,,,,,,152,,2,0
nwfsc_pacific_hake_survey,D20210918T134400_IFCB117,2021-09-18 13:44:00+00:00,117,4.88290813333333,47.7601,-124.7555,,,,,,155,,2,0
nwfsc_pacific_hake_survey,D20210918T140742_IFCB117,2021-09-18 14:07:42+00:00,117,4.88543512083333,47.7787,-124.7227,,,,,,145,,2,0
nwfsc_pacific_hake_survey,D20210918T143125_IFCB117,2021-09-18 14:31:25+00:00,117,4.80873769166667,47.7786,-124.816,,,,,,144,,2,0
nwfsc_pacific_hake_survey,D20210918T145507_IFCB117,2021-09-18 14:55:07+00:00,117,4.86994657083333,47.7778,-124.9039,,,,,,185,,2,0
nwfsc_pacific_hake_survey,D20210918T151849_IFCB117,2021-09-18 15:18:49+00:00,117,4.832664475,47.7787,-124.989,,,,,,166,,2,0
nwfsc_pacific_hake_survey,D20210918T154232_IFCB117,2021-09-18 15:42:32+00:00,117,4.75669831666667,47.7791,-125.0795,,,,,,111,,2,0
nwfsc_pacific_hake_survey,D20210918T160614_IFCB117,2021-09-18 16:06:14+00:00,117,4.8666488875,47.7793,-125.0568,,,,,,65,,2,0
nwfsc_pacific_hake_survey,D20210918T162956_IFCB117,2021-09-18 16:29:56+00:00,117,4.93544666666667,47.7827,-125.0296,,,,,,71,,2,0
nwfsc_pacific_hake_survey,D20210918T165338_IFCB117,2021-09-18 16:53:38+00:00,117,4.73749301666667,47.7782,-125.0618,,,,,,47,,2,0
nwfsc_pacific_hake_survey,D20210918T171721_IFCB117,2021-09-18 17:17:21+00:00,117,4.90138754166667,47.7757,-125.0884,,,,,,45,,2,0
nwfsc_pacific_hake_survey,D20210918T174102_IFCB117,2021-09-18 17:41:02+00:00,117,4.89782314166667,47.7773,-125.0908,,,,,,47,,2,0
nwfsc_pacific_hake_survey,D20210918T180445_IFCB117,2021-09-18 18:04:45+00:00,117,4.857759475,47.7788,-125.0922,,,,,,50,,2,0
nwfsc_pacific_hake_survey,D20210918T182827_IFCB117,2021-09-18 18:28:27+00:00,117,4.9301136375,47.7784,-125.1776,,,,,,58,,2,0
nwfsc_pacific_hake_survey,D20210918T185209_IFCB117,2021-09-18 18:52:09+00:00,117,4.74855352083333,47.7782,-125.2619,,,,,,64,,2,0
nwfsc_pacific_hake_survey,D20210918T191551_IFCB117,2021-09-18 19:15:51+00:00,117,4.862353775,47.7787,-125.3438,,,,,,178,,2,0
nwfsc_pacific_hake_survey,D20210918T193933_IFCB117,2021-09-18 19:39:33+00:00,117,4.84396811666667,47.7789,-125.4293,,,,,,221,,2,0
nwfsc_pacific_hake_survey,D20210918T200315_IFCB117,2021-09-18 20:03:15+00:00,117,4.9158943875,47.7786,-125.5014,,,,,,110,,2,0
nwfsc_pacific_hake_survey,D20210918T202658_IFCB117,2021-09-18 20:26:58+00:00,117,4.854675825,47.778,-125.5705,,,,,,211,,2,0
nwfsc_pacific_hake_survey,D20210918T205040_IFCB117,2021-09-18 20:50:40+00:00,117,4.6835688375,47.7779,-125.6595,,,,,,489,,2,0
nwfsc_pacific_hake_survey,D20210918T211422_IFCB117,2021-09-18 21:14:22+00:00,117,4.53924244166667,47.7785,-125.7477,,,,,,723,,2,0
nwfsc_pacific_hake_survey,D20210918T213805_IFCB117,2021-09-18 21:38:05+00:00,117,4.39255877083333,47.7789,-125.8361,,,,,,919,,2,0
nwfsc_pacific_hake_survey,D20210918T220147_IFCB117,2021-09-18 22:01:47+00:00,117,4.55781669583333,47.7919,-125.9006,,,,,,670,,2,0
nwfsc_pacific_hake_survey,D20210918T222529_IFCB117,2021-09-18 22:25:29+00:00,117,4.6743566375,47.8578,-125.8902,,,,,,498,,2,0
nwfsc_pacific_hake_survey,D20210918T224912_IFCB117,2021-09-18 22:49:12+00:00,117,4.6630558625,47.9088,-125.8442,,,,,,528,,2,0
nwfsc_pacific_hake_survey,D20210918T231254_IFCB117,2021-09-18 23:12:54+00:00,117,4.77340222083333,47.9421,-125.8982,,,,,,447,,2,0
nwfsc_pacific_hake_survey,D20210918T233637_IFCB117,2021-09-18 23:36:37+00:00,117,4.8996982875,47.9449,-125.8116,,,,,,178,,2,0
nwfsc_pacific_hake_survey,D20210919T000019_IFCB117,2021-09-19 00:00:19+00:00,117,4.895074275,47.9448,-125.7324,,,,,,170,,2,0
nwfsc_pacific_hake_survey,D20210919T004944_IFCB117,2021-09-19 00:49:44+00:00,117,4.8765889375,47.9448,-125.5466,,,,,,179,,2,0
nwfsc_pacific_hake_survey,D20210919T011326_IFCB117,2021-09-19 01:13:26+00:00,117,4.826850725,47.9453,-125.4536,,,,,,323,,2,0
nwfsc_pacific_hake_survey,D20210919T013708_IFCB117,2021-09-19 01:37:08+00:00,117,4.8643568625,47.9451,-125.3595,,,,,,254,,2,0
nwfsc_pacific_hake_survey,D20210919T020050_IFCB117,2021-09-19 02:00:50+00:00,117,4.84523118333333,47.9451,-125.2909,,,,,,268,,2,0
nwfsc_pacific_hake_survey,D20210919T022433_IFCB117,2021-09-19 02:24:33+00:00,117,4.8449482875,47.945,-125.1961,,,,,,261,,2,0
nwfsc_pacific_hake_survey,D20210919T024815_IFCB117,2021-09-19 02:48:15+00:00,117,4.839451975,47.9472,-125.1851,,,,,,281,,2,0
nwfsc_pacific_hake_survey,D20210919T031157_IFCB117,2021-09-19 03:11:57+00:00,117,4.84880433333333,47.9499,-125.195,,,,,,287,,2,0
nwfsc_pacific_hake_survey,D20210919T033540_IFCB117,2021-09-19 03:35:40+00:00,117,4.8518601875,47.9456,-125.2344,,,,,,280,,2,0
nwfsc_pacific_hake_survey,D20210919T035922_IFCB117,2021-09-19 03:59:22+00:00,117,4.80336585833333,47.9454,-125.2681,,,,,,387,,2,0
nwfsc_pacific_hake_survey,D20210919T042305_IFCB117,2021-09-19 04:23:05+00:00,117,4.81885973333333,47.9451,-125.3086,,,,,,341,,2,0
nwfsc_pacific_hake_survey,D20210919T044647_IFCB117,2021-09-19 04:46:47+00:00,117,4.83047749166667,47.9452,-125.359,,,,,,298,,2,0
nwfsc_pacific_hake_survey,D20210919T051029_IFCB117,2021-09-19 05:10:29+00:00,117,4.81049312916667,47.9451,-125.4063,,,,,,344,,2,0
nwfsc_pacific_hake_survey,D20210919T053412_IFCB117,2021-09-19 05:34:12+00:00,117,4.7891887125,47.9453,-125.433,,,,,,383,,2,0
nwfsc_pacific_hake_survey,D20210919T055754_IFCB117,2021-09-19 05:57:54+00:00,117,4.77822345416667,47.9465,-125.4518,,,,,,430,,2,0
nwfsc_pacific_hake_survey,D20210919T062137_IFCB117,2021-09-19 06:21:37+00:00,117,4.81656772916667,47.9455,-125.387,,,,,,354,,2,0
nwfsc_pacific_hake_survey,D20210919T064519_IFCB117,2021-09-19 06:45:19+00:00,117,4.77799023333333,47.9451,-125.3216,,,,,,435,,2,0
nwfsc_pacific_hake_survey,D20210919T070901_IFCB117,2021-09-19 07:09:01+00:00,117,4.7894552625,47.9461,-125.2555,,,,,,398,,2,0
nwfsc_pacific_hake_survey,D20210919T073244_IFCB117,2021-09-19 07:32:44+00:00,117,4.776894125,47.9454,-125.1969,,,,,,429,,2,0
nwfsc_pacific_hake_survey,D20210919T075626_IFCB117,2021-09-19 07:56:26+00:00,117,4.76196260833333,47.9459,-125.1844,,,,,,476,,2,0
nwfsc_pacific_hake_survey,D20210919T082009_IFCB117,2021-09-19 08:20:09+00:00,117,4.7906989125,47.9455,-125.2277,,,,,,413,,2,0
nwfsc_pacific_hake_survey,D20210919T084351_IFCB117,2021-09-19 08:43:51+00:00,117,4.80457490416667,47.9452,-125.2683,,,,,,383,,2,0
nwfsc_pacific_hake_survey,D20210919T090733_IFCB117,2021-09-19 09:07:33+00:00,117,4.81513322083333,47.9451,-125.3122,,,,,,353,,2,0
nwfsc_pacific_hake_survey,D20210919T093116_IFCB117,2021-09-19 09:31:16+00:00,117,4.79948895,47.9452,-125.362,,,,,,358,,2,0
nwfsc_pacific_hake_survey,D20210919T095458_IFCB117,2021-09-19 09:54:58+00:00,117,4.80606244583333,47.9451,-125.4136,,,,,,357,,2,0
nwfsc_pacific_hake_survey,D20210919T101841_IFCB117,2021-09-19 10:18:41+00:00,117,4.80107513333333,47.9449,-125.4678,,,,,,357,,2,0
nwfsc_pacific_hake_survey,D20210919T104223_IFCB117,2021-09-19 10:42:23+00:00,117,4.821550025,47.9445,-125.5145,,,,,,351,,2,0
nwfsc_pacific_hake_survey,D20210919T110605_IFCB117,2021-09-19 11:06:05+00:00,117,4.788134275,47.9444,-125.554,,,,,,363,,2,0
nwfsc_pacific_hake_survey,D20210919T112947_IFCB117,2021-09-19 11:29:47+00:00,117,4.7889500625,47.9451,-125.5925,,,,,,319,,2,0
nwfsc_pacific_hake_survey,D20210919T115330_IFCB117,2021-09-19 11:53:30+00:00,117,4.8736609625,47.944,-125.5536,,,,,,220,,2,0
nwfsc_pacific_hake_survey,D20210919T121712_IFCB117,2021-09-19 12:17:12+00:00,117,4.87426059583333,47.9455,-125.4878,,,,,,206,,2,0
nwfsc_pacific_hake_survey,D20210919T130637_IFCB117,2021-09-19 13:06:37+00:00,117,4.83635149166667,47.9463,-125.3518,,,,,,231,,2,0
nwfsc_pacific_hake_survey,D20210919T133020_IFCB117,2021-09-19 13:30:20+00:00,117,4.83198782083333,47.9498,-125.2824,,,,,,289,,2,0
nwfsc_pacific_hake_survey,D20210919T135402_IFCB117,2021-09-19 13:54:02+00:00,117,4.83151139166667,47.9499,-125.2369,,,,,,329,,2,0
nwfsc_pacific_hake_survey,D20210919T141744_IFCB117,2021-09-19 14:17:44+00:00,117,4.71542738333333,47.9463,-125.2709,,,,,,476,,2,0
nwfsc_pacific_hake_survey,D20210919T144127_IFCB117,2021-09-19 14:41:27+00:00,117,4.6566765375,47.9452,-125.3253,,,,,,669,,2,0
nwfsc_pacific_hake_survey,D20210919T150509_IFCB117,2021-09-19 15:05:09+00:00,117,4.74500900833333,47.9453,-125.2942,,,,,,470,,2,0
nwfsc_pacific_hake_survey,D20210919T152852_IFCB117,2021-09-19 15:28:52+00:00,117,4.74605625416667,47.9451,-125.2571,,,,,,425,,2,0
nwfsc_pacific_hake_survey,D20210919T155235_IFCB117,2021-09-19 15:52:35+00:00,117,4.82088691666667,47.9453,-125.2343,,,,,,324,,2,0
nwfsc_pacific_hake_survey,D20210919T161617_IFCB117,2021-09-19 16:16:17+00:00,117,4.815413175,47.9455,-125.2702,,,,,,317,,2,0
nwfsc_pacific_hake_survey,D20210919T164000_IFCB117,2021-09-19 16:40:00+00:00,117,4.87915771666667,47.9454,-125.302,,,,,,218,,2,0
nwfsc_pacific_hake_survey,D20210919T170342_IFCB117,2021-09-19 17:03:42+00:00,117,4.86547905833333,47.9461,-125.3293,,,,,,185,,2,0
nwfsc_pacific_hake_survey,D20210919T172725_IFCB117,2021-09-19 17:27:25+00:00,117,4.81060240416667,47.9445,-125.3577,,,,,,349,,2,0
nwfsc_pacific_hake_survey,D20210919T175107_IFCB117,2021-09-19 17:51:07+00:00,117,4.8030820125,47.9443,-125.3593,,,,,,361,,2,0
nwfsc_pacific_hake_survey,D20210919T181449_IFCB117,2021-09-19 18:14:49+00:00,117,4.77386576666667,47.9453,-125.2817,,,,,,293,,2,0
nwfsc_pacific_hake_survey,D20210919T183832_IFCB117,2021-09-19 18:38:32+00:00,117,4.845429225,47.9442,-125.1848,,,,,,271,,2,0
nwfsc_pacific_hake_survey,D20210919T190215_IFCB117,2021-09-19 19:02:15+00:00,117,4.83545339583333,47.9464,-125.0871,,,,,,314,,2,0
nwfsc_pacific_hake_survey,D20210919T192557_IFCB117,2021-09-19 19:25:57+00:00,117,4.9021584375,47.9449,-124.9944,,,,,,128,,2,0
nwfsc_pacific_hake_survey,D20210919T194940_IFCB117,2021-09-19 19:49:40+00:00,117,4.87912256666667,47.9468,-124.8977,,,,,,131,,2,0
nwfsc_pacific_hake_survey,D20210919T201322_IFCB117,2021-09-19 20:13:22+00:00,117,4.88636814583333,47.9485,-124.7971,,,,,,149,,2,0
nwfsc_pacific_hake_survey,D20210919T203705_IFCB117,2021-09-19 20:37:05+00:00,117,4.89208207083333,47.9902,-124.8543,,,,,,145,,2,0
nwfsc_pacific_hake_survey,D20210919T210047_IFCB117,2021-09-19 21:00:47+00:00,117,4.89073770416667,48.0308,-124.9177,,,,,,109,,2,0
nwfsc_pacific_hake_survey,D20210919T212429_IFCB117,2021-09-19 21:24:29+00:00,117,4.71332089166667,48.0732,-124.946,,,,,,137,,2,0
nwfsc_pacific_hake_survey,D20210919T214811_IFCB117,2021-09-19 21:48:11+00:00,117,4.82443832083333,48.1072,-124.8562,,,,,,260,,2,0
nwfsc_pacific_hake_survey,D20210919T221154_IFCB117,2021-09-19 22:11:54+00:00,117,4.88208292083333,48.1118,-124.9291,,,,,,155,,2,0
nwfsc_pacific_hake_survey,D20210919T223536_IFCB117,2021-09-19 22:35:36+00:00,117,4.69643410833333,48.1121,-125.02,,,,,,458,,2,0
nwfsc_pacific_hake_survey,D20210919T225918_IFCB117,2021-09-19 22:59:18+00:00,117,4.70553215416667,48.112,-125.1111,,,,,,425,,2,0
nwfsc_pacific_hake_survey,D20210919T232300_IFCB117,2021-09-19 23:23:00+00:00,117,4.72460408333333,48.1113,-125.2017,,,,,,415,,2,0
nwfsc_pacific_hake_survey,D20210919T234642_IFCB117,2021-09-19 23:46:42+00:00,117,4.69880667916667,48.1113,-125.1992,,,,,,465,,2,0
nwfsc_pacific_hake_survey,D20210920T001024_IFCB117,2021-09-20 00:10:24+00:00,117,4.704633725,48.1112,-125.289,,,,,,453,,2,0
nwfsc_pacific_hake_survey,D20210920T003406_IFCB117,2021-09-20 00:34:06+00:00,117,4.6811563125,48.111,-125.2245,,,,,,473,,2,0
nwfsc_pacific_hake_survey,D20210920T012331_IFCB117,2021-09-20 01:23:31+00:00,117,4.76733742916667,48.1117,-125.2178,,,,,,342,,2,0
nwfsc_pacific_hake_survey,D20210920T014714_IFCB117,2021-09-20 01:47:14+00:00,117,4.64010086666667,48.1115,-125.248,,,,,,519,,2,0
nwfsc_pacific_hake_survey,D20210920T021056_IFCB117,2021-09-20 02:10:56+00:00,117,4.68322240416667,48.1095,-125.2668,,,,,,466,,2,0
nwfsc_pacific_hake_survey,D20210920T023438_IFCB117,2021-09-20 02:34:38+00:00,117,4.64215597083333,48.105,-125.2994,,,,,,559,,2,0
nwfsc_pacific_hake_survey,D20210920T025820_IFCB117,2021-09-20 02:58:20+00:00,117,4.65245056666667,48.108,-125.3981,,,,,,524,,2,0
nwfsc_pacific_hake_survey,D20210920T032202_IFCB117,2021-09-20 03:22:02+00:00,117,4.54676118333333,48.1119,-125.4944,,,,,,716,,2,0
nwfsc_pacific_hake_survey,D20210920T034545_IFCB117,2021-09-20 03:45:45+00:00,117,4.69868176666667,48.1123,-125.5753,,,,,,463,,2,0
nwfsc_pacific_hake_survey,D20210920T040927_IFCB117,2021-09-20 04:09:27+00:00,117,4.77713292916667,48.1106,-125.5741,,,,,,340,,2,0
nwfsc_pacific_hake_survey,D20210920T043309_IFCB117,2021-09-20 04:33:09+00:00,117,4.78733809166667,48.1108,-125.635,,,,,,322,,2,0
nwfsc_pacific_hake_survey,D20210920T045651_IFCB117,2021-09-20 04:56:51+00:00,117,4.783299125,48.1115,-125.7222,,,,,,321,,2,0
nwfsc_pacific_hake_survey,D20210920T052036_IFCB117,2021-09-20 05:20:36+00:00,117,4.79481965416667,48.1108,-125.7408,,,,,,281,,2,0
nwfsc_pacific_hake_survey,D20210920T054419_IFCB117,2021-09-20 05:44:19+00:00,117,4.8200292125,48.1101,-125.753,,,,,,260,,2,0
nwfsc_pacific_hake_survey,D20210920T060801_IFCB117,2021-09-20 06:08:01+00:00,117,4.73966738333333,48.1112,-125.781,,,,,,392,,2,0
nwfsc_pacific_hake_survey,D20210920T063143_IFCB117,2021-09-20 06:31:43+00:00,117,4.71945092083333,48.1089,-125.7791,,,,,,424,,2,0
nwfsc_pacific_hake_survey,D20210920T065526_IFCB117,2021-09-20 06:55:26+00:00,117,4.74659314583333,48.1088,-125.812,,,,,,380,,2,0
nwfsc_pacific_hake_survey,D20210920T071908_IFCB117,2021-09-20 07:19:08+00:00,117,4.7843663125,48.1117,-125.8974,,,,,,311,,2,0
nwfsc_pacific_hake_survey,D20210920T074250_IFCB117,2021-09-20 07:42:50+00:00,117,4.82279686666667,48.1108,-125.9048,,,,,,260,,2,0
nwfsc_pacific_hake_survey,D20210920T080632_IFCB117,2021-09-20 08:06:32+00:00,117,4.80535697916667,48.1096,-125.9046,,,,,,263,,2,0
nwfsc_pacific_hake_survey,D20210920T083015_IFCB117,2021-09-20 08:30:15+00:00,117,4.8150323625,48.1107,-125.957,,,,,,239,,2,0
nwfsc_pacific_hake_survey,D20210920T085357_IFCB117,2021-09-20 08:53:57+00:00,117,4.83151764166667,48.1118,-126.0322,,,,,,208,,2,0
nwfsc_pacific_hake_survey,D20210920T091739_IFCB117,2021-09-20 09:17:39+00:00,117,4.87260679583333,48.1104,-126.0323,,,,,,179,,2,0
nwfsc_pacific_hake_survey,D20210920T094121_IFCB117,2021-09-20 09:41:21+00:00,117,4.84943525,48.1088,-126.0327,,,,,,204,,2,0
nwfsc_pacific_hake_survey,D20210920T100503_IFCB117,2021-09-20 10:05:03+00:00,117,4.9002288375,48.1088,-125.9932,,,,,,83,,2,0
nwfsc_pacific_hake_survey,D20210920T102846_IFCB117,2021-09-20 10:28:46+00:00,117,4.83882789583333,48.1103,-125.925,,,,,,50,,2,0
nwfsc_pacific_hake_survey,D20210920T105228_IFCB117,2021-09-20 10:52:28+00:00,117,4.95098720416667,48.1121,-125.853,,,,,,43,,2,0
nwfsc_pacific_hake_survey,D20210920T111610_IFCB117,2021-09-20 11:16:10+00:00,117,4.57806721666667,48.1115,-125.7792,,,,,,33,,2,0
nwfsc_pacific_hake_survey,D20210920T113952_IFCB117,2021-09-20 11:39:52+00:00,117,4.88597132083333,48.1119,-125.7094,,,,,,34,,2,0
nwfsc_pacific_hake_survey,D20210920T120335_IFCB117,2021-09-20 12:03:35+00:00,117,4.89744199166667,48.112,-125.6359,,,,,,36,,2,0
nwfsc_pacific_hake_survey,D20210920T122717_IFCB117,2021-09-20 12:27:17+00:00,117,4.92518552916667,48.1117,-125.56,,,,,,46,,2,0
nwfsc_pacific_hake_survey,D20210920T125059_IFCB117,2021-09-20 12:50:59+00:00,117,4.9340717125,48.1122,-125.4863,,,,,,78,,2,0
nwfsc_pacific_hake_survey,D20210920T134046_IFCB117,2021-09-20 13:40:46+00:00,117,4.7770873375,48.1112,-125.3248,,,,,,339,,2,0
nwfsc_pacific_hake_survey,D20210920T140428_IFCB117,2021-09-20 14:04:28+00:00,117,4.61622790833333,48.1115,-125.2807,,,,,,604,,2,0
nwfsc_pacific_hake_survey,D20210920T142810_IFCB117,2021-09-20 14:28:10+00:00,117,4.64493040833333,48.1121,-125.3697,,,,,,554,,2,0
nwfsc_pacific_hake_survey,D20210920T145152_IFCB117,2021-09-20 14:51:52+00:00,117,4.61844815,48.1114,-125.4597,,,,,,591,,2,0
nwfsc_pacific_hake_survey,D20210920T151535_IFCB117,2021-09-20 15:15:35+00:00,117,4.76790555416667,48.1116,-125.5563,,,,,,360,,2,0
nwfsc_pacific_hake_survey,D20210920T153917_IFCB117,2021-09-20 15:39:17+00:00,117,4.84751694583333,48.1118,-125.6568,,,,,,225,,2,0
nwfsc_pacific_hake_survey,D20210920T160259_IFCB117,2021-09-20 16:02:59+00:00,117,4.83773745833333,48.1117,-125.7553,,,,,,217,,2,0
nwfsc_pacific_hake_survey,D20210920T162641_IFCB117,2021-09-20 16:26:41+00:00,117,4.87296671666667,48.1123,-125.8595,,,,,,167,,2,0
nwfsc_pacific_hake_survey,D20210920T165024_IFCB117,2021-09-20 16:50:24+00:00,117,4.9232239875,48.1114,-125.9614,,,,,,132,,2,0
nwfsc_pacific_hake_survey,D20210920T171406_IFCB117,2021-09-20 17:14:06+00:00,117,4.9049388,48.1212,-126.0538,,,,,,109,,2,0
nwfsc_pacific_hake_survey,D20210920T173748_IFCB117,2021-09-20 17:37:48+00:00,117,4.78203805833333,48.1706,-126.1225,,,,,,80,,2,0
nwfsc_pacific_hake_survey,D20210920T180131_IFCB117,2021-09-20 18:01:31+00:00,117,4.92449011666667,48.2221,-126.2002,,,,,,62,,2,0
nwfsc_pacific_hake_survey,D20210920T182513_IFCB117,2021-09-20 18:25:13+00:00,117,4.78388244166667,48.2754,-126.2804,,,,,,60,,2,0
nwfsc_pacific_hake_survey,D20210920T184856_IFCB117,2021-09-20 18:48:56+00:00,117,4.896624575,48.3263,-126.3562,,,,,,41,,2,0
nwfsc_pacific_hake_survey,D20210920T191239_IFCB117,2021-09-20 19:12:39+00:00,117,4.763707675,48.3765,-126.4345,,,,,,46,,2,0
nwfsc_pacific_hake_survey,D20210920T193621_IFCB117,2021-09-20 19:36:21+00:00,117,4.964367425,48.4242,-126.5121,,,,,,41,,2,0
nwfsc_pacific_hake_survey,D20210920T200004_IFCB117,2021-09-20 20:00:04+00:00,117,4.908619325,48.4437,-126.4941,,,,,,45,,2,0
nwfsc_pacific_hake_survey,D20210920T202346_IFCB117,2021-09-20 20:23:46+00:00,117,4.89036200416667,48.4445,-126.3912,,,,,,59,,2,0
nwfsc_pacific_hake_survey,D20210920T204729_IFCB117,2021-09-20 20:47:29+00:00,117,4.9242059875,48.4408,-126.2993,,,,,,121,,2,0
nwfsc_pacific_hake_survey,D20210920T211111_IFCB117,2021-09-20 21:11:11+00:00,117,4.9210954125,48.4204,-126.1969,,,,,,72,,2,0
nwfsc_pacific_hake_survey,D20210920T213453_IFCB117,2021-09-20 21:34:53+00:00,117,4.95540714166667,48.4429,-126.1016,,,,,,54,,2,0
nwfsc_pacific_hake_survey,D20210920T215836_IFCB117,2021-09-20 21:58:36+00:00,117,4.78706634583333,48.4452,-125.9948,,,,,,48,,2,0
nwfsc_pacific_hake_survey,D20210920T222218_IFCB117,2021-09-20 22:22:18+00:00,117,4.96069545833333,48.4435,-125.8939,,,,,,35,,2,0
nwfsc_pacific_hake_survey,D20210920T224600_IFCB117,2021-09-20 22:46:00+00:00,117,4.88915680833333,48.4451,-125.7935,,,,,,162,,2,0
nwfsc_pacific_hake_survey,D20210920T230943_IFCB117,2021-09-20 23:09:43+00:00,117,4.64151405,48.4452,-125.6969,,,,,,511,,2,0
nwfsc_pacific_hake_survey,D20210920T233325_IFCB117,2021-09-20 23:33:25+00:00,117,4.73028265,48.4447,-125.5949,,,,,,401,,2,0
nwfsc_pacific_hake_survey,D20210920T235707_IFCB117,2021-09-20 23:57:07+00:00,117,4.84632645833333,48.4452,-125.496,,,,,,184,,2,0
nwfsc_pacific_hake_survey,D20210921T002049_IFCB117,2021-09-21 00:20:49+00:00,117,4.8605343625,48.445,-125.4042,,,,,,201,,2,0
nwfsc_pacific_hake_survey,D20210921T004431_IFCB117,2021-09-21 00:44:31+00:00,117,4.90547525833333,48.4453,-125.3561,,,,,,84,,2,0
nwfsc_pacific_hake_survey,D20210921T010814_IFCB117,2021-09-21 01:08:14+00:00,117,4.89997406666667,48.4444,-125.2812,,,,,,121,,2,0
nwfsc_pacific_hake_survey,D20210921T015801_IFCB117,2021-09-21 01:58:01+00:00,117,4.78044692083333,48.4451,-125.0617,,,,,,85,,2,0
nwfsc_pacific_hake_survey,D20210921T022143_IFCB117,2021-09-21 02:21:43+00:00,117,4.72641398333333,48.4447,-124.9623,,,,,,379,,2,0
nwfsc_pacific_hake_survey,D20210921T024525_IFCB117,2021-09-21 02:45:25+00:00,117,4.71443716666667,48.445,-124.8632,,,,,,398,,2,0
nwfsc_pacific_hake_survey,D20210921T030908_IFCB117,2021-09-21 03:09:08+00:00,117,4.74119667083333,48.4447,-124.7705,,,,,,350,,2,0
nwfsc_pacific_hake_survey,D20210921T033250_IFCB117,2021-09-21 03:32:50+00:00,117,4.75023543333333,48.445,-124.7545,,,,,,363,,2,0
nwfsc_pacific_hake_survey,D20210921T035632_IFCB117,2021-09-21 03:56:32+00:00,117,4.8146169625,48.4448,-124.7628,,,,,,268,,2,0
nwfsc_pacific_hake_survey,D20210921T042015_IFCB117,2021-09-21 04:20:15+00:00,117,4.848136375,48.4451,-124.8606,,,,,,199,,2,0
nwfsc_pacific_hake_survey,D20210921T044357_IFCB117,2021-09-21 04:43:57+00:00,117,4.83604637083333,48.4452,-124.9669,,,,,,210,,2,0
nwfsc_pacific_hake_survey,D20210921T050741_IFCB117,2021-09-21 05:07:41+00:00,117,4.82777782916667,48.4437,-125.078,,,,,,210,,2,0
nwfsc_pacific_hake_survey,D20210921T053124_IFCB117,2021-09-21 05:31:24+00:00,117,4.817733,48.4449,-125.1874,,,,,,240,,2,0
nwfsc_pacific_hake_survey,D20210921T055506_IFCB117,2021-09-21 05:55:06+00:00,117,4.85386337916667,48.4457,-125.2987,,,,,,200,,2,0
nwfsc_pacific_hake_survey,D20210921T061849_IFCB117,2021-09-21 06:18:49+00:00,117,4.84910945833333,48.4454,-125.4021,,,,,,198,,2,0
nwfsc_pacific_hake_survey,D20210921T064231_IFCB117,2021-09-21 06:42:31+00:00,117,4.84126640416667,48.4453,-125.5096,,,,,,220,,2,0
nwfsc_pacific_hake_survey,D20210921T070613_IFCB117,2021-09-21 07:06:13+00:00,117,4.7972393375,48.446,-125.6177,,,,,,209,,2,0
nwfsc_pacific_hake_survey,D20210921T072956_IFCB117,2021-09-21 07:29:56+00:00,117,4.85902867083333,48.4465,-125.7253,,,,,,191,,2,0
nwfsc_pacific_hake_survey,D20210921T075338_IFCB117,2021-09-21 07:53:38+00:00,117,4.84806352083333,48.4449,-125.8396,,,,,,190,,2,0
nwfsc_pacific_hake_survey,D20210921T081721_IFCB117,2021-09-21 08:17:21+00:00,117,4.83571402916667,48.4424,-125.8927,,,,,,227,,2,0
nwfsc_pacific_hake_survey,D20210921T084103_IFCB117,2021-09-21 08:41:03+00:00,117,4.847842675,48.44,-125.9123,,,,,,215,,2,0
nwfsc_pacific_hake_survey,D20210921T090445_IFCB117,2021-09-21 09:04:45+00:00,117,4.780484175,48.4436,-126.0039,,,,,,293,,2,0
nwfsc_pacific_hake_survey,D20210921T092828_IFCB117,2021-09-21 09:28:28+00:00,117,4.73603740833333,48.4472,-126.0982,,,,,,354,,2,0
nwfsc_pacific_hake_survey,D20210921T095210_IFCB117,2021-09-21 09:52:10+00:00,117,4.73442319583333,48.4495,-126.1481,,,,,,301,,2,0
nwfsc_pacific_hake_survey,D20210921T101553_IFCB117,2021-09-21 10:15:53+00:00,117,4.8224285375,48.455,-126.1458,,,,,,242,,2,0
nwfsc_pacific_hake_survey,D20210921T103935_IFCB117,2021-09-21 10:39:35+00:00,117,4.85884964583333,48.4823,-126.2094,,,,,,201,,2,0
nwfsc_pacific_hake_survey,D20210921T110319_IFCB117,2021-09-21 11:03:19+00:00,117,4.85610027083333,48.5159,-126.2974,,,,,,193,,2,0
nwfsc_pacific_hake_survey,D20210921T112701_IFCB117,2021-09-21 11:27:01+00:00,117,4.826950575,48.5485,-126.389,,,,,,190,,2,0
nwfsc_pacific_hake_survey,D20210921T115044_IFCB117,2021-09-21 11:50:44+00:00,117,4.80630654166667,48.5806,-126.4749,,,,,,189,,2,0
nwfsc_pacific_hake_survey,D20210921T121426_IFCB117,2021-09-21 12:14:26+00:00,117,4.8872663125,48.6164,-126.5606,,,,,,145,,2,0
nwfsc_pacific_hake_survey,D20210921T123808_IFCB117,2021-09-21 12:38:08+00:00,117,4.764818725,48.6527,-126.6475,,,,,,149,,2,0
nwfsc_pacific_hake_survey,D20210921T130151_IFCB117,2021-09-21 13:01:51+00:00,117,4.87365091666667,48.6884,-126.7276,,,,,,146,,2,0
nwfsc_pacific_hake_survey,D20210921T132533_IFCB117,2021-09-21 13:25:33+00:00,117,4.80869969583333,48.7235,-126.8142,,,,,,137,,2,0
nwfsc_pacific_hake_survey,D20210921T141520_IFCB117,2021-09-21 14:15:20+00:00,117,4.47229990416667,48.7781,-126.9223,,,,,,86,,2,0
nwfsc_pacific_hake_survey,D20210921T143902_IFCB117,2021-09-21 14:39:02+00:00,117,4.8914041625,48.7783,-126.8145,,,,,,92,,2,0
nwfsc_pacific_hake_survey,D20210921T150245_IFCB117,2021-09-21 15:02:45+00:00,117,4.821182925,48.7777,-126.7138,,,,,,71,,2,0
nwfsc_pacific_hake_survey,D20210921T152627_IFCB117,2021-09-21 15:26:27+00:00,117,4.93356186666667,48.7779,-126.6104,,,,,,79,,2,0
nwfsc_pacific_hake_survey,D20210921T155010_IFCB117,2021-09-21 15:50:10+00:00,117,4.91753567916667,48.7784,-126.5098,,,,,,82,,2,0
nwfsc_pacific_hake_survey,D20210921T161353_IFCB117,2021-09-21 16:13:53+00:00,117,4.94931591666667,48.7786,-126.5151,,,,,,55,,2,0
nwfsc_pacific_hake_survey,D20210921T163735_IFCB117,2021-09-21 16:37:35+00:00,117,4.91029719166667,48.7797,-126.5627,,,,,,58,,2,0
nwfsc_pacific_hake_survey,D20210921T170118_IFCB117,2021-09-21 17:01:18+00:00,117,4.78048917916667,48.7788,-126.4902,,,,,,65,,2,0
nwfsc_pacific_hake_survey,D20210921T172500_IFCB117,2021-09-21 17:25:00+00:00,117,4.80991828333333,48.7783,-126.5292,,,,,,68,,2,0
nwfsc_pacific_hake_survey,D20210921T174842_IFCB117,2021-09-21 17:48:42+00:00,117,4.90094500416667,48.7781,-126.564,,,,,,51,,2,0
nwfsc_pacific_hake_survey,D20210921T181225_IFCB117,2021-09-21 18:12:25+00:00,117,4.87157735,48.778,-126.5923,,,,,,45,,2,0
nwfsc_pacific_hake_survey,D20210921T183607_IFCB117,2021-09-21 18:36:07+00:00,117,4.75221667083333,48.774,-126.6183,,,,,,37,,2,0
nwfsc_pacific_hake_survey,D20210921T185949_IFCB117,2021-09-21 18:59:49+00:00,117,4.7300575375,48.7738,-126.6068,,,,,,36,,2,0
nwfsc_pacific_hake_survey,D20210921T192332_IFCB117,2021-09-21 19:23:32+00:00,117,4.959932625,48.779,-126.5137,,,,,,35,,2,0
nwfsc_pacific_hake_survey,D20210921T194714_IFCB117,2021-09-21 19:47:14+00:00,117,4.711572075,48.7787,-126.4212,,,,,,34,,2,0
nwfsc_pacific_hake_survey,D20210921T201056_IFCB117,2021-09-21 20:10:56+00:00,117,4.8803600625,48.7782,-126.3332,,,,,,44,,2,0
nwfsc_pacific_hake_survey,D20210921T203438_IFCB117,2021-09-21 20:34:38+00:00,117,4.82690723333333,48.7781,-126.247,,,,,,39,,2,0
nwfsc_pacific_hake_survey,D20210921T205820_IFCB117,2021-09-21 20:58:20+00:00,117,4.854252325,48.7784,-126.1489,,,,,,106,,2,0
nwfsc_pacific_hake_survey,D20210921T212203_IFCB117,2021-09-21 21:22:03+00:00,117,4.88039033333333,48.7787,-126.0526,,,,,,155,,2,0
nwfsc_pacific_hake_survey,D20210921T214546_IFCB117,2021-09-21 21:45:46+00:00,117,4.74922392083333,48.7782,-125.9591,,,,,,247,,2,0
nwfsc_pacific_hake_survey,D20210921T220928_IFCB117,2021-09-21 22:09:28+00:00,117,4.8480203625,48.7772,-125.8616,,,,,,162,,2,0
nwfsc_pacific_hake_survey,D20210921T223310_IFCB117,2021-09-21 22:33:10+00:00,117,4.86663329166667,48.777,-125.7667,,,,,,160,,2,0
nwfsc_pacific_hake_survey,D20210921T225653_IFCB117,2021-09-21 22:56:53+00:00,117,4.81312616666667,48.778,-125.6772,,,,,,149,,2,0
nwfsc_pacific_hake_survey,D20210921T232035_IFCB117,2021-09-21 23:20:35+00:00,117,4.8750807625,48.7782,-125.5795,,,,,,154,,2,0
nwfsc_pacific_hake_survey,D20210921T234417_IFCB117,2021-09-21 23:44:17+00:00,117,4.8213991375,48.7783,-125.4807,,,,,,168,,2,0
nwfsc_pacific_hake_survey,D20210922T000800_IFCB117,2021-09-22 00:08:00+00:00,117,4.83422202083333,48.7787,-125.3787,,,,,,153,,2,0
nwfsc_pacific_hake_survey,D20210922T003142_IFCB117,2021-09-22 00:31:42+00:00,117,4.88153702083333,48.7784,-125.2795,,,,,,149,,2,0
nwfsc_pacific_hake_survey,D20210922T005524_IFCB117,2021-09-22 00:55:24+00:00,117,4.69901959583333,48.7662,-125.3205,,,,,,178,,2,0
nwfsc_pacific_hake_survey,D20210922T011906_IFCB117,2021-09-22 01:19:06+00:00,117,4.85804904583333,48.7439,-125.4103,,,,,,157,,2,0
nwfsc_pacific_hake_survey,D20210922T014249_IFCB117,2021-09-22 01:42:49+00:00,117,4.879156375,48.7302,-125.4608,,,,,,153,,2,0
nwfsc_pacific_hake_survey,D20210922T023214_IFCB117,2021-09-22 02:32:14+00:00,117,4.76227710833333,48.7296,-125.5648,,,,,,113,,2,0
nwfsc_pacific_hake_survey,D20210922T025556_IFCB117,2021-09-22 02:55:56+00:00,117,4.8381991625,48.727,-125.6178,,,,,,207,,2,0
nwfsc_pacific_hake_survey,D20210922T031940_IFCB117,2021-09-22 03:19:40+00:00,117,4.803626425,48.7253,-125.6755,,,,,,199,,2,0
nwfsc_pacific_hake_survey,D20210922T034322_IFCB117,2021-09-22 03:43:22+00:00,117,4.85056872916667,48.7252,-125.7159,,,,,,203,,2,0
nwfsc_pacific_hake_survey,D20210922T040704_IFCB117,2021-09-22 04:07:04+00:00,117,4.66241540833333,48.7269,-125.7378,,,,,,184,,2,0
nwfsc_pacific_hake_survey,D20210922T043047_IFCB117,2021-09-22 04:30:47+00:00,117,4.85890241666667,48.7293,-125.7576,,,,,,158,,2,0
nwfsc_pacific_hake_survey,D20210922T045429_IFCB117,2021-09-22 04:54:29+00:00,117,4.89444742083333,48.7176,-125.7397,,,,,,140,,2,0
nwfsc_pacific_hake_survey,D20210922T051813_IFCB117,2021-09-22 05:18:13+00:00,117,4.83706309583333,48.6803,-125.6606,,,,,,140,,2,0
nwfsc_pacific_hake_survey,D20210922T054155_IFCB117,2021-09-22 05:41:55+00:00,117,4.85234680833333,48.6453,-125.5808,,,,,,165,,2,0
nwfsc_pacific_hake_survey,D20210922T060537_IFCB117,2021-09-22 06:05:37+00:00,117,4.884274225,48.6195,-125.523,,,,,,154,,2,0
nwfsc_pacific_hake_survey,D20210922T062920_IFCB117,2021-09-22 06:29:20+00:00,117,4.82805322083333,48.6208,-125.5264,,,,,,133,,2,0
nwfsc_pacific_hake_survey,D20210922T065302_IFCB117,2021-09-22 06:53:02+00:00,117,4.8980975375,48.6214,-125.5288,,,,,,116,,2,0
nwfsc_pacific_hake_survey,D20210922T071645_IFCB117,2021-09-22 07:16:45+00:00,117,4.8668906625,48.6205,-125.5294,,,,,,136,,2,0
nwfsc_pacific_hake_survey,D20210922T074027_IFCB117,2021-09-22 07:40:27+00:00,117,4.83640870833333,48.6186,-125.5298,,,,,,143,,2,0
nwfsc_pacific_hake_survey,D20210922T080409_IFCB117,2021-09-22 08:04:09+00:00,117,4.90842145,48.6121,-125.5126,,,,,,110,,2,0
nwfsc_pacific_hake_survey,D20210922T082752_IFCB117,2021-09-22 08:27:52+00:00,117,4.74997455,48.5944,-125.4754,,,,,,117,,2,0
nwfsc_pacific_hake_survey,D20210922T085134_IFCB117,2021-09-22 08:51:34+00:00,117,4.8295402,48.5502,-125.3985,,,,,,137,,2,0
nwfsc_pacific_hake_survey,D20210922T091516_IFCB117,2021-09-22 09:15:16+00:00,117,4.8478224375,48.5052,-125.3203,,,,,,180,,2,0
nwfsc_pacific_hake_survey,D20210922T093858_IFCB117,2021-09-22 09:38:58+00:00,117,4.8444060125,48.471,-125.2432,,,,,,206,,2,0
nwfsc_pacific_hake_survey,D20210922T100241_IFCB117,2021-09-22 10:02:41+00:00,117,4.80735569583333,48.4715,-125.1386,,,,,,232,,2,0
nwfsc_pacific_hake_survey,D20210922T102623_IFCB117,2021-09-22 10:26:23+00:00,117,4.82222118333333,48.4716,-125.0278,,,,,,261,,2,0
nwfsc_pacific_hake_survey,D20210922T105006_IFCB117,2021-09-22 10:50:06+00:00,117,4.80190522916667,48.4718,-124.9137,,,,,,251,,2,0
nwfsc_pacific_hake_survey,D20210922T111348_IFCB117,2021-09-22 11:13:48+00:00,117,4.75960270833333,48.4722,-124.8051,,,,,,213,,2,0
nwfsc_pacific_hake_survey,D20210922T113730_IFCB117,2021-09-22 11:37:30+00:00,117,4.86187930416667,48.4642,-124.7012,,,,,,177,,2,0
nwfsc_pacific_hake_survey,D20210922T120113_IFCB117,2021-09-22 12:01:13+00:00,117,4.84978189166667,48.4418,-124.5996,,,,,,199,,2,0
nwfsc_pacific_hake_survey,D20210922T122455_IFCB117,2021-09-22 12:24:55+00:00,117,4.82150755416667,48.4134,-124.5084,,,,,,223,,2,0
nwfsc_pacific_hake_survey,D20210922T124838_IFCB117,2021-09-22 12:48:38+00:00,117,4.81313305833333,48.3845,-124.4154,,,,,,219,,2,0
nwfsc_pacific_hake_survey,D20210922T131220_IFCB117,2021-09-22 13:12:20+00:00,117,4.80372722083333,48.3541,-124.3239,,,,,,194,,2,0
nwfsc_pacific_hake_survey,D20210922T133602_IFCB117,2021-09-22 13:36:02+00:00,117,4.85450703333333,48.3249,-124.2326,,,,,,189,,2,0
nwfsc_pacific_hake_survey,D20210922T135945_IFCB117,2021-09-22 13:59:45+00:00,117,4.81994072916667,48.2981,-124.1478,,,,,,204,,2,0
nwfsc_pacific_hake_survey,D20210922T144850_IFCB117,2021-09-22 14:48:50+00:00,117,4.79425347083333,48.239,-123.967,,,,,,66,,2,0
nwfsc_pacific_hake_survey,D20210922T151232_IFCB117,2021-09-22 15:12:32+00:00,117,4.90123455,48.2211,-123.8729,,,,,,116,,2,0
nwfsc_pacific_hake_survey,D20210922T153615_IFCB117,2021-09-22 15:36:15+00:00,117,4.78191734166667,48.221,-123.7749,,,,,,196,,2,0
nwfsc_pacific_hake_survey,D20210922T155957_IFCB117,2021-09-22 15:59:57+00:00,117,4.86772885,48.221,-123.6827,,,,,,148,,2,0
nwfsc_pacific_hake_survey,D20210922T162339_IFCB117,2021-09-22 16:23:39+00:00,117,4.82930736666667,48.2206,-123.5894,,,,,,209,,2,0
nwfsc_pacific_hake_survey,D20210922T164722_IFCB117,2021-09-22 16:47:22+00:00,117,4.84173073333333,48.2211,-123.4906,,,,,,194,,2,0
nwfsc_pacific_hake_survey,D20210922T171104_IFCB117,2021-09-22 17:11:04+00:00,117,4.905322425,48.2174,-123.4115,,,,,,103,,2,0
nwfsc_pacific_hake_survey,D20210922T173446_IFCB117,2021-09-22 17:34:46+00:00,117,4.85649796666667,48.2129,-123.3272,,,,,,89,,2,0
nwfsc_pacific_hake_survey,D20210922T175828_IFCB117,2021-09-22 17:58:28+00:00,117,4.7768830125,48.2073,-123.2391,,,,,,72,,2,0
nwfsc_pacific_hake_survey,D20210922T182210_IFCB117,2021-09-22 18:22:10+00:00,117,4.9055979625,48.2012,-123.1425,,,,,,73,,2,0
nwfsc_pacific_hake_survey,D20210922T184552_IFCB117,2021-09-22 18:45:52+00:00,117,4.8713164875,48.196,-123.0439,,,,,,84,,2,0
nwfsc_pacific_hake_survey,D20210922T190934_IFCB117,2021-09-22 19:09:34+00:00,117,4.92067475833333,48.1906,-122.9423,,,,,,71,,2,0
nwfsc_pacific_hake_survey,D20210922T193316_IFCB117,2021-09-22 19:33:16+00:00,117,3.99550426666667,48.1822,-122.8353,,,,,,76,,2,0
nwfsc_pacific_hake_survey,D20210924T152903_IFCB117,2021-09-24 15:29:03+00:00,117,4.77502347916667,48.4108,-125.1192,,,,,,439,,2,0
nwfsc_pacific_hake_survey,D20210924T161829_IFCB117,2021-09-24 16:18:29+00:00,117,4.7986782125,48.2694,-125.1765,,,,,,385,,2,0
nwfsc_pacific_hake_survey,D20210924T164211_IFCB117,2021-09-24 16:42:11+00:00,117,4.78487044166667,48.1939,-125.2025,,,,,,411,,2,0
nwfsc_pacific_hake_survey,D20210924T170554_IFCB117,2021-09-24 17:05:54+00:00,117,4.7222693625,48.1204,-125.2279,,,,,,546,,2,0
nwfsc_pacific_hake_survey,D20210924T172936_IFCB117,2021-09-24 17:29:36+00:00,117,4.5277215625,48.0468,-125.2548,,,,,,911,,2,0
nwfsc_pacific_hake_survey,D20210924T175318_IFCB117,2021-09-24 17:53:18+00:00,117,4.84689276666667,47.9746,-125.2745,,,,,,205,,2,0
nwfsc_pacific_hake_survey,D20210924T181701_IFCB117,2021-09-24 18:17:01+00:00,117,4.87150584166667,47.9019,-125.2969,,,,,,83,,2,0
nwfsc_pacific_hake_survey,D20210924T184043_IFCB117,2021-09-24 18:40:43+00:00,117,4.80313037083333,47.8289,-125.316,,,,,,296,,2,0
nwfsc_pacific_hake_survey,D20210924T190426_IFCB117,2021-09-24 19:04:26+00:00,117,4.95606630833333,47.7667,-125.3315,,,,,,52,,2,0
nwfsc_pacific_hake_survey,D20210924T192808_IFCB117,2021-09-24 19:28:08+00:00,117,4.53054917083333,47.7338,-125.3416,,,,,,20,,2,0
nwfsc_pacific_hake_survey,D20210924T195151_IFCB117,2021-09-24 19:51:51+00:00,117,4.62972912083333,47.7161,-125.3512,,,,,,30,,2,0
nwfsc_pacific_hake_survey,D20210924T201533_IFCB117,2021-09-24 20:15:33+00:00,117,4.79237214583333,47.701,-125.3628,,,,,,25,,2,0
nwfsc_pacific_hake_survey,D20210924T203916_IFCB117,2021-09-24 20:39:16+00:00,117,4.8687245125,47.6796,-125.3569,,,,,,20,,2,0
nwfsc_pacific_hake_survey,D20210924T210258_IFCB117,2021-09-24 21:02:58+00:00,117,4.88072687083333,47.6751,-125.3345,,,,,,16,,2,0
nwfsc_pacific_hake_survey,D20210924T212640_IFCB117,2021-09-24 21:26:40+00:00,117,4.83825083333333,47.633,-125.3231,,,,,,14,,2,0
nwfsc_pacific_hake_survey,D20210924T215023_IFCB117,2021-09-24 21:50:23+00:00,117,4.40055844166667,47.557,-125.3231,,,,,,21,,2,0
nwfsc_pacific_hake_survey,D20210924T221405_IFCB117,2021-09-24 22:14:05+00:00,117,3.90714095,47.4826,-125.3012,,,,,,11,,2,0
nwfsc_pacific_hake_survey,D20210924T223747_IFCB117,2021-09-24 22:37:47+00:00,117,4.3189532875,47.4105,-125.2713,,,,,,18,,2,0
nwfsc_pacific_hake_survey,D20210924T230130_IFCB117,2021-09-24 23:01:30+00:00,117,4.5032669625,47.3354,-125.2398,,,,,,8,,2,0
nwfsc_pacific_hake_survey,D20210924T232512_IFCB117,2021-09-24 23:25:12+00:00,117,4.89544124583333,47.3193,-125.241,,,,,,8,,2,0
nwfsc_pacific_hake_survey,D20210924T234854_IFCB117,2021-09-24 23:48:54+00:00,117,4.67309477916667,47.2934,-125.2263,,,,,,12,,2,0
nwfsc_pacific_hake_survey,D20210925T001237_IFCB117,2021-09-25 00:12:37+00:00,117,4.8929564625,47.221,-125.1918,,,,,,23,,2,0
nwfsc_pacific_hake_survey,D20210925T003619_IFCB117,2021-09-25 00:36:19+00:00,117,4.13672225833333,47.1467,-125.1628,,,,,,11,,2,0
nwfsc_pacific_hake_survey,D20210925T010002_IFCB117,2021-09-25 01:00:02+00:00,117,4.63076077916667,47.0722,-125.1338,,,,,,22,,2,0
nwfsc_pacific_hake_survey,D20210925T012344_IFCB117,2021-09-25 01:23:44+00:00,117,4.93184647916667,47.0016,-125.105,,,,,,80,,2,0
nwfsc_pacific_hake_survey,D20210925T014726_IFCB117,2021-09-25 01:47:26+00:00,117,4.9547128625,46.9295,-125.0738,,,,,,36,,2,0
nwfsc_pacific_hake_survey,D20210925T021109_IFCB117,2021-09-25 02:11:09+00:00,117,4.95999067916667,46.8573,-125.0463,,,,,,47,,2,0
nwfsc_pacific_hake_survey,D20210925T023451_IFCB117,2021-09-25 02:34:51+00:00,117,4.91755940416667,46.7869,-125.0248,,,,,,48,,2,0
nwfsc_pacific_hake_survey,D20210925T025834_IFCB117,2021-09-25 02:58:34+00:00,117,4.56040870833333,46.7157,-124.994,,,,,,58,,2,0
nwfsc_pacific_hake_survey,D20210925T032216_IFCB117,2021-09-25 03:22:16+00:00,117,4.562843525,46.6455,-124.958,,,,,,59,,2,0
nwfsc_pacific_hake_survey,D20210925T034559_IFCB117,2021-09-25 03:45:59+00:00,117,4.94591145,46.5761,-124.9292,,,,,,50,,2,0
nwfsc_pacific_hake_survey,D20210925T040941_IFCB117,2021-09-25 04:09:41+00:00,117,4.86715022916667,46.5032,-124.8998,,,,,,27,,2,0
nwfsc_pacific_hake_survey,D20210925T043323_IFCB117,2021-09-25 04:33:23+00:00,117,4.92744682083333,46.4293,-124.8703,,,,,,27,,2,0
nwfsc_pacific_hake_survey,D20210925T045705_IFCB117,2021-09-25 04:57:05+00:00,117,4.87566045416667,46.3553,-124.8406,,,,,,36,,2,0
nwfsc_pacific_hake_survey,D20210925T052049_IFCB117,2021-09-25 05:20:49+00:00,117,4.85984030833333,46.2943,-124.8159,,,,,,47,,2,0
nwfsc_pacific_hake_survey,D20210925T054432_IFCB117,2021-09-25 05:44:32+00:00,117,4.77261468333333,46.2256,-124.7886,,,,,,32,,2,0
nwfsc_pacific_hake_survey,D20210925T060814_IFCB117,2021-09-25 06:08:14+00:00,117,4.508056775,46.1574,-124.7595,,,,,,18,,2,0
nwfsc_pacific_hake_survey,D20210925T063157_IFCB117,2021-09-25 06:31:57+00:00,117,4.88164678333333,46.0904,-124.733,,,,,,35,,2,0
nwfsc_pacific_hake_survey,D20210925T065539_IFCB117,2021-09-25 06:55:39+00:00,117,4.8982494375,46.0202,-124.7043,,,,,,137,,2,0
nwfsc_pacific_hake_survey,D20210925T071921_IFCB117,2021-09-25 07:19:21+00:00,117,4.86869675833333,45.95,-124.6771,,,,,,81,,2,0
nwfsc_pacific_hake_survey,D20210925T074304_IFCB117,2021-09-25 07:43:04+00:00,117,4.76336948333333,45.8797,-124.6471,,,,,,379,,2,0
nwfsc_pacific_hake_survey,D20210925T083229_IFCB117,2021-09-25 08:32:29+00:00,117,4.8003561625,45.7474,-124.5962,,,,,,85,,2,0
nwfsc_pacific_hake_survey,D20210925T085612_IFCB117,2021-09-25 08:56:12+00:00,117,4.95365828333333,45.6906,-124.5725,,,,,,59,,2,0
nwfsc_pacific_hake_survey,D20210925T091955_IFCB117,2021-09-25 09:19:55+00:00,117,4.9576898875,45.6355,-124.5488,,,,,,58,,2,0
nwfsc_pacific_hake_survey,D20210925T094338_IFCB117,2021-09-25 09:43:38+00:00,117,4.86904450416667,45.5771,-124.5271,,,,,,45,,2,0
nwfsc_pacific_hake_survey,D20210925T100720_IFCB117,2021-09-25 10:07:20+00:00,117,4.26120074583333,45.519,-124.5037,,,,,,26,,2,0
nwfsc_pacific_hake_survey,D20210925T103103_IFCB117,2021-09-25 10:31:03+00:00,117,4.81182595416667,45.4597,-124.4808,,,,,,48,,2,0
nwfsc_pacific_hake_survey,D20210925T105445_IFCB117,2021-09-25 10:54:45+00:00,117,4.731748725,45.4053,-124.4597,,,,,,28,,2,0
nwfsc_pacific_hake_survey,D20210925T111827_IFCB117,2021-09-25 11:18:27+00:00,117,4.93902279166667,45.3547,-124.4385,,,,,,22,,2,0
nwfsc_pacific_hake_survey,D20210925T114210_IFCB117,2021-09-25 11:42:10+00:00,117,4.37362783333333,45.3042,-124.4184,,,,,,18,,2,0
nwfsc_pacific_hake_survey,D20210925T120552_IFCB117,2021-09-25 12:05:52+00:00,117,4.84285469166667,45.2556,-124.3994,,,,,,22,,2,0
nwfsc_pacific_hake_survey,D20210925T122934_IFCB117,2021-09-25 12:29:34+00:00,117,4.7830200375,45.2051,-124.3797,,,,,,127,,2,0
nwfsc_pacific_hake_survey,D20210925T125317_IFCB117,2021-09-25 12:53:17+00:00,117,4.38646570416667,45.1539,-124.3596,,,,,,13,,2,0
nwfsc_pacific_hake_survey,D20210925T131659_IFCB117,2021-09-25 13:16:59+00:00,117,4.84486175,45.1053,-124.3406,,,,,,61,,2,0
nwfsc_pacific_hake_survey,D20210925T134041_IFCB117,2021-09-25 13:40:41+00:00,117,4.50717860416667,45.0554,-124.32,,,,,,32,,2,0
nwfsc_pacific_hake_survey,D20210925T140424_IFCB117,2021-09-25 14:04:24+00:00,117,4.59041029166667,45.0065,-124.3017,,,,,,13,,2,0
nwfsc_pacific_hake_survey,D20210925T142806_IFCB117,2021-09-25 14:28:06+00:00,117,4.49621350833333,44.9658,-124.2857,,,,,,14,,2,0
nwfsc_pacific_hake_survey,D20210925T145149_IFCB117,2021-09-25 14:51:49+00:00,117,4.27207004166667,44.9287,-124.27,,,,,,14,,2,0
nwfsc_pacific_hake_survey,D20210925T151532_IFCB117,2021-09-25 15:15:32+00:00,117,4.91463504583333,,,,,,,,104,,2,0
nwfsc_pacific_hake_survey,D20210925T153914_IFCB117,2021-09-25 15:39:14+00:00,117,4.55224677083333,,,,,,,,594,,2,0
nwfsc_pacific_hake_survey,D20210925T160257_IFCB117,2021-09-25 16:02:57+00:00,117,4.6902081375,,,,,,,,409,,2,0
nwfsc_pacific_hake_survey,D20210925T162639_IFCB117,2021-09-25 16:26:39+00:00,117,4.435634125,,,,,,,,748,,2,0
nwfsc_pacific_hake_survey,D20210925T165021_IFCB117,2021-09-25 16:50:21+00:00,117,4.514169325,,,,,,,,665,,2,0
nwfsc_pacific_hake_survey,D20210925T171403_IFCB117,2021-09-25 17:14:03+00:00,117,4.803210575,,,,,,,,236,,2,0
nwfsc_pacific_hake_survey,D20210925T173745_IFCB117,2021-09-25 17:37:45+00:00,117,4.78022565,,,,,,,,148,,2,0
nwfsc_pacific_hake_survey,D20210925T180128_IFCB117,2021-09-25 18:01:28+00:00,117,4.65381219166667,,,,,,,,136,,2,0
nwfsc_pacific_hake_survey,D20210925T182510_IFCB117,2021-09-25 18:25:10+00:00,117,4.5967895625,,,,,,,,490,,2,0
nwfsc_pacific_hake_survey,D20210925T184852_IFCB117,2021-09-25 18:48:52+00:00,117,4.62308238333333,,,,,,,,537,,2,0
nwfsc_pacific_hake_survey,D20210925T191234_IFCB117,2021-09-25 19:12:34+00:00,117,4.72091997916667,,,,,,,,387,,2,0
nwfsc_pacific_hake_survey,D20210925T193617_IFCB117,2021-09-25 19:36:17+00:00,117,4.70496109166667,,,,,,,,402,,2,0
nwfsc_pacific_hake_survey,D20210925T195958_IFCB117,2021-09-25 19:59:58+00:00,117,4.70809108333333,,,,,,,,403,,2,0
nwfsc_pacific_hake_survey,D20210925T202341_IFCB117,2021-09-25 20:23:41+00:00,117,4.6964289,,,,,,,,371,,2,0
nwfsc_pacific_hake_survey,D20210925T204723_IFCB117,2021-09-25 20:47:23+00:00,117,4.637019375,,,,,,,,473,,2,0
nwfsc_pacific_hake_survey,D20210925T211105_IFCB117,2021-09-25 21:11:05+00:00,117,1.16885624583333,,,,,,,,120,,2,0
nwfsc_pacific_hake_survey,D20230706T011746_IFCB117,2023-07-06 01:17:46+00:00,117,4.76965053530093,37.7049,-122.6869,,,,,,689,,2,0
nwfsc_pacific_hake_survey,D20230706T014132_IFCB117,2023-07-06 01:41:32+00:00,117,4.61655783420139,37.6406,-122.7248,,,,,,1137,,2,0
nwfsc_pacific_hake_survey,D20230706T020517_IFCB117,2023-07-06 02:05:17+00:00,117,4.78931212022569,37.5665,-122.7264,,,,,,620,,2,0
nwfsc_pacific_hake_survey,D20230706T022903_IFCB117,2023-07-06 02:29:03+00:00,117,4.79506297019676,37.4994,-122.7272,,,,,,626,,2,0
nwfsc_pacific_hake_survey,D20230706T025249_IFCB117,2023-07-06 02:52:49+00:00,117,4.93891842990451,37.4355,-122.7245,,,,,,188,,2,0
nwfsc_pacific_hake_survey,D20230706T031635_IFCB117,2023-07-06 03:16:35+00:00,117,4.97657081886574,37.3666,-122.7249,,,,,,80,,2,0
nwfsc_pacific_hake_survey,D20230706T034021_IFCB117,2023-07-06 03:40:21+00:00,117,4.98804098849826,37.2972,-122.7302,,,,,,46,,2,0
nwfsc_pacific_hake_survey,D20230706T040406_IFCB117,2023-07-06 04:04:06+00:00,117,4.9651242223669,37.2317,-122.7491,,,,,,116,,2,0
nwfsc_pacific_hake_survey,D20230706T042752_IFCB117,2023-07-06 04:27:52+00:00,117,4.97879223632812,37.1697,-122.7667,,,,,,74,,2,0
nwfsc_pacific_hake_survey,D20230706T045138_IFCB117,2023-07-06 04:51:38+00:00,117,4.98090709997106,37.1056,-122.7834,,,,,,70,,2,0
nwfsc_pacific_hake_survey,D20230706T051524_IFCB117,2023-07-06 05:15:24+00:00,117,4.97350106698495,37.0425,-122.802,,,,,,87,,2,0
nwfsc_pacific_hake_survey,D20230706T053910_IFCB117,2023-07-06 05:39:10+00:00,117,4.87009592918113,36.9767,-122.8178,,,,,,370,,2,0
nwfsc_pacific_hake_survey,D20230706T060256_IFCB117,2023-07-06 06:02:56+00:00,117,4.91275487377025,36.907,-122.8388,,,,,,263,,2,0
nwfsc_pacific_hake_survey,D20230706T062642_IFCB117,2023-07-06 06:26:42+00:00,117,4.91793453414352,36.8319,-122.8572,,,,,,250,,2,0
nwfsc_pacific_hake_survey,D20230706T065028_IFCB117,2023-07-06 06:50:28+00:00,117,4.9731051703559,36.7598,-122.8532,,,,,,89,,2,0
nwfsc_pacific_hake_survey,D20230706T071413_IFCB117,2023-07-06 07:14:13+00:00,117,4.98298038736979,36.6876,-122.8344,,,,,,61,,2,0
nwfsc_pacific_hake_survey,D20230706T073759_IFCB117,2023-07-06 07:37:59+00:00,117,4.9724951171875,36.6181,-122.819,,,,,,92,,2,0
nwfsc_pacific_hake_survey,D20230706T080146_IFCB117,2023-07-06 08:01:46+00:00,117,4.98474858940972,36.5499,-122.7972,,,,,,57,,2,0
nwfsc_pacific_hake_survey,D20230706T082532_IFCB117,2023-07-06 08:25:32+00:00,117,4.80534812644676,36.4818,-122.7738,,,,,,576,,2,0
nwfsc_pacific_hake_survey,D20230706T084917_IFCB117,2023-07-06 08:49:17+00:00,117,4.62224048755787,36.4194,-122.7316,,,,,,1123,,2,0
nwfsc_pacific_hake_survey,D20230706T091303_IFCB117,2023-07-06 09:13:03+00:00,117,4.87493057364005,36.3606,-122.687,,,,,,391,,2,0
nwfsc_pacific_hake_survey,D20230706T093649_IFCB117,2023-07-06 09:36:49+00:00,117,4.7972318431713,36.3063,-122.6422,,,,,,626,,2,0
nwfsc_pacific_hake_survey,D20230706T100035_IFCB117,2023-07-06 10:00:35+00:00,117,4.53969599971065,36.2487,-122.5931,,,,,,1368,,2,0
nwfsc_pacific_hake_survey,D20230706T102422_IFCB117,2023-07-06 10:24:22+00:00,117,4.83487445746528,36.187,-122.544,,,,,,489,,2,0
nwfsc_pacific_hake_survey,D20230706T104808_IFCB117,2023-07-06 10:48:08+00:00,117,4.9841106499566,36.124,-122.4957,,,,,,58,,2,0
nwfsc_pacific_hake_survey,D20230706T111154_IFCB117,2023-07-06 11:11:54+00:00,117,4.9649336932147,36.0646,-122.4446,,,,,,112,,2,0
nwfsc_pacific_hake_survey,D20230706T113539_IFCB117,2023-07-06 11:35:39+00:00,117,4.93068377459491,36.0026,-122.3912,,,,,,214,,2,0
nwfsc_pacific_hake_survey,D20230706T115925_IFCB117,2023-07-06 11:59:25+00:00,117,4.8341246021412,35.9404,-122.3427,,,,,,478,,2,0
nwfsc_pacific_hake_survey,D20230706T122311_IFCB117,2023-07-06 12:23:11+00:00,117,4.78663500072338,35.8811,-122.2956,,,,,,636,,2,0
nwfsc_pacific_hake_survey,D20230706T124659_IFCB117,2023-07-06 12:46:59+00:00,117,4.9074629900897,35.8227,-122.2471,,,,,,284,,2,0
nwfsc_pacific_hake_survey,D20230706T131045_IFCB117,2023-07-06 13:10:45+00:00,117,4.93444752785012,35.7611,-122.1959,,,,,,199,,2,0
nwfsc_pacific_hake_survey,D20230706T133431_IFCB117,2023-07-06 13:34:31+00:00,117,4.88618416341146,35.7016,-122.1473,,,,,,337,,2,0
nwfsc_pacific_hake_survey,D20230706T135816_IFCB117,2023-07-06 13:58:16+00:00,117,4.9549947193287,35.6412,-122.0977,,,,,,141,,2,0
nwfsc_pacific_hake_survey,D20230706T142202_IFCB117,2023-07-06 14:22:02+00:00,117,4.92590049913195,35.6122,-122.0694,,,,,,228,,2,0
nwfsc_pacific_hake_survey,D20230706T144549_IFCB117,2023-07-06 14:45:49+00:00,117,4.96491683846933,35.6125,-121.9905,,,,,,113,,2,0
nwfsc_pacific_hake_survey,D20230706T150935_IFCB117,2023-07-06 15:09:35+00:00,117,4.98309280056424,35.6123,-121.9059,,,,,,59,,2,0
nwfsc_pacific_hake_survey,D20230706T153321_IFCB117,2023-07-06 15:33:21+00:00,117,4.97562934027778,35.6124,-121.8212,,,,,,81,,2,0
nwfsc_pacific_hake_survey,D20230706T155707_IFCB117,2023-07-06 15:57:07+00:00,117,4.98094793475116,35.6123,-121.7416,,,,,,66,,2,0
nwfsc_pacific_hake_survey,D20230706T162052_IFCB117,2023-07-06 16:20:52+00:00,117,4.95336008933739,35.6127,-121.6645,,,,,,144,,2,0
nwfsc_pacific_hake_survey,D20230706T164439_IFCB117,2023-07-06 16:44:39+00:00,117,4.97489083297164,35.6124,-121.5834,,,,,,83,,2,0
nwfsc_pacific_hake_survey,D20230706T172609_IFCB117,2023-07-06 17:26:09+00:00,117,4.94822955548322,35.6126,-121.4422,,,,,,165,,2,0
nwfsc_pacific_hake_survey,D20230706T174955_IFCB117,2023-07-06 17:49:55+00:00,117,4.93563653790509,35.6125,-121.3653,,,,,,199,,2,0
nwfsc_pacific_hake_survey,D20230706T181340_IFCB117,2023-07-06 18:13:40+00:00,117,4.8825170808015,35.6125,-121.2835,,,,,,351,,2,0
nwfsc_pacific_hake_survey,D20230706T183726_IFCB117,2023-07-06 18:37:26+00:00,117,4.88861515299479,35.6185,-121.2568,,,,,,334,,2,0
nwfsc_pacific_hake_survey,D20230706T190112_IFCB117,2023-07-06 19:01:12+00:00,117,4.89850405996817,35.6428,-121.3344,,,,,,307,,2,0
nwfsc_pacific_hake_survey,D20230706T192458_IFCB117,2023-07-06 19:24:58+00:00,117,4.89769350405093,35.6959,-121.3752,,,,,,307,,2,0
nwfsc_pacific_hake_survey,D20230706T194844_IFCB117,2023-07-06 19:48:44+00:00,117,4.94068212890625,35.7601,-121.3856,,,,,,189,,2,0
nwfsc_pacific_hake_survey,D20230706T201231_IFCB117,2023-07-06 20:12:31+00:00,117,4.92220628978588,35.7792,-121.4033,,,,,,233,,2,0
nwfsc_pacific_hake_survey,D20230706T203617_IFCB117,2023-07-06 20:36:17+00:00,117,4.94453642216435,35.7795,-121.4843,,,,,,173,,2,0
nwfsc_pacific_hake_survey,D20230706T210003_IFCB117,2023-07-06 21:00:03+00:00,117,4.96012142831308,35.7801,-121.5491,,,,,,129,,2,0
nwfsc_pacific_hake_survey,D20230706T212349_IFCB117,2023-07-06 21:23:49+00:00,117,4.94840348307292,35.7756,-121.4759,,,,,,164,,2,0
nwfsc_pacific_hake_survey,D20230706T214734_IFCB117,2023-07-06 21:47:34+00:00,117,4.96262660047743,35.7771,-121.4643,,,,,,120,,2,0
nwfsc_pacific_hake_survey,D20230706T221121_IFCB117,2023-07-06 22:11:21+00:00,117,4.95716722728588,35.774,-121.4834,,,,,,141,,2,0
nwfsc_pacific_hake_survey,D20230706T223507_IFCB117,2023-07-06 22:35:07+00:00,117,4.94930348488137,35.7753,-121.455,,,,,,158,,2,0
nwfsc_pacific_hake_survey,D20230706T225853_IFCB117,2023-07-06 22:58:53+00:00,117,4.94807205765336,35.7771,-121.4743,,,,,,161,,2,0
nwfsc_pacific_hake_survey,D20230706T232238_IFCB117,2023-07-06 23:22:38+00:00,117,4.95337515371817,35.7843,-121.5065,,,,,,148,,2,0
nwfsc_pacific_hake_survey,D20230706T234623_IFCB117,2023-07-06 23:46:23+00:00,117,4.93598645471643,35.7886,-121.5286,,,,,,196,,2,0
nwfsc_pacific_hake_survey,D20230707T001009_IFCB117,2023-07-07 00:10:09+00:00,117,4.94100339988426,35.7835,-121.5476,,,,,,185,,2,0
nwfsc_pacific_hake_survey,D20230707T003356_IFCB117,2023-07-07 00:33:56+00:00,117,4.92320784505208,35.7791,-121.5334,,,,,,234,,2,0
nwfsc_pacific_hake_survey,D20230707T005742_IFCB117,2023-07-07 00:57:42+00:00,117,4.77272855179398,35.779,-121.619,,,,,,684,,2,0
nwfsc_pacific_hake_survey,D20230707T012128_IFCB117,2023-07-07 01:21:28+00:00,117,4.68816218171296,35.7792,-121.7025,,,,,,925,,2,0
nwfsc_pacific_hake_survey,D20230707T014514_IFCB117,2023-07-07 01:45:14+00:00,117,4.82007029441551,35.779,-121.7839,,,,,,536,,2,0
nwfsc_pacific_hake_survey,D20230707T020901_IFCB117,2023-07-07 02:09:01+00:00,117,4.95518120659722,35.7795,-121.864,,,,,,143,,2,0
nwfsc_pacific_hake_survey,D20230707T023247_IFCB117,2023-07-07 02:32:47+00:00,117,4.97539203559028,35.7791,-121.9436,,,,,,81,,2,0
nwfsc_pacific_hake_survey,D20230707T025632_IFCB117,2023-07-07 02:56:32+00:00,117,4.97527880859375,35.7791,-122.0261,,,,,,83,,2,0
nwfsc_pacific_hake_survey,D20230707T032017_IFCB117,2023-07-07 03:20:17+00:00,117,4.9286040943287,35.7782,-122.1074,,,,,,219,,2,0
nwfsc_pacific_hake_survey,D20230707T034403_IFCB117,2023-07-07 03:44:03+00:00,117,4.9044499963831,35.7787,-122.1881,,,,,,279,,2,0
nwfsc_pacific_hake_survey,D20230707T040749_IFCB117,2023-07-07 04:07:49+00:00,117,4.91027364547164,35.7758,-122.2154,,,,,,272,,2,0
nwfsc_pacific_hake_survey,D20230707T043136_IFCB117,2023-07-07 04:31:36+00:00,117,4.90765511971933,35.7728,-122.217,,,,,,287,,2,0
nwfsc_pacific_hake_survey,D20230707T045522_IFCB117,2023-07-07 04:55:22+00:00,117,4.90043918185764,35.7741,-122.2147,,,,,,300,,2,0
nwfsc_pacific_hake_survey,D20230707T051907_IFCB117,2023-07-07 05:19:07+00:00,117,4.89603416160301,35.7763,-122.1557,,,,,,321,,2,0
nwfsc_pacific_hake_survey,D20230707T054253_IFCB117,2023-07-07 05:42:53+00:00,117,4.92876525426794,35.7793,-122.0774,,,,,,221,,2,0
nwfsc_pacific_hake_survey,D20230707T060639_IFCB117,2023-07-07 06:06:39+00:00,117,4.97546887659144,35.7787,-121.9962,,,,,,82,,2,0
nwfsc_pacific_hake_survey,D20230707T063025_IFCB117,2023-07-07 06:30:25+00:00,117,4.96241352900752,35.7795,-121.9166,,,,,,121,,2,0
nwfsc_pacific_hake_survey,D20230707T065412_IFCB117,2023-07-07 06:54:12+00:00,117,4.97112811957465,35.7804,-121.8347,,,,,,94,,2,0
nwfsc_pacific_hake_survey,D20230707T071758_IFCB117,2023-07-07 07:17:58+00:00,117,4.94813487413194,35.7781,-121.7527,,,,,,175,,2,0
nwfsc_pacific_hake_survey,D20230707T074144_IFCB117,2023-07-07 07:41:44+00:00,117,4.8025546875,35.7792,-121.6654,,,,,,585,,2,0
nwfsc_pacific_hake_survey,D20230707T080530_IFCB117,2023-07-07 08:05:30+00:00,117,4.91592041015625,35.7794,-121.5807,,,,,,258,,2,0
nwfsc_pacific_hake_survey,D20230707T082916_IFCB117,2023-07-07 08:29:16+00:00,117,4.92085511610243,35.7805,-121.5311,,,,,,243,,2,0
nwfsc_pacific_hake_survey,D20230707T085303_IFCB117,2023-07-07 08:53:03+00:00,117,4.91401396122685,35.7823,-121.5379,,,,,,259,,2,0
nwfsc_pacific_hake_survey,D20230707T091649_IFCB117,2023-07-07 09:16:49+00:00,117,4.9105865342882,35.78,-121.5123,,,,,,272,,2,0
nwfsc_pacific_hake_survey,D20230707T094035_IFCB117,2023-07-07 09:40:35+00:00,117,4.89784048574942,35.7793,-121.4953,,,,,,306,,2,0
nwfsc_pacific_hake_survey,D20230707T100420_IFCB117,2023-07-07 10:04:20+00:00,117,4.89789749710648,35.7838,-121.505,,,,,,305,,2,0
nwfsc_pacific_hake_survey,D20230707T102806_IFCB117,2023-07-07 10:28:06+00:00,117,4.89888668258102,35.7795,-121.4695,,,,,,306,,2,0
nwfsc_pacific_hake_survey,D20230707T105152_IFCB117,2023-07-07 10:51:52+00:00,117,4.89838951280382,35.7797,-121.467,,,,,,306,,2,0
nwfsc_pacific_hake_survey,D20230707T111539_IFCB117,2023-07-07 11:15:39+00:00,117,4.9016233452691,35.7789,-121.3895,,,,,,290,,2,0
nwfsc_pacific_hake_survey,D20230707T113925_IFCB117,2023-07-07 11:39:25+00:00,117,4.89166814959491,35.7777,-121.3708,,,,,,328,,2,0
nwfsc_pacific_hake_survey,D20230707T120311_IFCB117,2023-07-07 12:03:11+00:00,117,4.90688595920139,35.8098,-121.4383,,,,,,281,,2,0
nwfsc_pacific_hake_survey,D20230707T122656_IFCB117,2023-07-07 12:26:56+00:00,117,4.89192874710648,35.8582,-121.4915,,,,,,324,,2,0
nwfsc_pacific_hake_survey,D20230707T125042_IFCB117,2023-07-07 12:50:42+00:00,117,4.90054280598958,35.9223,-121.5148,,,,,,300,,2,0
nwfsc_pacific_hake_survey,D20230707T131427_IFCB117,2023-07-07 13:14:27+00:00,117,4.88126986581308,35.9454,-121.5651,,,,,,356,,2,0
nwfsc_pacific_hake_survey,D20230707T133813_IFCB117,2023-07-07 13:38:13+00:00,117,4.83585973668982,35.9409,-121.584,,,,,,491,,2,0
nwfsc_pacific_hake_survey,D20230707T140200_IFCB117,2023-07-07 14:02:00+00:00,117,4.81814292173032,35.9456,-121.6412,,,,,,540,,2,0
nwfsc_pacific_hake_survey,D20230707T142546_IFCB117,2023-07-07 14:25:46+00:00,117,4.87704994032118,35.9455,-121.7172,,,,,,370,,2,0
nwfsc_pacific_hake_survey,D20230707T144932_IFCB117,2023-07-07 14:49:32+00:00,117,4.88770028573495,35.946,-121.7964,,,,,,337,,2,0
nwfsc_pacific_hake_survey,D20230707T151318_IFCB117,2023-07-07 15:13:18+00:00,117,4.8637206036603,35.9454,-121.8739,,,,,,415,,2,0
nwfsc_pacific_hake_survey,D20230707T153703_IFCB117,2023-07-07 15:37:03+00:00,117,4.85895861364294,35.925,-121.824,,,,,,421,,2,0
nwfsc_pacific_hake_survey,D20230707T160049_IFCB117,2023-07-07 16:00:49+00:00,117,4.89458493381076,35.922,-121.7973,,,,,,318,,2,0
nwfsc_pacific_hake_survey,D20230707T162436_IFCB117,2023-07-07 16:24:36+00:00,117,4.86534458188657,35.941,-121.8141,,,,,,405,,2,0
nwfsc_pacific_hake_survey,D20230707T170502_IFCB117,2023-07-07 17:05:02+00:00,117,4.86885502567998,35.959,-121.836,,,,,,382,,2,0
nwfsc_pacific_hake_survey,D20230707T172848_IFCB117,2023-07-07 17:28:48+00:00,117,4.86256481481482,35.9457,-121.8714,,,,,,409,,2,0
nwfsc_pacific_hake_survey,D20230707T175234_IFCB117,2023-07-07 17:52:34+00:00,117,4.90739477539063,35.9453,-121.9494,,,,,,282,,2,0
nwfsc_pacific_hake_survey,D20230707T181620_IFCB117,2023-07-07 18:16:20+00:00,117,4.94141871925637,35.9456,-122.0267,,,,,,183,,2,0
nwfsc_pacific_hake_survey,D20230707T184006_IFCB117,2023-07-07 18:40:06+00:00,117,4.93262034324363,35.9837,-122.077,,,,,,206,,2,0
nwfsc_pacific_hake_survey,D20230707T190352_IFCB117,2023-07-07 19:03:52+00:00,117,4.94790794089988,36.0282,-122.12,,,,,,164,,2,0
nwfsc_pacific_hake_survey,D20230707T192739_IFCB117,2023-07-07 19:27:39+00:00,117,4.85730738208912,36.0758,-122.1647,,,,,,432,,2,0
nwfsc_pacific_hake_survey,D20230707T195125_IFCB117,2023-07-07 19:51:25+00:00,117,4.81744704861111,36.1126,-122.1741,,,,,,544,,2,0
nwfsc_pacific_hake_survey,D20230707T201512_IFCB117,2023-07-07 20:15:12+00:00,117,4.9581788104022,36.1119,-122.0918,,,,,,132,,2,0
nwfsc_pacific_hake_survey,D20230707T203858_IFCB117,2023-07-07 20:38:58+00:00,117,4.92918537507234,36.1118,-122.0108,,,,,,216,,2,0
nwfsc_pacific_hake_survey,D20230707T210243_IFCB117,2023-07-07 21:02:43+00:00,117,4.74023448350694,36.1121,-121.9286,,,,,,778,,2,0
nwfsc_pacific_hake_survey,D20230707T212630_IFCB117,2023-07-07 21:26:30+00:00,117,4.79332830584491,36.1126,-121.8467,,,,,,630,,2,0
nwfsc_pacific_hake_survey,D20230707T215016_IFCB117,2023-07-07 21:50:16+00:00,117,4.8870819317853,36.1126,-121.7642,,,,,,339,,2,0
nwfsc_pacific_hake_survey,D20230707T221402_IFCB117,2023-07-07 22:14:02+00:00,117,4.77541165726273,36.1124,-121.6813,,,,,,678,,2,0
nwfsc_pacific_hake_survey,D20230707T223747_IFCB117,2023-07-07 22:37:47+00:00,117,4.87877713577836,36.1039,-121.663,,,,,,368,,2,0
nwfsc_pacific_hake_survey,D20230707T230133_IFCB117,2023-07-07 23:01:33+00:00,117,4.83366778790509,36.0978,-121.6664,,,,,,499,,2,0
nwfsc_pacific_hake_survey,D20230707T232519_IFCB117,2023-07-07 23:25:19+00:00,117,4.84562358940972,36.0967,-121.6696,,,,,,467,,2,0
nwfsc_pacific_hake_survey,D20230707T234906_IFCB117,2023-07-07 23:49:06+00:00,117,4.87397511574074,36.1037,-121.6864,,,,,,377,,2,0
nwfsc_pacific_hake_survey,D20230708T001252_IFCB117,2023-07-08 00:12:52+00:00,117,4.86772963686343,36.1112,-121.7052,,,,,,399,,2,0
nwfsc_pacific_hake_survey,D20230708T003638_IFCB117,2023-07-08 00:36:38+00:00,117,4.83023421223958,36.1125,-121.6848,,,,,,515,,2,0
nwfsc_pacific_hake_survey,D20230708T010023_IFCB117,2023-07-08 01:00:23+00:00,117,4.86805828631366,36.1131,-121.6611,,,,,,402,,2,0
nwfsc_pacific_hake_survey,D20230708T012409_IFCB117,2023-07-08 01:24:09+00:00,117,4.84414427806713,36.1124,-121.6643,,,,,,483,,2,0
nwfsc_pacific_hake_survey,D20230708T014754_IFCB117,2023-07-08 01:47:54+00:00,117,4.84487261284722,36.1118,-121.6656,,,,,,476,,2,0
nwfsc_pacific_hake_survey,D20230708T021141_IFCB117,2023-07-08 02:11:41+00:00,117,4.84233432798032,36.1118,-121.6758,,,,,,476,,2,0
nwfsc_pacific_hake_survey,D20230708T023526_IFCB117,2023-07-08 02:35:26+00:00,117,4.82275817418982,36.1095,-121.6963,,,,,,541,,2,0
nwfsc_pacific_hake_survey,D20230708T025912_IFCB117,2023-07-08 02:59:12+00:00,117,4.82003056278935,36.1058,-121.7037,,,,,,552,,2,0
nwfsc_pacific_hake_survey,D20230708T032258_IFCB117,2023-07-08 03:22:58+00:00,117,4.83000788483796,36.104,-121.7151,,,,,,521,,2,0
nwfsc_pacific_hake_survey,D20230708T034644_IFCB117,2023-07-08 03:46:44+00:00,117,4.79216127748843,36.1094,-121.7871,,,,,,623,,2,0
nwfsc_pacific_hake_survey,D20230708T041029_IFCB117,2023-07-08 04:10:29+00:00,117,4.86966030996817,36.1093,-121.8612,,,,,,388,,2,0
nwfsc_pacific_hake_survey,D20230708T043416_IFCB117,2023-07-08 04:34:16+00:00,117,4.82766399016204,36.1124,-121.9288,,,,,,508,,2,0
nwfsc_pacific_hake_survey,D20230708T045802_IFCB117,2023-07-08 04:58:02+00:00,117,4.7819837962963,36.1447,-121.9706,,,,,,651,,2,0
nwfsc_pacific_hake_survey,D20230708T052149_IFCB117,2023-07-08 05:21:49+00:00,117,4.87695340530961,36.1895,-121.9952,,,,,,369,,2,0
nwfsc_pacific_hake_survey,D20230708T054535_IFCB117,2023-07-08 05:45:35+00:00,117,4.91846214916088,36.2382,-122.0185,,,,,,246,,2,0
nwfsc_pacific_hake_survey,D20230708T060921_IFCB117,2023-07-08 06:09:21+00:00,117,4.91589671043113,36.2875,-122.0433,,,,,,255,,2,0
nwfsc_pacific_hake_survey,D20230708T063308_IFCB117,2023-07-08 06:33:08+00:00,117,4.77972533275463,36.3355,-122.0706,,,,,,652,,2,0
nwfsc_pacific_hake_survey,D20230708T065653_IFCB117,2023-07-08 06:56:53+00:00,117,4.5920785228588,36.3833,-122.0977,,,,,,1199,,2,0
nwfsc_pacific_hake_survey,D20230708T072039_IFCB117,2023-07-08 07:20:39+00:00,117,4.58435637297454,36.4132,-122.0453,,,,,,1221,,2,0
nwfsc_pacific_hake_survey,D20230708T074424_IFCB117,2023-07-08 07:44:24+00:00,117,4.70890825737847,36.44,-121.9838,,,,,,859,,2,0
nwfsc_pacific_hake_survey,D20230708T080809_IFCB117,2023-07-08 08:08:09+00:00,117,4.84536291956019,36.4423,-121.975,,,,,,458,,2,0
nwfsc_pacific_hake_survey,D20230708T083155_IFCB117,2023-07-08 08:31:55+00:00,117,4.88159710467303,36.4425,-121.9833,,,,,,352,,2,0
nwfsc_pacific_hake_survey,D20230708T085542_IFCB117,2023-07-08 08:55:42+00:00,117,4.78804191984954,36.4423,-121.9903,,,,,,636,,2,0
nwfsc_pacific_hake_survey,D20230708T091927_IFCB117,2023-07-08 09:19:27+00:00,117,4.76442397280093,36.4442,-122.0032,,,,,,698,,2,0
nwfsc_pacific_hake_survey,D20230708T094313_IFCB117,2023-07-08 09:43:13+00:00,117,4.70767798755787,36.4438,-122.0153,,,,,,864,,2,0
nwfsc_pacific_hake_survey,D20230708T100700_IFCB117,2023-07-08 10:07:00+00:00,117,4.6514951171875,36.442,-122.0249,,,,,,1029,,2,0
nwfsc_pacific_hake_survey,D20230708T103046_IFCB117,2023-07-08 10:30:46+00:00,117,4.557185546875,36.4448,-122.0664,,,,,,1318,,2,0
nwfsc_pacific_hake_survey,D20230708T105431_IFCB117,2023-07-08 10:54:31+00:00,117,4.57002032696759,36.4458,-122.1419,,,,,,1283,,2,0
nwfsc_pacific_hake_survey,D20230708T111817_IFCB117,2023-07-08 11:18:17+00:00,117,4.85244132486979,36.4457,-122.2191,,,,,,438,,2,0
nwfsc_pacific_hake_survey,D20230708T114203_IFCB117,2023-07-08 11:42:03+00:00,117,4.9102974537037,36.446,-122.2982,,,,,,271,,2,0
nwfsc_pacific_hake_survey,D20230708T120548_IFCB117,2023-07-08 12:05:48+00:00,117,4.93046478949653,36.4447,-122.362,,,,,,213,,2,0
nwfsc_pacific_hake_survey,D20230708T122934_IFCB117,2023-07-08 12:29:34+00:00,117,4.93691418909144,36.4437,-122.3752,,,,,,193,,2,0
nwfsc_pacific_hake_survey,D20230708T125320_IFCB117,2023-07-08 12:53:20+00:00,117,4.94208020471643,36.4432,-122.3872,,,,,,180,,2,0
nwfsc_pacific_hake_survey,D20230708T131707_IFCB117,2023-07-08 13:17:07+00:00,117,4.9479246057581,36.4465,-122.3666,,,,,,160,,2,0
nwfsc_pacific_hake_survey,D20230708T134052_IFCB117,2023-07-08 13:40:52+00:00,117,4.92809140805845,36.4456,-122.3,,,,,,219,,2,0
nwfsc_pacific_hake_survey,D20230708T140438_IFCB117,2023-07-08 14:04:38+00:00,117,4.91460129123264,36.4456,-122.2271,,,,,,259,,2,0
nwfsc_pacific_hake_survey,D20230708T142824_IFCB117,2023-07-08 14:28:24+00:00,117,4.68300857204861,36.4458,-122.1545,,,,,,938,,2,0
nwfsc_pacific_hake_survey,D20230708T145210_IFCB117,2023-07-08 14:52:10+00:00,117,4.52702557146991,36.4458,-122.081,,,,,,1394,,2,0
nwfsc_pacific_hake_survey,D20230708T151558_IFCB117,2023-07-08 15:15:58+00:00,117,4.68579170283565,36.446,-122.0068,,,,,,922,,2,0
nwfsc_pacific_hake_survey,D20230708T153944_IFCB117,2023-07-08 15:39:44+00:00,117,4.86595419198495,36.4421,-121.9601,,,,,,403,,2,0
nwfsc_pacific_hake_survey,D20230708T160331_IFCB117,2023-07-08 16:03:31+00:00,117,0.22674537037037,36.4116,-121.9812,,,,,,18,,2,0
nwfsc_pacific_hake_survey,D20230708T162639_IFCB117,2023-07-08 16:26:39+00:00,117,4.9210785228588,36.421,-121.9877,,,,,,245,,2,0
nwfsc_pacific_hake_survey,D20230708T165025_IFCB117,2023-07-08 16:50:25+00:00,117,4.79577560763889,36.4199,-122.0189,,,,,,606,,2,0
nwfsc_pacific_hake_survey,D20230708T171412_IFCB117,2023-07-08 17:14:12+00:00,117,4.74183246527778,36.4366,-122.0257,,,,,,758,,2,0
nwfsc_pacific_hake_survey,D20230708T173758_IFCB117,2023-07-08 17:37:58+00:00,117,4.78899244068287,36.4471,-122.0296,,,,,,625,,2,0
nwfsc_pacific_hake_survey,D20230708T180145_IFCB117,2023-07-08 18:01:45+00:00,117,4.79512380642361,36.4606,-122.0364,,,,,,609,,2,0
nwfsc_pacific_hake_survey,D20230708T182531_IFCB117,2023-07-08 18:25:31+00:00,117,4.4802171947338,36.5133,-122.06,,,,,,1527,,2,0
nwfsc_pacific_hake_survey,D20230708T184918_IFCB117,2023-07-08 18:49:18+00:00,117,4.50216040943287,36.5671,-122.085,,,,,,1476,,2,0
nwfsc_pacific_hake_survey,D20230708T191304_IFCB117,2023-07-08 19:13:04+00:00,117,4.25123502604167,36.612,-122.0909,,,,,,2197,,2,0
nwfsc_pacific_hake_survey,D20230708T193650_IFCB117,2023-07-08 19:36:50+00:00,117,4.42329701967593,36.612,-122.0114,,,,,,1717,,2,0
nwfsc_pacific_hake_survey,D20230708T200037_IFCB117,2023-07-08 20:00:37+00:00,117,4.54736668113426,36.6506,-121.9807,,,,,,1326,,2,0
nwfsc_pacific_hake_survey,D20230708T202424_IFCB117,2023-07-08 20:24:24+00:00,117,4.529068359375,36.6993,-121.9308,,,,,,1389,,2,0
nwfsc_pacific_hake_survey,D20230708T204810_IFCB117,2023-07-08 20:48:10+00:00,117,4.60469777199074,36.7481,-121.874,,,,,,1164,,2,0
nwfsc_pacific_hake_survey,D20230708T211156_IFCB117,2023-07-08 21:11:56+00:00,117,4.69695015914352,36.7791,-121.8487,,,,,,896,,2,0
nwfsc_pacific_hake_survey,D20230708T213542_IFCB117,2023-07-08 21:35:42+00:00,117,4.64983040364583,36.7785,-121.9278,,,,,,1038,,2,0
nwfsc_pacific_hake_survey,D20230708T215929_IFCB117,2023-07-08 21:59:29+00:00,117,4.33273206018518,36.7786,-122.0037,,,,,,1971,,2,0
nwfsc_pacific_hake_survey,D20230708T222316_IFCB117,2023-07-08 22:23:16+00:00,117,4.4205669849537,36.7658,-121.9739,,,,,,1700,,2,0
nwfsc_pacific_hake_survey,D20230708T224703_IFCB117,2023-07-08 22:47:03+00:00,117,4.38804622395833,36.7652,-121.9598,,,,,,1810,,2,0
nwfsc_pacific_hake_survey,D20230708T231050_IFCB117,2023-07-08 23:10:50+00:00,117,4.26956119791667,36.7766,-121.9803,,,,,,2135,,2,0
nwfsc_pacific_hake_survey,D20230708T233437_IFCB117,2023-07-08 23:34:37+00:00,117,4.38302510127315,36.7856,-121.9944,,,,,,1824,,2,0
nwfsc_pacific_hake_survey,D20230708T235824_IFCB117,2023-07-08 23:58:24+00:00,117,4.41000405092593,36.7958,-122.0025,,,,,,1739,,2,0
nwfsc_pacific_hake_survey,D20230709T002210_IFCB117,2023-07-09 00:22:10+00:00,117,4.35731032986111,36.779,-122.0406,,,,,,1899,,2,0
nwfsc_pacific_hake_survey,D20230709T004557_IFCB117,2023-07-09 00:45:57+00:00,117,4.46409747540509,36.7788,-122.1115,,,,,,1575,,2,0
nwfsc_pacific_hake_survey,D20230709T010945_IFCB117,2023-07-09 01:09:45+00:00,117,4.27986140046296,36.7791,-122.1849,,,,,,2119,,2,0
nwfsc_pacific_hake_survey,D20230709T013332_IFCB117,2023-07-09 01:33:32+00:00,117,4.30686226851852,36.7793,-122.2575,,,,,,2038,,2,0
nwfsc_pacific_hake_survey,D20230709T015718_IFCB117,2023-07-09 01:57:18+00:00,117,4.4864326171875,36.7807,-122.3302,,,,,,1512,,2,0
nwfsc_pacific_hake_survey,D20230709T022104_IFCB117,2023-07-09 02:21:04+00:00,117,4.58414416956019,36.7808,-122.3009,,,,,,1228,,2,0
nwfsc_pacific_hake_survey,D20230709T024450_IFCB117,2023-07-09 02:44:50+00:00,117,4.60299052372685,36.78,-122.3037,,,,,,1164,,2,0
nwfsc_pacific_hake_survey,D20230709T030837_IFCB117,2023-07-09 03:08:37+00:00,117,4.61158174189815,36.7853,-122.3095,,,,,,1144,,2,0
nwfsc_pacific_hake_survey,D20230709T033223_IFCB117,2023-07-09 03:32:23+00:00,117,4.53168598090278,36.779,-122.2323,,,,,,1381,,2,0
nwfsc_pacific_hake_survey,D20230709T035610_IFCB117,2023-07-09 03:56:10+00:00,117,4.33158745659722,36.7755,-122.2121,,,,,,1968,,2,0
nwfsc_pacific_hake_survey,D20230709T041957_IFCB117,2023-07-09 04:19:57+00:00,117,4.35896238425926,36.7737,-122.2186,,,,,,1888,,2,0
nwfsc_pacific_hake_survey,D20230709T044344_IFCB117,2023-07-09 04:43:44+00:00,117,4.33969502314815,36.7754,-122.1959,,,,,,1937,,2,0
nwfsc_pacific_hake_survey,D20230709T050731_IFCB117,2023-07-09 05:07:31+00:00,117,4.41131966145833,36.7774,-122.1114,,,,,,1732,,2,0
nwfsc_pacific_hake_survey,D20230709T053118_IFCB117,2023-07-09 05:31:18+00:00,117,4.42401765046296,36.7774,-122.1092,,,,,,1696,,2,0
nwfsc_pacific_hake_survey,D20230709T055505_IFCB117,2023-07-09 05:55:05+00:00,117,4.46591833043982,36.7764,-122.1151,,,,,,1576,,2,0
nwfsc_pacific_hake_survey,D20230709T061853_IFCB117,2023-07-09 06:18:53+00:00,117,4.47654047309028,36.7778,-122.0822,,,,,,1552,,2,0
nwfsc_pacific_hake_survey,D20230709T064240_IFCB117,2023-07-09 06:42:40+00:00,117,4.50436114728009,36.7791,-121.9999,,,,,,1462,,2,0
nwfsc_pacific_hake_survey,D20230709T070626_IFCB117,2023-07-09 07:06:26+00:00,117,4.52140961371528,36.776,-122.0041,,,,,,1400,,2,0
nwfsc_pacific_hake_survey,D20230709T073012_IFCB117,2023-07-09 07:30:12+00:00,117,4.5331421802662,36.7777,-122.006,,,,,,1375,,2,0
nwfsc_pacific_hake_survey,D20230709T075358_IFCB117,2023-07-09 07:53:58+00:00,117,4.63514207175926,36.779,-121.9264,,,,,,1079,,2,0
nwfsc_pacific_hake_survey,D20230709T081746_IFCB117,2023-07-09 08:17:46+00:00,117,4.58705790653935,36.7784,-121.8984,,,,,,1204,,2,0
nwfsc_pacific_hake_survey,D20230709T084132_IFCB117,2023-07-09 08:41:32+00:00,117,4.5958128978588,36.7754,-121.9017,,,,,,1197,,2,0
nwfsc_pacific_hake_survey,D20230709T090519_IFCB117,2023-07-09 09:05:19+00:00,117,4.59756011284722,36.7798,-121.8904,,,,,,1189,,2,0
nwfsc_pacific_hake_survey,D20230709T092906_IFCB117,2023-07-09 09:29:06+00:00,117,4.99484195059317,36.7777,-121.8942,,,,,,10,,2,0
nwfsc_pacific_hake_survey,D20230709T095252_IFCB117,2023-07-09 09:52:52+00:00,117,4.99411205150463,36.7792,-121.8825,,,,,,9,,2,0
nwfsc_pacific_hake_survey,D20230709T101638_IFCB117,2023-07-09 10:16:38+00:00,117,4.99630060040509,36.7783,-121.8751,,,,,,9,,2,0
nwfsc_pacific_hake_survey,D20230709T104025_IFCB117,2023-07-09 10:40:25+00:00,117,5.00246853298611,36.7784,-121.8405,,,,,,3,,2,0
nwfsc_pacific_hake_survey,D20230709T110411_IFCB117,2023-07-09 11:04:11+00:00,117,5.00189447699653,36.7941,-121.8788,,,,,,3,,2,0
nwfsc_pacific_hake_survey,D20230709T112757_IFCB117,2023-07-09 11:27:57+00:00,117,5.00009115487558,36.8254,-121.9479,,,,,,11,,2,0
nwfsc_pacific_hake_survey,D20230709T115143_IFCB117,2023-07-09 11:51:43+00:00,117,4.99814373553241,36.856,-122.0176,,,,,,30,,2,0
nwfsc_pacific_hake_survey,D20230709T121530_IFCB117,2023-07-09 12:15:30+00:00,117,5.00223111979167,36.8866,-122.0883,,,,,,3,,2,0
nwfsc_pacific_hake_survey,D20230709T123916_IFCB117,2023-07-09 12:39:16+00:00,117,5.00226649305556,36.9202,-122.1348,,,,,,5,,2,0
nwfsc_pacific_hake_survey,D20230709T130302_IFCB117,2023-07-09 13:03:02+00:00,117,5.00298380533854,36.9456,-122.1548,,,,,,5,,2,0
nwfsc_pacific_hake_survey,D20230709T132648_IFCB117,2023-07-09 13:26:48+00:00,117,5.00325358072917,36.9457,-122.2323,,,,,,1,,2,0
nwfsc_pacific_hake_survey,D20230709T135034_IFCB117,2023-07-09 13:50:34+00:00,117,5.0020946270978,36.9459,-122.314,,,,,,6,,2,0
nwfsc_pacific_hake_survey,D20230709T141420_IFCB117,2023-07-09 14:14:20+00:00,117,4.52708829029225,36.946,-122.3964,,,,,,3,,2,0
nwfsc_pacific_hake_survey,D20230709T143710_IFCB117,2023-07-09 14:37:10+00:00,117,4.53674602141204,36.9464,-122.4779,,,,,,609,,2,0
nwfsc_pacific_hake_survey,D20230709T150056_IFCB117,2023-07-09 15:00:56+00:00,117,0.61415832067419,36.9462,-122.5593,,,,,,181,,2,0
nwfsc_pacific_hake_survey,D20230711T003613_IFCB117,2023-07-11 00:36:13+00:00,117,4.8697716833044,37.6122,-122.775,,,,,,402,,2,0
nwfsc_pacific_hake_survey,D20230711T005959_IFCB117,2023-07-11 00:59:59+00:00,117,4.85753842050058,37.6121,-122.8486,,,,,,445,,2,0
nwfsc_pacific_hake_survey,D20230711T012346_IFCB117,2023-07-11 01:23:46+00:00,117,4.58085734953704,37.6126,-122.9229,,,,,,1258,,2,0
nwfsc_pacific_hake_survey,D20230711T014733_IFCB117,2023-07-11 01:47:33+00:00,117,4.36805237268518,37.6126,-123,,,,,,1883,,2,0
nwfsc_pacific_hake_survey,D20230711T021120_IFCB117,2023-07-11 02:11:20+00:00,117,4.88383733904803,37.612,-123.0778,,,,,,349,,2,0
nwfsc_pacific_hake_survey,D20230711T023506_IFCB117,2023-07-11 02:35:06+00:00,117,4.95409574833623,37.6131,-123.1567,,,,,,143,,2,0
nwfsc_pacific_hake_survey,D20230711T025852_IFCB117,2023-07-11 02:58:52+00:00,117,4.92981314199942,37.6127,-123.2322,,,,,,221,,2,0
nwfsc_pacific_hake_survey,D20230711T032238_IFCB117,2023-07-11 03:22:38+00:00,117,4.90768853985822,37.6372,-123.2981,,,,,,281,,2,0
nwfsc_pacific_hake_survey,D20230711T034624_IFCB117,2023-07-11 03:46:24+00:00,117,4.90783355034722,37.6875,-123.3415,,,,,,283,,2,0
nwfsc_pacific_hake_survey,D20230711T041010_IFCB117,2023-07-11 04:10:10+00:00,117,4.94845607277199,37.7358,-123.3846,,,,,,163,,2,0
nwfsc_pacific_hake_survey,D20230711T043356_IFCB117,2023-07-11 04:33:56+00:00,117,4.95648557761863,37.7768,-123.4227,,,,,,141,,2,0
nwfsc_pacific_hake_survey,D20230711T045743_IFCB117,2023-07-11 04:57:43+00:00,117,4.96169060149016,37.7781,-123.4284,,,,,,127,,2,0
nwfsc_pacific_hake_survey,D20230711T052128_IFCB117,2023-07-11 05:21:28+00:00,117,4.89031075484664,37.7762,-123.4351,,,,,,340,,2,0
nwfsc_pacific_hake_survey,D20230711T054514_IFCB117,2023-07-11 05:45:14+00:00,117,4.9749363245081,37.7778,-123.3923,,,,,,83,,2,0
nwfsc_pacific_hake_survey,D20230711T060900_IFCB117,2023-07-11 06:09:00+00:00,117,4.9763928765191,37.7764,-123.398,,,,,,81,,2,0
nwfsc_pacific_hake_survey,D20230711T063246_IFCB117,2023-07-11 06:32:46+00:00,117,4.97725688114873,37.7751,-123.4036,,,,,,77,,2,0
nwfsc_pacific_hake_survey,D20230711T065633_IFCB117,2023-07-11 06:56:33+00:00,117,4.98090192780671,37.7788,-123.3687,,,,,,66,,2,0
nwfsc_pacific_hake_survey,D20230711T072018_IFCB117,2023-07-11 07:20:18+00:00,117,4.96902904369213,37.7792,-123.2875,,,,,,102,,2,0
nwfsc_pacific_hake_survey,D20230711T074404_IFCB117,2023-07-11 07:44:04+00:00,117,4.97255835865162,37.7759,-123.2896,,,,,,92,,2,0
nwfsc_pacific_hake_survey,D20230711T080749_IFCB117,2023-07-11 08:07:49+00:00,117,4.97971638997396,37.7739,-123.2932,,,,,,72,,2,0
nwfsc_pacific_hake_survey,D20230711T083135_IFCB117,2023-07-11 08:31:35+00:00,117,4.97734301757813,37.7777,-123.2804,,,,,,77,,2,0
nwfsc_pacific_hake_survey,D20230711T085521_IFCB117,2023-07-11 08:55:21+00:00,117,4.97972088396991,37.7794,-123.2868,,,,,,70,,2,0
nwfsc_pacific_hake_survey,D20230711T091908_IFCB117,2023-07-11 09:19:08+00:00,117,4.97839434136285,37.7786,-123.2599,,,,,,73,,2,0
nwfsc_pacific_hake_survey,D20230711T094253_IFCB117,2023-07-11 09:42:53+00:00,117,4.98035290075231,37.7881,-123.2609,,,,,,69,,2,0
nwfsc_pacific_hake_survey,D20230711T100639_IFCB117,2023-07-11 10:06:39+00:00,117,4.81739892578125,37.8306,-123.2035,,,,,,548,,2,0
nwfsc_pacific_hake_survey,D20230711T103025_IFCB117,2023-07-11 10:30:25+00:00,117,4.4591556712963,37.8176,-123.1166,,,,,,1594,,2,0
nwfsc_pacific_hake_survey,D20230711T105413_IFCB117,2023-07-11 10:54:13+00:00,117,4.64095985243056,37.8064,-123.03,,,,,,1069,,2,0
nwfsc_pacific_hake_survey,D20230711T111759_IFCB117,2023-07-11 11:17:59+00:00,117,4.56197482638889,37.7944,-122.9479,,,,,,1314,,2,0
nwfsc_pacific_hake_survey,D20230711T114145_IFCB117,2023-07-11 11:41:45+00:00,117,4.59757298900463,37.7831,-122.8659,,,,,,1210,,2,0
nwfsc_pacific_hake_survey,D20230711T120532_IFCB117,2023-07-11 12:05:32+00:00,117,4.77776378038195,37.7789,-122.837,,,,,,665,,2,0
nwfsc_pacific_hake_survey,D20230711T122919_IFCB117,2023-07-11 12:29:19+00:00,117,4.72662315538194,37.7798,-122.8362,,,,,,821,,2,0
nwfsc_pacific_hake_survey,D20230711T125306_IFCB117,2023-07-11 12:53:06+00:00,117,4.80595319733796,37.7781,-122.822,,,,,,594,,2,0
nwfsc_pacific_hake_survey,D20230711T131653_IFCB117,2023-07-11 13:16:53+00:00,117,4.79301920572917,37.7791,-122.8532,,,,,,624,,2,0
nwfsc_pacific_hake_survey,D20230711T134040_IFCB117,2023-07-11 13:40:40+00:00,117,4.55991453269676,37.779,-122.9348,,,,,,1315,,2,0
nwfsc_pacific_hake_survey,D20230711T140426_IFCB117,2023-07-11 14:04:26+00:00,117,4.66302217158565,37.7791,-123.0131,,,,,,998,,2,0
nwfsc_pacific_hake_survey,D20230711T142812_IFCB117,2023-07-11 14:28:12+00:00,117,4.7071496129919,37.7987,-123.0582,,,,,,882,,2,0
nwfsc_pacific_hake_survey,D20230711T145157_IFCB117,2023-07-11 14:51:57+00:00,117,4.50375354456019,37.8162,-123.1032,,,,,,1463,,2,0
nwfsc_pacific_hake_survey,D20230711T151544_IFCB117,2023-07-11 15:15:44+00:00,117,4.50775412326389,37.8162,-123.1818,,,,,,1467,,2,0
nwfsc_pacific_hake_survey,D20230711T153931_IFCB117,2023-07-11 15:39:31+00:00,117,4.94655815972222,37.8161,-123.2586,,,,,,169,,2,0
nwfsc_pacific_hake_survey,D20230711T160317_IFCB117,2023-07-11 16:03:17+00:00,117,4.96333827944155,37.7791,-123.276,,,,,,119,,2,0
nwfsc_pacific_hake_survey,D20230711T162703_IFCB117,2023-07-11 16:27:03+00:00,117,4.96337640154803,37.7691,-123.2749,,,,,,120,,2,0
nwfsc_pacific_hake_survey,D20230711T165049_IFCB117,2023-07-11 16:50:49+00:00,117,4.96152493851273,37.7625,-123.2546,,,,,,126,,2,0
nwfsc_pacific_hake_survey,D20230711T171435_IFCB117,2023-07-11 17:14:35+00:00,117,4.97987890625,37.7761,-123.2706,,,,,,68,,2,0
nwfsc_pacific_hake_survey,D20230711T173822_IFCB117,2023-07-11 17:38:22+00:00,117,4.96843917281539,37.756,-123.2565,,,,,,103,,2,0
nwfsc_pacific_hake_survey,D20230711T180208_IFCB117,2023-07-11 18:02:08+00:00,117,4.97628761574074,37.7666,-123.2739,,,,,,81,,2,0
nwfsc_pacific_hake_survey,D20230711T182554_IFCB117,2023-07-11 18:25:54+00:00,117,4.98228028247975,37.7791,-123.3382,,,,,,63,,2,0
nwfsc_pacific_hake_survey,D20230711T184940_IFCB117,2023-07-11 18:49:40+00:00,117,4.97048474573206,37.7792,-123.4182,,,,,,103,,2,0
nwfsc_pacific_hake_survey,D20230711T191326_IFCB117,2023-07-11 19:13:26+00:00,117,4.91193174913194,37.7788,-123.501,,,,,,267,,2,0
nwfsc_pacific_hake_survey,D20230711T193712_IFCB117,2023-07-11 19:37:12+00:00,117,4.78841462311921,37.7784,-123.5843,,,,,,626,,2,0
nwfsc_pacific_hake_survey,D20230711T200059_IFCB117,2023-07-11 20:00:59+00:00,117,4.87321469003183,37.777,-123.664,,,,,,383,,2,0
nwfsc_pacific_hake_survey,D20230711T202445_IFCB117,2023-07-11 20:24:45+00:00,117,4.93612942165799,37.7801,-123.7108,,,,,,198,,2,0
nwfsc_pacific_hake_survey,D20230711T204831_IFCB117,2023-07-11 20:48:31+00:00,117,4.85960631872106,37.7649,-123.6333,,,,,,428,,2,0
nwfsc_pacific_hake_survey,D20230711T211217_IFCB117,2023-07-11 21:12:17+00:00,117,4.68423820891204,37.7514,-123.5715,,,,,,942,,2,0
nwfsc_pacific_hake_survey,D20230711T213604_IFCB117,2023-07-11 21:36:04+00:00,117,4.80487961154514,37.7541,-123.5525,,,,,,586,,2,0
nwfsc_pacific_hake_survey,D20230711T215951_IFCB117,2023-07-11 21:59:51+00:00,117,4.72212800202546,37.7718,-123.5649,,,,,,832,,2,0
nwfsc_pacific_hake_survey,D20230711T222337_IFCB117,2023-07-11 22:23:37+00:00,117,4.79653287760417,37.7873,-123.5749,,,,,,613,,2,0
nwfsc_pacific_hake_survey,D20230711T224723_IFCB117,2023-07-11 22:47:23+00:00,117,4.78105987774884,37.7961,-123.5721,,,,,,674,,2,0
nwfsc_pacific_hake_survey,D20230711T231108_IFCB117,2023-07-11 23:11:08+00:00,117,4.80172073929398,37.7999,-123.5903,,,,,,603,,2,0
nwfsc_pacific_hake_survey,D20230711T233455_IFCB117,2023-07-11 23:34:55+00:00,117,4.92317258029514,37.8372,-123.5808,,,,,,240,,2,0
nwfsc_pacific_hake_survey,D20230712T001522_IFCB117,2023-07-12 00:15:22+00:00,117,4.93473162615741,37.9281,-123.5316,,,,,,203,,2,0
nwfsc_pacific_hake_survey,D20230712T003908_IFCB117,2023-07-12 00:39:08+00:00,117,4.93758390299479,37.9455,-123.5717,,,,,,195,,2,0
nwfsc_pacific_hake_survey,D20230712T010254_IFCB117,2023-07-12 01:02:54+00:00,117,4.9282730396412,37.9456,-123.6441,,,,,,226,,2,0
nwfsc_pacific_hake_survey,D20230712T012640_IFCB117,2023-07-12 01:26:40+00:00,117,4.95090930627894,37.9469,-123.7173,,,,,,159,,2,0
nwfsc_pacific_hake_survey,D20230712T015027_IFCB117,2023-07-12 01:50:27+00:00,117,4.93912625687211,37.9458,-123.6522,,,,,,192,,2,0
nwfsc_pacific_hake_survey,D20230712T021413_IFCB117,2023-07-12 02:14:13+00:00,117,4.91328540039062,37.945,-123.567,,,,,,270,,2,0
nwfsc_pacific_hake_survey,D20230712T023758_IFCB117,2023-07-12 02:37:58+00:00,117,4.93545428240741,37.9537,-123.4845,,,,,,200,,2,0
nwfsc_pacific_hake_survey,D20230712T030144_IFCB117,2023-07-12 03:01:44+00:00,117,4.90746535011574,37.9446,-123.4041,,,,,,278,,2,0
nwfsc_pacific_hake_survey,D20230712T032531_IFCB117,2023-07-12 03:25:31+00:00,117,4.92703414351852,37.9455,-123.3193,,,,,,230,,2,0
nwfsc_pacific_hake_survey,D20230712T034917_IFCB117,2023-07-12 03:49:17+00:00,117,4.89808834273727,37.9667,-123.278,,,,,,310,,2,0
nwfsc_pacific_hake_survey,D20230712T041303_IFCB117,2023-07-12 04:13:03+00:00,117,4.92438233326099,38.0179,-123.3049,,,,,,233,,2,0
nwfsc_pacific_hake_survey,D20230712T043649_IFCB117,2023-07-12 04:36:49+00:00,117,4.93388783094618,38.0683,-123.3298,,,,,,206,,2,0
nwfsc_pacific_hake_survey,D20230712T050035_IFCB117,2023-07-12 05:00:35+00:00,117,4.94681166811343,38.1105,-123.3262,,,,,,170,,2,0
nwfsc_pacific_hake_survey,D20230712T052421_IFCB117,2023-07-12 05:24:21+00:00,117,4.95174344437211,38.1038,-123.3338,,,,,,152,,2,0
nwfsc_pacific_hake_survey,D20230712T054808_IFCB117,2023-07-12 05:48:08+00:00,117,4.9524551775897,38.1112,-123.3833,,,,,,150,,2,0
nwfsc_pacific_hake_survey,D20230712T061154_IFCB117,2023-07-12 06:11:54+00:00,117,4.96816358326099,38.112,-123.4471,,,,,,103,,2,0
nwfsc_pacific_hake_survey,D20230712T063540_IFCB117,2023-07-12 06:35:40+00:00,117,4.97669594545718,38.1083,-123.4951,,,,,,74,,2,0
nwfsc_pacific_hake_survey,D20230712T065926_IFCB117,2023-07-12 06:59:26+00:00,117,4.97719476092303,38.0993,-123.5006,,,,,,77,,2,0
nwfsc_pacific_hake_survey,D20230712T072312_IFCB117,2023-07-12 07:23:12+00:00,117,4.96631320529514,38.1085,-123.5188,,,,,,111,,2,0
nwfsc_pacific_hake_survey,D20230712T074659_IFCB117,2023-07-12 07:46:59+00:00,117,4.97446917498553,38.1067,-123.5262,,,,,,86,,2,0
nwfsc_pacific_hake_survey,D20230712T081045_IFCB117,2023-07-12 08:10:45+00:00,117,4.97008138925058,38.1019,-123.5335,,,,,,98,,2,0
nwfsc_pacific_hake_survey,D20230712T083431_IFCB117,2023-07-12 08:34:31+00:00,117,4.96784030490451,38.1055,-123.5677,,,,,,104,,2,0
nwfsc_pacific_hake_survey,D20230712T085817_IFCB117,2023-07-12 08:58:17+00:00,117,4.95727197265625,38.1116,-123.6043,,,,,,137,,2,0
nwfsc_pacific_hake_survey,D20230712T092203_IFCB117,2023-07-12 09:22:03+00:00,117,4.95918974247685,38.1074,-123.609,,,,,,132,,2,0
nwfsc_pacific_hake_survey,D20230712T094550_IFCB117,2023-07-12 09:45:50+00:00,117,4.97245587384259,38.1139,-123.6165,,,,,,91,,2,0
nwfsc_pacific_hake_survey,D20230712T100936_IFCB117,2023-07-12 10:09:36+00:00,117,4.96738493742766,38.1099,-123.5652,,,,,,110,,2,0
nwfsc_pacific_hake_survey,D20230712T103321_IFCB117,2023-07-12 10:33:21+00:00,117,4.98120202184606,38.0997,-123.4856,,,,,,68,,2,0
nwfsc_pacific_hake_survey,D20230712T105707_IFCB117,2023-07-12 10:57:07+00:00,117,4.97338879846643,38.089,-123.4074,,,,,,89,,2,0
nwfsc_pacific_hake_survey,D20230712T112052_IFCB117,2023-07-12 11:20:52+00:00,117,4.97903937897859,38.0445,-123.3598,,,,,,72,,2,0
nwfsc_pacific_hake_survey,D20230712T114438_IFCB117,2023-07-12 11:44:38+00:00,117,4.95629777018229,37.9978,-123.3268,,,,,,137,,2,0
nwfsc_pacific_hake_survey,D20230712T120825_IFCB117,2023-07-12 12:08:25+00:00,117,4.92829514793113,37.953,-123.3002,,,,,,222,,2,0
nwfsc_pacific_hake_survey,D20230712T123210_IFCB117,2023-07-12 12:32:10+00:00,117,4.91773629195602,37.9438,-123.3,,,,,,252,,2,0
nwfsc_pacific_hake_survey,D20230712T125556_IFCB117,2023-07-12 12:55:56+00:00,117,4.92036839916088,37.9456,-123.3008,,,,,,243,,2,0
nwfsc_pacific_hake_survey,D20230712T131942_IFCB117,2023-07-12 13:19:42+00:00,117,4.95081559244792,37.9458,-123.2431,,,,,,152,,2,0
nwfsc_pacific_hake_survey,D20230712T134328_IFCB117,2023-07-12 13:43:28+00:00,117,4.88868727394387,37.946,-123.1846,,,,,,336,,2,0
nwfsc_pacific_hake_survey,D20230712T140715_IFCB117,2023-07-12 14:07:15+00:00,117,4.88026919668692,37.9473,-123.2003,,,,,,362,,2,0
nwfsc_pacific_hake_survey,D20230712T143101_IFCB117,2023-07-12 14:31:01+00:00,117,4.91535083007812,37.9487,-123.2005,,,,,,256,,2,0
nwfsc_pacific_hake_survey,D20230712T145447_IFCB117,2023-07-12 14:54:47+00:00,117,4.90022309027778,37.9515,-123.2069,,,,,,307,,2,0
nwfsc_pacific_hake_survey,D20230712T151833_IFCB117,2023-07-12 15:18:33+00:00,117,4.90219848632813,37.9459,-123.1562,,,,,,300,,2,0
nwfsc_pacific_hake_survey,D20230712T154219_IFCB117,2023-07-12 15:42:19+00:00,117,4.94664756944445,37.9459,-123.0846,,,,,,168,,2,0
nwfsc_pacific_hake_survey,D20230712T160604_IFCB117,2023-07-12 16:06:04+00:00,117,4.98497875976563,37.9457,-123.0025,,,,,,54,,2,0
nwfsc_pacific_hake_survey,D20230712T162951_IFCB117,2023-07-12 16:29:51+00:00,117,4.97797056749132,37.9456,-122.9237,,,,,,78,,2,0
nwfsc_pacific_hake_survey,D20230712T165337_IFCB117,2023-07-12 16:53:37+00:00,117,4.97647865125868,37.9452,-122.926,,,,,,79,,2,0
nwfsc_pacific_hake_survey,D20230712T171723_IFCB117,2023-07-12 17:17:23+00:00,117,4.9888497088397,37.9455,-123.0092,,,,,,45,,2,0
nwfsc_pacific_hake_survey,D20230712T174109_IFCB117,2023-07-12 17:41:09+00:00,117,4.98337478298611,37.9792,-123.0703,,,,,,60,,2,0
nwfsc_pacific_hake_survey,D20230712T180455_IFCB117,2023-07-12 18:04:55+00:00,117,4.97315290436921,38.0334,-123.0888,,,,,,89,,2,0
nwfsc_pacific_hake_survey,D20230712T182842_IFCB117,2023-07-12 18:28:42+00:00,117,4.98905081741898,38.0892,-123.0479,,,,,,42,,2,0
nwfsc_pacific_hake_survey,D20230712T185228_IFCB117,2023-07-12 18:52:28+00:00,117,4.99171459056713,38.1127,-122.9986,,,,,,34,,2,0
nwfsc_pacific_hake_survey,D20230712T191613_IFCB117,2023-07-12 19:16:13+00:00,117,4.99004509367766,38.1125,-123.0815,,,,,,39,,2,0
nwfsc_pacific_hake_survey,D20230712T193959_IFCB117,2023-07-12 19:39:59+00:00,117,4.98309120008681,38.1115,-123.1603,,,,,,61,,2,0
nwfsc_pacific_hake_survey,D20230712T200345_IFCB117,2023-07-12 20:03:45+00:00,117,4.95193466073495,38.1111,-123.2427,,,,,,151,,2,0
nwfsc_pacific_hake_survey,D20230712T202731_IFCB117,2023-07-12 20:27:31+00:00,117,4.97315005606192,38.1118,-123.3249,,,,,,88,,2,0
nwfsc_pacific_hake_survey,D20230712T205118_IFCB117,2023-07-12 20:51:18+00:00,117,4.98961990921586,38.1126,-123.4044,,,,,,41,,2,0
nwfsc_pacific_hake_survey,D20230712T211504_IFCB117,2023-07-12 21:15:04+00:00,117,4.98199196144387,38.1052,-123.402,,,,,,64,,2,0
nwfsc_pacific_hake_survey,D20230712T213850_IFCB117,2023-07-12 21:38:50+00:00,117,4.9855928729022,38.0927,-123.3517,,,,,,52,,2,0
nwfsc_pacific_hake_survey,D20230712T220235_IFCB117,2023-07-12 22:02:35+00:00,117,4.98670778175637,38.1037,-123.3669,,,,,,52,,2,0
nwfsc_pacific_hake_survey,D20230712T222621_IFCB117,2023-07-12 22:26:21+00:00,117,4.99229706488715,38.1186,-123.3761,,,,,,34,,2,0
nwfsc_pacific_hake_survey,D20230712T225008_IFCB117,2023-07-12 22:50:08+00:00,117,4.98625514503762,38.1261,-123.3844,,,,,,51,,2,0
nwfsc_pacific_hake_survey,D20230712T231354_IFCB117,2023-07-12 23:13:54+00:00,117,4.97793540219907,38.1126,-123.4507,,,,,,76,,2,0
nwfsc_pacific_hake_survey,D20230712T235421_IFCB117,2023-07-12 23:54:21+00:00,117,4.96192561848958,38.1108,-123.5332,,,,,,113,,2,0
nwfsc_pacific_hake_survey,D20230713T001807_IFCB117,2023-07-13 00:18:07+00:00,117,4.98082598198785,38.0852,-123.4729,,,,,,65,,2,0
nwfsc_pacific_hake_survey,D20230713T004152_IFCB117,2023-07-13 00:41:52+00:00,117,4.98289484772859,38.0971,-123.4861,,,,,,63,,2,0
nwfsc_pacific_hake_survey,D20230713T010538_IFCB117,2023-07-13 01:05:38+00:00,117,4.94271854202836,38.1157,-123.5068,,,,,,178,,2,0
nwfsc_pacific_hake_survey,D20230713T012925_IFCB117,2023-07-13 01:29:25+00:00,117,4.90668382884838,38.1283,-123.5194,,,,,,287,,2,0
nwfsc_pacific_hake_survey,D20230713T015311_IFCB117,2023-07-13 01:53:11+00:00,117,4.84884516059028,38.1365,-123.5348,,,,,,413,,2,0
nwfsc_pacific_hake_survey,D20230713T021657_IFCB117,2023-07-13 02:16:57+00:00,117,4.8581578052662,38.1347,-123.5484,,,,,,380,,2,0
nwfsc_pacific_hake_survey,D20230713T024043_IFCB117,2023-07-13 02:40:43+00:00,117,4.91584320746528,38.112,-123.5683,,,,,,231,,2,0
nwfsc_pacific_hake_survey,D20230713T030429_IFCB117,2023-07-13 03:04:29+00:00,117,4.97267947048611,38.1161,-123.6373,,,,,,79,,2,0
nwfsc_pacific_hake_survey,D20230713T032814_IFCB117,2023-07-13 03:28:14+00:00,117,4.94075972041377,38.1684,-123.6112,,,,,,168,,2,0
nwfsc_pacific_hake_survey,D20230713T035201_IFCB117,2023-07-13 03:52:01+00:00,117,4.94065313042535,38.2218,-123.588,,,,,,161,,2,0
nwfsc_pacific_hake_survey,D20230713T041547_IFCB117,2023-07-13 04:15:47+00:00,117,4.9164210973669,38.2726,-123.5617,,,,,,222,,2,0
nwfsc_pacific_hake_survey,D20230713T043932_IFCB117,2023-07-13 04:39:32+00:00,117,4.93120119900174,38.3272,-123.5359,,,,,,186,,2,0
nwfsc_pacific_hake_survey,D20230713T050318_IFCB117,2023-07-13 05:03:18+00:00,117,4.94028038194444,38.3835,-123.5095,,,,,,181,,2,0
nwfsc_pacific_hake_survey,D20230713T052704_IFCB117,2023-07-13 05:27:04+00:00,117,4.92382603624132,38.4402,-123.4843,,,,,,235,,2,0
nwfsc_pacific_hake_survey,D20230713T055050_IFCB117,2023-07-13 05:50:50+00:00,117,4.88888696289063,38.4426,-123.4866,,,,,,314,,2,0
nwfsc_pacific_hake_survey,D20230713T061435_IFCB117,2023-07-13 06:14:35+00:00,117,4.88802375397859,38.4421,-123.522,,,,,,300,,2,0
nwfsc_pacific_hake_survey,D20230713T063821_IFCB117,2023-07-13 06:38:21+00:00,117,4.93766638635706,38.445,-123.6051,,,,,,175,,2,0
nwfsc_pacific_hake_survey,D20230713T070207_IFCB117,2023-07-13 07:02:07+00:00,117,4.95227019133391,38.4407,-123.6218,,,,,,141,,2,0
nwfsc_pacific_hake_survey,D20230713T072553_IFCB117,2023-07-13 07:25:53+00:00,117,4.95615829354745,38.4413,-123.6329,,,,,,134,,2,0
nwfsc_pacific_hake_survey,D20230713T074940_IFCB117,2023-07-13 07:49:40+00:00,117,4.9526237250434,38.4428,-123.6465,,,,,,149,,2,0
nwfsc_pacific_hake_survey,D20230713T081326_IFCB117,2023-07-13 08:13:26+00:00,117,4.95335913085937,38.4407,-123.6533,,,,,,143,,2,0
nwfsc_pacific_hake_survey,D20230713T083712_IFCB117,2023-07-13 08:37:12+00:00,117,4.95407329644097,38.4449,-123.7077,,,,,,146,,2,0
nwfsc_pacific_hake_survey,D20230713T090058_IFCB117,2023-07-13 09:00:58+00:00,117,4.96965216290509,38.445,-123.7211,,,,,,100,,2,0
nwfsc_pacific_hake_survey,D20230713T092444_IFCB117,2023-07-13 09:24:44+00:00,117,4.97268522135417,38.4454,-123.7405,,,,,,90,,2,0
nwfsc_pacific_hake_survey,D20230713T094830_IFCB117,2023-07-13 09:48:30+00:00,117,4.97731168619792,38.4447,-123.7508,,,,,,76,,2,0
nwfsc_pacific_hake_survey,D20230713T101217_IFCB117,2023-07-13 10:12:17+00:00,117,4.97253938802083,38.4436,-123.7568,,,,,,87,,2,0
nwfsc_pacific_hake_survey,D20230713T103602_IFCB117,2023-07-13 10:36:02+00:00,117,4.97969997829861,38.4457,-123.7857,,,,,,67,,2,0
nwfsc_pacific_hake_survey,D20230713T105947_IFCB117,2023-07-13 10:59:47+00:00,117,4.97721949146412,38.4461,-123.7904,,,,,,76,,2,0
nwfsc_pacific_hake_survey,D20230713T112333_IFCB117,2023-07-13 11:23:33+00:00,117,4.98483205837674,38.4311,-123.7821,,,,,,55,,2,0
nwfsc_pacific_hake_survey,D20230713T114719_IFCB117,2023-07-13 11:47:19+00:00,117,4.9840231391059,38.3804,-123.7473,,,,,,55,,2,0
nwfsc_pacific_hake_survey,D20230713T121104_IFCB117,2023-07-13 12:11:04+00:00,117,4.96558336950232,38.3353,-123.7171,,,,,,110,,2,0
nwfsc_pacific_hake_survey,D20230713T123451_IFCB117,2023-07-13 12:34:51+00:00,117,4.96749622034143,38.2997,-123.6903,,,,,,105,,2,0
nwfsc_pacific_hake_survey,D20230713T125836_IFCB117,2023-07-13 12:58:36+00:00,117,4.94760855215567,38.2795,-123.6814,,,,,,162,,2,0
nwfsc_pacific_hake_survey,D20230713T132222_IFCB117,2023-07-13 13:22:22+00:00,117,4.93668359375,38.2788,-123.6064,,,,,,193,,2,0
nwfsc_pacific_hake_survey,D20230713T134608_IFCB117,2023-07-13 13:46:08+00:00,117,4.96066374602141,38.279,-123.5205,,,,,,122,,2,0
nwfsc_pacific_hake_survey,D20230713T140954_IFCB117,2023-07-13 14:09:54+00:00,117,4.96610020616319,38.2659,-123.4864,,,,,,111,,2,0
nwfsc_pacific_hake_survey,D20230713T143340_IFCB117,2023-07-13 14:33:40+00:00,117,4.96717708333333,38.2526,-123.4997,,,,,,103,,2,0
nwfsc_pacific_hake_survey,D20230713T145726_IFCB117,2023-07-13 14:57:26+00:00,117,4.96856181278935,38.2656,-123.5128,,,,,,100,,2,0
nwfsc_pacific_hake_survey,D20230713T152112_IFCB117,2023-07-13 15:21:12+00:00,117,1.02086822735822,38.2817,-123.5295,,,,,,31,,2,0
nwfsc_pacific_hake_survey,D20230713T153041_IFCB117,2023-07-13 15:30:41+00:00,117,4.96605027488426,38.2848,-123.532,,,,,,106,,2,0
nwfsc_pacific_hake_survey,D20230713T155426_IFCB117,2023-07-13 15:54:26+00:00,117,4.9677582103588,38.288,-123.5431,,,,,,107,,2,0
nwfsc_pacific_hake_survey,D20230713T161812_IFCB117,2023-07-13 16:18:12+00:00,117,4.97337572337963,38.279,-123.4921,,,,,,88,,2,0
nwfsc_pacific_hake_survey,D20230713T164157_IFCB117,2023-07-13 16:41:57+00:00,117,4.97934596535012,38.2791,-123.4052,,,,,,76,,2,0
nwfsc_pacific_hake_survey,D20230713T170543_IFCB117,2023-07-13 17:05:43+00:00,117,4.8895508807147,38.2788,-123.3159,,,,,,333,,2,0
nwfsc_pacific_hake_survey,D20230713T172929_IFCB117,2023-07-13 17:29:29+00:00,117,4.87896292679398,38.2793,-123.2278,,,,,,366,,2,0
nwfsc_pacific_hake_survey,D20230713T175314_IFCB117,2023-07-13 17:53:14+00:00,117,4.986595223886,38.2789,-123.1398,,,,,,51,,2,0
nwfsc_pacific_hake_survey,D20230713T181700_IFCB117,2023-07-13 18:17:00+00:00,117,4.98443715639468,38.2845,-123.0997,,,,,,56,,2,0
nwfsc_pacific_hake_survey,D20230713T184047_IFCB117,2023-07-13 18:40:47+00:00,117,4.98295573820891,38.3325,-123.149,,,,,,58,,2,0
nwfsc_pacific_hake_survey,D20230713T190432_IFCB117,2023-07-13 19:04:32+00:00,117,4.99462143735532,38.3944,-123.1808,,,,,,27,,2,0
nwfsc_pacific_hake_survey,D20230713T192818_IFCB117,2023-07-13 19:28:18+00:00,117,4.99858981662326,38.4458,-123.2068,,,,,,15,,2,0
nwfsc_pacific_hake_survey,D20230713T195203_IFCB117,2023-07-13 19:52:03+00:00,117,4.99921374059606,38.4459,-123.2218,,,,,,12,,2,0
nwfsc_pacific_hake_survey,D20230713T201549_IFCB117,2023-07-13 20:15:49+00:00,117,4.99839913375289,38.4456,-123.2182,,,,,,15,,2,0
nwfsc_pacific_hake_survey,D20230713T203935_IFCB117,2023-07-13 20:39:35+00:00,117,4.99430649594907,38.4454,-123.3014,,,,,,27,,2,0
nwfsc_pacific_hake_survey,D20230713T210322_IFCB117,2023-07-13 21:03:22+00:00,117,4.93230467845775,38.4449,-123.3848,,,,,,211,,2,0
nwfsc_pacific_hake_survey,D20230713T212708_IFCB117,2023-07-13 21:27:08+00:00,117,4.89060479962384,38.4437,-123.4657,,,,,,330,,2,0
nwfsc_pacific_hake_survey,D20230713T215054_IFCB117,2023-07-13 21:50:54+00:00,117,4.85164145688657,38.4375,-123.4869,,,,,,441,,2,0
nwfsc_pacific_hake_survey,D20230713T221439_IFCB117,2023-07-13 22:14:39+00:00,117,4.86936500831887,38.4452,-123.5166,,,,,,393,,2,0
nwfsc_pacific_hake_survey,D20230713T223825_IFCB117,2023-07-13 22:38:25+00:00,117,4.92290964988426,38.4455,-123.594,,,,,,232,,2,0
nwfsc_pacific_hake_survey,D20230713T231852_IFCB117,2023-07-13 23:18:52+00:00,117,4.96093541124132,38.4459,-123.6146,,,,,,119,,2,0
nwfsc_pacific_hake_survey,D20230713T234238_IFCB117,2023-07-13 23:42:38+00:00,117,4.98020628074363,38.4471,-123.6403,,,,,,67,,2,0
nwfsc_pacific_hake_survey,D20230714T000625_IFCB117,2023-07-14 00:06:25+00:00,117,4.97633606409144,38.4455,-123.6746,,,,,,79,,2,0
nwfsc_pacific_hake_survey,D20230714T003011_IFCB117,2023-07-14 00:30:11+00:00,117,4.98657961697049,38.448,-123.7191,,,,,,51,,2,0
nwfsc_pacific_hake_survey,D20230714T005357_IFCB117,2023-07-14 00:53:57+00:00,117,4.97582553891782,38.4456,-123.7281,,,,,,84,,2,0
nwfsc_pacific_hake_survey,D20230714T011743_IFCB117,2023-07-14 01:17:43+00:00,117,4.98798797381366,38.4483,-123.785,,,,,,46,,2,0
nwfsc_pacific_hake_survey,D20230714T014129_IFCB117,2023-07-14 01:41:29+00:00,117,4.98787296549479,38.4563,-123.7881,,,,,,48,,2,0
nwfsc_pacific_hake_survey,D20230714T020515_IFCB117,2023-07-14 02:05:15+00:00,117,4.9781067437066,38.514,-123.8121,,,,,,74,,2,0
nwfsc_pacific_hake_survey,D20230714T022901_IFCB117,2023-07-14 02:29:01+00:00,117,4.97412827329282,38.5732,-123.8381,,,,,,87,,2,0
nwfsc_pacific_hake_survey,D20230714T031632_IFCB117,2023-07-14 03:16:32+00:00,117,4.92846141673901,38.6256,-123.8436,,,,,,220,,2,0
nwfsc_pacific_hake_survey,D20230714T034017_IFCB117,2023-07-14 03:40:17+00:00,117,4.92319901077836,38.6707,-123.8868,,,,,,239,,2,0
nwfsc_pacific_hake_survey,D20230714T040404_IFCB117,2023-07-14 04:04:04+00:00,117,4.89814104998553,38.7255,-123.9375,,,,,,301,,2,0
nwfsc_pacific_hake_survey,D20230714T042750_IFCB117,2023-07-14 04:27:50+00:00,117,4.93943442563657,38.7737,-123.9846,,,,,,191,,2,0
nwfsc_pacific_hake_survey,D20230714T045136_IFCB117,2023-07-14 04:51:36+00:00,117,4.94688076895255,38.7746,-123.9956,,,,,,167,,2,0
nwfsc_pacific_hake_survey,D20230714T051522_IFCB117,2023-07-14 05:15:22+00:00,117,4.94678317599826,38.7729,-124.0064,,,,,,165,,2,0
nwfsc_pacific_hake_survey,D20230714T053907_IFCB117,2023-07-14 05:39:07+00:00,117,4.95217452437789,38.7765,-123.9698,,,,,,146,,2,0
nwfsc_pacific_hake_survey,D20230714T060252_IFCB117,2023-07-14 06:02:52+00:00,117,4.96802456778067,38.7782,-123.8891,,,,,,105,,2,0
nwfsc_pacific_hake_survey,D20230714T062639_IFCB117,2023-07-14 06:26:39+00:00,117,4.96459417498553,38.7771,-123.8765,,,,,,113,,2,0
nwfsc_pacific_hake_survey,D20230714T065025_IFCB117,2023-07-14 06:50:25+00:00,117,4.96788221571181,38.776,-123.8857,,,,,,102,,2,0
nwfsc_pacific_hake_survey,D20230714T071411_IFCB117,2023-07-14 07:14:11+00:00,117,4.95601880787037,38.7787,-123.8549,,,,,,141,,2,0
nwfsc_pacific_hake_survey,D20230714T073757_IFCB117,2023-07-14 07:37:57+00:00,117,4.94837807436343,38.7757,-123.8532,,,,,,163,,2,0
nwfsc_pacific_hake_survey,D20230714T080142_IFCB117,2023-07-14 08:01:42+00:00,117,4.95092329463252,38.7725,-123.8593,,,,,,152,,2,0
nwfsc_pacific_hake_survey,D20230714T082528_IFCB117,2023-07-14 08:25:28+00:00,117,4.9580885687934,38.7785,-123.8504,,,,,,136,,2,0
nwfsc_pacific_hake_survey,D20230714T084915_IFCB117,2023-07-14 08:49:15+00:00,117,4.83089330150463,38.7767,-123.8222,,,,,,512,,2,0
nwfsc_pacific_hake_survey,D20230714T091301_IFCB117,2023-07-14 09:13:01+00:00,117,4.83259577546296,38.7783,-123.7903,,,,,,498,,2,0
nwfsc_pacific_hake_survey,D20230714T093647_IFCB117,2023-07-14 09:36:47+00:00,117,4.8451029369213,38.7795,-123.7066,,,,,,457,,2,0
nwfsc_pacific_hake_survey,D20230714T100033_IFCB117,2023-07-14 10:00:33+00:00,117,4.9154112322772,38.7787,-123.6301,,,,,,262,,2,0
nwfsc_pacific_hake_survey,D20230714T102419_IFCB117,2023-07-14 10:24:19+00:00,117,4.94972906720197,38.7792,-123.5914,,,,,,158,,2,0
nwfsc_pacific_hake_survey,D20230714T104805_IFCB117,2023-07-14 10:48:05+00:00,117,4.97287208839699,38.7629,-123.5962,,,,,,89,,2,0
nwfsc_pacific_hake_survey,D20230714T111150_IFCB117,2023-07-14 11:11:50+00:00,117,4.92866097005208,38.7027,-123.5772,,,,,,217,,2,0
nwfsc_pacific_hake_survey,D20230714T113536_IFCB117,2023-07-14 11:35:36+00:00,117,4.97632722077546,38.6613,-123.5251,,,,,,81,,2,0
nwfsc_pacific_hake_survey,D20230714T115922_IFCB117,2023-07-14 11:59:22+00:00,117,4.97462680844907,38.6346,-123.4769,,,,,,87,,2,0
nwfsc_pacific_hake_survey,D20230714T122308_IFCB117,2023-07-14 12:23:08+00:00,117,4.98503682906539,38.6111,-123.4275,,,,,,54,,2,0
nwfsc_pacific_hake_survey,D20230714T124653_IFCB117,2023-07-14 12:46:53+00:00,117,4.98821515118634,38.6052,-123.4057,,,,,,48,,2,0
nwfsc_pacific_hake_survey,D20230714T131040_IFCB117,2023-07-14 13:10:40+00:00,117,4.99221520543981,38.6123,-123.4192,,,,,,31,,2,0
nwfsc_pacific_hake_survey,D20230714T133426_IFCB117,2023-07-14 13:34:26+00:00,117,4.95835206886574,38.6123,-123.5017,,,,,,132,,2,0
nwfsc_pacific_hake_survey,D20230714T135811_IFCB117,2023-07-14 13:58:11+00:00,117,4.9183288031684,38.6121,-123.5808,,,,,,245,,2,0
nwfsc_pacific_hake_survey,D20230714T142157_IFCB117,2023-07-14 14:21:57+00:00,117,4.80180268012153,38.6127,-123.6565,,,,,,584,,2,0
nwfsc_pacific_hake_survey,D20230714T144544_IFCB117,2023-07-14 14:45:44+00:00,117,4.95202378110532,38.6123,-123.7369,,,,,,152,,2,0
nwfsc_pacific_hake_survey,D20230714T150931_IFCB117,2023-07-14 15:09:31+00:00,117,4.95261047815393,38.6165,-123.7988,,,,,,147,,2,0
nwfsc_pacific_hake_survey,D20230714T153317_IFCB117,2023-07-14 15:33:17+00:00,117,4.96183615451389,38.5806,-123.732,,,,,,119,,2,0
nwfsc_pacific_hake_survey,D20230714T155702_IFCB117,2023-07-14 15:57:02+00:00,117,4.95831975188079,38.5813,-123.7213,,,,,,130,,2,0
nwfsc_pacific_hake_survey,D20230714T162047_IFCB117,2023-07-14 16:20:47+00:00,117,4.96586595775463,38.5945,-123.7305,,,,,,110,,2,0
nwfsc_pacific_hake_survey,D20230714T164433_IFCB117,2023-07-14 16:44:33+00:00,117,4.95963106734664,38.6117,-123.7627,,,,,,124,,2,0
nwfsc_pacific_hake_survey,D20230714T170818_IFCB117,2023-07-14 17:08:18+00:00,117,4.96371547670718,38.6123,-123.844,,,,,,117,,2,0
nwfsc_pacific_hake_survey,D20230714T173203_IFCB117,2023-07-14 17:32:03+00:00,117,4.96251171875,38.6121,-123.8435,,,,,,121,,2,0
nwfsc_pacific_hake_survey,D20230714T175549_IFCB117,2023-07-14 17:55:49+00:00,117,4.94655214662905,38.5885,-123.7807,,,,,,164,,2,0
nwfsc_pacific_hake_survey,D20230714T181935_IFCB117,2023-07-14 18:19:35+00:00,117,4.93028893590856,38.5701,-123.7344,,,,,,215,,2,0
nwfsc_pacific_hake_survey,D20230714T184321_IFCB117,2023-07-14 18:43:21+00:00,117,4.96869694010417,38.5686,-123.7156,,,,,,102,,2,0
nwfsc_pacific_hake_survey,D20230714T190708_IFCB117,2023-07-14 19:07:08+00:00,117,4.96712300166377,38.5825,-123.7055,,,,,,101,,2,0
nwfsc_pacific_hake_survey,D20230714T193053_IFCB117,2023-07-14 19:30:53+00:00,117,4.96741956018519,38.5795,-123.7014,,,,,,107,,2,0
nwfsc_pacific_hake_survey,D20230714T195438_IFCB117,2023-07-14 19:54:38+00:00,117,4.97254821325231,38.5857,-123.7099,,,,,,89,,2,0
nwfsc_pacific_hake_survey,D20230714T201824_IFCB117,2023-07-14 20:18:24+00:00,117,4.97562245912905,38.6037,-123.7314,,,,,,80,,2,0
nwfsc_pacific_hake_survey,D20230714T204210_IFCB117,2023-07-14 20:42:10+00:00,117,4.97129244429977,38.616,-123.7487,,,,,,97,,2,0
nwfsc_pacific_hake_survey,D20230714T210555_IFCB117,2023-07-14 21:05:55+00:00,117,4.95320704029225,38.6219,-123.7652,,,,,,149,,2,0
nwfsc_pacific_hake_survey,D20230714T212941_IFCB117,2023-07-14 21:29:41+00:00,117,4.94417431640625,38.6059,-123.7793,,,,,,171,,2,0
nwfsc_pacific_hake_survey,D20230714T215326_IFCB117,2023-07-14 21:53:26+00:00,117,4.95877746129919,38.5734,-123.7485,,,,,,130,,2,0
nwfsc_pacific_hake_survey,D20230714T221712_IFCB117,2023-07-14 22:17:12+00:00,117,4.96711892361111,38.5791,-123.7524,,,,,,105,,2,0
nwfsc_pacific_hake_survey,D20230714T225739_IFCB117,2023-07-14 22:57:39+00:00,117,4.96666082537616,38.5878,-123.756,,,,,,110,,2,0
nwfsc_pacific_hake_survey,D20230714T232125_IFCB117,2023-07-14 23:21:25+00:00,117,4.93691049985532,38.6093,-123.7679,,,,,,196,,2,0
nwfsc_pacific_hake_survey,D20230714T234511_IFCB117,2023-07-14 23:45:11+00:00,117,4.92804160337095,38.6251,-123.774,,,,,,217,,2,0
nwfsc_pacific_hake_survey,D20230715T000857_IFCB117,2023-07-15 00:08:57+00:00,117,4.91797023292824,38.6195,-123.768,,,,,,254,,2,0
nwfsc_pacific_hake_survey,D20230715T003243_IFCB117,2023-07-15 00:32:43+00:00,117,4.92854833080151,38.6381,-123.8019,,,,,,218,,2,0
nwfsc_pacific_hake_survey,D20230715T005629_IFCB117,2023-07-15 00:56:29+00:00,117,4.91199270290798,38.6819,-123.8571,,,,,,263,,2,0
nwfsc_pacific_hake_survey,D20230715T012015_IFCB117,2023-07-15 01:20:15+00:00,117,4.92643522135417,38.7247,-123.9144,,,,,,228,,2,0
nwfsc_pacific_hake_survey,D20230715T014400_IFCB117,2023-07-15 01:44:00+00:00,117,4.88940776005498,38.7643,-123.9736,,,,,,333,,2,0
nwfsc_pacific_hake_survey,D20230715T020746_IFCB117,2023-07-15 02:07:46+00:00,117,4.91164565248843,38.7791,-124.0203,,,,,,262,,2,0
nwfsc_pacific_hake_survey,D20230715T023133_IFCB117,2023-07-15 02:31:33+00:00,117,4.94155375614873,38.7793,-124.0673,,,,,,177,,2,0
nwfsc_pacific_hake_survey,D20230715T025519_IFCB117,2023-07-15 02:55:19+00:00,117,4.92930818684896,38.7793,-123.9775,,,,,,215,,2,0
nwfsc_pacific_hake_survey,D20230715T031904_IFCB117,2023-07-15 03:19:04+00:00,117,4.86268218315972,38.7792,-123.8904,,,,,,414,,2,0
nwfsc_pacific_hake_survey,D20230715T034249_IFCB117,2023-07-15 03:42:49+00:00,117,4.80577701822917,38.7824,-123.8128,,,,,,570,,2,0
nwfsc_pacific_hake_survey,D20230715T040635_IFCB117,2023-07-15 04:06:35+00:00,117,4.72072453703704,38.8425,-123.8128,,,,,,827,,2,0
nwfsc_pacific_hake_survey,D20230715T043021_IFCB117,2023-07-15 04:30:21+00:00,117,4.70064684606482,38.9019,-123.8152,,,,,,879,,2,0
nwfsc_pacific_hake_survey,D20230715T045408_IFCB117,2023-07-15 04:54:08+00:00,117,4.69613179976852,38.9623,-123.8115,,,,,,890,,2,0
nwfsc_pacific_hake_survey,D20230715T051754_IFCB117,2023-07-15 05:17:54+00:00,117,4.7697298900463,39.0201,-123.7898,,,,,,681,,2,0
nwfsc_pacific_hake_survey,D20230715T054140_IFCB117,2023-07-15 05:41:40+00:00,117,4.80492737268519,39.0797,-123.7631,,,,,,581,,2,0
nwfsc_pacific_hake_survey,D20230715T060527_IFCB117,2023-07-15 06:05:27+00:00,117,4.88141614221643,39.1114,-123.7489,,,,,,356,,2,0
nwfsc_pacific_hake_survey,D20230715T062914_IFCB117,2023-07-15 06:29:14+00:00,117,4.90342154043692,39.11,-123.7629,,,,,,291,,2,0
nwfsc_pacific_hake_survey,D20230715T065301_IFCB117,2023-07-15 06:53:01+00:00,117,4.8224841760706,39.1104,-123.8469,,,,,,530,,2,0
nwfsc_pacific_hake_survey,D20230715T071648_IFCB117,2023-07-15 07:16:48+00:00,117,4.83694854962384,39.1117,-123.9225,,,,,,483,,2,0
nwfsc_pacific_hake_survey,D20230715T074035_IFCB117,2023-07-15 07:40:35+00:00,117,4.95224748625579,39.1086,-123.9439,,,,,,150,,2,0
nwfsc_pacific_hake_survey,D20230715T080421_IFCB117,2023-07-15 08:04:21+00:00,117,4.95837135597512,39.1098,-123.966,,,,,,132,,2,0
nwfsc_pacific_hake_survey,D20230715T082807_IFCB117,2023-07-15 08:28:07+00:00,117,4.95093755425347,39.1112,-124.0173,,,,,,154,,2,0
nwfsc_pacific_hake_survey,D20230715T085153_IFCB117,2023-07-15 08:51:53+00:00,117,4.94086253978588,39.1083,-124.0245,,,,,,181,,2,0
nwfsc_pacific_hake_survey,D20230715T091539_IFCB117,2023-07-15 09:15:39+00:00,117,4.94254162145544,39.1083,-124.0394,,,,,,180,,2,0
nwfsc_pacific_hake_survey,D20230715T093925_IFCB117,2023-07-15 09:39:25+00:00,117,4.93268748191551,39.1117,-124.1087,,,,,,202,,2,0
nwfsc_pacific_hake_survey,D20230715T100311_IFCB117,2023-07-15 10:03:11+00:00,117,4.93269855866609,39.1093,-124.1203,,,,,,203,,2,0
nwfsc_pacific_hake_survey,D20230715T102657_IFCB117,2023-07-15 10:26:57+00:00,117,4.94324449327257,39.1068,-124.1237,,,,,,178,,2,0
nwfsc_pacific_hake_survey,D20230715T105044_IFCB117,2023-07-15 10:50:44+00:00,117,4.95131039315683,39.065,-124.0861,,,,,,146,,2,0
nwfsc_pacific_hake_survey,D20230715T111429_IFCB117,2023-07-15 11:14:29+00:00,117,4.95289713541667,39.0049,-124.0325,,,,,,148,,2,0
nwfsc_pacific_hake_survey,D20230715T113815_IFCB117,2023-07-15 11:38:15+00:00,117,4.98230762622974,38.9474,-123.9774,,,,,,62,,2,0
nwfsc_pacific_hake_survey,D20230715T120201_IFCB117,2023-07-15 12:02:01+00:00,117,4.94574256727431,38.8873,-123.927,,,,,,169,,2,0
nwfsc_pacific_hake_survey,D20230715T122546_IFCB117,2023-07-15 12:25:46+00:00,117,4.98444176793981,38.8406,-123.8805,,,,,,54,,2,0
nwfsc_pacific_hake_survey,D20230715T124932_IFCB117,2023-07-15 12:49:32+00:00,117,4.8387082067419,38.8005,-123.8364,,,,,,478,,2,0
nwfsc_pacific_hake_survey,D20230715T131319_IFCB117,2023-07-15 13:13:19+00:00,117,4.88637193467882,38.7786,-123.7953,,,,,,339,,2,0
nwfsc_pacific_hake_survey,D20230715T133705_IFCB117,2023-07-15 13:37:05+00:00,117,4.79868858506944,38.7785,-123.7097,,,,,,595,,2,0
nwfsc_pacific_hake_survey,D20230715T140050_IFCB117,2023-07-15 14:00:50+00:00,117,4.88428357385706,38.7777,-123.6549,,,,,,341,,2,0
nwfsc_pacific_hake_survey,D20230715T142436_IFCB117,2023-07-15 14:24:36+00:00,117,4.9514033203125,38.7791,-123.5919,,,,,,151,,2,0
nwfsc_pacific_hake_survey,D20230715T144822_IFCB117,2023-07-15 14:48:22+00:00,117,4.94161845341435,38.7888,-123.6505,,,,,,179,,2,0
nwfsc_pacific_hake_survey,D20230715T151209_IFCB117,2023-07-15 15:12:09+00:00,117,4.88758950014468,38.8227,-123.7129,,,,,,337,,2,0
nwfsc_pacific_hake_survey,D20230715T153554_IFCB117,2023-07-15 15:35:54+00:00,117,4.88446126302083,38.8555,-123.7541,,,,,,346,,2,0
nwfsc_pacific_hake_survey,D20230715T155939_IFCB117,2023-07-15 15:59:39+00:00,117,4.77797726779514,38.9027,-123.7823,,,,,,659,,2,0
nwfsc_pacific_hake_survey,D20230715T162326_IFCB117,2023-07-15 16:23:26+00:00,117,4.89255338541667,38.9454,-123.7725,,,,,,326,,2,0
nwfsc_pacific_hake_survey,D20230715T164712_IFCB117,2023-07-15 16:47:12+00:00,117,4.8139462890625,38.946,-123.8333,,,,,,552,,2,0
nwfsc_pacific_hake_survey,D20230715T171058_IFCB117,2023-07-15 17:10:58+00:00,117,4.80321205873843,38.9458,-123.9062,,,,,,583,,2,0
nwfsc_pacific_hake_survey,D20230715T173445_IFCB117,2023-07-15 17:34:45+00:00,117,4.96556515842014,38.9458,-123.9823,,,,,,110,,2,0
nwfsc_pacific_hake_survey,D20230715T175831_IFCB117,2023-07-15 17:58:31+00:00,117,4.94695399305556,38.945,-124.0582,,,,,,165,,2,0
nwfsc_pacific_hake_survey,D20230715T182216_IFCB117,2023-07-15 18:22:16+00:00,117,4.94787214265046,38.9285,-124.0405,,,,,,161,,2,0
nwfsc_pacific_hake_survey,D20230715T184602_IFCB117,2023-07-15 18:46:02+00:00,117,4.97663658311632,38.9197,-124.0211,,,,,,80,,2,0
nwfsc_pacific_hake_survey,D20230715T190948_IFCB117,2023-07-15 19:09:48+00:00,117,4.92418548357928,38.9452,-124.0692,,,,,,231,,2,0
nwfsc_pacific_hake_survey,D20230715T193333_IFCB117,2023-07-15 19:33:33+00:00,117,4.97453544560185,38.9441,-124.0796,,,,,,84,,2,0
nwfsc_pacific_hake_survey,D20230715T195720_IFCB117,2023-07-15 19:57:20+00:00,117,4.93671282732928,38.945,-124.081,,,,,,192,,2,0
nwfsc_pacific_hake_survey,D20230715T202106_IFCB117,2023-07-15 20:21:06+00:00,117,4.95132983398438,38.9641,-124.1344,,,,,,152,,2,0
nwfsc_pacific_hake_survey,D20230715T204452_IFCB117,2023-07-15 20:44:52+00:00,117,4.60996166087963,39.0027,-124.1468,,,,,,1159,,2,0
nwfsc_pacific_hake_survey,D20230715T210837_IFCB117,2023-07-15 21:08:37+00:00,117,4.88506366644965,39.0432,-124.1602,,,,,,348,,2,0
nwfsc_pacific_hake_survey,D20230715T213222_IFCB117,2023-07-15 21:32:22+00:00,117,4.94653556315104,39.0831,-124.1787,,,,,,167,,2,0
nwfsc_pacific_hake_survey,D20230715T215608_IFCB117,2023-07-15 21:56:08+00:00,117,4.95004496708623,39.111,-124.1783,,,,,,158,,2,0
nwfsc_pacific_hake_survey,D20230715T223635_IFCB117,2023-07-15 22:36:35+00:00,117,4.97347976345486,39.1135,-124.0399,,,,,,91,,2,0
nwfsc_pacific_hake_survey,D20230715T230021_IFCB117,2023-07-15 23:00:21+00:00,117,4.97271949146412,39.1123,-123.9573,,,,,,90,,2,0
nwfsc_pacific_hake_survey,D20230715T232408_IFCB117,2023-07-15 23:24:08+00:00,117,4.94706735568576,39.0844,-123.965,,,,,,168,,2,0
nwfsc_pacific_hake_survey,D20230715T234754_IFCB117,2023-07-15 23:47:54+00:00,117,4.94452746129919,39.0746,-123.982,,,,,,173,,2,0
nwfsc_pacific_hake_survey,D20230716T001140_IFCB117,2023-07-16 00:11:40+00:00,117,4.95229385489005,39.0955,-123.986,,,,,,144,,2,0
nwfsc_pacific_hake_survey,D20230716T003526_IFCB117,2023-07-16 00:35:26+00:00,117,4.97378718171296,39.1118,-123.9885,,,,,,90,,2,0
nwfsc_pacific_hake_survey,D20230716T005912_IFCB117,2023-07-16 00:59:12+00:00,117,4.98217680302373,39.1212,-123.9897,,,,,,62,,2,0
nwfsc_pacific_hake_survey,D20230716T012259_IFCB117,2023-07-16 01:22:59+00:00,117,4.97776802119502,39.1123,-123.9566,,,,,,75,,2,0
nwfsc_pacific_hake_survey,D20230716T014644_IFCB117,2023-07-16 01:46:44+00:00,117,4.90134158890336,39.1123,-123.8732,,,,,,298,,2,0
nwfsc_pacific_hake_survey,D20230716T021029_IFCB117,2023-07-16 02:10:29+00:00,117,4.78363433159722,39.1121,-123.7886,,,,,,641,,2,0
nwfsc_pacific_hake_survey,D20230716T023416_IFCB117,2023-07-16 02:34:16+00:00,117,4.8896813422309,39.115,-123.7697,,,,,,337,,2,0
nwfsc_pacific_hake_survey,D20230716T025802_IFCB117,2023-07-16 02:58:02+00:00,117,4.87028608760127,39.1566,-123.8258,,,,,,386,,2,0
nwfsc_pacific_hake_survey,D20230716T032149_IFCB117,2023-07-16 03:21:49+00:00,117,4.77023489945023,39.2066,-123.8597,,,,,,680,,2,0
nwfsc_pacific_hake_survey,D20230716T034536_IFCB117,2023-07-16 03:45:36+00:00,117,4.74243775318287,39.258,-123.8901,,,,,,771,,2,0
nwfsc_pacific_hake_survey,D20230716T040922_IFCB117,2023-07-16 04:09:22+00:00,117,4.91920839662905,39.3084,-123.8994,,,,,,249,,2,0
nwfsc_pacific_hake_survey,D20230716T043308_IFCB117,2023-07-16 04:33:08+00:00,117,4.93354263418692,39.3603,-123.9073,,,,,,202,,2,0
nwfsc_pacific_hake_survey,D20230716T045654_IFCB117,2023-07-16 04:56:54+00:00,117,4.96368576388889,39.4064,-123.9054,,,,,,116,,2,0
nwfsc_pacific_hake_survey,D20230716T052040_IFCB117,2023-07-16 05:20:40+00:00,117,4.96190099645544,39.4418,-123.8557,,,,,,121,,2,0
nwfsc_pacific_hake_survey,D20230716T054427_IFCB117,2023-07-16 05:44:27+00:00,117,4.93872322591146,39.4437,-123.8525,,,,,,189,,2,0
nwfsc_pacific_hake_survey,D20230716T060813_IFCB117,2023-07-16 06:08:13+00:00,117,4.9455774468316,39.4436,-123.911,,,,,,167,,2,0
nwfsc_pacific_hake_survey,D20230716T063159_IFCB117,2023-07-16 06:31:59+00:00,117,4.9555402379919,39.4433,-123.9496,,,,,,139,,2,0
nwfsc_pacific_hake_survey,D20230716T065545_IFCB117,2023-07-16 06:55:45+00:00,117,4.96577388057002,39.4401,-123.9549,,,,,,112,,2,0
nwfsc_pacific_hake_survey,D20230716T071932_IFCB117,2023-07-16 07:19:32+00:00,117,4.95585778356482,39.4432,-123.9829,,,,,,135,,2,0
nwfsc_pacific_hake_survey,D20230716T074318_IFCB117,2023-07-16 07:43:18+00:00,117,4.92638369864005,39.4406,-123.9912,,,,,,224,,2,0
nwfsc_pacific_hake_survey,D20230716T080704_IFCB117,2023-07-16 08:07:04+00:00,117,4.8945614239728,39.4441,-124.0124,,,,,,321,,2,0
nwfsc_pacific_hake_survey,D20230716T083050_IFCB117,2023-07-16 08:30:50+00:00,117,4.92363064236111,39.4414,-124.0179,,,,,,238,,2,0
nwfsc_pacific_hake_survey,D20230716T085437_IFCB117,2023-07-16 08:54:37+00:00,117,4.91706306966146,39.4394,-124.0278,,,,,,260,,2,0
nwfsc_pacific_hake_survey,D20230716T091822_IFCB117,2023-07-16 09:18:22+00:00,117,4.94231914605035,39.4418,-124.0766,,,,,,178,,2,0
nwfsc_pacific_hake_survey,D20230716T094209_IFCB117,2023-07-16 09:42:09+00:00,117,4.96829957863136,39.4457,-124.1201,,,,,,101,,2,0
nwfsc_pacific_hake_survey,D20230716T100555_IFCB117,2023-07-16 10:05:55+00:00,117,4.97382361291956,39.4432,-124.1242,,,,,,87,,2,0
nwfsc_pacific_hake_survey,D20230716T102940_IFCB117,2023-07-16 10:29:40+00:00,117,4.97548980034722,39.4392,-124.1288,,,,,,80,,2,0
nwfsc_pacific_hake_survey,D20230716T105326_IFCB117,2023-07-16 10:53:26+00:00,117,4.98021832501447,39.4421,-124.1772,,,,,,66,,2,0
nwfsc_pacific_hake_survey,D20230716T111712_IFCB117,2023-07-16 11:17:12+00:00,117,4.98109249312789,39.4443,-124.2282,,,,,,65,,2,0
nwfsc_pacific_hake_survey,D20230716T114058_IFCB117,2023-07-16 11:40:58+00:00,117,4.97812153682002,39.4447,-124.2804,,,,,,74,,2,0
nwfsc_pacific_hake_survey,D20230716T120445_IFCB117,2023-07-16 12:04:45+00:00,117,4.9807272406684,39.4446,-124.3091,,,,,,66,,2,0
nwfsc_pacific_hake_survey,D20230716T122831_IFCB117,2023-07-16 12:28:31+00:00,117,4.97340172887731,39.4469,-124.3155,,,,,,88,,2,0
nwfsc_pacific_hake_survey,D20230716T125217_IFCB117,2023-07-16 12:52:17+00:00,117,4.99168629738137,39.4485,-124.3223,,,,,,14,,2,0
nwfsc_pacific_hake_survey,D20230716T131603_IFCB117,2023-07-16 13:16:03+00:00,117,4.99457722981771,39.4459,-124.2864,,,,,,3,,2,0
nwfsc_pacific_hake_survey,D20230716T133948_IFCB117,2023-07-16 13:39:48+00:00,117,4.99849572301794,39.4453,-124.2058,,,,,,1,,2,0
nwfsc_pacific_hake_survey,D20230716T142721_IFCB117,2023-07-16 14:27:21+00:00,117,4.99109994393808,39.4457,-124.0368,,,,,,21,,2,0
nwfsc_pacific_hake_survey,D20230716T145107_IFCB117,2023-07-16 14:51:07+00:00,117,4.98617362015336,39.4457,-123.952,,,,,,28,,2,0
nwfsc_pacific_hake_survey,D20230716T151453_IFCB117,2023-07-16 15:14:53+00:00,117,4.94308301685474,39.4459,-123.8747,,,,,,176,,2,0
nwfsc_pacific_hake_survey,D20230716T153838_IFCB117,2023-07-16 15:38:38+00:00,117,4.89938130244502,39.4677,-123.8668,,,,,,304,,2,0
nwfsc_pacific_hake_survey,D20230716T160224_IFCB117,2023-07-16 16:02:24+00:00,117,4.94154006618924,39.5253,-123.8726,,,,,,183,,2,0
nwfsc_pacific_hake_survey,D20230716T162610_IFCB117,2023-07-16 16:26:10+00:00,117,4.93861891456887,39.5842,-123.8402,,,,,,193,,2,0
nwfsc_pacific_hake_survey,D20230716T164956_IFCB117,2023-07-16 16:49:56+00:00,117,0.704357105396412,39.6125,-123.8442,,,,,,102,,2,0
nwfsc_pacific_hake_survey,D20230716T165819_IFCB117,2023-07-16 16:58:19+00:00,117,4.91920090060764,39.6121,-123.875,,,,,,198,,2,0
nwfsc_pacific_hake_survey,D20230716T172205_IFCB117,2023-07-16 17:22:05+00:00,117,4.98659412977431,39.6123,-123.9569,,,,,,48,,2,0
nwfsc_pacific_hake_survey,D20230716T174550_IFCB117,2023-07-16 17:45:50+00:00,117,4.96358932834201,39.6123,-124.0322,,,,,,101,,2,0
nwfsc_pacific_hake_survey,D20230716T180936_IFCB117,2023-07-16 18:09:36+00:00,117,4.93249631076389,39.5844,-123.9816,,,,,,163,,2,0
nwfsc_pacific_hake_survey,D20230716T183321_IFCB117,2023-07-16 18:33:21+00:00,117,4.9735576171875,39.5874,-123.9525,,,,,,69,,2,0
nwfsc_pacific_hake_survey,D20230716T185707_IFCB117,2023-07-16 18:57:07+00:00,117,4.9888599537037,39.5983,-123.9599,,,,,,23,,2,0
nwfsc_pacific_hake_survey,D20230716T192053_IFCB117,2023-07-16 19:20:53+00:00,117,4.99353854709201,39.618,-123.9745,,,,,,10,,2,0
nwfsc_pacific_hake_survey,D20230716T194439_IFCB117,2023-07-16 19:44:39+00:00,117,4.9883137749566,39.6353,-123.987,,,,,,32,,2,0
nwfsc_pacific_hake_survey,D20230716T200826_IFCB117,2023-07-16 20:08:26+00:00,117,4.95358109085648,39.6418,-124.0011,,,,,,147,,2,0
nwfsc_pacific_hake_survey,D20230716T203212_IFCB117,2023-07-16 20:32:12+00:00,117,4.96071217628762,39.6126,-124.0254,,,,,,125,,2,0
nwfsc_pacific_hake_survey,D20230716T205558_IFCB117,2023-07-16 20:55:58+00:00,117,4.89757980685764,39.6114,-124.0833,,,,,,285,,2,0
nwfsc_pacific_hake_survey,D20230716T211943_IFCB117,2023-07-16 21:19:43+00:00,117,4.91407598198785,39.612,-124.1399,,,,,,223,,2,0
nwfsc_pacific_hake_survey,D20230716T220010_IFCB117,2023-07-16 22:00:10+00:00,117,4.9260964807581,39.612,-124.2328,,,,,,231,,2,0
nwfsc_pacific_hake_survey,D20230716T222355_IFCB117,2023-07-16 22:23:55+00:00,117,4.93224586769387,39.6118,-124.2793,,,,,,217,,2,0
nwfsc_pacific_hake_survey,D20230716T224741_IFCB117,2023-07-16 22:47:41+00:00,117,4.94196586552373,39.6279,-124.3024,,,,,,179,,2,0
nwfsc_pacific_hake_survey,D20230716T231126_IFCB117,2023-07-16 23:11:26+00:00,117,4.84176604094329,39.6522,-124.3042,,,,,,487,,2,0
nwfsc_pacific_hake_survey,D20230716T233512_IFCB117,2023-07-16 23:35:12+00:00,117,4.23403258825231,39.6739,-124.3061,,,,,,336,,2,0
nwfsc_pacific_hake_survey,D20230717T022920_IFCB117,2023-07-17 02:29:20+00:00,117,4.96373558666088,39.7792,-124.1505,,,,,,116,,2,0
nwfsc_pacific_hake_survey,D20230717T025306_IFCB117,2023-07-17 02:53:06+00:00,117,4.86180910915798,39.7783,-124.0612,,,,,,410,,2,0
nwfsc_pacific_hake_survey,D20230717T031652_IFCB117,2023-07-17 03:16:52+00:00,117,4.96073469147859,39.7799,-123.9759,,,,,,128,,2,0
nwfsc_pacific_hake_survey,D20230717T034038_IFCB117,2023-07-17 03:40:38+00:00,117,4.95233445457176,39.7789,-123.8869,,,,,,154,,2,0
nwfsc_pacific_hake_survey,D20230717T040424_IFCB117,2023-07-17 04:04:24+00:00,117,4.93739288556134,39.7789,-123.8779,,,,,,198,,2,0
nwfsc_pacific_hake_survey,D20230717T042811_IFCB117,2023-07-17 04:28:11+00:00,117,4.97281194842303,39.779,-123.9425,,,,,,87,,2,0
nwfsc_pacific_hake_survey,D20230717T045157_IFCB117,2023-07-17 04:51:57+00:00,117,4.97179542824074,39.7772,-123.9653,,,,,,91,,2,0
nwfsc_pacific_hake_survey,D20230717T051542_IFCB117,2023-07-17 05:15:42+00:00,117,4.97100218822338,39.7788,-124.0023,,,,,,95,,2,0
nwfsc_pacific_hake_survey,D20230717T053927_IFCB117,2023-07-17 05:39:27+00:00,117,4.94485969147859,39.7777,-124.0701,,,,,,168,,2,0
nwfsc_pacific_hake_survey,D20230717T060313_IFCB117,2023-07-17 06:03:13+00:00,117,4.87997346100984,39.7746,-124.0772,,,,,,358,,2,0
nwfsc_pacific_hake_survey,D20230717T062659_IFCB117,2023-07-17 06:26:59+00:00,117,4.87304003002025,39.7768,-124.0978,,,,,,371,,2,0
nwfsc_pacific_hake_survey,D20230717T065045_IFCB117,2023-07-17 06:50:45+00:00,117,4.91241696506076,39.7771,-124.1153,,,,,,266,,2,0
nwfsc_pacific_hake_survey,D20230717T071431_IFCB117,2023-07-17 07:14:31+00:00,117,4.90363491030093,39.7768,-124.1216,,,,,,283,,2,0
nwfsc_pacific_hake_survey,D20230717T073817_IFCB117,2023-07-17 07:38:17+00:00,117,4.9244080041956,39.7799,-124.1303,,,,,,225,,2,0
nwfsc_pacific_hake_survey,D20230717T080203_IFCB117,2023-07-17 08:02:03+00:00,117,4.90262197989005,39.8058,-124.1277,,,,,,291,,2,0
nwfsc_pacific_hake_survey,D20230717T082549_IFCB117,2023-07-17 08:25:49+00:00,117,4.89630254448785,39.8324,-124.1217,,,,,,315,,2,0
nwfsc_pacific_hake_survey,D20230717T084935_IFCB117,2023-07-17 08:49:35+00:00,117,4.97354962384259,39.8575,-124.1205,,,,,,87,,2,0
nwfsc_pacific_hake_survey,D20230717T091320_IFCB117,2023-07-17 09:13:20+00:00,117,4.9606194390191,39.8833,-124.1215,,,,,,123,,2,0
nwfsc_pacific_hake_survey,D20230717T093705_IFCB117,2023-07-17 09:37:05+00:00,117,4.93971506980613,39.9086,-124.118,,,,,,186,,2,0
nwfsc_pacific_hake_survey,D20230717T100051_IFCB117,2023-07-17 10:00:51+00:00,117,4.95394125253183,39.9219,-124.1202,,,,,,144,,2,0
nwfsc_pacific_hake_survey,D20230717T102436_IFCB117,2023-07-17 10:24:36+00:00,117,4.94445351381655,39.931,-124.1228,,,,,,173,,2,0
nwfsc_pacific_hake_survey,D20230717T104823_IFCB117,2023-07-17 10:48:23+00:00,117,4.93743946216725,39.9371,-124.1236,,,,,,189,,2,0
nwfsc_pacific_hake_survey,D20230717T111209_IFCB117,2023-07-17 11:12:09+00:00,117,4.92933227539062,39.9414,-124.1245,,,,,,204,,2,0
nwfsc_pacific_hake_survey,D20230717T113555_IFCB117,2023-07-17 11:35:55+00:00,117,4.943564453125,39.9424,-124.1285,,,,,,173,,2,0
nwfsc_pacific_hake_survey,D20230717T115940_IFCB117,2023-07-17 11:59:40+00:00,117,4.934603515625,39.9282,-124.113,,,,,,200,,2,0
nwfsc_pacific_hake_survey,D20230717T122326_IFCB117,2023-07-17 12:23:26+00:00,117,4.95495354094329,39.9314,-124.1132,,,,,,141,,2,0
nwfsc_pacific_hake_survey,D20230717T124712_IFCB117,2023-07-17 12:47:12+00:00,117,4.92745208514178,39.9351,-124.1154,,,,,,220,,2,0
nwfsc_pacific_hake_survey,D20230717T131059_IFCB117,2023-07-17 13:10:59+00:00,117,4.96076489257812,39.9457,-124.1035,,,,,,125,,2,0
nwfsc_pacific_hake_survey,D20230717T133942_IFCB117,2023-07-17 13:39:42+00:00,117,4.98152392578125,39.9458,-124.1908,,,,,,63,,2,0
nwfsc_pacific_hake_survey,D20230717T140327_IFCB117,2023-07-17 14:03:27+00:00,117,4.98695628978588,39.9453,-124.2622,,,,,,48,,2,0
nwfsc_pacific_hake_survey,D20230717T142712_IFCB117,2023-07-17 14:27:12+00:00,117,4.98942846679688,39.9455,-124.3309,,,,,,42,,2,0
nwfsc_pacific_hake_survey,D20230717T145059_IFCB117,2023-07-17 14:50:59+00:00,117,4.96379583514178,39.9462,-124.3961,,,,,,116,,2,0
nwfsc_pacific_hake_survey,D20230717T151445_IFCB117,2023-07-17 15:14:45+00:00,117,4.93665248842593,39.9461,-124.4671,,,,,,193,,2,0
nwfsc_pacific_hake_survey,D20230717T153831_IFCB117,2023-07-17 15:38:31+00:00,117,4.89231177662037,39.9457,-124.5484,,,,,,320,,2,0
nwfsc_pacific_hake_survey,D20230717T160217_IFCB117,2023-07-17 16:02:17+00:00,117,4.75193860315393,39.9461,-124.6317,,,,,,738,,2,0
nwfsc_pacific_hake_survey,D20230717T162603_IFCB117,2023-07-17 16:26:03+00:00,117,4.74530669487847,39.9448,-124.7168,,,,,,747,,2,0
nwfsc_pacific_hake_survey,D20230717T164950_IFCB117,2023-07-17 16:49:50+00:00,117,4.80647985387732,39.9458,-124.7989,,,,,,577,,2,0
nwfsc_pacific_hake_survey,D20230717T171337_IFCB117,2023-07-17 17:13:37+00:00,117,4.95270324254919,39.9456,-124.8833,,,,,,149,,2,0
nwfsc_pacific_hake_survey,D20230717T173723_IFCB117,2023-07-17 17:37:23+00:00,117,4.9640513599537,39.9852,-124.9109,,,,,,115,,2,0
nwfsc_pacific_hake_survey,D20230717T180109_IFCB117,2023-07-17 18:01:09+00:00,117,4.73942607060185,40.0489,-124.9074,,,,,,765,,2,0
nwfsc_pacific_hake_survey,D20230717T182456_IFCB117,2023-07-17 18:24:56+00:00,117,4.75602571614583,40.1074,-124.9046,,,,,,732,,2,0
nwfsc_pacific_hake_survey,D20230717T184843_IFCB117,2023-07-17 18:48:43+00:00,117,4.65851529947917,40.1701,-124.9006,,,,,,1003,,2,0
nwfsc_pacific_hake_survey,D20230717T191230_IFCB117,2023-07-17 19:12:30+00:00,117,4.76024500868056,,,,,,,,709,,2,0
nwfsc_pacific_hake_survey,D20230717T193617_IFCB117,2023-07-17 19:36:17+00:00,117,4.88714118561921,,,,,,,,342,,2,0
nwfsc_pacific_hake_survey,D20230717T200003_IFCB117,2023-07-17 20:00:03+00:00,117,4.90579518410012,,,,,,,,286,,2,0
nwfsc_pacific_hake_survey,D20230717T202349_IFCB117,2023-07-17 20:23:49+00:00,117,4.80324202473958,,,,,,,,587,,2,0
nwfsc_pacific_hake_survey,D20230717T205919_IFCB117,2023-07-17 20:59:19+00:00,117,4.73140473090278,40.54,-124.8814,,,,,,803,,2,0
nwfsc_pacific_hake_survey,D20230717T212305_IFCB117,2023-07-17 21:23:05+00:00,117,4.42925900607639,40.6066,-124.8763,,,,,,1706,,2,0
nwfsc_pacific_hake_survey,D20230717T214651_IFCB117,2023-07-17 21:46:51+00:00,117,4.37233022280093,,,,,,,,1860,,2,0
nwfsc_pacific_hake_survey,D20230717T221039_IFCB117,2023-07-17 22:10:39+00:00,117,4.90997517903646,,,,,,,,279,,2,0
nwfsc_pacific_hake_survey,D20230717T223424_IFCB117,2023-07-17 22:34:24+00:00,117,4.92753861942998,,,,,,,,226,,2,0
nwfsc_pacific_hake_survey,D20230717T225810_IFCB117,2023-07-17 22:58:10+00:00,117,4.87640968605324,,,,,,,,374,,2,0
nwfsc_pacific_hake_survey,D20230717T232156_IFCB117,2023-07-17 23:21:56+00:00,117,4.86626564308449,,,,,,,,403,,2,0
nwfsc_pacific_hake_survey,D20230717T234542_IFCB117,2023-07-17 23:45:42+00:00,117,4.83067596209491,,,,,,,,507,,2,0
nwfsc_pacific_hake_survey,D20230718T000928_IFCB117,2023-07-18 00:09:28+00:00,117,4.85755708369502,41.0263,-124.8539,,,,,,429,,2,0
nwfsc_pacific_hake_survey,D20230718T003316_IFCB117,2023-07-18 00:33:16+00:00,117,4.94062400535301,41.0839,-124.8518,,,,,,179,,2,0
nwfsc_pacific_hake_survey,D20230718T005702_IFCB117,2023-07-18 00:57:02+00:00,117,0.47155359338831,41.1332,-124.8491,,,,,,25,,2,0
nwfsc_pacific_hake_survey,D20230718T192059_IFCB117,2023-07-18 19:20:59+00:00,117,4.71743565538194,42.9966,-124.7315,,,,,,860,,2,0
nwfsc_pacific_hake_survey,D20230718T194446_IFCB117,2023-07-18 19:44:46+00:00,117,4.79875604021991,43.0511,-124.7246,,,,,,598,,2,0
nwfsc_pacific_hake_survey,D20230718T202016_IFCB117,2023-07-18 20:20:16+00:00,117,4.57557537615741,43.1239,-124.7165,,,,,,1260,,2,0
nwfsc_pacific_hake_survey,D20230718T204403_IFCB117,2023-07-18 20:44:03+00:00,117,4.80459320746528,43.1368,-124.7155,,,,,,252,,2,0
nwfsc_pacific_hake_survey,D20230718T210748_IFCB117,2023-07-18 21:07:48+00:00,117,4.84754094328704,43.1564,-124.7131,,,,,,235,,2,0
nwfsc_pacific_hake_survey,D20230718T213134_IFCB117,2023-07-18 21:31:34+00:00,117,4.92520631691262,43.1689,-124.7127,,,,,,67,,2,0
nwfsc_pacific_hake_survey,D20230718T215520_IFCB117,2023-07-18 21:55:20+00:00,117,4.97112730577257,43.2168,-124.7039,,,,,,19,,2,0
nwfsc_pacific_hake_survey,D20230718T221906_IFCB117,2023-07-18 22:19:06+00:00,117,4.99399738679109,43.2669,-124.6987,,,,,,7,,2,0
nwfsc_pacific_hake_survey,D20230718T224251_IFCB117,2023-07-18 22:42:51+00:00,117,4.99276404260706,43.3148,-124.6946,,,,,,15,,2,0
nwfsc_pacific_hake_survey,D20230718T230636_IFCB117,2023-07-18 23:06:36+00:00,117,4.99607199435764,43.3655,-124.6898,,,,,,7,,2,0
nwfsc_pacific_hake_survey,D20230718T233021_IFCB117,2023-07-18 23:30:21+00:00,117,4.99690397135417,43.4162,-124.6842,,,,,,13,,2,0
nwfsc_pacific_hake_survey,D20230718T235408_IFCB117,2023-07-18 23:54:08+00:00,117,4.98811319082755,43.4666,-124.679,,,,,,42,,2,0
nwfsc_pacific_hake_survey,D20230719T001754_IFCB117,2023-07-19 00:17:54+00:00,117,4.9850098650897,43.5158,-124.6734,,,,,,54,,2,0
nwfsc_pacific_hake_survey,D20230719T004140_IFCB117,2023-07-19 00:41:40+00:00,117,4.98668158637153,43.5678,-124.6675,,,,,,49,,2,0
nwfsc_pacific_hake_survey,D20230719T010526_IFCB117,2023-07-19 01:05:26+00:00,117,4.99498355215567,43.6228,-124.6617,,,,,,26,,2,0
nwfsc_pacific_hake_survey,D20230719T012912_IFCB117,2023-07-19 01:29:12+00:00,117,4.99111710611979,43.6795,-124.6555,,,,,,35,,2,0
nwfsc_pacific_hake_survey,D20230719T015259_IFCB117,2023-07-19 01:52:59+00:00,117,4.99248458297164,43.7338,-124.6498,,,,,,33,,2,0
nwfsc_pacific_hake_survey,D20230719T021645_IFCB117,2023-07-19 02:16:45+00:00,117,4.99516424334491,43.7909,-124.6435,,,,,,25,,2,0
nwfsc_pacific_hake_survey,D20230719T024030_IFCB117,2023-07-19 02:40:30+00:00,117,4.99491323965567,43.8478,-124.6369,,,,,,26,,2,0
nwfsc_pacific_hake_survey,D20230719T030416_IFCB117,2023-07-19 03:04:16+00:00,117,4.97318473307292,43.9039,-124.629,,,,,,87,,2,0
nwfsc_pacific_hake_survey,D20230719T032801_IFCB117,2023-07-19 03:28:01+00:00,117,4.80718858506944,43.9608,-124.6219,,,,,,590,,2,0
nwfsc_pacific_hake_survey,D20230719T035146_IFCB117,2023-07-19 03:51:46+00:00,117,4.70507855902778,44.0128,-124.6216,,,,,,882,,2,0
nwfsc_pacific_hake_survey,D20230719T041532_IFCB117,2023-07-19 04:15:32+00:00,117,4.70196990740741,44.0685,-124.6164,,,,,,875,,2,0
nwfsc_pacific_hake_survey,D20230719T043919_IFCB117,2023-07-19 04:39:19+00:00,117,4.16256271701389,44.1202,-124.6053,,,,,,2521,,2,0
nwfsc_pacific_hake_survey,D20230719T050307_IFCB117,2023-07-19 05:03:07+00:00,117,3.74819690393519,44.1539,-124.5981,,,,,,3709,,2,0
nwfsc_pacific_hake_survey,D20230719T052653_IFCB117,2023-07-19 05:26:53+00:00,117,3.62569039351852,44.1827,-124.5677,,,,,,4026,,2,0
nwfsc_pacific_hake_survey,D20230719T055041_IFCB117,2023-07-19 05:50:41+00:00,117,3.61140581597222,44.2144,-124.535,,,,,,4030,,2,0
nwfsc_pacific_hake_survey,D20230719T061429_IFCB117,2023-07-19 06:14:29+00:00,117,3.88635691550926,44.2459,-124.5028,,,,,,3251,,2,0
nwfsc_pacific_hake_survey,D20230719T063817_IFCB117,2023-07-19 06:38:17+00:00,117,3.66098567708333,44.2767,-124.4713,,,,,,3893,,2,0
nwfsc_pacific_hake_survey,D20230719T070203_IFCB117,2023-07-19 07:02:03+00:00,117,3.98886516203704,44.3058,-124.4358,,,,,,2985,,2,0
nwfsc_pacific_hake_survey,D20230719T072551_IFCB117,2023-07-19 07:25:51+00:00,117,4.0664623119213,44.3353,-124.4034,,,,,,2782,,2,0
nwfsc_pacific_hake_survey,D20230719T074937_IFCB117,2023-07-19 07:49:37+00:00,117,3.94331495949074,44.3666,-124.3708,,,,,,3108,,2,0
nwfsc_pacific_hake_survey,D20230719T081323_IFCB117,2023-07-19 08:13:23+00:00,117,3.74542476851852,44.3985,-124.3357,,,,,,3669,,2,0
nwfsc_pacific_hake_survey,D20230719T083712_IFCB117,2023-07-19 08:37:12+00:00,117,3.94632595486111,44.4309,-124.2999,,,,,,3114,,2,0
nwfsc_pacific_hake_survey,D20230719T090058_IFCB117,2023-07-19 09:00:58+00:00,117,4.08290552662037,44.4628,-124.2656,,,,,,2671,,2,0
nwfsc_pacific_hake_survey,D20230719T092444_IFCB117,2023-07-19 09:24:44+00:00,117,4.13621911168981,44.494,-124.2417,,,,,,2517,,2,0
nwfsc_pacific_hake_survey,D20230719T094832_IFCB117,2023-07-19 09:48:32+00:00,117,4.30117013888889,44.5017,-124.2437,,,,,,2053,,2,0
nwfsc_pacific_hake_survey,D20230719T101220_IFCB117,2023-07-19 10:12:20+00:00,117,4.28999884259259,44.5049,-124.2457,,,,,,2103,,2,0
nwfsc_pacific_hake_survey,D20230719T103608_IFCB117,2023-07-19 10:36:08+00:00,117,4.25779839409722,44.5088,-124.2476,,,,,,2168,,2,0
nwfsc_pacific_hake_survey,D20230719T110452_IFCB117,2023-07-19 11:04:52+00:00,117,4.22065675636574,44.51,-124.2512,,,,,,2268,,2,0
nwfsc_pacific_hake_survey,D20230719T112839_IFCB117,2023-07-19 11:28:39+00:00,117,4.2325951244213,44.5104,-124.2552,,,,,,2249,,2,0
nwfsc_pacific_hake_survey,D20230719T115226_IFCB117,2023-07-19 11:52:26+00:00,117,4.2579701244213,44.5108,-124.2589,,,,,,2186,,2,0
nwfsc_pacific_hake_survey,D20230719T121612_IFCB117,2023-07-19 12:16:12+00:00,117,4.31812803819444,44.5105,-124.2632,,,,,,2002,,2,0
nwfsc_pacific_hake_survey,D20230719T124001_IFCB117,2023-07-19 12:40:01+00:00,117,4.29906720196759,44.5097,-124.2679,,,,,,2075,,2,0
nwfsc_pacific_hake_survey,D20230719T130348_IFCB117,2023-07-19 13:03:48+00:00,117,4.26319372106482,44.5078,-124.2729,,,,,,2157,,2,0
nwfsc_pacific_hake_survey,D20230719T132735_IFCB117,2023-07-19 13:27:35+00:00,117,4.14961096643519,44.5079,-124.2728,,,,,,2485,,2,0
nwfsc_pacific_hake_survey,D20230719T135122_IFCB117,2023-07-19 13:51:22+00:00,117,4.1736607349537,44.5083,-124.2728,,,,,,2411,,2,0
nwfsc_pacific_hake_survey,D20230719T141510_IFCB117,2023-07-19 14:15:10+00:00,117,4.32126519097222,44.5075,-124.2721,,,,,,2011,,2,0
nwfsc_pacific_hake_survey,D20230719T143858_IFCB117,2023-07-19 14:38:58+00:00,117,4.23777531828704,44.5085,-124.2716,,,,,,2230,,2,0
nwfsc_pacific_hake_survey,D20230719T150246_IFCB117,2023-07-19 15:02:46+00:00,117,4.19537463831019,44.5087,-124.2703,,,,,,2357,,2,0
nwfsc_pacific_hake_survey,D20230719T152633_IFCB117,2023-07-19 15:26:33+00:00,117,4.05822728587963,44.5101,-124.269,,,,,,2766,,2,0
nwfsc_pacific_hake_survey,D20230719T155021_IFCB117,2023-07-19 15:50:21+00:00,117,4.25487941261574,44.5116,-124.268,,,,,,2138,,2,0
nwfsc_pacific_hake_survey,D20230719T161409_IFCB117,2023-07-19 16:14:09+00:00,117,4.29341673900463,44.5117,-124.2722,,,,,,2032,,2,0
nwfsc_pacific_hake_survey,D20230719T163757_IFCB117,2023-07-19 16:37:57+00:00,117,4.28832508680556,44.512,-124.2777,,,,,,2088,,2,0
nwfsc_pacific_hake_survey,D20230719T170144_IFCB117,2023-07-19 17:01:44+00:00,117,4.39513722511574,44.5096,-124.2809,,,,,,1773,,2,0
nwfsc_pacific_hake_survey,D20230719T172530_IFCB117,2023-07-19 17:25:30+00:00,117,4.31768012152778,44.5075,-124.2847,,,,,,1996,,2,0
nwfsc_pacific_hake_survey,D20230719T174917_IFCB117,2023-07-19 17:49:17+00:00,117,4.33621715856482,44.5068,-124.2907,,,,,,1952,,2,0
nwfsc_pacific_hake_survey,D20230719T181304_IFCB117,2023-07-19 18:13:04+00:00,117,4.21885040509259,44.5059,-124.2925,,,,,,2283,,2,0
nwfsc_pacific_hake_survey,D20230719T183652_IFCB117,2023-07-19 18:36:52+00:00,117,4.3218970630787,44.5083,-124.2931,,,,,,1988,,2,0
nwfsc_pacific_hake_survey,D20230719T190040_IFCB117,2023-07-19 19:00:40+00:00,117,4.28120587384259,44.511,-124.2938,,,,,,2099,,2,0
nwfsc_pacific_hake_survey,D20230719T192427_IFCB117,2023-07-19 19:24:27+00:00,117,1.42531817853009,44.5123,-124.2935,,,,,,700,,2,0
nwfsc_pacific_hake_survey,D20230724T020200_IFCB117,2023-07-24 02:02:00+00:00,117,3.78856221064815,44.421,-124.2862,,,,,,3637,,2,0
nwfsc_pacific_hake_survey,D20230724T022549_IFCB117,2023-07-24 02:25:49+00:00,117,3.76749291087963,44.3675,-124.3449,,,,,,3571,,2,0
nwfsc_pacific_hake_survey,D20230724T024938_IFCB117,2023-07-24 02:49:38+00:00,117,3.71368778935185,44.309,-124.4022,,,,,,3676,,2,0
nwfsc_pacific_hake_survey,D20230724T031328_IFCB117,2023-07-24 03:13:28+00:00,117,3.91020334201389,44.2477,-124.4549,,,,,,3111,,2,0
nwfsc_pacific_hake_survey,D20230724T033716_IFCB117,2023-07-24 03:37:16+00:00,117,3.96037297453704,44.1877,-124.5046,,,,,,2902,,2,0
nwfsc_pacific_hake_survey,D20230724T040104_IFCB117,2023-07-24 04:01:04+00:00,117,3.84679904513889,44.1273,-124.546,,,,,,3312,,2,0
nwfsc_pacific_hake_survey,D20230724T042452_IFCB117,2023-07-24 04:24:52+00:00,117,4.10138425925926,44.0665,-124.589,,,,,,2551,,2,0
nwfsc_pacific_hake_survey,D20230724T044841_IFCB117,2023-07-24 04:48:41+00:00,117,4.21445157407407,43.9998,-124.624,,,,,,2253,,2,0
nwfsc_pacific_hake_survey,D20230724T051228_IFCB117,2023-07-24 05:12:28+00:00,117,4.29285944733796,43.9316,-124.6515,,,,,,2049,,2,0
nwfsc_pacific_hake_survey,D20230724T053615_IFCB117,2023-07-24 05:36:15+00:00,117,4.53409273726852,43.8642,-124.6684,,,,,,1223,,2,0
nwfsc_pacific_hake_survey,D20230724T060002_IFCB117,2023-07-24 06:00:02+00:00,117,4.60244603587963,43.7953,-124.6833,,,,,,1144,,2,0
nwfsc_pacific_hake_survey,D20230724T063533_IFCB117,2023-07-24 06:35:33+00:00,117,4.76513009982639,43.692,-124.7077,,,,,,665,,2,0
nwfsc_pacific_hake_survey,D20230724T065919_IFCB117,2023-07-24 06:59:19+00:00,117,4.83925902416088,43.6203,-124.7248,,,,,,474,,2,0
nwfsc_pacific_hake_survey,D20230724T072306_IFCB117,2023-07-24 07:23:06+00:00,117,4.84502770543981,43.5512,-124.7392,,,,,,467,,2,0
nwfsc_pacific_hake_survey,D20230724T074653_IFCB117,2023-07-24 07:46:53+00:00,117,4.85317840350116,43.4847,-124.7531,,,,,,434,,2,0
nwfsc_pacific_hake_survey,D20230724T081039_IFCB117,2023-07-24 08:10:39+00:00,117,4.85952510127315,43.4158,-124.77,,,,,,409,,2,0
nwfsc_pacific_hake_survey,D20230724T083425_IFCB117,2023-07-24 08:34:25+00:00,117,4.86109665256076,43.3458,-124.7868,,,,,,410,,2,0
nwfsc_pacific_hake_survey,D20230724T085812_IFCB117,2023-07-24 08:58:12+00:00,117,4.85087107566551,43.2748,-124.8011,,,,,,430,,2,0
nwfsc_pacific_hake_survey,D20230724T092158_IFCB117,2023-07-24 09:21:58+00:00,117,4.87245754665799,43.2072,-124.8145,,,,,,374,,2,0
nwfsc_pacific_hake_survey,D20230724T094544_IFCB117,2023-07-24 09:45:44+00:00,117,4.85676126663773,43.1363,-124.831,,,,,,417,,2,0
nwfsc_pacific_hake_survey,D20230724T100930_IFCB117,2023-07-24 10:09:30+00:00,117,4.92744700339988,43.0643,-124.8479,,,,,,220,,2,0
nwfsc_pacific_hake_survey,D20230724T103316_IFCB117,2023-07-24 10:33:16+00:00,117,4.93128206380208,42.9897,-124.8642,,,,,,208,,2,0
nwfsc_pacific_hake_survey,D20230724T105703_IFCB117,2023-07-24 10:57:03+00:00,117,4.88166267903646,42.9179,-124.8796,,,,,,352,,2,0
nwfsc_pacific_hake_survey,D20230724T112049_IFCB117,2023-07-24 11:20:49+00:00,117,4.84534548611111,42.8512,-124.8951,,,,,,465,,2,0
nwfsc_pacific_hake_survey,D20230724T114436_IFCB117,2023-07-24 11:44:36+00:00,117,4.85726310221354,42.7818,-124.9083,,,,,,424,,2,0
nwfsc_pacific_hake_survey,D20230724T120823_IFCB117,2023-07-24 12:08:23+00:00,117,4.68082794415509,42.7135,-124.9187,,,,,,939,,2,0
nwfsc_pacific_hake_survey,D20230724T123211_IFCB117,2023-07-24 12:32:11+00:00,117,4.88507902922454,42.6441,-124.9233,,,,,,346,,2,0
nwfsc_pacific_hake_survey,D20230724T125558_IFCB117,2023-07-24 12:55:58+00:00,117,4.94045131655093,42.5778,-124.9303,,,,,,180,,2,0
nwfsc_pacific_hake_survey,D20230724T131944_IFCB117,2023-07-24 13:19:44+00:00,117,4.95566795066551,42.5081,-124.9398,,,,,,137,,2,0
nwfsc_pacific_hake_survey,D20230724T134330_IFCB117,2023-07-24 13:43:30+00:00,117,4.93162447554977,42.4371,-124.9469,,,,,,205,,2,0
nwfsc_pacific_hake_survey,D20230724T140717_IFCB117,2023-07-24 14:07:17+00:00,117,4.93101530852141,42.3649,-124.954,,,,,,199,,2,0
nwfsc_pacific_hake_survey,D20230724T143103_IFCB117,2023-07-24 14:31:03+00:00,117,4.92640738932292,42.2922,-124.9582,,,,,,223,,2,0
nwfsc_pacific_hake_survey,D20230724T145449_IFCB117,2023-07-24 14:54:49+00:00,117,4.92618459743924,42.2209,-124.9639,,,,,,224,,2,0
nwfsc_pacific_hake_survey,D20230724T151835_IFCB117,2023-07-24 15:18:35+00:00,117,4.94567957899306,42.1463,-124.9732,,,,,,166,,2,0
nwfsc_pacific_hake_survey,D20230724T154221_IFCB117,2023-07-24 15:42:21+00:00,117,4.9441041937934,42.0707,-124.9805,,,,,,169,,2,0
nwfsc_pacific_hake_survey,D20230724T160607_IFCB117,2023-07-24 16:06:07+00:00,117,4.95174220558449,41.9948,-124.9881,,,,,,149,,2,0
nwfsc_pacific_hake_survey,D20230724T162954_IFCB117,2023-07-24 16:29:54+00:00,117,4.9494440375434,41.9226,-124.985,,,,,,157,,2,0
nwfsc_pacific_hake_survey,D20230724T165340_IFCB117,2023-07-24 16:53:40+00:00,117,4.9426641619647,41.8482,-124.9758,,,,,,175,,2,0
nwfsc_pacific_hake_survey,D20230724T171726_IFCB117,2023-07-24 17:17:26+00:00,117,4.92476633933738,41.774,-124.9678,,,,,,225,,2,0
nwfsc_pacific_hake_survey,D20230724T174112_IFCB117,2023-07-24 17:41:12+00:00,117,4.92356588179977,41.7025,-124.9601,,,,,,229,,2,0
nwfsc_pacific_hake_survey,D20230725T155943_IFCB117,2023-07-25 15:59:43+00:00,117,4.07308405671296,40.107,-124.3534,,,,,,2715,,2,0
nwfsc_pacific_hake_survey,D20230725T162331_IFCB117,2023-07-25 16:23:31+00:00,117,3.96001432291667,40.1249,-124.3661,,,,,,3069,,2,0
nwfsc_pacific_hake_survey,D20230725T164718_IFCB117,2023-07-25 16:47:18+00:00,117,3.88404521122685,40.1375,-124.3735,,,,,,3283,,2,0
nwfsc_pacific_hake_survey,D20230725T171104_IFCB117,2023-07-25 17:11:04+00:00,117,3.87222041377315,40.1474,-124.3855,,,,,,3330,,2,0
nwfsc_pacific_hake_survey,D20230725T173451_IFCB117,2023-07-25 17:34:51+00:00,117,4.00107769097222,40.1307,-124.3823,,,,,,2931,,2,0
nwfsc_pacific_hake_survey,D20230725T175837_IFCB117,2023-07-25 17:58:37+00:00,117,4.08739764178241,40.1055,-124.3663,,,,,,2675,,2,0
nwfsc_pacific_hake_survey,D20230725T182224_IFCB117,2023-07-25 18:22:24+00:00,117,4.02258695023148,40.0836,-124.3478,,,,,,2863,,2,0
nwfsc_pacific_hake_survey,D20230725T184612_IFCB117,2023-07-25 18:46:12+00:00,117,4.12083615451389,40.0894,-124.3481,,,,,,2597,,2,0
nwfsc_pacific_hake_survey,D20230725T190959_IFCB117,2023-07-25 19:09:59+00:00,117,4.18646260127315,40.0948,-124.3494,,,,,,2418,,2,0
nwfsc_pacific_hake_survey,D20230725T193345_IFCB117,2023-07-25 19:33:45+00:00,117,4.16296267361111,40.1139,-124.369,,,,,,2470,,2,0
nwfsc_pacific_hake_survey,D20230725T195732_IFCB117,2023-07-25 19:57:32+00:00,117,4.04862188946759,40.1234,-124.3846,,,,,,2811,,2,0
nwfsc_pacific_hake_survey,D20230725T202120_IFCB117,2023-07-25 20:21:20+00:00,117,4.07892795138889,40.1352,-124.3993,,,,,,2754,,2,0
nwfsc_pacific_hake_survey,D20230725T204508_IFCB117,2023-07-25 20:45:08+00:00,117,4.06440422453704,40.1135,-124.401,,,,,,2789,,2,0
nwfsc_pacific_hake_survey,D20230725T210855_IFCB117,2023-07-25 21:08:55+00:00,117,4.08406597222222,40.1122,-124.4819,,,,,,2711,,2,0
nwfsc_pacific_hake_survey,D20230725T213242_IFCB117,2023-07-25 21:32:42+00:00,117,4.29996209490741,40.1125,-124.5728,,,,,,2056,,2,0
nwfsc_pacific_hake_survey,D20230725T215629_IFCB117,2023-07-25 21:56:29+00:00,117,4.12579513888889,40.1123,-124.6649,,,,,,2568,,2,0
nwfsc_pacific_hake_survey,D20230725T222016_IFCB117,2023-07-25 22:20:16+00:00,117,4.73592934389468,40.1124,-124.7583,,,,,,791,,2,0
nwfsc_pacific_hake_survey,D20230725T224402_IFCB117,2023-07-25 22:44:02+00:00,117,4.88298484519676,40.1127,-124.8502,,,,,,354,,2,0
nwfsc_pacific_hake_survey,D20230725T231246_IFCB117,2023-07-25 23:12:46+00:00,117,4.94129887333623,40.1018,-124.8662,,,,,,184,,2,0
nwfsc_pacific_hake_survey,D20230725T233631_IFCB117,2023-07-25 23:36:31+00:00,117,4.91341722728588,40.0792,-124.8022,,,,,,261,,2,0
nwfsc_pacific_hake_survey,D20230726T000016_IFCB117,2023-07-26 00:00:16+00:00,117,4.88812623878762,40.0848,-124.8135,,,,,,341,,2,0
nwfsc_pacific_hake_survey,D20230726T002401_IFCB117,2023-07-26 00:24:01+00:00,117,4.90946394856771,40.1026,-124.8214,,,,,,275,,2,0
nwfsc_pacific_hake_survey,D20230726T004748_IFCB117,2023-07-26 00:47:48+00:00,117,4.92251443142361,40.1208,-124.8302,,,,,,236,,2,0
nwfsc_pacific_hake_survey,D20230726T011134_IFCB117,2023-07-26 01:11:34+00:00,117,4.92997814489294,40.1325,-124.8346,,,,,,223,,2,0
nwfsc_pacific_hake_survey,D20230726T013519_IFCB117,2023-07-26 01:35:19+00:00,117,4.90222377748843,40.1146,-124.863,,,,,,296,,2,0
nwfsc_pacific_hake_survey,D20230726T015904_IFCB117,2023-07-26 01:59:04+00:00,117,4.93035031467014,40.1128,-124.9502,,,,,,217,,2,0
nwfsc_pacific_hake_survey,D20230726T022250_IFCB117,2023-07-26 02:22:50+00:00,117,4.87793989619502,40.1122,-125.0316,,,,,,369,,2,0
nwfsc_pacific_hake_survey,D20230726T024636_IFCB117,2023-07-26 02:46:36+00:00,117,4.94544125253183,40.1124,-125.1161,,,,,,170,,2,0
nwfsc_pacific_hake_survey,D20230726T031021_IFCB117,2023-07-26 03:10:21+00:00,117,4.96621991644965,40.1151,-125.1757,,,,,,109,,2,0
nwfsc_pacific_hake_survey,D20230726T034550_IFCB117,2023-07-26 03:45:50+00:00,117,4.94955485026042,40.1162,-125.1781,,,,,,156,,2,0
nwfsc_pacific_hake_survey,D20230726T040937_IFCB117,2023-07-26 04:09:37+00:00,117,4.95166913519965,40.112,-125.169,,,,,,155,,2,0
nwfsc_pacific_hake_survey,D20230726T043323_IFCB117,2023-07-26 04:33:23+00:00,117,4.9537306676794,40.1127,-125.1702,,,,,,144,,2,0
nwfsc_pacific_hake_survey,D20230726T045709_IFCB117,2023-07-26 04:57:09+00:00,117,4.93733296260127,40.1126,-125.1747,,,,,,194,,2,0
nwfsc_pacific_hake_survey,D20230726T052055_IFCB117,2023-07-26 05:20:55+00:00,117,4.95362404152199,40.1225,-125.1721,,,,,,146,,2,0
nwfsc_pacific_hake_survey,D20230726T054441_IFCB117,2023-07-26 05:44:41+00:00,117,4.93152206307871,40.165,-125.1117,,,,,,206,,2,0
nwfsc_pacific_hake_survey,D20230726T060826_IFCB117,2023-07-26 06:08:26+00:00,117,4.94248502604167,40.207,-125.0507,,,,,,178,,2,0
nwfsc_pacific_hake_survey,D20230726T063212_IFCB117,2023-07-26 06:32:12+00:00,117,4.91337691695602,40.2484,-124.9891,,,,,,263,,2,0
nwfsc_pacific_hake_survey,D20230726T065557_IFCB117,2023-07-26 06:55:57+00:00,117,4.93490968605324,40.2868,-124.9286,,,,,,201,,2,0
nwfsc_pacific_hake_survey,D20230726T071943_IFCB117,2023-07-26 07:19:43+00:00,117,4.93303678385417,40.33,-124.8649,,,,,,205,,2,0
nwfsc_pacific_hake_survey,D20230726T074329_IFCB117,2023-07-26 07:43:29+00:00,117,4.92121022316262,40.3763,-124.8039,,,,,,239,,2,0
nwfsc_pacific_hake_survey,D20230726T080715_IFCB117,2023-07-26 08:07:15+00:00,117,4.76046254701968,40.4215,-124.7409,,,,,,717,,2,0
nwfsc_pacific_hake_survey,D20230726T083101_IFCB117,2023-07-26 08:31:01+00:00,117,4.66279405381944,40.4463,-124.7104,,,,,,1002,,2,0
nwfsc_pacific_hake_survey,D20230726T085446_IFCB117,2023-07-26 08:54:46+00:00,117,4.78060923032407,40.447,-124.7146,,,,,,654,,2,0
nwfsc_pacific_hake_survey,D20230726T091832_IFCB117,2023-07-26 09:18:32+00:00,117,4.77489454933449,40.4494,-124.6861,,,,,,664,,2,0
nwfsc_pacific_hake_survey,D20230726T094217_IFCB117,2023-07-26 09:42:17+00:00,117,4.94420137984664,40.4467,-124.6167,,,,,,177,,2,0
nwfsc_pacific_hake_survey,D20230726T100602_IFCB117,2023-07-26 10:06:02+00:00,117,4.89057183159722,40.4462,-124.6256,,,,,,330,,2,0
nwfsc_pacific_hake_survey,D20230726T102947_IFCB117,2023-07-26 10:29:47+00:00,117,4.89856646050347,40.4489,-124.6111,,,,,,312,,2,0
nwfsc_pacific_hake_survey,D20230726T105333_IFCB117,2023-07-26 10:53:33+00:00,117,4.88939841037326,40.4462,-124.5313,,,,,,335,,2,0
nwfsc_pacific_hake_survey,D20230726T111718_IFCB117,2023-07-26 11:17:18+00:00,117,4.53699801070602,40.4453,-124.5271,,,,,,1386,,2,0
nwfsc_pacific_hake_survey,D20230726T114104_IFCB117,2023-07-26 11:41:04+00:00,117,4.68842802372685,40.4393,-124.5263,,,,,,929,,2,0
nwfsc_pacific_hake_survey,D20230726T120451_IFCB117,2023-07-26 12:04:51+00:00,117,4.76285201461227,40.3954,-124.4915,,,,,,705,,2,0
nwfsc_pacific_hake_survey,D20230726T122837_IFCB117,2023-07-26 12:28:37+00:00,117,4.73658879484954,40.3476,-124.4522,,,,,,778,,2,0
nwfsc_pacific_hake_survey,D20230726T125223_IFCB117,2023-07-26 12:52:23+00:00,117,4.88180318648727,40.3024,-124.4159,,,,,,354,,2,0
nwfsc_pacific_hake_survey,D20230726T131610_IFCB117,2023-07-26 13:16:10+00:00,117,4.85629696542245,40.2794,-124.4077,,,,,,433,,2,0
nwfsc_pacific_hake_survey,D20230726T133956_IFCB117,2023-07-26 13:39:56+00:00,117,4.84972350622107,40.2793,-124.4906,,,,,,449,,2,0
nwfsc_pacific_hake_survey,D20230726T140341_IFCB117,2023-07-26 14:03:41+00:00,117,4.66528569878472,40.2784,-124.5688,,,,,,983,,2,0
nwfsc_pacific_hake_survey,D20230726T142726_IFCB117,2023-07-26 14:27:26+00:00,117,4.36917006655093,40.2789,-124.6458,,,,,,1865,,2,0
nwfsc_pacific_hake_survey,D20230726T145112_IFCB117,2023-07-26 14:51:12+00:00,117,4.50887876157407,40.2631,-124.6421,,,,,,1458,,2,0
nwfsc_pacific_hake_survey,D20230726T151500_IFCB117,2023-07-26 15:15:00+00:00,117,4.36299840856482,40.2521,-124.6136,,,,,,1870,,2,0
nwfsc_pacific_hake_survey,D20230726T153846_IFCB117,2023-07-26 15:38:46+00:00,117,4.28126446759259,40.2721,-124.6178,,,,,,2110,,2,0
nwfsc_pacific_hake_survey,D20230726T160233_IFCB117,2023-07-26 16:02:33+00:00,117,4.22640530960648,40.2939,-124.6191,,,,,,2274,,2,0
nwfsc_pacific_hake_survey,D20230726T162619_IFCB117,2023-07-26 16:26:19+00:00,117,4.47367751736111,40.305,-124.6212,,,,,,1557,,2,0
nwfsc_pacific_hake_survey,D20230726T165006_IFCB117,2023-07-26 16:50:06+00:00,117,4.52322786458333,40.2927,-124.6382,,,,,,1415,,2,0
nwfsc_pacific_hake_survey,D20230726T171352_IFCB117,2023-07-26 17:13:52+00:00,117,4.55837583188657,40.2784,-124.7164,,,,,,1309,,2,0
nwfsc_pacific_hake_survey,D20230726T173739_IFCB117,2023-07-26 17:37:39+00:00,117,4.81040093315972,40.2793,-124.8041,,,,,,566,,2,0
nwfsc_pacific_hake_survey,D20230726T180126_IFCB117,2023-07-26 18:01:26+00:00,117,4.91683277271412,40.2796,-124.8923,,,,,,253,,2,0
nwfsc_pacific_hake_survey,D20230726T182511_IFCB117,2023-07-26 18:25:11+00:00,117,4.91504998553241,40.2791,-124.9792,,,,,,258,,2,0
nwfsc_pacific_hake_survey,D20230726T184856_IFCB117,2023-07-26 18:48:56+00:00,117,4.93149799262153,40.2791,-125.061,,,,,,212,,2,0
nwfsc_pacific_hake_survey,D20230726T191241_IFCB117,2023-07-26 19:12:41+00:00,117,4.97202027271412,40.2788,-125.1448,,,,,,91,,2,0
nwfsc_pacific_hake_survey,D20230726T193628_IFCB117,2023-07-26 19:36:28+00:00,117,4.95236039677373,40.2791,-125.23,,,,,,150,,2,0
nwfsc_pacific_hake_survey,D20230726T200013_IFCB117,2023-07-26 20:00:13+00:00,117,4.9459239275897,40.2883,-125.2808,,,,,,171,,2,0
nwfsc_pacific_hake_survey,D20230726T202358_IFCB117,2023-07-26 20:23:58+00:00,117,4.9474178692853,40.3114,-125.2013,,,,,,154,,2,0
nwfsc_pacific_hake_survey,D20230726T204744_IFCB117,2023-07-26 20:47:44+00:00,117,4.9610418927228,40.3355,-125.1179,,,,,,127,,2,0
nwfsc_pacific_hake_survey,D20230726T211130_IFCB117,2023-07-26 21:11:30+00:00,117,4.97134556749132,40.3587,-125.0342,,,,,,93,,2,0
nwfsc_pacific_hake_survey,D20230726T213517_IFCB117,2023-07-26 21:35:17+00:00,117,4.97366599754051,40.3785,-124.9514,,,,,,88,,2,0
nwfsc_pacific_hake_survey,D20230726T215902_IFCB117,2023-07-26 21:59:02+00:00,117,4.9624273365162,40.42,-124.9162,,,,,,121,,2,0
nwfsc_pacific_hake_survey,D20230726T222247_IFCB117,2023-07-26 22:22:47+00:00,117,2.40716282371238,40.4454,-124.9629,,,,,,121,,2,0
nwfsc_pacific_hake_survey,D20230726T224203_IFCB117,2023-07-26 22:42:03+00:00,117,4.92494905598958,40.4458,-125.0344,,,,,,230,,2,0
nwfsc_pacific_hake_survey,D20230726T230549_IFCB117,2023-07-26 23:05:49+00:00,117,4.98166663953993,40.4457,-125.1174,,,,,,65,,2,0
nwfsc_pacific_hake_survey,D20230726T232935_IFCB117,2023-07-26 23:29:35+00:00,117,4.97731518554687,40.4458,-125.2025,,,,,,76,,2,0
nwfsc_pacific_hake_survey,D20230726T235320_IFCB117,2023-07-26 23:53:20+00:00,117,4.97063576931424,40.4457,-125.289,,,,,,99,,2,0
nwfsc_pacific_hake_survey,D20230727T001706_IFCB117,2023-07-27 00:17:06+00:00,117,4.93159050383391,40.4449,-125.3482,,,,,,202,,2,0
nwfsc_pacific_hake_survey,D20230727T004052_IFCB117,2023-07-27 00:40:52+00:00,117,4.86468991427951,40.4454,-125.4311,,,,,,405,,2,0
nwfsc_pacific_hake_survey,D20230727T010439_IFCB117,2023-07-27 01:04:39+00:00,117,4.92480477792245,40.4456,-125.408,,,,,,230,,2,0
nwfsc_pacific_hake_survey,D20230727T012825_IFCB117,2023-07-27 01:28:25+00:00,117,4.89140731698495,40.4448,-125.3214,,,,,,323,,2,0
nwfsc_pacific_hake_survey,D20230727T015210_IFCB117,2023-07-27 01:52:10+00:00,117,4.94748633716725,40.4468,-125.3158,,,,,,161,,2,0
nwfsc_pacific_hake_survey,D20230727T021555_IFCB117,2023-07-27 02:15:55+00:00,117,4.94278049045139,40.4502,-125.3214,,,,,,173,,2,0
nwfsc_pacific_hake_survey,D20230727T023941_IFCB117,2023-07-27 02:39:41+00:00,117,4.94797657154225,40.4447,-125.2762,,,,,,162,,2,0
nwfsc_pacific_hake_survey,D20230727T031510_IFCB117,2023-07-27 03:15:10+00:00,117,4.96531136067708,40.4453,-125.142,,,,,,112,,2,0
nwfsc_pacific_hake_survey,D20230727T033856_IFCB117,2023-07-27 03:38:56+00:00,117,4.96279830367477,40.4456,-125.0575,,,,,,117,,2,0
nwfsc_pacific_hake_survey,D20230727T040242_IFCB117,2023-07-27 04:02:42+00:00,117,4.95821728515625,40.4452,-124.9682,,,,,,133,,2,0
nwfsc_pacific_hake_survey,D20230727T042628_IFCB117,2023-07-27 04:26:28+00:00,117,4.9500148473669,40.4452,-124.8811,,,,,,155,,2,0
nwfsc_pacific_hake_survey,D20230727T045013_IFCB117,2023-07-27 04:50:13+00:00,117,4.84092006655093,40.4454,-124.793,,,,,,469,,2,0
nwfsc_pacific_hake_survey,D20230727T051359_IFCB117,2023-07-27 05:13:59+00:00,117,4.72247301793981,40.4453,-124.7106,,,,,,821,,2,0
nwfsc_pacific_hake_survey,D20230727T053745_IFCB117,2023-07-27 05:37:45+00:00,117,4.35094256365741,40.4458,-124.6328,,,,,,1923,,2,0
nwfsc_pacific_hake_survey,D20230727T060132_IFCB117,2023-07-27 06:01:32+00:00,117,4.31234606481482,40.4459,-124.6312,,,,,,2040,,2,0
nwfsc_pacific_hake_survey,D20230727T062520_IFCB117,2023-07-27 06:25:20+00:00,117,4.25153081597222,40.4463,-124.636,,,,,,2211,,2,0
nwfsc_pacific_hake_survey,D20230727T064907_IFCB117,2023-07-27 06:49:07+00:00,117,4.26804463252315,40.4458,-124.5983,,,,,,2173,,2,0
nwfsc_pacific_hake_survey,D20230727T071253_IFCB117,2023-07-27 07:12:53+00:00,117,4.31235843460648,40.4444,-124.6022,,,,,,2030,,2,0
nwfsc_pacific_hake_survey,D20230727T073640_IFCB117,2023-07-27 07:36:40+00:00,117,4.39114055266204,40.4445,-124.6057,,,,,,1801,,2,0
nwfsc_pacific_hake_survey,D20230727T080027_IFCB117,2023-07-27 08:00:27+00:00,117,4.3067669994213,40.4433,-124.61,,,,,,2050,,2,0
nwfsc_pacific_hake_survey,D20230727T082414_IFCB117,2023-07-27 08:24:14+00:00,117,4.31439525462963,40.4448,-124.6324,,,,,,2025,,2,0
nwfsc_pacific_hake_survey,D20230727T084802_IFCB117,2023-07-27 08:48:02+00:00,117,4.09047099247685,40.4442,-124.6997,,,,,,2708,,2,0
nwfsc_pacific_hake_survey,D20230727T091149_IFCB117,2023-07-27 09:11:49+00:00,117,4.54533528645833,40.4458,-124.7634,,,,,,1344,,2,0
nwfsc_pacific_hake_survey,D20230727T093536_IFCB117,2023-07-27 09:35:36+00:00,117,4.69258235677083,40.4448,-124.8282,,,,,,912,,2,0
nwfsc_pacific_hake_survey,D20230727T095922_IFCB117,2023-07-27 09:59:22+00:00,117,4.85046412037037,40.4439,-124.8928,,,,,,451,,2,0
nwfsc_pacific_hake_survey,D20230727T102308_IFCB117,2023-07-27 10:23:08+00:00,117,4.92486443865741,40.4455,-124.9564,,,,,,228,,2,0
nwfsc_pacific_hake_survey,D20230727T104655_IFCB117,2023-07-27 10:46:55+00:00,117,4.92183112702546,40.4475,-125.0189,,,,,,235,,2,0
nwfsc_pacific_hake_survey,D20230727T111041_IFCB117,2023-07-27 11:10:41+00:00,117,4.91734603768808,40.466,-125.0399,,,,,,257,,2,0
nwfsc_pacific_hake_survey,D20230727T113426_IFCB117,2023-07-27 11:34:26+00:00,117,4.94994797092014,40.4814,-125.0636,,,,,,157,,2,0
nwfsc_pacific_hake_survey,D20230727T115811_IFCB117,2023-07-27 11:58:11+00:00,117,4.94721412941262,40.4944,-125.0889,,,,,,164,,2,0
nwfsc_pacific_hake_survey,D20230727T122156_IFCB117,2023-07-27 12:21:56+00:00,117,4.95614717158565,40.4879,-125.095,,,,,,140,,2,0
nwfsc_pacific_hake_survey,D20230727T124542_IFCB117,2023-07-27 12:45:42+00:00,117,4.95642959707755,40.4611,-125.0736,,,,,,139,,2,0
nwfsc_pacific_hake_survey,D20230727T130929_IFCB117,2023-07-27 13:09:29+00:00,117,4.95931349464699,40.4458,-125.0461,,,,,,129,,2,0
nwfsc_pacific_hake_survey,D20230727T133315_IFCB117,2023-07-27 13:33:15+00:00,117,4.92971022316262,40.4463,-124.9781,,,,,,216,,2,0
nwfsc_pacific_hake_survey,D20230727T135700_IFCB117,2023-07-27 13:57:00+00:00,117,4.91926081452546,40.445,-124.8942,,,,,,243,,2,0
nwfsc_pacific_hake_survey,D20230727T142045_IFCB117,2023-07-27 14:20:45+00:00,117,4.91501332826968,40.4462,-124.8133,,,,,,259,,2,0
nwfsc_pacific_hake_survey,D20230727T144430_IFCB117,2023-07-27 14:44:30+00:00,117,4.71571567563657,40.4454,-124.7258,,,,,,848,,2,0
nwfsc_pacific_hake_survey,D20230727T150818_IFCB117,2023-07-27 15:08:18+00:00,117,4.54944527633102,40.4465,-124.6385,,,,,,1340,,2,0
nwfsc_pacific_hake_survey,D20230727T153204_IFCB117,2023-07-27 15:32:04+00:00,117,4.61993825954861,40.4473,-124.5752,,,,,,1113,,2,0
nwfsc_pacific_hake_survey,D20230727T155551_IFCB117,2023-07-27 15:55:51+00:00,117,4.69301215277778,40.4074,-124.6171,,,,,,902,,2,0
nwfsc_pacific_hake_survey,D20230727T161938_IFCB117,2023-07-27 16:19:38+00:00,117,4.44434946469907,40.4287,-124.6222,,,,,,1633,,2,0
nwfsc_pacific_hake_survey,D20230727T164325_IFCB117,2023-07-27 16:43:25+00:00,117,4.42963697193287,40.4528,-124.6267,,,,,,1688,,2,0
nwfsc_pacific_hake_survey,D20230727T170712_IFCB117,2023-07-27 17:07:12+00:00,117,4.38557248263889,40.4728,-124.6302,,,,,,1809,,2,0
nwfsc_pacific_hake_survey,D20230727T173059_IFCB117,2023-07-27 17:30:59+00:00,117,4.30267317708333,40.4863,-124.6347,,,,,,2052,,2,0
nwfsc_pacific_hake_survey,D20230727T175447_IFCB117,2023-07-27 17:54:47+00:00,117,4.24887796585648,40.4847,-124.6281,,,,,,2223,,2,0
nwfsc_pacific_hake_survey,D20230727T181834_IFCB117,2023-07-27 18:18:34+00:00,117,4.47743706597222,40.4458,-124.5634,,,,,,1554,,2,0
nwfsc_pacific_hake_survey,D20230727T184220_IFCB117,2023-07-27 18:42:20+00:00,117,4.56987384259259,40.4655,-124.5485,,,,,,1282,,2,0
nwfsc_pacific_hake_survey,D20230727T190607_IFCB117,2023-07-27 19:06:07+00:00,117,4.18883608217593,40.5196,-124.531,,,,,,2415,,2,0
nwfsc_pacific_hake_survey,D20230727T192955_IFCB117,2023-07-27 19:29:55+00:00,117,4.58543258101852,40.5708,-124.4838,,,,,,1252,,2,0
nwfsc_pacific_hake_survey,D20230727T195341_IFCB117,2023-07-27 19:53:41+00:00,117,4.21276533564815,40.6125,-124.4603,,,,,,2369,,2,0
nwfsc_pacific_hake_survey,D20230727T201728_IFCB117,2023-07-27 20:17:28+00:00,117,4.13599652777778,40.6124,-124.5491,,,,,,2600,,2,0
nwfsc_pacific_hake_survey,D20230727T204115_IFCB117,2023-07-27 20:41:15+00:00,117,4.41541095196759,40.6081,-124.571,,,,,,1755,,2,0
nwfsc_pacific_hake_survey,D20230727T210502_IFCB117,2023-07-27 21:05:02+00:00,117,4.42914532696759,40.6184,-124.5455,,,,,,1724,,2,0
nwfsc_pacific_hake_survey,D20230727T212848_IFCB117,2023-07-27 21:28:48+00:00,117,4.55160485387732,40.5833,-124.5209,,,,,,1371,,2,0
nwfsc_pacific_hake_survey,D20230727T215236_IFCB117,2023-07-27 21:52:36+00:00,117,4.30012876157407,40.595,-124.5252,,,,,,2103,,2,0
nwfsc_pacific_hake_survey,D20230727T222120_IFCB117,2023-07-27 22:21:20+00:00,117,4.39743598090278,40.6272,-124.5348,,,,,,1811,,2,0
nwfsc_pacific_hake_survey,D20230727T224507_IFCB117,2023-07-27 22:45:07+00:00,117,4.49618956163195,40.6467,-124.5392,,,,,,1538,,2,0
nwfsc_pacific_hake_survey,D20230727T230853_IFCB117,2023-07-27 23:08:53+00:00,117,4.38472786458333,40.6616,-124.5461,,,,,,1844,,2,0
nwfsc_pacific_hake_survey,D20230727T233239_IFCB117,2023-07-27 23:32:39+00:00,117,4.42378219039352,40.6276,-124.5599,,,,,,1760,,2,0
nwfsc_pacific_hake_survey,D20230727T235627_IFCB117,2023-07-27 23:56:27+00:00,117,4.35845703125,40.6124,-124.6398,,,,,,1924,,2,0
nwfsc_pacific_hake_survey,D20230728T002013_IFCB117,2023-07-28 00:20:13+00:00,117,4.33957711226852,40.6119,-124.7273,,,,,,1996,,2,0
nwfsc_pacific_hake_survey,D20230728T004400_IFCB117,2023-07-28 00:44:00+00:00,117,4.1653697193287,40.6124,-124.8136,,,,,,2500,,2,0
nwfsc_pacific_hake_survey,D20230728T010747_IFCB117,2023-07-28 01:07:47+00:00,117,4.5932923900463,40.6225,-124.8788,,,,,,1201,,2,0
nwfsc_pacific_hake_survey,D20230728T013132_IFCB117,2023-07-28 01:31:32+00:00,117,4.70686747685185,40.6895,-124.8546,,,,,,871,,2,0
nwfsc_pacific_hake_survey,D20230728T015518_IFCB117,2023-07-28 01:55:18+00:00,117,4.64085749421296,40.7577,-124.8522,,,,,,1071,,2,0
nwfsc_pacific_hake_survey,D20230728T021905_IFCB117,2023-07-28 02:19:05+00:00,117,4.57591999421296,40.7792,-124.918,,,,,,1276,,2,0
nwfsc_pacific_hake_survey,D20230728T025434_IFCB117,2023-07-28 02:54:34+00:00,117,4.52394502314815,40.7797,-125.0439,,,,,,1422,,2,0
nwfsc_pacific_hake_survey,D20230728T031821_IFCB117,2023-07-28 03:18:21+00:00,117,4.61394842303241,40.7814,-125.0921,,,,,,1147,,2,0
nwfsc_pacific_hake_survey,D20230728T034207_IFCB117,2023-07-28 03:42:07+00:00,117,4.62792708333333,40.778,-125.0271,,,,,,1081,,2,0
nwfsc_pacific_hake_survey,D20230728T040553_IFCB117,2023-07-28 04:05:53+00:00,117,4.59600180844907,40.7797,-125.0256,,,,,,1187,,2,0
nwfsc_pacific_hake_survey,D20230728T042939_IFCB117,2023-07-28 04:29:39+00:00,117,4.63477199074074,40.7791,-125.0279,,,,,,1082,,2,0
nwfsc_pacific_hake_survey,D20230728T045325_IFCB117,2023-07-28 04:53:25+00:00,117,4.67408156105324,40.777,-125.0283,,,,,,965,,2,0
nwfsc_pacific_hake_survey,D20230728T051711_IFCB117,2023-07-28 05:17:11+00:00,117,4.66453374565972,40.7802,-125.017,,,,,,991,,2,0
nwfsc_pacific_hake_survey,D20230728T054057_IFCB117,2023-07-28 05:40:57+00:00,117,4.61719632523148,40.7787,-124.9279,,,,,,1139,,2,0
nwfsc_pacific_hake_survey,D20230728T060443_IFCB117,2023-07-28 06:04:43+00:00,117,4.64748415798611,40.7789,-124.837,,,,,,1053,,2,0
nwfsc_pacific_hake_survey,D20230728T062829_IFCB117,2023-07-28 06:28:29+00:00,117,4.45754210069444,40.779,-124.8148,,,,,,1628,,2,0
nwfsc_pacific_hake_survey,D20230728T065215_IFCB117,2023-07-28 06:52:15+00:00,117,4.45803334780093,40.7766,-124.8194,,,,,,1604,,2,0
nwfsc_pacific_hake_survey,D20230728T071601_IFCB117,2023-07-28 07:16:01+00:00,117,4.41342704716435,40.7794,-124.7674,,,,,,1745,,2,0
nwfsc_pacific_hake_survey,D20230728T073948_IFCB117,2023-07-28 07:39:48+00:00,117,4.42099435763889,40.7784,-124.6801,,,,,,1704,,2,0
nwfsc_pacific_hake_survey,D20230728T080334_IFCB117,2023-07-28 08:03:34+00:00,117,4.33480656828704,40.7787,-124.6463,,,,,,1999,,2,0
nwfsc_pacific_hake_survey,D20230728T082720_IFCB117,2023-07-28 08:27:20+00:00,117,4.52787127459491,40.7765,-124.6521,,,,,,1385,,2,0
nwfsc_pacific_hake_survey,D20230728T085106_IFCB117,2023-07-28 08:51:06+00:00,117,4.37353052662037,40.7783,-124.6057,,,,,,1851,,2,0
nwfsc_pacific_hake_survey,D20230728T091453_IFCB117,2023-07-28 09:14:53+00:00,117,4.69821538628472,40.7792,-124.534,,,,,,885,,2,0
nwfsc_pacific_hake_survey,D20230728T093839_IFCB117,2023-07-28 09:38:39+00:00,117,4.59380121527778,40.7768,-124.5419,,,,,,1204,,2,0
nwfsc_pacific_hake_survey,D20230728T100225_IFCB117,2023-07-28 10:02:25+00:00,117,4.56427412471065,40.777,-124.5377,,,,,,1281,,2,0
nwfsc_pacific_hake_survey,D20230728T102612_IFCB117,2023-07-28 10:26:12+00:00,117,4.60131814236111,40.7781,-124.4914,,,,,,1185,,2,0
nwfsc_pacific_hake_survey,D20230728T104958_IFCB117,2023-07-28 10:49:58+00:00,117,4.53170128038194,40.7777,-124.5004,,,,,,1390,,2,0
nwfsc_pacific_hake_survey,D20230728T111344_IFCB117,2023-07-28 11:13:44+00:00,117,4.58319285300926,40.7795,-124.4483,,,,,,1226,,2,0
nwfsc_pacific_hake_survey,D20230728T113731_IFCB117,2023-07-28 11:37:31+00:00,117,4.58496166087963,40.779,-124.4543,,,,,,1240,,2,0
nwfsc_pacific_hake_survey,D20230728T120119_IFCB117,2023-07-28 12:01:19+00:00,117,4.58179517505787,40.7785,-124.3904,,,,,,1243,,2,0
nwfsc_pacific_hake_survey,D20230728T122505_IFCB117,2023-07-28 12:25:05+00:00,117,4.50035315393519,40.7785,-124.319,,,,,,1489,,2,0
nwfsc_pacific_hake_survey,D20230728T124852_IFCB117,2023-07-28 12:48:52+00:00,117,4.4150171802662,40.7759,-124.314,,,,,,1798,,2,0
nwfsc_pacific_hake_survey,D20230728T131239_IFCB117,2023-07-28 13:12:39+00:00,117,4.34373386863426,40.7792,-124.3143,,,,,,1980,,2,0
nwfsc_pacific_hake_survey,D20230728T133625_IFCB117,2023-07-28 13:36:25+00:00,117,4.40726667390046,40.7786,-124.4023,,,,,,1752,,2,0
nwfsc_pacific_hake_survey,D20230728T140011_IFCB117,2023-07-28 14:00:11+00:00,117,4.52133109085648,40.7793,-124.4947,,,,,,1418,,2,0
nwfsc_pacific_hake_survey,D20230728T142358_IFCB117,2023-07-28 14:23:58+00:00,117,4.54002553530093,40.7893,-124.5169,,,,,,1372,,2,0
nwfsc_pacific_hake_survey,D20230728T144744_IFCB117,2023-07-28 14:47:44+00:00,117,4.64140675636574,40.7895,-124.4499,,,,,,1065,,2,0
nwfsc_pacific_hake_survey,D20230728T151131_IFCB117,2023-07-28 15:11:31+00:00,117,4.47170290798611,40.7542,-124.4462,,,,,,1574,,2,0
nwfsc_pacific_hake_survey,D20230728T153518_IFCB117,2023-07-28 15:35:18+00:00,117,4.46042299623843,40.7633,-124.4522,,,,,,1614,,2,0
nwfsc_pacific_hake_survey,D20230728T155904_IFCB117,2023-07-28 15:59:04+00:00,117,2.44722482638889,40.7887,-124.4553,,,,,,997,,2,0
nwfsc_pacific_hake_survey,D20230728T161512_IFCB117,2023-07-28 16:15:12+00:00,117,4.63845251012731,40.7984,-124.4571,,,,,,1084,,2,0
nwfsc_pacific_hake_survey,D20230728T163859_IFCB117,2023-07-28 16:38:59+00:00,117,4.86566029188368,40.7986,-124.4742,,,,,,415,,2,0
nwfsc_pacific_hake_survey,D20230728T170245_IFCB117,2023-07-28 17:02:45+00:00,117,4.48686121961806,40.7794,-124.5547,,,,,,1516,,2,0
nwfsc_pacific_hake_survey,D20230728T172632_IFCB117,2023-07-28 17:26:32+00:00,117,4.52988346354167,40.779,-124.6444,,,,,,1393,,2,0
nwfsc_pacific_hake_survey,D20230728T175018_IFCB117,2023-07-28 17:50:18+00:00,117,4.35940444155093,40.7791,-124.7353,,,,,,1889,,2,0
nwfsc_pacific_hake_survey,D20230728T181405_IFCB117,2023-07-28 18:14:05+00:00,117,4.40879018373843,40.7795,-124.8266,,,,,,1761,,2,0
nwfsc_pacific_hake_survey,D20230728T183752_IFCB117,2023-07-28 18:37:52+00:00,117,4.47468529369213,40.7789,-124.9136,,,,,,1569,,2,0
nwfsc_pacific_hake_survey,D20230728T190140_IFCB117,2023-07-28 19:01:40+00:00,117,4.64630309606482,40.7787,-125.0007,,,,,,1043,,2,0
nwfsc_pacific_hake_survey,D20230728T192527_IFCB117,2023-07-28 19:25:27+00:00,117,4.78999526186343,40.767,-124.9859,,,,,,627,,2,0
nwfsc_pacific_hake_survey,D20230728T194913_IFCB117,2023-07-28 19:49:13+00:00,117,4.86856115270544,40.7525,-124.9583,,,,,,398,,2,0
nwfsc_pacific_hake_survey,D20230728T201259_IFCB117,2023-07-28 20:12:59+00:00,117,4.82673752170139,40.7698,-124.9706,,,,,,521,,2,0
nwfsc_pacific_hake_survey,D20230728T203644_IFCB117,2023-07-28 20:36:44+00:00,117,4.70172497106482,40.7819,-124.9791,,,,,,886,,2,0
nwfsc_pacific_hake_survey,D20230728T210030_IFCB117,2023-07-28 21:00:30+00:00,117,4.70337720630787,40.7842,-124.9858,,,,,,879,,2,0
nwfsc_pacific_hake_survey,D20230728T212417_IFCB117,2023-07-28 21:24:17+00:00,117,4.74686179832176,40.7513,-124.9553,,,,,,751,,2,0
nwfsc_pacific_hake_survey,D20230728T215300_IFCB117,2023-07-28 21:53:00+00:00,117,4.79955027488426,40.7737,-124.9731,,,,,,594,,2,0
nwfsc_pacific_hake_survey,D20230728T221646_IFCB117,2023-07-28 22:16:46+00:00,117,4.68729228153935,40.7909,-124.9891,,,,,,912,,2,0
nwfsc_pacific_hake_survey,D20230728T224032_IFCB117,2023-07-28 22:40:32+00:00,117,4.76399150028935,40.8062,-125.0035,,,,,,698,,2,0
nwfsc_pacific_hake_survey,D20230728T230418_IFCB117,2023-07-28 23:04:18+00:00,117,4.80453804976852,40.8152,-125.0205,,,,,,587,,2,0
nwfsc_pacific_hake_survey,D20230728T232805_IFCB117,2023-07-28 23:28:05+00:00,117,4.79336536096644,40.7789,-125.0041,,,,,,619,,2,0
nwfsc_pacific_hake_survey,D20230728T235151_IFCB117,2023-07-28 23:51:51+00:00,117,4.83357280815972,40.7789,-125.09,,,,,,494,,2,0
nwfsc_pacific_hake_survey,D20230729T001537_IFCB117,2023-07-29 00:15:37+00:00,117,4.67620269097222,40.779,-125.1786,,,,,,957,,2,0
nwfsc_pacific_hake_survey,D20230729T003922_IFCB117,2023-07-29 00:39:22+00:00,117,4.55982826967592,40.7789,-125.2689,,,,,,1311,,2,0
nwfsc_pacific_hake_survey,D20230729T010308_IFCB117,2023-07-29 01:03:08+00:00,117,4.66591974103009,40.7793,-125.3602,,,,,,991,,2,0
nwfsc_pacific_hake_survey,D20230729T012655_IFCB117,2023-07-29 01:26:55+00:00,117,4.7427035228588,40.7795,-125.4463,,,,,,779,,2,0
nwfsc_pacific_hake_survey,D20230729T015041_IFCB117,2023-07-29 01:50:41+00:00,117,4.7589792932581,40.7792,-125.5365,,,,,,715,,2,0
nwfsc_pacific_hake_survey,D20230729T022611_IFCB117,2023-07-29 02:26:11+00:00,117,4.7042220775463,40.7824,-125.6693,,,,,,880,,2,0
nwfsc_pacific_hake_survey,D20230729T024957_IFCB117,2023-07-29 02:49:57+00:00,117,4.74653819444444,40.8131,-125.6005,,,,,,755,,2,0
nwfsc_pacific_hake_survey,D20230729T031342_IFCB117,2023-07-29 03:13:42+00:00,117,4.70962386067708,40.8463,-125.5294,,,,,,844,,2,0
nwfsc_pacific_hake_survey,D20230729T033728_IFCB117,2023-07-29 03:37:28+00:00,117,4.77565865523727,40.8796,-125.454,,,,,,671,,2,0
nwfsc_pacific_hake_survey,D20230729T040113_IFCB117,2023-07-29 04:01:13+00:00,117,4.63115458622685,40.9091,-125.3794,,,,,,1100,,2,0
nwfsc_pacific_hake_survey,D20230729T042459_IFCB117,2023-07-29 04:24:59+00:00,117,4.7044580078125,40.9386,-125.3058,,,,,,881,,2,0
nwfsc_pacific_hake_survey,D20230729T044846_IFCB117,2023-07-29 04:48:46+00:00,117,4.60522417534722,40.9722,-125.2328,,,,,,1182,,2,0
nwfsc_pacific_hake_survey,D20230729T051232_IFCB117,2023-07-29 05:12:32+00:00,117,4.77246813512731,41.0025,-125.1611,,,,,,677,,2,0
nwfsc_pacific_hake_survey,D20230729T053617_IFCB117,2023-07-29 05:36:17+00:00,117,4.73820970775463,41.0325,-125.0886,,,,,,784,,2,0
nwfsc_pacific_hake_survey,D20230729T060002_IFCB117,2023-07-29 06:00:02+00:00,117,4.88932831488715,41.0621,-125.0159,,,,,,341,,2,0
nwfsc_pacific_hake_survey,D20230729T062348_IFCB117,2023-07-29 06:23:48+00:00,117,4.884482421875,41.0915,-124.9485,,,,,,344,,2,0
nwfsc_pacific_hake_survey,D20230729T064733_IFCB117,2023-07-29 06:47:33+00:00,117,4.86785800962095,41.1128,-124.9002,,,,,,404,,2,0
nwfsc_pacific_hake_survey,D20230729T071120_IFCB117,2023-07-29 07:11:20+00:00,117,4.76063783998843,41.1089,-124.9089,,,,,,715,,2,0
nwfsc_pacific_hake_survey,D20230729T073506_IFCB117,2023-07-29 07:35:06+00:00,117,4.76981586371528,41.1087,-124.8892,,,,,,690,,2,0
nwfsc_pacific_hake_survey,D20230729T075851_IFCB117,2023-07-29 07:58:51+00:00,117,4.77676766854745,41.1122,-124.8081,,,,,,660,,2,0
nwfsc_pacific_hake_survey,D20230729T082236_IFCB117,2023-07-29 08:22:36+00:00,117,4.90757585539641,41.1119,-124.7198,,,,,,277,,2,0
nwfsc_pacific_hake_survey,D20230729T084622_IFCB117,2023-07-29 08:46:22+00:00,117,4.95946411132813,41.1124,-124.6299,,,,,,130,,2,0
nwfsc_pacific_hake_survey,D20230729T091007_IFCB117,2023-07-29 09:10:07+00:00,117,4.92464303023727,41.111,-124.6308,,,,,,233,,2,0
nwfsc_pacific_hake_survey,D20230729T093353_IFCB117,2023-07-29 09:33:53+00:00,117,4.95874915002894,41.1103,-124.6354,,,,,,131,,2,0
nwfsc_pacific_hake_survey,D20230729T095738_IFCB117,2023-07-29 09:57:38+00:00,117,4.94743238208912,41.1123,-124.5537,,,,,,166,,2,0
nwfsc_pacific_hake_survey,D20230729T102123_IFCB117,2023-07-29 10:21:23+00:00,117,4.94938283058449,41.112,-124.4637,,,,,,159,,2,0
nwfsc_pacific_hake_survey,D20230729T104509_IFCB117,2023-07-29 10:45:09+00:00,117,4.96689023618345,41.1118,-124.4175,,,,,,106,,2,0
nwfsc_pacific_hake_survey,D20230729T110855_IFCB117,2023-07-29 11:08:55+00:00,117,4.96072533275463,41.1095,-124.4194,,,,,,126,,2,0
nwfsc_pacific_hake_survey,D20230729T113240_IFCB117,2023-07-29 11:32:40+00:00,117,4.95954625108507,41.1047,-124.4188,,,,,,129,,2,0
nwfsc_pacific_hake_survey,D20230729T115626_IFCB117,2023-07-29 11:56:26+00:00,117,4.9548884729456,41.0619,-124.3625,,,,,,145,,2,0
nwfsc_pacific_hake_survey,D20230729T122011_IFCB117,2023-07-29 12:20:11+00:00,117,4.97119662362558,41.018,-124.3062,,,,,,95,,2,0
nwfsc_pacific_hake_survey,D20230729T124357_IFCB117,2023-07-29 12:43:57+00:00,117,4.96110279224537,40.9781,-124.2552,,,,,,125,,2,0
nwfsc_pacific_hake_survey,D20230729T130743_IFCB117,2023-07-29 13:07:43+00:00,117,4.96413648365162,40.9494,-124.2172,,,,,,116,,2,0
nwfsc_pacific_hake_survey,D20230729T133129_IFCB117,2023-07-29 13:31:29+00:00,117,4.93273277452257,40.9454,-124.2807,,,,,,206,,2,0
nwfsc_pacific_hake_survey,D20230729T135516_IFCB117,2023-07-29 13:55:16+00:00,117,4.79239254195602,40.9462,-124.369,,,,,,624,,2,0
nwfsc_pacific_hake_survey,D20230729T141902_IFCB117,2023-07-29 14:19:02+00:00,117,4.85709067563657,40.9484,-124.4581,,,,,,432,,2,0
nwfsc_pacific_hake_survey,D20230729T144248_IFCB117,2023-07-29 14:42:48+00:00,117,4.93311770290799,40.9494,-124.5285,,,,,,209,,2,0
nwfsc_pacific_hake_survey,D20230729T150633_IFCB117,2023-07-29 15:06:33+00:00,117,4.92398731372974,40.9459,-124.5585,,,,,,235,,2,0
nwfsc_pacific_hake_survey,D20230729T153019_IFCB117,2023-07-29 15:30:19+00:00,117,4.93745384837963,40.9456,-124.6436,,,,,,195,,2,0
nwfsc_pacific_hake_survey,D20230729T155405_IFCB117,2023-07-29 15:54:05+00:00,117,4.93283978949653,40.9457,-124.7344,,,,,,210,,2,0
nwfsc_pacific_hake_survey,D20230729T161752_IFCB117,2023-07-29 16:17:52+00:00,117,4.80406119791667,40.9334,-124.7476,,,,,,588,,2,0
nwfsc_pacific_hake_survey,D20230729T164138_IFCB117,2023-07-29 16:41:38+00:00,117,4.76990183738426,40.9159,-124.7051,,,,,,688,,2,0
nwfsc_pacific_hake_survey,D20230729T170524_IFCB117,2023-07-29 17:05:24+00:00,117,4.87606133355035,40.9359,-124.7159,,,,,,380,,2,0
nwfsc_pacific_hake_survey,D20230729T172909_IFCB117,2023-07-29 17:29:09+00:00,117,3.81242922634549,40.9544,-124.7286,,,,,,361,,2,0
nwfsc_pacific_hake_survey,D20230729T174926_IFCB117,2023-07-29 17:49:26+00:00,117,4.7803404224537,40.9662,-124.7339,,,,,,648,,2,0
nwfsc_pacific_hake_survey,D20230729T181311_IFCB117,2023-07-29 18:13:11+00:00,117,4.80405613425926,40.9772,-124.7492,,,,,,575,,2,0
nwfsc_pacific_hake_survey,D20230729T183657_IFCB117,2023-07-29 18:36:57+00:00,117,4.89286234989873,40.9457,-124.7997,,,,,,328,,2,0
nwfsc_pacific_hake_survey,D20230729T190043_IFCB117,2023-07-29 19:00:43+00:00,117,4.87909333405671,40.9459,-124.8918,,,,,,363,,2,0
nwfsc_pacific_hake_survey,D20230729T192428_IFCB117,2023-07-29 19:24:28+00:00,117,4.86489416051794,40.9871,-124.9212,,,,,,410,,2,0
nwfsc_pacific_hake_survey,D20230729T194813_IFCB117,2023-07-29 19:48:13+00:00,117,4.83347746672454,41.0518,-124.9116,,,,,,492,,2,0
nwfsc_pacific_hake_survey,D20230729T201200_IFCB117,2023-07-29 20:12:00+00:00,117,4.88912771267361,41.112,-124.8999,,,,,,328,,2,0
nwfsc_pacific_hake_survey,D20230729T203545_IFCB117,2023-07-29 20:35:45+00:00,117,4.90596137152778,41.1121,-124.9051,,,,,,285,,2,0
nwfsc_pacific_hake_survey,D20230729T205931_IFCB117,2023-07-29 20:59:31+00:00,117,4.89562003580729,41.1121,-124.8193,,,,,,301,,2,0
nwfsc_pacific_hake_survey,D20230729T212814_IFCB117,2023-07-29 21:28:14+00:00,117,4.91021505172164,41.1125,-124.7115,,,,,,274,,2,0
nwfsc_pacific_hake_survey,D20230729T215200_IFCB117,2023-07-29 21:52:00+00:00,117,4.94932947229456,41.1131,-124.6299,,,,,,160,,2,0
nwfsc_pacific_hake_survey,D20230729T221547_IFCB117,2023-07-29 22:15:47+00:00,117,4.96265437825521,41.1121,-124.6186,,,,,,121,,2,0
nwfsc_pacific_hake_survey,D20230729T223932_IFCB117,2023-07-29 22:39:32+00:00,117,4.97446810800058,41.1123,-124.5286,,,,,,85,,2,0
nwfsc_pacific_hake_survey,D20230729T230318_IFCB117,2023-07-29 23:03:18+00:00,117,4.96026090494792,41.1124,-124.4373,,,,,,130,,2,0
nwfsc_pacific_hake_survey,D20230729T232703_IFCB117,2023-07-29 23:27:03+00:00,117,4.95560397677951,41.0837,-124.4697,,,,,,140,,2,0
nwfsc_pacific_hake_survey,D20230729T235048_IFCB117,2023-07-29 23:50:48+00:00,117,4.96431170428241,41.0892,-124.479,,,,,,116,,2,0
nwfsc_pacific_hake_survey,D20230730T001435_IFCB117,2023-07-30 00:14:35+00:00,117,4.95054080765336,41.1165,-124.479,,,,,,148,,2,0
nwfsc_pacific_hake_survey,D20230730T003820_IFCB117,2023-07-30 00:38:20+00:00,117,4.95547154405382,41.1364,-124.477,,,,,,131,,2,0
nwfsc_pacific_hake_survey,D20230730T010206_IFCB117,2023-07-30 01:02:06+00:00,117,4.9578663104022,41.1515,-124.4769,,,,,,132,,2,0
nwfsc_pacific_hake_survey,D20230730T012551_IFCB117,2023-07-30 01:25:51+00:00,117,4.96317533817998,41.1135,-124.4219,,,,,,119,,2,0
nwfsc_pacific_hake_survey,D20230730T020121_IFCB117,2023-07-30 02:01:21+00:00,117,4.9511452094184,41.1122,-124.3938,,,,,,157,,2,0
nwfsc_pacific_hake_survey,D20230730T022506_IFCB117,2023-07-30 02:25:06+00:00,117,4.97567283347801,41.1121,-124.3814,,,,,,82,,2,0
nwfsc_pacific_hake_survey,D20230730T024851_IFCB117,2023-07-30 02:48:51+00:00,117,4.97603429723669,41.1122,-124.2989,,,,,,83,,2,0
nwfsc_pacific_hake_survey,D20230730T031237_IFCB117,2023-07-30 03:12:37+00:00,117,4.94271193214699,41.113,-124.2198,,,,,,183,,2,0
nwfsc_pacific_hake_survey,D20230730T033624_IFCB117,2023-07-30 03:36:24+00:00,117,4.84295746527778,41.1125,-124.2405,,,,,,480,,2,0
nwfsc_pacific_hake_survey,D20230730T040010_IFCB117,2023-07-30 04:00:10+00:00,117,4.82924327256944,41.1111,-124.2409,,,,,,503,,2,0
nwfsc_pacific_hake_survey,D20230730T042355_IFCB117,2023-07-30 04:23:55+00:00,117,4.86999840856481,41.1126,-124.2403,,,,,,398,,2,0
nwfsc_pacific_hake_survey,D20230730T044741_IFCB117,2023-07-30 04:47:41+00:00,117,4.87806009476273,41.1107,-124.2393,,,,,,373,,2,0
nwfsc_pacific_hake_survey,D20230730T051127_IFCB117,2023-07-30 05:11:27+00:00,117,4.84031119791667,41.1086,-124.2522,,,,,,483,,2,0
nwfsc_pacific_hake_survey,D20230730T053513_IFCB117,2023-07-30 05:35:13+00:00,117,4.92025660083912,41.1124,-124.3331,,,,,,249,,2,0
nwfsc_pacific_hake_survey,D20230730T055900_IFCB117,2023-07-30 05:59:00+00:00,117,4.97460374168113,41.1089,-124.3347,,,,,,87,,2,0
nwfsc_pacific_hake_survey,D20230730T062245_IFCB117,2023-07-30 06:22:45+00:00,117,4.97489210792824,41.1129,-124.3754,,,,,,86,,2,0
nwfsc_pacific_hake_survey,D20230730T064631_IFCB117,2023-07-30 06:46:31+00:00,117,4.97600678168403,41.1112,-124.3835,,,,,,82,,2,0
nwfsc_pacific_hake_survey,D20230730T071017_IFCB117,2023-07-30 07:10:17+00:00,117,4.97724525282118,41.1137,-124.3805,,,,,,76,,2,0
nwfsc_pacific_hake_survey,D20230730T073402_IFCB117,2023-07-30 07:34:02+00:00,117,4.94908194082755,41.1124,-124.3938,,,,,,155,,2,0
nwfsc_pacific_hake_survey,D20230730T075749_IFCB117,2023-07-30 07:57:49+00:00,117,4.9773486328125,41.1126,-124.4721,,,,,,78,,2,0
nwfsc_pacific_hake_survey,D20230730T082134_IFCB117,2023-07-30 08:21:34+00:00,117,4.94441786024305,41.114,-124.5326,,,,,,182,,2,0
nwfsc_pacific_hake_survey,D20230730T084520_IFCB117,2023-07-30 08:45:20+00:00,117,4.97085864257812,41.1123,-124.5361,,,,,,99,,2,0
nwfsc_pacific_hake_survey,D20230730T090905_IFCB117,2023-07-30 09:09:05+00:00,117,4.95340920681424,41.1127,-124.5546,,,,,,147,,2,0
nwfsc_pacific_hake_survey,D20230730T093251_IFCB117,2023-07-30 09:32:51+00:00,117,4.95710598415799,41.1283,-124.574,,,,,,136,,2,0
nwfsc_pacific_hake_survey,D20230730T095636_IFCB117,2023-07-30 09:56:36+00:00,117,4.96300826461227,41.1471,-124.5731,,,,,,120,,2,0
nwfsc_pacific_hake_survey,D20230730T102022_IFCB117,2023-07-30 10:20:22+00:00,117,4.94746402994792,41.1728,-124.5356,,,,,,165,,2,0
nwfsc_pacific_hake_survey,D20230730T104407_IFCB117,2023-07-30 10:44:07+00:00,117,4.96006541160301,41.193,-124.4622,,,,,,131,,2,0
nwfsc_pacific_hake_survey,D20230730T110753_IFCB117,2023-07-30 11:07:53+00:00,117,4.96273815465856,41.213,-124.3907,,,,,,121,,2,0
nwfsc_pacific_hake_survey,D20230730T113139_IFCB117,2023-07-30 11:31:39+00:00,117,4.96631571903935,41.2358,-124.3185,,,,,,113,,2,0
nwfsc_pacific_hake_survey,D20230730T115525_IFCB117,2023-07-30 11:55:25+00:00,117,4.96505144133391,41.2523,-124.2618,,,,,,119,,2,0
nwfsc_pacific_hake_survey,D20230730T121912_IFCB117,2023-07-30 12:19:12+00:00,117,4.90103521050347,41.2676,-124.2057,,,,,,306,,2,0
nwfsc_pacific_hake_survey,D20230730T124258_IFCB117,2023-07-30 12:42:58+00:00,117,4.84945392071759,41.2751,-124.1693,,,,,,456,,2,0
nwfsc_pacific_hake_survey,D20230730T130643_IFCB117,2023-07-30 13:06:43+00:00,117,4.89067526584201,41.2829,-124.1641,,,,,,337,,2,0
nwfsc_pacific_hake_survey,D20230730T133029_IFCB117,2023-07-30 13:30:29+00:00,117,4.92096096462674,41.2789,-124.2205,,,,,,238,,2,0
nwfsc_pacific_hake_survey,D20230730T135414_IFCB117,2023-07-30 13:54:14+00:00,117,4.9212074291088,41.2786,-124.2958,,,,,,236,,2,0
nwfsc_pacific_hake_survey,D20230730T141759_IFCB117,2023-07-30 14:17:59+00:00,117,4.93236773907697,41.279,-124.3838,,,,,,227,,2,0
nwfsc_pacific_hake_survey,D20230730T144146_IFCB117,2023-07-30 14:41:46+00:00,117,4.86532608145255,41.2798,-124.4775,,,,,,416,,2,0
nwfsc_pacific_hake_survey,D20230730T150531_IFCB117,2023-07-30 15:05:31+00:00,117,4.87790104166667,41.2632,-124.4725,,,,,,372,,2,0
nwfsc_pacific_hake_survey,D20230730T152916_IFCB117,2023-07-30 15:29:16+00:00,117,4.89982932761863,41.2429,-124.4265,,,,,,315,,2,0
nwfsc_pacific_hake_survey,D20230730T155301_IFCB117,2023-07-30 15:53:01+00:00,117,4.9063568250868,41.2676,-124.4287,,,,,,268,,2,0
nwfsc_pacific_hake_survey,D20230730T161646_IFCB117,2023-07-30 16:16:46+00:00,117,4.96563239655671,41.2868,-124.4293,,,,,,112,,2,0
nwfsc_pacific_hake_survey,D20230730T164033_IFCB117,2023-07-30 16:40:33+00:00,117,4.97899921332465,41.3041,-124.4321,,,,,,71,,2,0
nwfsc_pacific_hake_survey,D20230730T170418_IFCB117,2023-07-30 17:04:18+00:00,117,4.96528064416956,41.2905,-124.4634,,,,,,113,,2,0
nwfsc_pacific_hake_survey,D20230730T172804_IFCB117,2023-07-30 17:28:04+00:00,117,4.93587370695891,41.2784,-124.5534,,,,,,197,,2,0
nwfsc_pacific_hake_survey,D20230730T175150_IFCB117,2023-07-30 17:51:50+00:00,117,4.9640328052662,41.2786,-124.6473,,,,,,117,,2,0
nwfsc_pacific_hake_survey,D20230730T181536_IFCB117,2023-07-30 18:15:36+00:00,117,4.93683345088252,41.2791,-124.7456,,,,,,195,,2,0
nwfsc_pacific_hake_survey,D20230730T183923_IFCB117,2023-07-30 18:39:23+00:00,117,4.94736216905382,41.2791,-124.8427,,,,,,164,,2,0
nwfsc_pacific_hake_survey,D20230730T190309_IFCB117,2023-07-30 19:03:09+00:00,117,4.97629826750579,41.2802,-124.9373,,,,,,80,,2,0
nwfsc_pacific_hake_survey,D20230730T192655_IFCB117,2023-07-30 19:26:55+00:00,117,4.97785304542824,41.3383,-124.9629,,,,,,74,,2,0
nwfsc_pacific_hake_survey,D20230730T195041_IFCB117,2023-07-30 19:50:41+00:00,117,4.98218313259548,41.3993,-124.989,,,,,,63,,2,0
nwfsc_pacific_hake_survey,D20230730T201427_IFCB117,2023-07-30 20:14:27+00:00,117,4.97989636682581,41.4369,-125.0032,,,,,,67,,2,0
nwfsc_pacific_hake_survey,D20230730T203814_IFCB117,2023-07-30 20:38:14+00:00,117,4.98473422128183,41.4455,-124.9552,,,,,,54,,2,0
nwfsc_pacific_hake_survey,D20230730T210657_IFCB117,2023-07-30 21:06:57+00:00,117,4.97550491898148,41.4456,-124.8489,,,,,,85,,2,0
nwfsc_pacific_hake_survey,D20230730T213043_IFCB117,2023-07-30 21:30:43+00:00,117,4.9843558666088,41.4454,-124.758,,,,,,57,,2,0
nwfsc_pacific_hake_survey,D20230730T215429_IFCB117,2023-07-30 21:54:29+00:00,117,4.97475786675347,41.4455,-124.6704,,,,,,84,,2,0
nwfsc_pacific_hake_survey,D20230730T221816_IFCB117,2023-07-30 22:18:16+00:00,117,4.97197101960359,41.4456,-124.5821,,,,,,90,,2,0
nwfsc_pacific_hake_survey,D20230730T224202_IFCB117,2023-07-30 22:42:02+00:00,117,4.98647757523148,41.4454,-124.4925,,,,,,49,,2,0
nwfsc_pacific_hake_survey,D20230730T230548_IFCB117,2023-07-30 23:05:48+00:00,117,4.98433811668113,41.4456,-124.407,,,,,,58,,2,0
nwfsc_pacific_hake_survey,D20230730T232934_IFCB117,2023-07-30 23:29:34+00:00,117,4.97395156069155,41.446,-124.3217,,,,,,83,,2,0
nwfsc_pacific_hake_survey,D20230730T235320_IFCB117,2023-07-30 23:53:20+00:00,117,4.93078068033854,41.4457,-124.2318,,,,,,212,,2,0
nwfsc_pacific_hake_survey,D20230731T001707_IFCB117,2023-07-31 00:17:07+00:00,117,4.92683213975694,41.4584,-124.1755,,,,,,227,,2,0
nwfsc_pacific_hake_survey,D20230731T004053_IFCB117,2023-07-31 00:40:53+00:00,117,4.9059007884838,41.5128,-124.202,,,,,,283,,2,0
nwfsc_pacific_hake_survey,D20230731T010439_IFCB117,2023-07-31 01:04:39+00:00,117,4.90351971209491,41.5687,-124.2306,,,,,,283,,2,0
nwfsc_pacific_hake_survey,D20230731T014009_IFCB117,2023-07-31 01:40:09+00:00,117,4.92662515371817,41.6123,-124.3168,,,,,,226,,2,0
nwfsc_pacific_hake_survey,D20230731T020354_IFCB117,2023-07-31 02:03:54+00:00,117,4.83693051938657,41.6122,-124.4014,,,,,,495,,2,0
nwfsc_pacific_hake_survey,D20230731T022741_IFCB117,2023-07-31 02:27:41+00:00,117,4.91061638274016,41.6124,-124.4864,,,,,,270,,2,0
nwfsc_pacific_hake_survey,D20230731T025127_IFCB117,2023-07-31 02:51:27+00:00,117,4.9546157316985,41.6123,-124.5666,,,,,,143,,2,0
nwfsc_pacific_hake_survey,D20230731T031513_IFCB117,2023-07-31 03:15:13+00:00,117,4.95835373263889,41.6123,-124.6462,,,,,,132,,2,0
nwfsc_pacific_hake_survey,D20230731T033858_IFCB117,2023-07-31 03:38:58+00:00,117,4.96598713288484,41.6124,-124.722,,,,,,113,,2,0
nwfsc_pacific_hake_survey,D20230731T040244_IFCB117,2023-07-31 04:02:44+00:00,117,4.94710362413194,41.573,-124.7906,,,,,,165,,2,0
nwfsc_pacific_hake_survey,D20230731T042630_IFCB117,2023-07-31 04:26:30+00:00,117,4.96111867042824,41.531,-124.8619,,,,,,122,,2,0
nwfsc_pacific_hake_survey,D20230731T045017_IFCB117,2023-07-31 04:50:17+00:00,117,4.96807420066551,41.4878,-124.933,,,,,,103,,2,0
nwfsc_pacific_hake_survey,D20230731T051403_IFCB117,2023-07-31 05:14:03+00:00,117,4.97923143627025,41.4463,-124.9986,,,,,,71,,2,0
nwfsc_pacific_hake_survey,D20230731T053748_IFCB117,2023-07-31 05:37:48+00:00,117,4.96825869864005,41.4447,-125.0073,,,,,,104,,2,0
nwfsc_pacific_hake_survey,D20230731T060134_IFCB117,2023-07-31 06:01:34+00:00,117,4.97478744393808,41.445,-125.0129,,,,,,82,,2,0
nwfsc_pacific_hake_survey,D20230731T062520_IFCB117,2023-07-31 06:25:20+00:00,117,4.98091018337674,41.4451,-124.9453,,,,,,64,,2,0
nwfsc_pacific_hake_survey,D20230731T064906_IFCB117,2023-07-31 06:49:06+00:00,117,4.96190696433738,41.4456,-124.8598,,,,,,120,,2,0
nwfsc_pacific_hake_survey,D20230731T071252_IFCB117,2023-07-31 07:12:52+00:00,117,4.95626744249132,41.4444,-124.78,,,,,,137,,2,0
nwfsc_pacific_hake_survey,D20230731T073637_IFCB117,2023-07-31 07:36:37+00:00,117,4.95872834382234,41.4422,-124.7473,,,,,,131,,2,0
nwfsc_pacific_hake_survey,D20230731T080023_IFCB117,2023-07-31 08:00:23+00:00,117,4.96950180844907,41.4379,-124.7563,,,,,,98,,2,0
nwfsc_pacific_hake_survey,D20230731T082410_IFCB117,2023-07-31 08:24:10+00:00,117,4.97849147316262,41.4381,-124.7459,,,,,,75,,2,0
nwfsc_pacific_hake_survey,D20230731T084756_IFCB117,2023-07-31 08:47:56+00:00,117,4.94903718171296,41.4404,-124.6681,,,,,,160,,2,0
nwfsc_pacific_hake_survey,D20230731T091142_IFCB117,2023-07-31 09:11:42+00:00,117,4.95925444878472,41.4421,-124.5864,,,,,,128,,2,0
nwfsc_pacific_hake_survey,D20230731T093528_IFCB117,2023-07-31 09:35:28+00:00,117,4.94865823929398,41.4448,-124.5232,,,,,,158,,2,0
nwfsc_pacific_hake_survey,D20230731T095915_IFCB117,2023-07-31 09:59:15+00:00,117,4.96351258680556,41.4433,-124.5323,,,,,,119,,2,0
nwfsc_pacific_hake_survey,D20230731T102300_IFCB117,2023-07-31 10:23:00+00:00,117,4.96119859483507,41.4447,-124.5283,,,,,,122,,2,0
nwfsc_pacific_hake_survey,D20230731T104646_IFCB117,2023-07-31 10:46:46+00:00,117,4.93719054723669,41.446,-124.4542,,,,,,195,,2,0
nwfsc_pacific_hake_survey,D20230731T111032_IFCB117,2023-07-31 11:10:32+00:00,117,4.94422715928819,41.4451,-124.4636,,,,,,171,,2,0
nwfsc_pacific_hake_survey,D20230731T113417_IFCB117,2023-07-31 11:34:17+00:00,117,4.93415856481482,41.4448,-124.5061,,,,,,199,,2,0
nwfsc_pacific_hake_survey,D20230731T115804_IFCB117,2023-07-31 11:58:04+00:00,117,4.9625023509838,41.4436,-124.516,,,,,,123,,2,0
nwfsc_pacific_hake_survey,D20230731T122150_IFCB117,2023-07-31 12:21:50+00:00,117,4.94172240306713,41.475,-124.5509,,,,,,179,,2,0
nwfsc_pacific_hake_survey,D20230731T124536_IFCB117,2023-07-31 12:45:36+00:00,117,4.94650850875289,41.5229,-124.6071,,,,,,168,,2,0
nwfsc_pacific_hake_survey,D20230731T130922_IFCB117,2023-07-31 13:09:22+00:00,117,4.96612891529224,41.5693,-124.6642,,,,,,107,,2,0
nwfsc_pacific_hake_survey,D20230731T133309_IFCB117,2023-07-31 13:33:09+00:00,117,4.96407788085938,41.6116,-124.7246,,,,,,109,,2,0
nwfsc_pacific_hake_survey,D20230731T135655_IFCB117,2023-07-31 13:56:55+00:00,117,4.95886440248843,41.6119,-124.8037,,,,,,127,,2,0
nwfsc_pacific_hake_survey,D20230731T142041_IFCB117,2023-07-31 14:20:41+00:00,117,4.98078528284144,41.6118,-124.884,,,,,,65,,2,0
nwfsc_pacific_hake_survey,D20230731T144427_IFCB117,2023-07-31 14:44:27+00:00,117,4.97568012152778,41.6123,-124.9607,,,,,,81,,2,0
nwfsc_pacific_hake_survey,D20230731T150813_IFCB117,2023-07-31 15:08:13+00:00,117,4.97616858362268,41.6125,-125.0383,,,,,,79,,2,0
nwfsc_pacific_hake_survey,D20230731T153200_IFCB117,2023-07-31 15:32:00+00:00,117,4.98721750217014,41.6574,-125.0618,,,,,,50,,2,0
nwfsc_pacific_hake_survey,D20230731T155546_IFCB117,2023-07-31 15:55:46+00:00,117,4.95630136899595,41.7081,-125.0729,,,,,,134,,2,0
nwfsc_pacific_hake_survey,D20230731T161932_IFCB117,2023-07-31 16:19:32+00:00,117,4.95206346752026,41.7624,-125.0822,,,,,,146,,2,0
nwfsc_pacific_hake_survey,D20230731T164317_IFCB117,2023-07-31 16:43:17+00:00,117,4.97403042715567,41.7788,-125.0219,,,,,,84,,2,0
nwfsc_pacific_hake_survey,D20230731T170703_IFCB117,2023-07-31 17:07:03+00:00,117,4.96279368308738,41.7785,-124.9379,,,,,,119,,2,0
nwfsc_pacific_hake_survey,D20230731T173050_IFCB117,2023-07-31 17:30:50+00:00,117,4.91707147894965,41.7789,-124.8566,,,,,,256,,2,0
nwfsc_pacific_hake_survey,D20230731T175436_IFCB117,2023-07-31 17:54:36+00:00,117,4.96027275028935,41.7796,-124.7709,,,,,,124,,2,0
nwfsc_pacific_hake_survey,D20230731T181822_IFCB117,2023-07-31 18:18:22+00:00,117,4.96761150896991,41.7788,-124.6808,,,,,,103,,2,0
nwfsc_pacific_hake_survey,D20230731T184208_IFCB117,2023-07-31 18:42:08+00:00,117,4.97663938621238,41.779,-124.5884,,,,,,76,,2,0
nwfsc_pacific_hake_survey,D20230731T190555_IFCB117,2023-07-31 19:05:55+00:00,117,4.97155300564236,41.7791,-124.4978,,,,,,93,,2,0
nwfsc_pacific_hake_survey,D20230731T192940_IFCB117,2023-07-31 19:29:40+00:00,117,4.93387762225116,41.779,-124.4019,,,,,,207,,2,0
nwfsc_pacific_hake_survey,D20230731T195325_IFCB117,2023-07-31 19:53:25+00:00,117,4.69597265625,41.777,-124.331,,,,,,891,,2,0
nwfsc_pacific_hake_survey,D20230731T201712_IFCB117,2023-07-31 20:17:12+00:00,117,4.7188896484375,41.7925,-124.4125,,,,,,815,,2,0
nwfsc_pacific_hake_survey,D20230731T204557_IFCB117,2023-07-31 20:45:57+00:00,117,4.90463581452546,41.8625,-124.4202,,,,,,285,,2,0
nwfsc_pacific_hake_survey,D20230731T210943_IFCB117,2023-07-31 21:09:43+00:00,117,4.36991702835648,41.9133,-124.3671,,,,,,1845,,2,0
nwfsc_pacific_hake_survey,D20230731T213330_IFCB117,2023-07-31 21:33:30+00:00,117,4.41960980902778,41.9457,-124.3612,,,,,,1715,,2,0
nwfsc_pacific_hake_survey,D20230731T215718_IFCB117,2023-07-31 21:57:18+00:00,117,4.34195978009259,41.9458,-124.451,,,,,,1907,,2,0
nwfsc_pacific_hake_survey,D20230731T222107_IFCB117,2023-07-31 22:21:07+00:00,117,4.44772529658565,41.9457,-124.539,,,,,,1632,,2,0
nwfsc_pacific_hake_survey,D20230731T224455_IFCB117,2023-07-31 22:44:55+00:00,117,4.37303399884259,41.9457,-124.6217,,,,,,1823,,2,0
nwfsc_pacific_hake_survey,D20230731T230843_IFCB117,2023-07-31 23:08:43+00:00,117,4.70088445818866,41.9325,-124.6261,,,,,,880,,2,0
nwfsc_pacific_hake_survey,D20230731T233230_IFCB117,2023-07-31 23:32:30+00:00,117,4.20905121527778,41.906,-124.5739,,,,,,2278,,2,0
nwfsc_pacific_hake_survey,D20230731T235619_IFCB117,2023-07-31 23:56:19+00:00,117,4.14622829861111,41.9264,-124.5808,,,,,,2463,,2,0
nwfsc_pacific_hake_survey,D20230801T002008_IFCB117,2023-08-01 00:20:08+00:00,117,4.37910850694444,41.9484,-124.5888,,,,,,1805,,2,0
nwfsc_pacific_hake_survey,D20230801T004354_IFCB117,2023-08-01 00:43:54+00:00,117,4.43771925636574,41.9643,-124.5935,,,,,,1658,,2,0
nwfsc_pacific_hake_survey,D20230801T011925_IFCB117,2023-08-01 01:19:25+00:00,117,4.45885998987268,41.9557,-124.6264,,,,,,1574,,2,0
nwfsc_pacific_hake_survey,D20230801T014312_IFCB117,2023-08-01 01:43:12+00:00,117,4.54741847511574,41.9457,-124.7083,,,,,,1354,,2,0
nwfsc_pacific_hake_survey,D20230801T020659_IFCB117,2023-08-01 02:06:59+00:00,117,4.8351918041088,41.9456,-124.7913,,,,,,493,,2,0
nwfsc_pacific_hake_survey,D20230801T023045_IFCB117,2023-08-01 02:30:45+00:00,117,4.90493305121528,41.9459,-124.8782,,,,,,293,,2,0
nwfsc_pacific_hake_survey,D20230801T025431_IFCB117,2023-08-01 02:54:31+00:00,117,4.96202706344039,41.9455,-124.964,,,,,,134,,2,0
nwfsc_pacific_hake_survey,D20230801T031817_IFCB117,2023-08-01 03:18:17+00:00,117,4.97091072591146,41.9455,-125.0496,,,,,,98,,2,0
nwfsc_pacific_hake_survey,D20230801T034203_IFCB117,2023-08-01 03:42:03+00:00,117,4.98112803819444,41.9358,-125.1217,,,,,,66,,2,0
nwfsc_pacific_hake_survey,D20230801T040549_IFCB117,2023-08-01 04:05:49+00:00,117,4.98728757957176,41.8732,-125.1047,,,,,,47,,2,0
nwfsc_pacific_hake_survey,D20230801T042935_IFCB117,2023-08-01 04:29:35+00:00,117,4.99249068648727,41.8035,-125.0834,,,,,,33,,2,0
nwfsc_pacific_hake_survey,D20230801T045320_IFCB117,2023-08-01 04:53:20+00:00,117,4.97973050491898,41.7777,-125.08,,,,,,68,,2,0
nwfsc_pacific_hake_survey,D20230801T051706_IFCB117,2023-08-01 05:17:06+00:00,117,4.98454522931134,41.7764,-125.0897,,,,,,58,,2,0
nwfsc_pacific_hake_survey,D20230801T054052_IFCB117,2023-08-01 05:40:52+00:00,117,4.97715962275752,41.7816,-125.0683,,,,,,78,,2,0
nwfsc_pacific_hake_survey,D20230801T060437_IFCB117,2023-08-01 06:04:37+00:00,117,4.96466286892361,41.7798,-124.9863,,,,,,117,,2,0
nwfsc_pacific_hake_survey,D20230801T062822_IFCB117,2023-08-01 06:28:22+00:00,117,4.95742380099826,41.7793,-124.9001,,,,,,139,,2,0
nwfsc_pacific_hake_survey,D20230801T065207_IFCB117,2023-08-01 06:52:07+00:00,117,4.91082524956597,41.7781,-124.8123,,,,,,273,,2,0
nwfsc_pacific_hake_survey,D20230801T071553_IFCB117,2023-08-01 07:15:53+00:00,117,4.93543361183449,41.777,-124.7736,,,,,,200,,2,0
nwfsc_pacific_hake_survey,D20230801T073939_IFCB117,2023-08-01 07:39:39+00:00,117,4.94648188838252,41.7764,-124.7813,,,,,,180,,2,0
nwfsc_pacific_hake_survey,D20230801T080325_IFCB117,2023-08-01 08:03:25+00:00,117,4.94269005895544,41.7783,-124.7552,,,,,,178,,2,0
nwfsc_pacific_hake_survey,D20230801T082711_IFCB117,2023-08-01 08:27:11+00:00,117,4.81594581886574,41.7796,-124.6693,,,,,,559,,2,0
nwfsc_pacific_hake_survey,D20230801T085056_IFCB117,2023-08-01 08:50:56+00:00,117,4.95937599464699,41.779,-124.5869,,,,,,133,,2,0
nwfsc_pacific_hake_survey,D20230801T091441_IFCB117,2023-08-01 09:14:41+00:00,117,4.95661995442708,41.7796,-124.5487,,,,,,138,,2,0
nwfsc_pacific_hake_survey,D20230801T093827_IFCB117,2023-08-01 09:38:27+00:00,117,4.95330230034722,41.7795,-124.5528,,,,,,149,,2,0
nwfsc_pacific_hake_survey,D20230801T100214_IFCB117,2023-08-01 10:02:14+00:00,117,4.95602490234375,41.7808,-124.5068,,,,,,143,,2,0
nwfsc_pacific_hake_survey,D20230801T102600_IFCB117,2023-08-01 10:26:00+00:00,117,4.86835606553819,41.778,-124.4866,,,,,,399,,2,0
nwfsc_pacific_hake_survey,D20230801T104946_IFCB117,2023-08-01 10:49:46+00:00,117,4.85030597149884,41.7767,-124.4893,,,,,,450,,2,0
nwfsc_pacific_hake_survey,D20230801T111332_IFCB117,2023-08-01 11:13:32+00:00,117,4.84977094184028,41.7963,-124.485,,,,,,458,,2,0
nwfsc_pacific_hake_survey,D20230801T113718_IFCB117,2023-08-01 11:37:18+00:00,117,4.70202763310185,41.8553,-124.4627,,,,,,897,,2,0
nwfsc_pacific_hake_survey,D20230801T120105_IFCB117,2023-08-01 12:01:05+00:00,117,4.76003862847222,41.9194,-124.444,,,,,,711,,2,0
nwfsc_pacific_hake_survey,D20230801T122452_IFCB117,2023-08-01 12:24:52+00:00,117,4.57516847511574,41.9815,-124.4277,,,,,,1235,,2,0
nwfsc_pacific_hake_survey,D20230801T124839_IFCB117,2023-08-01 12:48:39+00:00,117,4.58695518663194,42.0439,-124.4093,,,,,,1192,,2,0
nwfsc_pacific_hake_survey,D20230801T131226_IFCB117,2023-08-01 13:12:26+00:00,117,4.61533268229167,42.106,-124.3873,,,,,,1130,,2,0
nwfsc_pacific_hake_survey,D20230801T133613_IFCB117,2023-08-01 13:36:13+00:00,117,4.89173069480613,42.1126,-124.4555,,,,,,318,,2,0
nwfsc_pacific_hake_survey,D20230802T142150_IFCB117,2023-08-02 14:21:50+00:00,117,4.97737507233796,42.4449,-124.7859,,,,,,27,,2,0
nwfsc_pacific_hake_survey,D20230802T144536_IFCB117,2023-08-02 14:45:36+00:00,117,4.98030050998264,42.4459,-124.8817,,,,,,27,,2,0
nwfsc_pacific_hake_survey,D20230802T150922_IFCB117,2023-08-02 15:09:22+00:00,117,4.99498668077257,42.4835,-124.9447,,,,,,9,,2,0
nwfsc_pacific_hake_survey,D20230802T153308_IFCB117,2023-08-02 15:33:08+00:00,117,4.99726871744792,42.5256,-124.9914,,,,,,2,,2,0
nwfsc_pacific_hake_survey,D20230802T181929_IFCB117,2023-08-02 18:19:29+00:00,117,4.99933507848669,42.6123,-124.7208,,,,,,8,,2,0
nwfsc_pacific_hake_survey,D20230802T184314_IFCB117,2023-08-02 18:43:14+00:00,117,4.94890571650752,42.6157,-124.6653,,,,,,163,,2,0
nwfsc_pacific_hake_survey,D20230802T190700_IFCB117,2023-08-02 19:07:00+00:00,117,4.96014730721933,42.5845,-124.7059,,,,,,132,,2,0
nwfsc_pacific_hake_survey,D20230802T193047_IFCB117,2023-08-02 19:30:47+00:00,117,4.95338986545139,42.6022,-124.7125,,,,,,148,,2,0
nwfsc_pacific_hake_survey,D20230802T195930_IFCB117,2023-08-02 19:59:30+00:00,117,4.94494264503762,42.6241,-124.7174,,,,,,178,,2,0
nwfsc_pacific_hake_survey,D20230802T202315_IFCB117,2023-08-02 20:23:15+00:00,117,4.97136993634259,42.6208,-124.7029,,,,,,97,,2,0
nwfsc_pacific_hake_survey,D20230802T204700_IFCB117,2023-08-02 20:47:00+00:00,117,4.97041788736979,42.5807,-124.7112,,,,,,98,,2,0
nwfsc_pacific_hake_survey,D20230802T211045_IFCB117,2023-08-02 21:10:45+00:00,117,4.93692522967303,42.5874,-124.717,,,,,,204,,2,0
nwfsc_pacific_hake_survey,D20230802T213430_IFCB117,2023-08-02 21:34:30+00:00,117,4.94164495623553,42.61,-124.7232,,,,,,186,,2,0
nwfsc_pacific_hake_survey,D20230802T215817_IFCB117,2023-08-02 21:58:17+00:00,117,4.95253045428241,42.6235,-124.7258,,,,,,157,,2,0
nwfsc_pacific_hake_survey,D20230802T222203_IFCB117,2023-08-02 22:22:03+00:00,117,4.94012565104167,42.6123,-124.705,,,,,,189,,2,0
nwfsc_pacific_hake_survey,D20230802T224549_IFCB117,2023-08-02 22:45:49+00:00,117,4.9560873119213,42.6122,-124.6172,,,,,,140,,2,0
nwfsc_pacific_hake_survey,D20230802T230935_IFCB117,2023-08-02 23:09:35+00:00,117,4.95878511103877,42.6097,-124.5253,,,,,,130,,2,0
nwfsc_pacific_hake_survey,D20230802T233320_IFCB117,2023-08-02 23:33:20+00:00,117,4.86800356264468,42.6138,-124.449,,,,,,393,,2,0
nwfsc_pacific_hake_survey,D20230802T235706_IFCB117,2023-08-02 23:57:06+00:00,117,4.81011895978009,42.6508,-124.52,,,,,,574,,2,0
nwfsc_pacific_hake_survey,D20230803T003236_IFCB117,2023-08-03 00:32:36+00:00,117,4.69686407696759,42.7094,-124.6263,,,,,,912,,2,0
nwfsc_pacific_hake_survey,D20230803T005622_IFCB117,2023-08-03 00:56:22+00:00,117,4.65521502459491,42.7626,-124.6602,,,,,,1029,,2,0
nwfsc_pacific_hake_survey,D20230803T012007_IFCB117,2023-08-03 01:20:07+00:00,117,4.78087747757523,42.779,-124.7317,,,,,,677,,2,0
nwfsc_pacific_hake_survey,D20230803T014353_IFCB117,2023-08-03 01:43:53+00:00,117,4.90162566912616,42.7791,-124.8216,,,,,,308,,2,0
nwfsc_pacific_hake_survey,D20230803T020738_IFCB117,2023-08-03 02:07:38+00:00,117,4.94885554108796,42.7793,-124.9103,,,,,,164,,2,0
nwfsc_pacific_hake_survey,D20230803T023124_IFCB117,2023-08-03 02:31:24+00:00,117,4.96549732349537,42.7791,-124.9954,,,,,,115,,2,0
nwfsc_pacific_hake_survey,D20230803T025510_IFCB117,2023-08-03 02:55:10+00:00,117,4.98432650643808,42.78,-125.0765,,,,,,61,,2,0
nwfsc_pacific_hake_survey,D20230803T031856_IFCB117,2023-08-03 03:18:56+00:00,117,4.99067787905093,42.7243,-125.0538,,,,,,40,,2,0
nwfsc_pacific_hake_survey,D20230803T034241_IFCB117,2023-08-03 03:42:41+00:00,117,4.99197127278646,42.653,-125.0191,,,,,,34,,2,0
nwfsc_pacific_hake_survey,D20230803T040626_IFCB117,2023-08-03 04:06:26+00:00,117,4.99197819010417,42.5819,-124.9807,,,,,,35,,2,0
nwfsc_pacific_hake_survey,D20230803T043011_IFCB117,2023-08-03 04:30:11+00:00,117,4.99449830005787,42.511,-124.9422,,,,,,27,,2,0
nwfsc_pacific_hake_survey,D20230803T045357_IFCB117,2023-08-03 04:53:57+00:00,117,4.99044749168113,42.4626,-124.921,,,,,,38,,2,0
nwfsc_pacific_hake_survey,D20230803T051744_IFCB117,2023-08-03 05:17:44+00:00,117,4.99600110315393,42.4463,-124.9129,,,,,,22,,2,0
nwfsc_pacific_hake_survey,D20230803T054130_IFCB117,2023-08-03 05:41:30+00:00,117,4.99409225802951,42.4416,-124.9224,,,,,,27,,2,0
nwfsc_pacific_hake_survey,D20230803T060516_IFCB117,2023-08-03 06:05:16+00:00,117,4.99562583188657,42.4395,-124.9059,,,,,,23,,2,0
nwfsc_pacific_hake_survey,D20230803T062901_IFCB117,2023-08-03 06:29:01+00:00,117,4.99471572989005,42.4439,-124.8269,,,,,,27,,2,0
nwfsc_pacific_hake_survey,D20230803T065247_IFCB117,2023-08-03 06:52:47+00:00,117,4.99228228081597,42.4404,-124.8313,,,,,,33,,2,0
nwfsc_pacific_hake_survey,D20230803T071633_IFCB117,2023-08-03 07:16:33+00:00,117,4.99709607385706,42.4385,-124.8417,,,,,,20,,2,0
nwfsc_pacific_hake_survey,D20230803T074020_IFCB117,2023-08-03 07:40:20+00:00,117,4.99230477792245,42.4447,-124.7811,,,,,,33,,2,0
nwfsc_pacific_hake_survey,D20230803T080405_IFCB117,2023-08-03 08:04:05+00:00,117,4.98520654296875,42.4448,-124.739,,,,,,55,,2,0
nwfsc_pacific_hake_survey,D20230803T082751_IFCB117,2023-08-03 08:27:51+00:00,117,4.96879181134259,42.4452,-124.7771,,,,,,100,,2,0
nwfsc_pacific_hake_survey,D20230803T085136_IFCB117,2023-08-03 08:51:36+00:00,117,4.96238557942708,42.4445,-124.7874,,,,,,119,,2,0
nwfsc_pacific_hake_survey,D20230803T091522_IFCB117,2023-08-03 09:15:22+00:00,117,4.96360599320023,42.4903,-124.7794,,,,,,124,,2,0
nwfsc_pacific_hake_survey,D20230803T093909_IFCB117,2023-08-03 09:39:09+00:00,117,4.96672880497685,42.5479,-124.7621,,,,,,110,,2,0
nwfsc_pacific_hake_survey,D20230803T100255_IFCB117,2023-08-03 10:02:55+00:00,117,4.98247088396991,42.606,-124.7474,,,,,,63,,2,0
nwfsc_pacific_hake_survey,D20230803T102640_IFCB117,2023-08-03 10:26:40+00:00,117,4.98530910011574,42.6672,-124.7313,,,,,,55,,2,0
nwfsc_pacific_hake_survey,D20230803T105025_IFCB117,2023-08-03 10:50:25+00:00,117,4.98559895833333,42.7282,-124.7174,,,,,,56,,2,0
nwfsc_pacific_hake_survey,D20230803T111410_IFCB117,2023-08-03 11:14:10+00:00,117,4.98234386754919,42.7795,-124.707,,,,,,62,,2,0
nwfsc_pacific_hake_survey,D20230803T113756_IFCB117,2023-08-03 11:37:56+00:00,117,4.98775755931713,42.7773,-124.7145,,,,,,47,,2,0
nwfsc_pacific_hake_survey,D20230803T120143_IFCB117,2023-08-03 12:01:43+00:00,117,4.97563331886574,42.7791,-124.7465,,,,,,81,,2,0
nwfsc_pacific_hake_survey,D20230803T122529_IFCB117,2023-08-03 12:25:29+00:00,117,4.97669664171007,42.7784,-124.7705,,,,,,80,,2,0
nwfsc_pacific_hake_survey,D20230803T124914_IFCB117,2023-08-03 12:49:14+00:00,117,4.98262602177373,42.779,-124.8565,,,,,,63,,2,0
nwfsc_pacific_hake_survey,D20230803T131300_IFCB117,2023-08-03 13:13:00+00:00,117,4.98748136393229,42.7788,-124.893,,,,,,48,,2,0
nwfsc_pacific_hake_survey,D20230803T133645_IFCB117,2023-08-03 13:36:45+00:00,117,4.99298054108796,42.7776,-124.9013,,,,,,31,,2,0
nwfsc_pacific_hake_survey,D20230803T140032_IFCB117,2023-08-03 14:00:32+00:00,117,4.98277813946759,42.7787,-124.9853,,,,,,61,,2,0
nwfsc_pacific_hake_survey,D20230803T142417_IFCB117,2023-08-03 14:24:17+00:00,117,4.9849880823206,42.7798,-125.0656,,,,,,54,,2,0
nwfsc_pacific_hake_survey,D20230803T144803_IFCB117,2023-08-03 14:48:03+00:00,117,4.99335055881076,42.7788,-125.0647,,,,,,30,,2,0
nwfsc_pacific_hake_survey,D20230803T151148_IFCB117,2023-08-03 15:11:48+00:00,117,4.99003557219329,42.7902,-125.066,,,,,,41,,2,0
nwfsc_pacific_hake_survey,D20230803T153534_IFCB117,2023-08-03 15:35:34+00:00,117,4.99068753616898,42.8323,-125.0683,,,,,,38,,2,0
nwfsc_pacific_hake_survey,D20230803T155919_IFCB117,2023-08-03 15:59:19+00:00,117,4.99098258463542,42.8944,-125.07,,,,,,38,,2,0
nwfsc_pacific_hake_survey,D20230803T162306_IFCB117,2023-08-03 16:23:06+00:00,117,4.99276580584491,42.9455,-125.0545,,,,,,31,,2,0
nwfsc_pacific_hake_survey,D20230803T164652_IFCB117,2023-08-03 16:46:52+00:00,117,4.99121185076678,42.9459,-124.9659,,,,,,38,,2,0
nwfsc_pacific_hake_survey,D20230803T171038_IFCB117,2023-08-03 17:10:38+00:00,117,4.98482385706019,42.9349,-124.8984,,,,,,55,,2,0
nwfsc_pacific_hake_survey,D20230803T173424_IFCB117,2023-08-03 17:34:24+00:00,117,4.98040879087095,42.905,-124.9304,,,,,,70,,2,0
nwfsc_pacific_hake_survey,D20230803T175810_IFCB117,2023-08-03 17:58:10+00:00,117,4.97987804723669,42.9476,-124.9362,,,,,,70,,2,0
nwfsc_pacific_hake_survey,D20230803T182157_IFCB117,2023-08-03 18:21:57+00:00,117,4.98537536168982,42.9039,-124.9379,,,,,,54,,2,0
nwfsc_pacific_hake_survey,D20230803T184543_IFCB117,2023-08-03 18:45:43+00:00,117,4.98672695131655,42.9175,-124.9369,,,,,,52,,2,0
nwfsc_pacific_hake_survey,D20230803T190928_IFCB117,2023-08-03 19:09:28+00:00,117,4.99022195999711,42.9439,-124.9368,,,,,,42,,2,0
nwfsc_pacific_hake_survey,D20230803T193811_IFCB117,2023-08-03 19:38:11+00:00,117,4.97845018627025,42.9683,-124.9396,,,,,,72,,2,0
nwfsc_pacific_hake_survey,D20230803T200157_IFCB117,2023-08-03 20:01:57+00:00,117,4.98383771882234,42.9813,-124.9418,,,,,,57,,2,0
nwfsc_pacific_hake_survey,D20230803T202544_IFCB117,2023-08-03 20:25:44+00:00,117,4.98532992440683,42.9844,-124.9458,,,,,,58,,2,0
nwfsc_pacific_hake_survey,D20230803T204930_IFCB117,2023-08-03 20:49:30+00:00,117,4.98837216073495,42.9435,-124.8853,,,,,,44,,2,0
nwfsc_pacific_hake_survey,D20230803T211316_IFCB117,2023-08-03 21:13:16+00:00,117,4.98424291992187,42.9448,-124.7917,,,,,,56,,2,0
nwfsc_pacific_hake_survey,D20230803T213701_IFCB117,2023-08-03 21:37:01+00:00,117,4.95295383933738,42.946,-124.6992,,,,,,152,,2,0
nwfsc_pacific_hake_survey,D20230803T220047_IFCB117,2023-08-03 22:00:47+00:00,117,4.89830885597512,42.9458,-124.6114,,,,,,307,,2,0
nwfsc_pacific_hake_survey,D20230803T222433_IFCB117,2023-08-03 22:24:33+00:00,117,4.69789713541667,42.9534,-124.532,,,,,,916,,2,0
nwfsc_pacific_hake_survey,D20230803T224819_IFCB117,2023-08-03 22:48:19+00:00,117,4.64590122251157,43.0195,-124.5201,,,,,,1081,,2,0
nwfsc_pacific_hake_survey,D20230803T231205_IFCB117,2023-08-03 23:12:05+00:00,117,4.08382761863426,43.0853,-124.5058,,,,,,179,,2,0
nwfsc_pacific_hake_survey,D20230803T233320_IFCB117,2023-08-03 23:33:20+00:00,117,4.96279748987268,43.1131,-124.5417,,,,,,120,,2,0
nwfsc_pacific_hake_survey,D20230804T000850_IFCB117,2023-08-04 00:08:50+00:00,117,4.85718833188657,43.1124,-124.6862,,,,,,430,,2,0
nwfsc_pacific_hake_survey,D20230804T003236_IFCB117,2023-08-04 00:32:36+00:00,117,4.93542228190104,43.1125,-124.7781,,,,,,203,,2,0
nwfsc_pacific_hake_survey,D20230804T005622_IFCB117,2023-08-04 00:56:22+00:00,117,4.9748075177228,43.1132,-124.8635,,,,,,86,,2,0
nwfsc_pacific_hake_survey,D20230804T012008_IFCB117,2023-08-04 01:20:08+00:00,117,4.98643871166088,43.1125,-124.9634,,,,,,51,,2,0
nwfsc_pacific_hake_survey,D20230804T014354_IFCB117,2023-08-04 01:43:54+00:00,117,4.99211338975694,43.1124,-125.0582,,,,,,35,,2,0
nwfsc_pacific_hake_survey,D20230804T020741_IFCB117,2023-08-04 02:07:41+00:00,117,4.99706051070602,43.1122,-125.1455,,,,,,20,,2,0
nwfsc_pacific_hake_survey,D20230804T023127_IFCB117,2023-08-04 02:31:27+00:00,117,4.99623350694444,43.1141,-125.1096,,,,,,21,,2,0
nwfsc_pacific_hake_survey,D20230804T025513_IFCB117,2023-08-04 02:55:13+00:00,117,4.99902772352431,43.1078,-125.0521,,,,,,13,,2,0
nwfsc_pacific_hake_survey,D20230804T031858_IFCB117,2023-08-04 03:18:58+00:00,117,4.99682967122396,43.1048,-124.998,,,,,,20,,2,0
nwfsc_pacific_hake_survey,D20230804T034243_IFCB117,2023-08-04 03:42:43+00:00,117,4.99604849356192,43.11,-124.9997,,,,,,22,,2,0
nwfsc_pacific_hake_survey,D20230804T040630_IFCB117,2023-08-04 04:06:30+00:00,117,4.99873514359086,43.1114,-125.0463,,,,,,15,,2,0
nwfsc_pacific_hake_survey,D20230804T043015_IFCB117,2023-08-04 04:30:15+00:00,117,4.99887181712963,43.113,-125.0724,,,,,,14,,2,0
nwfsc_pacific_hake_survey,D20230804T045401_IFCB117,2023-08-04 04:54:01+00:00,117,4.99571207682292,43.1111,-125.0818,,,,,,24,,2,0
nwfsc_pacific_hake_survey,D20230804T051746_IFCB117,2023-08-04 05:17:46+00:00,117,4.99862688078704,43.1121,-125.0526,,,,,,14,,2,0
nwfsc_pacific_hake_survey,D20230804T054131_IFCB117,2023-08-04 05:41:31+00:00,117,4.99752017324942,43.1125,-125.0107,,,,,,19,,2,0
nwfsc_pacific_hake_survey,D20230804T060517_IFCB117,2023-08-04 06:05:17+00:00,117,4.99732928240741,43.1113,-125.0203,,,,,,18,,2,0
nwfsc_pacific_hake_survey,D20230804T062904_IFCB117,2023-08-04 06:29:04+00:00,117,4.99816368272569,43.1109,-124.9734,,,,,,16,,2,0
nwfsc_pacific_hake_survey,D20230804T065250_IFCB117,2023-08-04 06:52:50+00:00,117,4.99835354275174,43.1115,-124.8952,,,,,,15,,2,0
nwfsc_pacific_hake_survey,D20230804T071636_IFCB117,2023-08-04 07:16:36+00:00,117,4.98999136465567,43.1106,-124.9015,,,,,,42,,2,0
nwfsc_pacific_hake_survey,D20230804T074021_IFCB117,2023-08-04 07:40:21+00:00,117,4.98697079354745,43.1125,-124.8972,,,,,,50,,2,0
nwfsc_pacific_hake_survey,D20230804T080407_IFCB117,2023-08-04 08:04:07+00:00,117,4.99015719943576,43.1124,-124.8189,,,,,,38,,2,0
nwfsc_pacific_hake_survey,D20230804T082754_IFCB117,2023-08-04 08:27:54+00:00,117,4.99268865740741,43.1154,-124.7341,,,,,,30,,2,0
nwfsc_pacific_hake_survey,D20230804T085140_IFCB117,2023-08-04 08:51:40+00:00,117,4.97384008789063,43.1214,-124.6448,,,,,,86,,2,0
nwfsc_pacific_hake_survey,D20230804T091526_IFCB117,2023-08-04 09:15:26+00:00,117,4.85514524558738,43.1154,-124.5587,,,,,,447,,2,0
nwfsc_pacific_hake_survey,D20230804T093912_IFCB117,2023-08-04 09:39:12+00:00,117,4.92804978660301,43.1137,-124.5007,,,,,,224,,2,0
nwfsc_pacific_hake_survey,D20230804T100257_IFCB117,2023-08-04 10:02:57+00:00,117,4.96696933774595,43.1139,-124.5095,,,,,,108,,2,0
nwfsc_pacific_hake_survey,D20230804T102643_IFCB117,2023-08-04 10:26:43+00:00,117,4.95768740957755,43.114,-124.6008,,,,,,135,,2,0
nwfsc_pacific_hake_survey,D20230804T105029_IFCB117,2023-08-04 10:50:29+00:00,117,4.84787141927083,43.1137,-124.6766,,,,,,459,,2,0
nwfsc_pacific_hake_survey,D20230804T111414_IFCB117,2023-08-04 11:14:14+00:00,117,4.9169862286603,43.1129,-124.6791,,,,,,259,,2,0
nwfsc_pacific_hake_survey,D20230804T113759_IFCB117,2023-08-04 11:37:59+00:00,117,4.89820892107928,43.1514,-124.626,,,,,,324,,2,0
nwfsc_pacific_hake_survey,D20230804T120145_IFCB117,2023-08-04 12:01:45+00:00,117,4.88702791341146,43.1916,-124.5701,,,,,,344,,2,0
nwfsc_pacific_hake_survey,D20230804T122531_IFCB117,2023-08-04 12:25:31+00:00,117,4.84487648292824,43.2309,-124.5162,,,,,,466,,2,0
nwfsc_pacific_hake_survey,D20230804T124917_IFCB117,2023-08-04 12:49:17+00:00,117,4.87906222873264,43.2691,-124.462,,,,,,367,,2,0
nwfsc_pacific_hake_survey,D20230804T131303_IFCB117,2023-08-04 13:13:03+00:00,117,4.76397936559607,43.276,-124.4463,,,,,,723,,2,0
nwfsc_pacific_hake_survey,D20230804T133649_IFCB117,2023-08-04 13:36:49+00:00,117,4.70636648220486,43.2783,-124.5303,,,,,,880,,2,0
nwfsc_pacific_hake_survey,D20230804T140035_IFCB117,2023-08-04 14:00:35+00:00,117,4.90059685149016,43.2781,-124.6247,,,,,,300,,2,0
nwfsc_pacific_hake_survey,D20230804T142420_IFCB117,2023-08-04 14:24:20+00:00,117,4.95607125289352,43.2792,-124.7195,,,,,,137,,2,0
nwfsc_pacific_hake_survey,D20230804T144806_IFCB117,2023-08-04 14:48:06+00:00,117,4.97497065791377,43.2788,-124.8116,,,,,,86,,2,0
nwfsc_pacific_hake_survey,D20230804T151153_IFCB117,2023-08-04 15:11:53+00:00,117,4.98931938114873,43.2603,-124.8105,,,,,,43,,2,0
nwfsc_pacific_hake_survey,D20230804T153538_IFCB117,2023-08-04 15:35:38+00:00,117,4.99118436234086,43.2323,-124.7763,,,,,,37,,2,0
nwfsc_pacific_hake_survey,D20230804T155924_IFCB117,2023-08-04 15:59:24+00:00,117,4.98943229166667,43.2518,-124.7767,,,,,,43,,2,0
nwfsc_pacific_hake_survey,D20230804T162310_IFCB117,2023-08-04 16:23:10+00:00,117,4.98914002821181,43.2695,-124.7775,,,,,,45,,2,0
nwfsc_pacific_hake_survey,D20230804T164655_IFCB117,2023-08-04 16:46:55+00:00,117,4.98999549696181,43.2786,-124.7828,,,,,,42,,2,0
nwfsc_pacific_hake_survey,D20230804T171041_IFCB117,2023-08-04 17:10:41+00:00,117,4.98886615668403,43.2792,-124.8342,,,,,,46,,2,0
nwfsc_pacific_hake_survey,D20230804T173427_IFCB117,2023-08-04 17:34:27+00:00,117,4.99289529079861,43.2792,-124.9326,,,,,,32,,2,0
nwfsc_pacific_hake_survey,D20230804T175813_IFCB117,2023-08-04 17:58:13+00:00,117,4.99721056676794,43.279,-125.0294,,,,,,20,,2,0
nwfsc_pacific_hake_survey,D20230804T182159_IFCB117,2023-08-04 18:21:59+00:00,117,0.494331344039352,43.2791,-125.1209,,,,,,2,,2,0
nwfsc_pacific_hake_survey,D20230804T182912_IFCB117,2023-08-04 18:29:12+00:00,117,4.99648558666088,43.2793,-125.1528,,,,,,21,,2,0
nwfsc_pacific_hake_survey,D20230804T185755_IFCB117,2023-08-04 18:57:55+00:00,117,4.99637137405961,43.3339,-125.1547,,,,,,22,,2,0
nwfsc_pacific_hake_survey,D20230804T192141_IFCB117,2023-08-04 19:21:41+00:00,117,4.99832307942708,43.376,-125.1437,,,,,,16,,2,0
nwfsc_pacific_hake_survey,D20230804T194526_IFCB117,2023-08-04 19:45:26+00:00,117,5.00023469147859,43.4247,-125.1379,,,,,,10,,2,0
nwfsc_pacific_hake_survey,D20230804T200913_IFCB117,2023-08-04 20:09:13+00:00,117,4.99495196759259,43.4457,-125.0734,,,,,,25,,2,0
nwfsc_pacific_hake_survey,D20230804T203258_IFCB117,2023-08-04 20:32:58+00:00,117,5.00014743381076,43.4462,-124.9857,,,,,,11,,2,0
nwfsc_pacific_hake_survey,D20230804T205644_IFCB117,2023-08-04 20:56:44+00:00,117,4.99702379014757,43.4457,-124.8891,,,,,,19,,2,0
nwfsc_pacific_hake_survey,D20230804T212030_IFCB117,2023-08-04 21:20:30+00:00,117,4.99992611581308,43.4461,-124.8004,,,,,,12,,2,0
nwfsc_pacific_hake_survey,D20230804T214416_IFCB117,2023-08-04 21:44:16+00:00,117,4.99947552264178,43.4175,-124.8566,,,,,,13,,2,0
nwfsc_pacific_hake_survey,D20230804T220803_IFCB117,2023-08-04 22:08:03+00:00,117,4.99980535662616,43.4126,-124.8684,,,,,,12,,2,0
nwfsc_pacific_hake_survey,D20230804T223149_IFCB117,2023-08-04 22:31:49+00:00,117,5.00025930447049,43.432,-124.8682,,,,,,12,,2,0
nwfsc_pacific_hake_survey,D20230804T225534_IFCB117,2023-08-04 22:55:34+00:00,117,4.99985953776042,43.453,-124.8671,,,,,,12,,2,0
nwfsc_pacific_hake_survey,D20230804T233103_IFCB117,2023-08-04 23:31:03+00:00,117,4.99521150716146,43.4735,-124.8694,,,,,,24,,2,0
nwfsc_pacific_hake_survey,D20230804T235449_IFCB117,2023-08-04 23:54:49+00:00,117,4.99962226019965,43.4721,-124.8565,,,,,,13,,2,0
nwfsc_pacific_hake_survey,D20230805T001834_IFCB117,2023-08-05 00:18:34+00:00,117,4.9969719780816,43.4448,-124.777,,,,,,19,,2,0
nwfsc_pacific_hake_survey,D20230805T004219_IFCB117,2023-08-05 00:42:19+00:00,117,4.99359280056424,43.4458,-124.6895,,,,,,29,,2,0
nwfsc_pacific_hake_survey,D20230805T010606_IFCB117,2023-08-05 01:06:06+00:00,117,4.98355598054109,43.4456,-124.5989,,,,,,61,,2,0
nwfsc_pacific_hake_survey,D20230805T012952_IFCB117,2023-08-05 01:29:52+00:00,117,4.9464029224537,43.4456,-124.5128,,,,,,172,,2,0
nwfsc_pacific_hake_survey,D20230805T015337_IFCB117,2023-08-05 01:53:37+00:00,117,4.92441294126157,43.4456,-124.4253,,,,,,237,,2,0
nwfsc_pacific_hake_survey,D20230805T021722_IFCB117,2023-08-05 02:17:22+00:00,117,4.62060091145833,43.4456,-124.3431,,,,,,1139,,2,0
nwfsc_pacific_hake_survey,D20230805T024108_IFCB117,2023-08-05 02:41:08+00:00,117,4.47273741319444,43.4456,-124.4064,,,,,,1574,,2,0
nwfsc_pacific_hake_survey,D20230805T030455_IFCB117,2023-08-05 03:04:55+00:00,117,4.79938208912037,43.4448,-124.4761,,,,,,611,,2,0
nwfsc_pacific_hake_survey,D20230805T032840_IFCB117,2023-08-05 03:28:40+00:00,117,4.91029726381655,43.4436,-124.5477,,,,,,283,,2,0
nwfsc_pacific_hake_survey,D20230805T035227_IFCB117,2023-08-05 03:52:27+00:00,117,4.93509403030961,43.4473,-124.5762,,,,,,208,,2,0
nwfsc_pacific_hake_survey,D20230805T041612_IFCB117,2023-08-05 04:16:12+00:00,117,4.93398698820891,43.4456,-124.5812,,,,,,205,,2,0
nwfsc_pacific_hake_survey,D20230805T043957_IFCB117,2023-08-05 04:39:57+00:00,117,4.93858810763889,43.4453,-124.5867,,,,,,193,,2,0
nwfsc_pacific_hake_survey,D20230805T050343_IFCB117,2023-08-05 05:03:43+00:00,117,4.96384160698785,43.4484,-124.6322,,,,,,123,,2,0
nwfsc_pacific_hake_survey,D20230805T052729_IFCB117,2023-08-05 05:27:29+00:00,117,4.9834653410735,43.4472,-124.6675,,,,,,59,,2,0
nwfsc_pacific_hake_survey,D20230805T055116_IFCB117,2023-08-05 05:51:16+00:00,117,4.98289351851852,43.448,-124.6848,,,,,,61,,2,0
nwfsc_pacific_hake_survey,D20230805T061501_IFCB117,2023-08-05 06:15:01+00:00,117,4.99450617585359,43.4449,-124.7288,,,,,,26,,2,0
nwfsc_pacific_hake_survey,D20230805T063847_IFCB117,2023-08-05 06:38:47+00:00,117,4.99705888310185,43.445,-124.7357,,,,,,21,,2,0
nwfsc_pacific_hake_survey,D20230805T070232_IFCB117,2023-08-05 07:02:32+00:00,117,4.99236561414931,43.4465,-124.7442,,,,,,33,,2,0
nwfsc_pacific_hake_survey,D20230805T072618_IFCB117,2023-08-05 07:26:18+00:00,117,4.99650486472801,43.4464,-124.8144,,,,,,21,,2,0
nwfsc_pacific_hake_survey,D20230805T075005_IFCB117,2023-08-05 07:50:05+00:00,117,4.99823879665799,43.4465,-124.9107,,,,,,18,,2,0
nwfsc_pacific_hake_survey,D20230805T081351_IFCB117,2023-08-05 08:13:51+00:00,117,4.99694588216146,43.4461,-124.9653,,,,,,19,,2,0
nwfsc_pacific_hake_survey,D20230805T083737_IFCB117,2023-08-05 08:37:37+00:00,117,4.99834651692708,43.4485,-124.9685,,,,,,15,,2,0
nwfsc_pacific_hake_survey,D20230805T090122_IFCB117,2023-08-05 09:01:22+00:00,117,4.99736401367187,43.4536,-124.9724,,,,,,19,,2,0
nwfsc_pacific_hake_survey,D20230805T092507_IFCB117,2023-08-05 09:25:07+00:00,117,4.9977683557581,43.4481,-125.0569,,,,,,17,,2,0
nwfsc_pacific_hake_survey,D20230805T094853_IFCB117,2023-08-05 09:48:53+00:00,117,4.99578019205729,43.4462,-125.1312,,,,,,24,,2,0
nwfsc_pacific_hake_survey,D20230805T101239_IFCB117,2023-08-05 10:12:39+00:00,117,4.99823426649306,43.4461,-125.1349,,,,,,17,,2,0
nwfsc_pacific_hake_survey,D20230805T103625_IFCB117,2023-08-05 10:36:25+00:00,117,4.99878199146412,43.4592,-125.1349,,,,,,14,,2,0
nwfsc_pacific_hake_survey,D20230805T110011_IFCB117,2023-08-05 11:00:11+00:00,117,4.99578147605613,43.5112,-125.0879,,,,,,24,,2,0
nwfsc_pacific_hake_survey,D20230805T112357_IFCB117,2023-08-05 11:23:57+00:00,117,4.99213166413484,43.563,-125.0423,,,,,,34,,2,0
nwfsc_pacific_hake_survey,D20230805T114743_IFCB117,2023-08-05 11:47:43+00:00,117,4.99116248010706,43.6271,-124.9959,,,,,,36,,2,0
nwfsc_pacific_hake_survey,D20230805T121129_IFCB117,2023-08-05 12:11:29+00:00,117,4.99623971896701,43.6938,-124.9482,,,,,,22,,2,0
nwfsc_pacific_hake_survey,D20230805T123515_IFCB117,2023-08-05 12:35:15+00:00,117,4.99563633897569,43.7624,-124.8972,,,,,,24,,2,0
nwfsc_pacific_hake_survey,D20230805T125901_IFCB117,2023-08-05 12:59:01+00:00,117,4.99264852792245,43.8291,-124.8475,,,,,,32,,2,0
nwfsc_pacific_hake_survey,D20230805T132246_IFCB117,2023-08-05 13:22:46+00:00,117,4.99623445638021,43.8851,-124.8049,,,,,,21,,2,0
nwfsc_pacific_hake_survey,D20230805T134632_IFCB117,2023-08-05 13:46:32+00:00,117,4.99145877640336,43.9416,-124.7591,,,,,,35,,2,0
nwfsc_pacific_hake_survey,D20230805T141018_IFCB117,2023-08-05 14:10:18+00:00,117,4.99339283130787,44.0031,-124.7155,,,,,,33,,2,0
nwfsc_pacific_hake_survey,D20230805T143404_IFCB117,2023-08-05 14:34:04+00:00,117,4.86837339952257,44.0589,-124.6729,,,,,,396,,2,0
nwfsc_pacific_hake_survey,D20230805T145750_IFCB117,2023-08-05 14:57:50+00:00,117,4.9345202094184,44.1142,-124.6301,,,,,,203,,2,0
nwfsc_pacific_hake_survey,D20230805T152136_IFCB117,2023-08-05 15:21:36+00:00,117,4.86699850802951,44.1687,-124.5827,,,,,,399,,2,0
nwfsc_pacific_hake_survey,D20230805T154522_IFCB117,2023-08-05 15:45:22+00:00,117,4.76578258825232,44.2196,-124.5287,,,,,,698,,2,0
nwfsc_pacific_hake_survey,D20230805T160907_IFCB117,2023-08-05 16:09:07+00:00,117,4.43617093460648,44.2704,-124.4746,,,,,,1661,,2,0
nwfsc_pacific_hake_survey,D20230805T163253_IFCB117,2023-08-05 16:32:53+00:00,117,4.07733441840278,44.3189,-124.4223,,,,,,2744,,2,0
nwfsc_pacific_hake_survey,D20230805T165641_IFCB117,2023-08-05 16:56:41+00:00,117,3.86440313946759,44.3538,-124.3839,,,,,,3350,,2,0
nwfsc_pacific_hake_survey,D20230805T172027_IFCB117,2023-08-05 17:20:27+00:00,117,4.12423032407407,44.3504,-124.3742,,,,,,2576,,2,0
nwfsc_pacific_hake_survey,D20230805T174414_IFCB117,2023-08-05 17:44:14+00:00,117,4.27543330439815,44.3254,-124.3764,,,,,,2145,,2,0
nwfsc_pacific_hake_survey,D20230805T180801_IFCB117,2023-08-05 18:08:01+00:00,117,4.29470978009259,44.3673,-124.3512,,,,,,2093,,2,0
nwfsc_pacific_hake_survey,D20230805T183645_IFCB117,2023-08-05 18:36:45+00:00,117,4.26510691550926,44.4133,-124.3221,,,,,,2168,,2,0
nwfsc_pacific_hake_survey,D20230805T190032_IFCB117,2023-08-05 19:00:32+00:00,117,4.41430584490741,44.4549,-124.3006,,,,,,1724,,2,0
nwfsc_pacific_hake_survey,D20230805T192418_IFCB117,2023-08-05 19:24:18+00:00,117,4.687193359375,44.4985,-124.2785,,,,,,927,,2,0
nwfsc_pacific_hake_survey,D20230805T194804_IFCB117,2023-08-05 19:48:04+00:00,117,4.71015382667824,44.5226,-124.266,,,,,,860,,2,0
nwfsc_pacific_hake_survey,D20230805T201149_IFCB117,2023-08-05 20:11:49+00:00,117,1.3097738353588,44.5322,-124.2691,,,,,,479,,2,0
nwfsc_pacific_hake_survey,D20230810T193130_IFCB117,2023-08-10 19:31:30+00:00,117,3.86798647280093,44.2164,-124.3764,,,,,,3302,,2,0
nwfsc_pacific_hake_survey,D20230810T195517_IFCB117,2023-08-10 19:55:17+00:00,117,4.84566800491898,44.1463,-124.3796,,,,,,476,,2,0
nwfsc_pacific_hake_survey,D20230810T201903_IFCB117,2023-08-10 20:19:03+00:00,117,4.9748536150897,44.0767,-124.3837,,,,,,87,,2,0
nwfsc_pacific_hake_survey,D20230810T204249_IFCB117,2023-08-10 20:42:49+00:00,117,4.97646686017072,44.0092,-124.3916,,,,,,80,,2,0
nwfsc_pacific_hake_survey,D20230810T210634_IFCB117,2023-08-10 21:06:34+00:00,117,4.97460290979456,43.939,-124.4004,,,,,,94,,2,0
nwfsc_pacific_hake_survey,D20230810T213020_IFCB117,2023-08-10 21:30:20+00:00,117,4.98184825303819,43.8807,-124.3605,,,,,,64,,2,0
nwfsc_pacific_hake_survey,D20230810T215406_IFCB117,2023-08-10 21:54:06+00:00,117,4.98275356264468,43.828,-124.2935,,,,,,61,,2,0
nwfsc_pacific_hake_survey,D20230810T221752_IFCB117,2023-08-10 22:17:52+00:00,117,4.96721675166377,43.7988,-124.2582,,,,,,108,,2,0
nwfsc_pacific_hake_survey,D20230810T224138_IFCB117,2023-08-10 22:41:38+00:00,117,4.95197582103588,43.7787,-124.2496,,,,,,154,,2,0
nwfsc_pacific_hake_survey,D20230810T230524_IFCB117,2023-08-10 23:05:24+00:00,117,4.97569158709491,43.7792,-124.341,,,,,,83,,2,0
nwfsc_pacific_hake_survey,D20230810T232910_IFCB117,2023-08-10 23:29:10+00:00,117,4.99620187717014,43.779,-124.4337,,,,,,24,,2,0
nwfsc_pacific_hake_survey,D20230810T235256_IFCB117,2023-08-10 23:52:56+00:00,117,4.9959248046875,43.7792,-124.5196,,,,,,23,,2,0
nwfsc_pacific_hake_survey,D20230811T001642_IFCB117,2023-08-11 00:16:42+00:00,117,4.99759714084201,43.7789,-124.6109,,,,,,18,,2,0
nwfsc_pacific_hake_survey,D20230811T004029_IFCB117,2023-08-11 00:40:29+00:00,117,4.99722585720486,43.7795,-124.7032,,,,,,19,,2,0
nwfsc_pacific_hake_survey,D20230811T010415_IFCB117,2023-08-11 01:04:15+00:00,117,4.99763812029803,43.778,-124.7034,,,,,,17,,2,0
nwfsc_pacific_hake_survey,D20230811T012801_IFCB117,2023-08-11 01:28:01+00:00,117,4.99753939706308,43.7398,-124.6264,,,,,,17,,2,0
nwfsc_pacific_hake_survey,D20230811T015147_IFCB117,2023-08-11 01:51:47+00:00,117,4.99897560402199,43.7564,-124.6304,,,,,,13,,2,0
nwfsc_pacific_hake_survey,D20230811T021534_IFCB117,2023-08-11 02:15:34+00:00,117,4.99583865017361,43.7818,-124.6381,,,,,,23,,2,0
nwfsc_pacific_hake_survey,D20230811T023920_IFCB117,2023-08-11 02:39:20+00:00,117,4.99664171006944,43.7981,-124.645,,,,,,20,,2,0
nwfsc_pacific_hake_survey,D20230811T030306_IFCB117,2023-08-11 03:03:06+00:00,117,4.99932668728299,43.8071,-124.6712,,,,,,13,,2,0
nwfsc_pacific_hake_survey,D20230811T032652_IFCB117,2023-08-11 03:26:52+00:00,117,4.99938812029803,43.8122,-124.6918,,,,,,12,,2,0
nwfsc_pacific_hake_survey,D20230811T035037_IFCB117,2023-08-11 03:50:37+00:00,117,4.99519522207755,43.8188,-124.7117,,,,,,25,,2,0
nwfsc_pacific_hake_survey,D20230811T041423_IFCB117,2023-08-11 04:14:23+00:00,117,4.99723994502315,43.811,-124.6199,,,,,,18,,2,0
nwfsc_pacific_hake_survey,D20230811T043809_IFCB117,2023-08-11 04:38:09+00:00,117,4.99796233904803,43.8023,-124.5263,,,,,,16,,2,0
nwfsc_pacific_hake_survey,D20230811T050154_IFCB117,2023-08-11 05:01:54+00:00,117,4.9962350531684,43.7957,-124.4383,,,,,,21,,2,0
nwfsc_pacific_hake_survey,D20230811T052540_IFCB117,2023-08-11 05:25:40+00:00,117,4.99104210069444,43.789,-124.3495,,,,,,38,,2,0
nwfsc_pacific_hake_survey,D20230811T054927_IFCB117,2023-08-11 05:49:27+00:00,117,4.9290336009838,43.7798,-124.2569,,,,,,218,,2,0
nwfsc_pacific_hake_survey,D20230811T061312_IFCB117,2023-08-11 06:13:12+00:00,117,4.64972587528935,43.7761,-124.2294,,,,,,1025,,2,0
nwfsc_pacific_hake_survey,D20230811T063659_IFCB117,2023-08-11 06:36:59+00:00,117,4.87910356987847,43.7774,-124.2696,,,,,,361,,2,0
nwfsc_pacific_hake_survey,D20230811T070045_IFCB117,2023-08-11 07:00:45+00:00,117,4.97705121527778,43.7785,-124.3638,,,,,,77,,2,0
nwfsc_pacific_hake_survey,D20230811T072431_IFCB117,2023-08-11 07:24:31+00:00,117,4.99168411820023,43.7794,-124.4587,,,,,,35,,2,0
nwfsc_pacific_hake_survey,D20230811T074818_IFCB117,2023-08-11 07:48:18+00:00,117,4.99447770182292,43.7785,-124.5099,,,,,,26,,2,0
nwfsc_pacific_hake_survey,D20230811T081204_IFCB117,2023-08-11 08:12:04+00:00,117,4.99530667679398,43.7801,-124.5284,,,,,,26,,2,0
nwfsc_pacific_hake_survey,D20230811T083550_IFCB117,2023-08-11 08:35:50+00:00,117,4.99875545247396,43.7789,-124.615,,,,,,14,,2,0
nwfsc_pacific_hake_survey,D20230811T085936_IFCB117,2023-08-11 08:59:36+00:00,117,4.99643621600116,43.7786,-124.6267,,,,,,21,,2,0
nwfsc_pacific_hake_survey,D20230811T092322_IFCB117,2023-08-11 09:23:22+00:00,117,4.99659327980324,43.782,-124.6555,,,,,,21,,2,0
nwfsc_pacific_hake_survey,D20230811T095850_IFCB117,2023-08-11 09:58:50+00:00,117,4.99792654984086,43.7801,-124.7513,,,,,,18,,2,0
nwfsc_pacific_hake_survey,D20230811T102237_IFCB117,2023-08-11 10:22:37+00:00,117,4.99789214409722,43.7791,-124.7581,,,,,,17,,2,0
nwfsc_pacific_hake_survey,D20230811T104623_IFCB117,2023-08-11 10:46:23+00:00,117,5.00143167679398,43.7815,-124.7959,,,,,,6,,2,0
nwfsc_pacific_hake_survey,D20230811T111506_IFCB117,2023-08-11 11:15:06+00:00,117,4.998505380136,43.7795,-124.9044,,,,,,15,,2,0
nwfsc_pacific_hake_survey,D20230811T113851_IFCB117,2023-08-11 11:38:51+00:00,117,4.99976223415799,43.7801,-124.9827,,,,,,11,,2,0
nwfsc_pacific_hake_survey,D20230811T120236_IFCB117,2023-08-11 12:02:36+00:00,117,4.99660247576678,43.7781,-124.9868,,,,,,21,,2,0
nwfsc_pacific_hake_survey,D20230811T122621_IFCB117,2023-08-11 12:26:21+00:00,117,4.99865046296296,43.779,-124.9451,,,,,,15,,2,0
nwfsc_pacific_hake_survey,D20230811T125008_IFCB117,2023-08-11 12:50:08+00:00,117,5.00007235604745,43.7788,-124.8502,,,,,,11,,2,0
nwfsc_pacific_hake_survey,D20230811T131354_IFCB117,2023-08-11 13:13:54+00:00,117,5.0012120135272,43.7783,-124.7551,,,,,,7,,2,0
nwfsc_pacific_hake_survey,D20230811T133740_IFCB117,2023-08-11 13:37:40+00:00,117,4.99891958731192,43.7798,-124.7465,,,,,,15,,2,0
nwfsc_pacific_hake_survey,D20230811T140125_IFCB117,2023-08-11 14:01:25+00:00,117,5.00005317744502,43.778,-124.8395,,,,,,10,,2,0
nwfsc_pacific_hake_survey,D20230811T142511_IFCB117,2023-08-11 14:25:11+00:00,117,4.99988345449942,43.7787,-124.9358,,,,,,12,,2,0
nwfsc_pacific_hake_survey,D20230811T144858_IFCB117,2023-08-11 14:48:58+00:00,117,5.00267123300058,43.7789,-125.0271,,,,,,4,,2,0
nwfsc_pacific_hake_survey,D20230811T151243_IFCB117,2023-08-11 15:12:43+00:00,117,4.99791737196181,43.7788,-125.1201,,,,,,17,,2,0
nwfsc_pacific_hake_survey,D20230811T153629_IFCB117,2023-08-11 15:36:29+00:00,117,4.9815634765625,43.8316,-125.1354,,,,,,68,,2,0
nwfsc_pacific_hake_survey,D20230811T160015_IFCB117,2023-08-11 16:00:15+00:00,117,4.99383411096644,43.8985,-125.1318,,,,,,32,,2,0
nwfsc_pacific_hake_survey,D20230811T162400_IFCB117,2023-08-11 16:24:00+00:00,117,4.99253884548611,43.9457,-125.101,,,,,,33,,2,0
nwfsc_pacific_hake_survey,D20230811T164747_IFCB117,2023-08-11 16:47:47+00:00,117,4.99226086877894,43.9456,-125.0084,,,,,,33,,2,0
nwfsc_pacific_hake_survey,D20230811T171133_IFCB117,2023-08-11 17:11:33+00:00,117,4.99941274233217,43.9456,-124.9128,,,,,,13,,2,0
nwfsc_pacific_hake_survey,D20230811T173519_IFCB117,2023-08-11 17:35:19+00:00,117,5.00129610640914,43.932,-124.9113,,,,,,9,,2,0
nwfsc_pacific_hake_survey,D20230811T175905_IFCB117,2023-08-11 17:59:05+00:00,117,5.00127964048032,43.9203,-124.9342,,,,,,8,,2,0
nwfsc_pacific_hake_survey,D20230811T182251_IFCB117,2023-08-11 18:22:51+00:00,117,4.99862210648148,43.9422,-124.9506,,,,,,15,,2,0
nwfsc_pacific_hake_survey,D20230811T184637_IFCB117,2023-08-11 18:46:37+00:00,117,5.00229293258102,43.9601,-124.9682,,,,,,5,,2,0
nwfsc_pacific_hake_survey,D20230811T191022_IFCB117,2023-08-11 19:10:22+00:00,117,5.00324376085069,43.9634,-124.9848,,,,,,2,,2,0
nwfsc_pacific_hake_survey,D20230811T193409_IFCB117,2023-08-11 19:34:09+00:00,117,5.0014416051794,43.9729,-125.0073,,,,,,8,,2,0
nwfsc_pacific_hake_survey,D20230811T195755_IFCB117,2023-08-11 19:57:55+00:00,117,5.00129084382234,43.9402,-124.9428,,,,,,8,,2,0
nwfsc_pacific_hake_survey,D20230811T202141_IFCB117,2023-08-11 20:21:41+00:00,117,5.00238144712095,43.9453,-124.8474,,,,,,4,,2,0
nwfsc_pacific_hake_survey,D20230811T204526_IFCB117,2023-08-11 20:45:26+00:00,117,5.00072977249711,43.9456,-124.7496,,,,,,9,,2,0
nwfsc_pacific_hake_survey,D20230811T210912_IFCB117,2023-08-11 21:09:12+00:00,117,4.98319738317419,43.946,-124.6495,,,,,,63,,2,0
nwfsc_pacific_hake_survey,D20230811T213257_IFCB117,2023-08-11 21:32:57+00:00,117,4.95285139069734,43.9397,-124.5951,,,,,,156,,2,0
nwfsc_pacific_hake_survey,D20230811T215643_IFCB117,2023-08-11 21:56:43+00:00,117,4.99923474573206,43.9237,-124.6651,,,,,,14,,2,0
nwfsc_pacific_hake_survey,D20230811T222029_IFCB117,2023-08-11 22:20:29+00:00,117,5.00138814742477,43.9314,-124.6779,,,,,,6,,2,0
nwfsc_pacific_hake_survey,D20230811T224415_IFCB117,2023-08-11 22:44:15+00:00,117,4.99962112087674,43.951,-124.6976,,,,,,14,,2,0
nwfsc_pacific_hake_survey,D20230811T230800_IFCB117,2023-08-11 23:08:00+00:00,117,5.00061614764178,43.9666,-124.7112,,,,,,10,,2,0
nwfsc_pacific_hake_survey,D20230811T233147_IFCB117,2023-08-11 23:31:47+00:00,117,4.98468186668113,43.9772,-124.7212,,,,,,57,,2,0
nwfsc_pacific_hake_survey,D20230811T235533_IFCB117,2023-08-11 23:55:33+00:00,117,4.89571885850694,43.9532,-124.6404,,,,,,329,,2,0
nwfsc_pacific_hake_survey,D20230812T001919_IFCB117,2023-08-12 00:19:19+00:00,117,4.79758628110532,43.9456,-124.5602,,,,,,616,,2,0
nwfsc_pacific_hake_survey,D20230812T004304_IFCB117,2023-08-12 00:43:04+00:00,117,4.96089804868345,43.9735,-124.4636,,,,,,129,,2,0
nwfsc_pacific_hake_survey,D20230812T010650_IFCB117,2023-08-12 01:06:50+00:00,117,4.96696785481771,43.9456,-124.373,,,,,,115,,2,0
nwfsc_pacific_hake_survey,D20230812T013035_IFCB117,2023-08-12 01:30:35+00:00,117,4.95760544162326,43.9454,-124.2806,,,,,,140,,2,0
nwfsc_pacific_hake_survey,D20230812T015422_IFCB117,2023-08-12 01:54:22+00:00,117,4.45820193142361,43.9491,-124.2079,,,,,,1622,,2,0
nwfsc_pacific_hake_survey,D20230812T021808_IFCB117,2023-08-12 02:18:08+00:00,117,4.6909185474537,44.0028,-124.2044,,,,,,941,,2,0
nwfsc_pacific_hake_survey,D20230812T024154_IFCB117,2023-08-12 02:41:54+00:00,117,4.47114308449074,44.0549,-124.2017,,,,,,1565,,2,0
nwfsc_pacific_hake_survey,D20230812T031037_IFCB117,2023-08-12 03:10:37+00:00,117,4.81276092303241,44.1115,-124.1958,,,,,,570,,2,0
nwfsc_pacific_hake_survey,D20230812T033422_IFCB117,2023-08-12 03:34:22+00:00,117,4.66228385416667,44.1132,-124.1973,,,,,,1005,,2,0
nwfsc_pacific_hake_survey,D20230812T035807_IFCB117,2023-08-12 03:58:07+00:00,117,4.68863469328704,44.1133,-124.2495,,,,,,941,,2,0
nwfsc_pacific_hake_survey,D20230812T042153_IFCB117,2023-08-12 04:21:53+00:00,117,4.91852490234375,44.1132,-124.3422,,,,,,252,,2,0
nwfsc_pacific_hake_survey,D20230812T044539_IFCB117,2023-08-12 04:45:39+00:00,117,4.92479493995949,44.1126,-124.4411,,,,,,239,,2,0
nwfsc_pacific_hake_survey,D20230812T050924_IFCB117,2023-08-12 05:09:24+00:00,117,4.34425231481481,44.1106,-124.5397,,,,,,1963,,2,0
nwfsc_pacific_hake_survey,D20230812T053310_IFCB117,2023-08-12 05:33:10+00:00,117,4.46979481336806,44.1112,-124.6381,,,,,,1589,,2,0
nwfsc_pacific_hake_survey,D20230812T055657_IFCB117,2023-08-12 05:56:57+00:00,117,4.85244039351852,44.1116,-124.7323,,,,,,472,,2,0
nwfsc_pacific_hake_survey,D20230812T062044_IFCB117,2023-08-12 06:20:44+00:00,117,4.96374236834491,44.1114,-124.8305,,,,,,123,,2,0
nwfsc_pacific_hake_survey,D20230812T064429_IFCB117,2023-08-12 06:44:29+00:00,117,4.94377948676215,44.1124,-124.9103,,,,,,171,,2,0
nwfsc_pacific_hake_survey,D20230812T070814_IFCB117,2023-08-12 07:08:14+00:00,117,4.91713104021991,44.1147,-124.9196,,,,,,260,,2,0
nwfsc_pacific_hake_survey,D20230812T073200_IFCB117,2023-08-12 07:32:00+00:00,117,4.93346327039931,44.113,-124.9671,,,,,,205,,2,0
nwfsc_pacific_hake_survey,D20230812T075545_IFCB117,2023-08-12 07:55:45+00:00,117,4.91644652416088,44.1124,-124.9832,,,,,,262,,2,0
nwfsc_pacific_hake_survey,D20230812T081931_IFCB117,2023-08-12 08:19:31+00:00,117,4.9100621021412,44.1128,-124.9949,,,,,,280,,2,0
nwfsc_pacific_hake_survey,D20230812T084318_IFCB117,2023-08-12 08:43:18+00:00,117,4.91851267722801,44.1154,-125.0058,,,,,,249,,2,0
nwfsc_pacific_hake_survey,D20230812T091847_IFCB117,2023-08-12 09:18:47+00:00,117,4.93321733036748,44.1165,-125.072,,,,,,212,,2,0
nwfsc_pacific_hake_survey,D20230812T094234_IFCB117,2023-08-12 09:42:34+00:00,117,4.96754277886285,44.1129,-125.1317,,,,,,108,,2,0
nwfsc_pacific_hake_survey,D20230812T100620_IFCB117,2023-08-12 10:06:20+00:00,117,4.9705199291088,44.1125,-125.1427,,,,,,101,,2,0
nwfsc_pacific_hake_survey,D20230812T103006_IFCB117,2023-08-12 10:30:06+00:00,117,4.98110281032986,44.1219,-125.1635,,,,,,67,,2,0
nwfsc_pacific_hake_survey,D20230812T105352_IFCB117,2023-08-12 10:53:52+00:00,117,4.98208730287905,44.1398,-125.183,,,,,,64,,2,0
nwfsc_pacific_hake_survey,D20230812T111738_IFCB117,2023-08-12 11:17:38+00:00,117,4.9911205964265,44.1631,-125.1959,,,,,,37,,2,0
nwfsc_pacific_hake_survey,D20230812T114125_IFCB117,2023-08-12 11:41:25+00:00,117,4.99199226888021,44.1649,-125.1929,,,,,,36,,2,0
nwfsc_pacific_hake_survey,D20230812T120510_IFCB117,2023-08-12 12:05:10+00:00,117,4.9867290129485,44.142,-125.1884,,,,,,51,,2,0
nwfsc_pacific_hake_survey,D20230812T122855_IFCB117,2023-08-12 12:28:55+00:00,117,4.9822161187066,44.1156,-125.1792,,,,,,64,,2,0
nwfsc_pacific_hake_survey,D20230812T125241_IFCB117,2023-08-12 12:52:41+00:00,117,4.97934649884259,44.1146,-125.1594,,,,,,73,,2,0
nwfsc_pacific_hake_survey,D20230812T131627_IFCB117,2023-08-12 13:16:27+00:00,117,4.98302378110532,44.1127,-125.1461,,,,,,61,,2,0
nwfsc_pacific_hake_survey,D20230812T134012_IFCB117,2023-08-12 13:40:12+00:00,117,4.92950004521123,44.1128,-125.0665,,,,,,228,,2,0
nwfsc_pacific_hake_survey,D20230812T140358_IFCB117,2023-08-12 14:03:58+00:00,117,4.94541362847222,44.1125,-124.9807,,,,,,176,,2,0
nwfsc_pacific_hake_survey,D20230812T142745_IFCB117,2023-08-12 14:27:45+00:00,117,4.95828093352141,44.1155,-124.9062,,,,,,129,,2,0
nwfsc_pacific_hake_survey,D20230812T145130_IFCB117,2023-08-12 14:51:30+00:00,117,4.94065968605324,44.0826,-124.9454,,,,,,191,,2,0
nwfsc_pacific_hake_survey,D20230812T151516_IFCB117,2023-08-12 15:15:16+00:00,117,4.9151689453125,44.0916,-124.9544,,,,,,267,,2,0
nwfsc_pacific_hake_survey,D20230812T153901_IFCB117,2023-08-12 15:39:01+00:00,117,4.93016731770833,44.1139,-124.9551,,,,,,221,,2,0
nwfsc_pacific_hake_survey,D20230812T160248_IFCB117,2023-08-12 16:02:48+00:00,117,4.94472928421586,44.1304,-124.9556,,,,,,179,,2,0
nwfsc_pacific_hake_survey,D20230812T162633_IFCB117,2023-08-12 16:26:33+00:00,117,4.94190526439525,44.1466,-124.9566,,,,,,184,,2,0
nwfsc_pacific_hake_survey,D20230812T165019_IFCB117,2023-08-12 16:50:19+00:00,117,4.92505699327257,44.1244,-124.932,,,,,,236,,2,0
nwfsc_pacific_hake_survey,D20230812T171404_IFCB117,2023-08-12 17:14:04+00:00,117,4.95772962782118,44.1123,-124.8479,,,,,,138,,2,0
nwfsc_pacific_hake_survey,D20230812T173749_IFCB117,2023-08-12 17:37:49+00:00,117,4.94978822157118,44.1121,-124.7599,,,,,,155,,2,0
nwfsc_pacific_hake_survey,D20230812T180134_IFCB117,2023-08-12 18:01:34+00:00,117,4.72030882884838,44.1122,-124.6661,,,,,,847,,2,0
nwfsc_pacific_hake_survey,D20230812T182520_IFCB117,2023-08-12 18:25:20+00:00,117,4.56087702546296,44.1124,-124.5738,,,,,,1297,,2,0
nwfsc_pacific_hake_survey,D20230812T185404_IFCB117,2023-08-12 18:54:04+00:00,117,4.90793125180845,44.1138,-124.4919,,,,,,289,,2,0
nwfsc_pacific_hake_survey,D20230812T191750_IFCB117,2023-08-12 19:17:50+00:00,117,4.95070849609375,44.1125,-124.4467,,,,,,156,,2,0
nwfsc_pacific_hake_survey,D20230812T194135_IFCB117,2023-08-12 19:41:35+00:00,117,4.96189010054977,44.1121,-124.3563,,,,,,123,,2,0
nwfsc_pacific_hake_survey,D20230812T200521_IFCB117,2023-08-12 20:05:21+00:00,117,4.79370773654514,44.1124,-124.2652,,,,,,616,,2,0
nwfsc_pacific_hake_survey,D20230812T202907_IFCB117,2023-08-12 20:29:07+00:00,117,4.58222677951389,44.1184,-124.1937,,,,,,1248,,2,0
nwfsc_pacific_hake_survey,D20230812T205254_IFCB117,2023-08-12 20:52:54+00:00,117,4.30164127604167,44.1779,-124.1953,,,,,,2066,,2,0
nwfsc_pacific_hake_survey,D20230812T211640_IFCB117,2023-08-12 21:16:40+00:00,117,4.75451884403935,44.2401,-124.1978,,,,,,728,,2,0
nwfsc_pacific_hake_survey,D20230812T214025_IFCB117,2023-08-12 21:40:25+00:00,117,4.74835315393519,44.2798,-124.2236,,,,,,744,,2,0
nwfsc_pacific_hake_survey,D20230812T220410_IFCB117,2023-08-12 22:04:10+00:00,117,4.51565596064815,44.279,-124.3216,,,,,,1423,,2,0
nwfsc_pacific_hake_survey,D20230812T222755_IFCB117,2023-08-12 22:27:55+00:00,117,4.38437876157407,44.2792,-124.4134,,,,,,1806,,2,0
nwfsc_pacific_hake_survey,D20230812T225141_IFCB117,2023-08-12 22:51:41+00:00,117,4.31461762152778,44.2789,-124.5092,,,,,,2019,,2,0
nwfsc_pacific_hake_survey,D20230812T231529_IFCB117,2023-08-12 23:15:29+00:00,117,4.23466898148148,44.2789,-124.6048,,,,,,2246,,2,0
nwfsc_pacific_hake_survey,D20230812T233916_IFCB117,2023-08-12 23:39:16+00:00,117,4.78413525390625,44.2793,-124.7009,,,,,,646,,2,0
nwfsc_pacific_hake_survey,D20230813T000302_IFCB117,2023-08-13 00:03:02+00:00,117,4.95200278501157,44.2791,-124.797,,,,,,150,,2,0
nwfsc_pacific_hake_survey,D20230813T002648_IFCB117,2023-08-13 00:26:48+00:00,117,4.9626391691985,44.279,-124.8836,,,,,,121,,2,0
nwfsc_pacific_hake_survey,D20230813T005035_IFCB117,2023-08-13 00:50:35+00:00,117,4.96557995153357,44.279,-124.9759,,,,,,113,,2,0
nwfsc_pacific_hake_survey,D20230813T011421_IFCB117,2023-08-13 01:14:21+00:00,117,4.97745172345197,44.2581,-124.9657,,,,,,77,,2,0
nwfsc_pacific_hake_survey,D20230813T013806_IFCB117,2023-08-13 01:38:06+00:00,117,4.95652063440393,44.2459,-124.9403,,,,,,139,,2,0
nwfsc_pacific_hake_survey,D20230813T020151_IFCB117,2023-08-13 02:01:51+00:00,117,4.9661743254485,44.269,-124.9328,,,,,,110,,2,0
nwfsc_pacific_hake_survey,D20230813T022537_IFCB117,2023-08-13 02:25:37+00:00,117,4.97465697337963,44.2854,-124.9283,,,,,,84,,2,0
nwfsc_pacific_hake_survey,D20230813T024922_IFCB117,2023-08-13 02:49:22+00:00,117,4.97744584599248,44.297,-124.9358,,,,,,68,,2,0
nwfsc_pacific_hake_survey,D20230813T031307_IFCB117,2023-08-13 03:13:07+00:00,117,4.98750288447627,44.2817,-124.9678,,,,,,47,,2,0
nwfsc_pacific_hake_survey,D20230813T033654_IFCB117,2023-08-13 03:36:54+00:00,117,4.9717459942853,44.2888,-125.0499,,,,,,95,,2,0
nwfsc_pacific_hake_survey,D20230813T040040_IFCB117,2023-08-13 04:00:40+00:00,117,4.97276859085648,44.3257,-125.0959,,,,,,86,,2,0
nwfsc_pacific_hake_survey,D20230813T042425_IFCB117,2023-08-13 04:24:25+00:00,117,4.98484180591724,44.3636,-125.14,,,,,,54,,2,0
nwfsc_pacific_hake_survey,D20230813T044811_IFCB117,2023-08-13 04:48:11+00:00,117,4.99044539388021,44.3977,-125.1808,,,,,,38,,2,0
nwfsc_pacific_hake_survey,D20230813T051157_IFCB117,2023-08-13 05:11:57+00:00,117,4.99095921947338,44.4279,-125.224,,,,,,37,,2,0
nwfsc_pacific_hake_survey,D20230813T053544_IFCB117,2023-08-13 05:35:44+00:00,117,4.99093140552662,44.4464,-125.251,,,,,,37,,2,0
nwfsc_pacific_hake_survey,D20230813T055929_IFCB117,2023-08-13 05:59:29+00:00,117,4.99027589699074,44.4504,-125.2588,,,,,,38,,2,0
nwfsc_pacific_hake_survey,D20230813T062314_IFCB117,2023-08-13 06:23:14+00:00,117,4.99384431061921,44.4553,-125.2588,,,,,,29,,2,0
nwfsc_pacific_hake_survey,D20230813T064700_IFCB117,2023-08-13 06:47:00+00:00,117,4.99011886031539,44.4512,-125.1935,,,,,,38,,2,0
nwfsc_pacific_hake_survey,D20230813T071046_IFCB117,2023-08-13 07:10:46+00:00,117,4.99372702365451,44.4469,-125.128,,,,,,30,,2,0
nwfsc_pacific_hake_survey,D20230813T073433_IFCB117,2023-08-13 07:34:33+00:00,117,4.99018266239873,44.4453,-125.0615,,,,,,38,,2,0
nwfsc_pacific_hake_survey,D20230813T075818_IFCB117,2023-08-13 07:58:18+00:00,117,4.99689644820602,44.4436,-125.045,,,,,,20,,2,0
nwfsc_pacific_hake_survey,D20230813T082204_IFCB117,2023-08-13 08:22:04+00:00,117,4.9898006817853,44.4465,-125.055,,,,,,40,,2,0
nwfsc_pacific_hake_survey,D20230813T085734_IFCB117,2023-08-13 08:57:34+00:00,117,4.99099386935764,44.4446,-125.0006,,,,,,37,,2,0
nwfsc_pacific_hake_survey,D20230813T092120_IFCB117,2023-08-13 09:21:20+00:00,117,4.99583117223669,44.4449,-124.9286,,,,,,22,,2,0
nwfsc_pacific_hake_survey,D20230813T094507_IFCB117,2023-08-13 09:45:07+00:00,117,4.99156674985532,44.4464,-124.927,,,,,,34,,2,0
nwfsc_pacific_hake_survey,D20230813T100852_IFCB117,2023-08-13 10:08:52+00:00,117,4.99344227430556,44.4479,-124.9327,,,,,,29,,2,0
nwfsc_pacific_hake_survey,D20230813T103735_IFCB117,2023-08-13 10:37:35+00:00,117,4.98184242078993,44.4468,-124.848,,,,,,63,,2,0
nwfsc_pacific_hake_survey,D20230813T110121_IFCB117,2023-08-13 11:01:21+00:00,117,4.99329225441261,44.4453,-124.7643,,,,,,31,,2,0
nwfsc_pacific_hake_survey,D20230813T112507_IFCB117,2023-08-13 11:25:07+00:00,117,4.89855816876447,44.4468,-124.7426,,,,,,300,,2,0
nwfsc_pacific_hake_survey,D20230813T114853_IFCB117,2023-08-13 11:48:53+00:00,117,4.90302747034143,44.4327,-124.7716,,,,,,292,,2,0
nwfsc_pacific_hake_survey,D20230813T121239_IFCB117,2023-08-13 12:12:39+00:00,117,4.98671036783854,44.3835,-124.8468,,,,,,48,,2,0
nwfsc_pacific_hake_survey,D20230813T123625_IFCB117,2023-08-13 12:36:25+00:00,117,4.98592875614873,44.3373,-124.9242,,,,,,51,,2,0
nwfsc_pacific_hake_survey,D20230813T130011_IFCB117,2023-08-13 13:00:11+00:00,117,4.99391177481192,44.2969,-124.9832,,,,,,28,,2,0
nwfsc_pacific_hake_survey,D20230813T132358_IFCB117,2023-08-13 13:23:58+00:00,117,4.9854036187066,44.2787,-125.0184,,,,,,52,,2,0
nwfsc_pacific_hake_survey,D20230813T134744_IFCB117,2023-08-13 13:47:44+00:00,117,4.98177368164062,44.279,-125.1105,,,,,,63,,2,0
nwfsc_pacific_hake_survey,D20230813T141130_IFCB117,2023-08-13 14:11:30+00:00,117,4.98388423213252,44.2928,-125.1787,,,,,,57,,2,0
nwfsc_pacific_hake_survey,D20230813T143515_IFCB117,2023-08-13 14:35:15+00:00,117,4.97960029658565,44.3495,-125.2041,,,,,,68,,2,0
nwfsc_pacific_hake_survey,D20230813T145901_IFCB117,2023-08-13 14:59:01+00:00,117,4.98372069408275,44.4068,-125.229,,,,,,56,,2,0
nwfsc_pacific_hake_survey,D20230813T152248_IFCB117,2023-08-13 15:22:48+00:00,117,4.98250559714988,44.4458,-125.2372,,,,,,60,,2,0
nwfsc_pacific_hake_survey,D20230813T154634_IFCB117,2023-08-13 15:46:34+00:00,117,4.99538296621817,44.4455,-125.1481,,,,,,24,,2,0
nwfsc_pacific_hake_survey,D20230813T161020_IFCB117,2023-08-13 16:10:20+00:00,117,4.99601538085937,44.4455,-125.0588,,,,,,22,,2,0
nwfsc_pacific_hake_survey,D20230813T163406_IFCB117,2023-08-13 16:34:06+00:00,117,4.99606714771412,44.4457,-124.9672,,,,,,23,,2,0
nwfsc_pacific_hake_survey,D20230813T165752_IFCB117,2023-08-13 16:57:52+00:00,117,4.98523350694444,44.4459,-124.8823,,,,,,53,,2,0
nwfsc_pacific_hake_survey,D20230813T172138_IFCB117,2023-08-13 17:21:38+00:00,117,4.99151516384549,44.446,-124.807,,,,,,34,,2,0
nwfsc_pacific_hake_survey,D20230813T174524_IFCB117,2023-08-13 17:45:24+00:00,117,4.80519679542824,44.4458,-124.7396,,,,,,571,,2,0
nwfsc_pacific_hake_survey,D20230813T180910_IFCB117,2023-08-13 18:09:10+00:00,117,4.40362962962963,44.4455,-124.6494,,,,,,1722,,2,0
nwfsc_pacific_hake_survey,D20230813T183257_IFCB117,2023-08-13 18:32:57+00:00,117,4.12455316840278,44.4454,-124.5572,,,,,,2526,,2,0
nwfsc_pacific_hake_survey,D20230813T185646_IFCB117,2023-08-13 18:56:46+00:00,117,3.03388440393518,44.4454,-124.4607,,,,,,5531,,2,0
nwfsc_pacific_hake_survey,D20230813T192036_IFCB117,2023-08-13 19:20:36+00:00,117,3.40832335069444,44.4449,-124.3679,,,,,,4536,,2,0
nwfsc_pacific_hake_survey,D20230813T194425_IFCB117,2023-08-13 19:44:25+00:00,117,3.39093113425926,44.4459,-124.2752,,,,,,4598,,2,0
nwfsc_pacific_hake_survey,D20230813T200813_IFCB117,2023-08-13 20:08:13+00:00,117,3.80108441840278,44.4458,-124.1843,,,,,,3494,,2,0
nwfsc_pacific_hake_survey,D20230813T203202_IFCB117,2023-08-13 20:32:02+00:00,117,3.52075520833333,44.489,-124.171,,,,,,4252,,2,0
nwfsc_pacific_hake_survey,D20230813T205551_IFCB117,2023-08-13 20:55:51+00:00,117,3.83101417824074,44.5395,-124.1683,,,,,,3385,,2,0
nwfsc_pacific_hake_survey,D20230813T211939_IFCB117,2023-08-13 21:19:39+00:00,117,3.91030237268519,44.5911,-124.1632,,,,,,3135,,2,0
nwfsc_pacific_hake_survey,D20230813T214326_IFCB117,2023-08-13 21:43:26+00:00,117,4.26374030671296,44.606,-124.1577,,,,,,2136,,2,0
nwfsc_pacific_hake_survey,D20230813T220715_IFCB117,2023-08-13 22:07:15+00:00,117,3.33096875,44.6126,-124.2371,,,,,,4804,,2,0
nwfsc_pacific_hake_survey,D20230813T223104_IFCB117,2023-08-13 22:31:04+00:00,117,3.07092346643519,44.612,-124.3282,,,,,,5470,,2,0
nwfsc_pacific_hake_survey,D20230813T225452_IFCB117,2023-08-13 22:54:52+00:00,117,3.98393793402778,44.6124,-124.4172,,,,,,2941,,2,0
nwfsc_pacific_hake_survey,D20230813T231840_IFCB117,2023-08-13 23:18:40+00:00,117,4.41007620804398,44.6124,-124.5115,,,,,,1705,,2,0
nwfsc_pacific_hake_survey,D20230813T234228_IFCB117,2023-08-13 23:42:28+00:00,117,4.84291303168403,44.6122,-124.6041,,,,,,463,,2,0
nwfsc_pacific_hake_survey,D20230814T000614_IFCB117,2023-08-14 00:06:14+00:00,117,4.84322609230324,44.6126,-124.697,,,,,,462,,2,0
nwfsc_pacific_hake_survey,D20230814T003000_IFCB117,2023-08-14 00:30:00+00:00,117,4.79747504340278,44.6122,-124.7901,,,,,,592,,2,0
nwfsc_pacific_hake_survey,D20230814T005346_IFCB117,2023-08-14 00:53:46+00:00,117,4.85052526403356,44.616,-124.8603,,,,,,439,,2,0
nwfsc_pacific_hake_survey,D20230814T011733_IFCB117,2023-08-14 01:17:33+00:00,117,4.92373856155961,44.6119,-124.8087,,,,,,219,,2,0
nwfsc_pacific_hake_survey,D20230814T014119_IFCB117,2023-08-14 01:41:19+00:00,117,4.93465703667535,44.5765,-124.8024,,,,,,201,,2,0
nwfsc_pacific_hake_survey,D20230814T020505_IFCB117,2023-08-14 02:05:05+00:00,117,4.92065124059606,44.5983,-124.8062,,,,,,242,,2,0
nwfsc_pacific_hake_survey,D20230814T023348_IFCB117,2023-08-14 02:33:48+00:00,117,4.91979007523148,44.6237,-124.81,,,,,,241,,2,0
nwfsc_pacific_hake_survey,D20230814T025733_IFCB117,2023-08-14 02:57:33+00:00,117,4.94238821976273,44.6379,-124.8169,,,,,,176,,2,0
nwfsc_pacific_hake_survey,D20230814T032119_IFCB117,2023-08-14 03:21:19+00:00,117,4.94540140335648,44.65,-124.8282,,,,,,167,,2,0
nwfsc_pacific_hake_survey,D20230814T034505_IFCB117,2023-08-14 03:45:05+00:00,117,4.94815906213831,44.6709,-124.8536,,,,,,157,,2,0
nwfsc_pacific_hake_survey,D20230814T040851_IFCB117,2023-08-14 04:08:51+00:00,117,4.91134106445312,44.707,-124.9095,,,,,,263,,2,0
nwfsc_pacific_hake_survey,D20230814T043237_IFCB117,2023-08-14 04:32:37+00:00,117,4.93459910300926,44.7455,-124.9667,,,,,,197,,2,0
nwfsc_pacific_hake_survey,D20230814T045624_IFCB117,2023-08-14 04:56:24+00:00,117,4.93620776367187,44.7786,-125.0158,,,,,,192,,2,0
nwfsc_pacific_hake_survey,D20230814T052010_IFCB117,2023-08-14 05:20:10+00:00,117,4.9781825177228,44.7794,-125.0187,,,,,,74,,2,0
nwfsc_pacific_hake_survey,D20230814T054356_IFCB117,2023-08-14 05:43:56+00:00,117,4.98588187210648,44.7832,-125.0217,,,,,,50,,2,0
nwfsc_pacific_hake_survey,D20230814T060741_IFCB117,2023-08-14 06:07:41+00:00,117,4.97449606662326,44.7819,-124.9483,,,,,,84,,2,0
nwfsc_pacific_hake_survey,D20230814T063127_IFCB117,2023-08-14 06:31:27+00:00,117,4.9840580150463,44.7782,-124.8623,,,,,,43,,2,0
nwfsc_pacific_hake_survey,D20230814T065513_IFCB117,2023-08-14 06:55:13+00:00,117,4.99081259042245,44.7768,-124.8561,,,,,,32,,2,0
nwfsc_pacific_hake_survey,D20230814T071859_IFCB117,2023-08-14 07:18:59+00:00,117,4.9806740270544,44.7771,-124.8602,,,,,,66,,2,0
nwfsc_pacific_hake_survey,D20230814T074245_IFCB117,2023-08-14 07:42:45+00:00,117,4.97423918547454,44.7881,-124.8045,,,,,,84,,2,0
nwfsc_pacific_hake_survey,D20230814T081815_IFCB117,2023-08-14 08:18:15+00:00,117,4.98715307617188,44.7823,-124.6749,,,,,,47,,2,0
nwfsc_pacific_hake_survey,D20230814T084201_IFCB117,2023-08-14 08:42:01+00:00,117,4.96340897171586,44.78,-124.61,,,,,,115,,2,0
nwfsc_pacific_hake_survey,D20230814T090546_IFCB117,2023-08-14 09:05:46+00:00,117,4.94734940140336,44.7809,-124.6131,,,,,,163,,2,0
nwfsc_pacific_hake_survey,D20230814T092933_IFCB117,2023-08-14 09:29:33+00:00,117,4.94962050600405,44.7828,-124.5613,,,,,,150,,2,0
nwfsc_pacific_hake_survey,D20230814T095319_IFCB117,2023-08-14 09:53:19+00:00,117,4.35854340277778,44.7787,-124.476,,,,,,1879,,2,0
nwfsc_pacific_hake_survey,D20230814T101706_IFCB117,2023-08-14 10:17:06+00:00,117,3.992798828125,44.7781,-124.4568,,,,,,2920,,2,0
nwfsc_pacific_hake_survey,D20230814T104054_IFCB117,2023-08-14 10:40:54+00:00,117,4.16034302662037,44.7701,-124.4837,,,,,,2417,,2,0
nwfsc_pacific_hake_survey,D20230814T110442_IFCB117,2023-08-14 11:04:42+00:00,117,4.27837174479167,44.7384,-124.5481,,,,,,2102,,2,0
nwfsc_pacific_hake_survey,D20230814T112828_IFCB117,2023-08-14 11:28:28+00:00,117,4.85011409505208,44.7084,-124.6124,,,,,,443,,2,0
nwfsc_pacific_hake_survey,D20230814T115214_IFCB117,2023-08-14 11:52:14+00:00,117,4.92103235315394,44.6802,-124.6778,,,,,,237,,2,0
nwfsc_pacific_hake_survey,D20230814T121600_IFCB117,2023-08-14 12:16:00+00:00,117,4.96516871021412,44.652,-124.7439,,,,,,110,,2,0
nwfsc_pacific_hake_survey,D20230814T123947_IFCB117,2023-08-14 12:39:47+00:00,117,4.98093045609086,44.6172,-124.7713,,,,,,65,,2,0
nwfsc_pacific_hake_survey,D20230814T130333_IFCB117,2023-08-14 13:03:33+00:00,117,4.98280718315972,44.6125,-124.8021,,,,,,59,,2,0
nwfsc_pacific_hake_survey,D20230814T132719_IFCB117,2023-08-14 13:27:19+00:00,117,4.98149886067708,44.613,-124.83,,,,,,64,,2,0
nwfsc_pacific_hake_survey,D20230814T135105_IFCB117,2023-08-14 13:51:05+00:00,117,4.97270921947338,44.6122,-124.9007,,,,,,90,,2,0
nwfsc_pacific_hake_survey,D20230814T141450_IFCB117,2023-08-14 14:14:50+00:00,117,4.97557182255498,44.5983,-124.9028,,,,,,80,,2,0
nwfsc_pacific_hake_survey,D20230814T143837_IFCB117,2023-08-14 14:38:37+00:00,117,4.98468316876447,44.57,-124.8759,,,,,,53,,2,0
nwfsc_pacific_hake_survey,D20230814T150223_IFCB117,2023-08-14 15:02:23+00:00,117,4.97526341869213,44.5907,-124.8749,,,,,,81,,2,0
nwfsc_pacific_hake_survey,D20230814T152609_IFCB117,2023-08-14 15:26:09+00:00,117,4.9822386791088,44.6133,-124.8728,,,,,,61,,2,0
nwfsc_pacific_hake_survey,D20230814T154955_IFCB117,2023-08-14 15:49:55+00:00,117,4.98122299985532,44.6329,-124.8712,,,,,,64,,2,0
nwfsc_pacific_hake_survey,D20230814T161342_IFCB117,2023-08-14 16:13:42+00:00,117,4.98702114981192,44.6462,-124.8694,,,,,,47,,2,0
nwfsc_pacific_hake_survey,D20230814T163728_IFCB117,2023-08-14 16:37:28+00:00,117,4.98713395182292,44.6391,-124.8777,,,,,,47,,2,0
nwfsc_pacific_hake_survey,D20230814T170114_IFCB117,2023-08-14 17:01:14+00:00,117,4.98889362702546,44.6123,-124.9508,,,,,,42,,2,0
nwfsc_pacific_hake_survey,D20230814T172500_IFCB117,2023-08-14 17:25:00+00:00,117,4.99067985026042,44.6121,-125.0411,,,,,,41,,2,0
nwfsc_pacific_hake_survey,D20230814T174846_IFCB117,2023-08-14 17:48:46+00:00,117,4.9953980396412,44.6125,-125.1278,,,,,,24,,2,0
nwfsc_pacific_hake_survey,D20230814T181730_IFCB117,2023-08-14 18:17:30+00:00,117,4.97731322337963,44.6402,-125.21,,,,,,75,,2,0
nwfsc_pacific_hake_survey,D20230814T184116_IFCB117,2023-08-14 18:41:16+00:00,117,4.98317993164062,44.6957,-125.2424,,,,,,58,,2,0
nwfsc_pacific_hake_survey,D20230814T190502_IFCB117,2023-08-14 19:05:02+00:00,117,4.98076534469039,44.7521,-125.2715,,,,,,65,,2,0
nwfsc_pacific_hake_survey,D20230814T192847_IFCB117,2023-08-14 19:28:47+00:00,117,4.99441038230613,44.782,-125.2923,,,,,,26,,2,0
nwfsc_pacific_hake_survey,D20230814T195233_IFCB117,2023-08-14 19:52:33+00:00,117,4.99922334346065,44.7842,-125.2967,,,,,,12,,2,0
nwfsc_pacific_hake_survey,D20230814T201618_IFCB117,2023-08-14 20:16:18+00:00,117,4.99880077220776,44.7793,-125.2978,,,,,,15,,2,0
nwfsc_pacific_hake_survey,D20230814T204004_IFCB117,2023-08-14 20:40:04+00:00,117,4.99819391999421,44.7787,-125.2023,,,,,,16,,2,0
nwfsc_pacific_hake_survey,D20230814T210350_IFCB117,2023-08-14 21:03:50+00:00,117,4.99735880533854,44.7788,-125.1103,,,,,,18,,2,0
nwfsc_pacific_hake_survey,D20230814T212736_IFCB117,2023-08-14 21:27:36+00:00,117,4.9999845739294,44.7786,-125.0173,,,,,,10,,2,0
nwfsc_pacific_hake_survey,D20230814T215123_IFCB117,2023-08-14 21:51:23+00:00,117,4.99960462782118,44.7784,-125.0138,,,,,,11,,2,0
nwfsc_pacific_hake_survey,D20230814T221509_IFCB117,2023-08-14 22:15:09+00:00,117,4.99650939489294,44.7784,-124.9176,,,,,,20,,2,0
nwfsc_pacific_hake_survey,D20230814T223855_IFCB117,2023-08-14 22:38:55+00:00,117,4.99691666666667,44.7796,-124.8545,,,,,,19,,2,0
nwfsc_pacific_hake_survey,D20230814T230240_IFCB117,2023-08-14 23:02:40+00:00,117,5.00035020616319,44.7809,-124.8197,,,,,,10,,2,0
nwfsc_pacific_hake_survey,D20230814T232625_IFCB117,2023-08-14 23:26:25+00:00,117,4.99478366427951,44.7791,-124.7252,,,,,,25,,2,0
nwfsc_pacific_hake_survey,D20230814T235011_IFCB117,2023-08-14 23:50:11+00:00,117,4.99504732711227,44.7788,-124.6321,,,,,,25,,2,0
nwfsc_pacific_hake_survey,D20230815T001357_IFCB117,2023-08-15 00:13:57+00:00,117,4.99733973524306,44.7796,-124.6125,,,,,,18,,2,0
nwfsc_pacific_hake_survey,D20230815T003742_IFCB117,2023-08-15 00:37:42+00:00,117,4.99129832175926,44.779,-124.5361,,,,,,36,,2,0
nwfsc_pacific_hake_survey,D20230815T010128_IFCB117,2023-08-15 01:01:28+00:00,117,4.17850665509259,44.78,-124.4537,,,,,,2374,,2,0
nwfsc_pacific_hake_survey,D20230815T012514_IFCB117,2023-08-15 01:25:14+00:00,117,3.36752141203704,44.779,-124.4394,,,,,,4637,,2,0
nwfsc_pacific_hake_survey,D20230815T014903_IFCB117,2023-08-15 01:49:03+00:00,117,3.81451273148148,44.7789,-124.3459,,,,,,3406,,2,0
nwfsc_pacific_hake_survey,D20230815T021251_IFCB117,2023-08-15 02:12:51+00:00,117,3.18800159143518,44.7788,-124.2574,,,,,,5153,,2,0
nwfsc_pacific_hake_survey,D20230815T023640_IFCB117,2023-08-15 02:36:40+00:00,117,2.90787254050926,44.7793,-124.1632,,,,,,5915,,2,0
nwfsc_pacific_hake_survey,D20230815T030030_IFCB117,2023-08-15 03:00:30+00:00,117,3.71245934606481,44.7779,-124.145,,,,,,3441,,2,0
nwfsc_pacific_hake_survey,D20230815T032418_IFCB117,2023-08-15 03:24:18+00:00,117,3.33747612847222,44.7812,-124.1596,,,,,,4542,,2,0
nwfsc_pacific_hake_survey,D20230815T034807_IFCB117,2023-08-15 03:48:07+00:00,117,3.09368952546296,44.8149,-124.1644,,,,,,5405,,2,0
nwfsc_pacific_hake_survey,D20230815T041157_IFCB117,2023-08-15 04:11:57+00:00,117,2.97010532407407,44.8702,-124.164,,,,,,5738,,2,0
nwfsc_pacific_hake_survey,D20230815T043548_IFCB117,2023-08-15 04:35:48+00:00,117,2.89487210648148,44.9296,-124.1603,,,,,,5937,,2,0
nwfsc_pacific_hake_survey,D20230815T045938_IFCB117,2023-08-15 04:59:38+00:00,117,2.82228211805556,44.9877,-124.1549,,,,,,6094,,2,0
nwfsc_pacific_hake_survey,D20230815T052327_IFCB117,2023-08-15 05:23:27+00:00,117,2.64840118634259,45.0418,-124.1379,,,,,,6317,,2,0
nwfsc_pacific_hake_survey,D20230815T054717_IFCB117,2023-08-15 05:47:17+00:00,117,2.49096498842593,45.0858,-124.0813,,,,,,7068,,2,0
nwfsc_pacific_hake_survey,D20230815T061107_IFCB117,2023-08-15 06:11:07+00:00,117,2.86485575810185,45.1119,-124.0457,,,,,,5999,,2,0
nwfsc_pacific_hake_survey,D20230815T063457_IFCB117,2023-08-15 06:34:57+00:00,117,3.22586979166667,45.1112,-124.07,,,,,,4680,,2,0
nwfsc_pacific_hake_survey,D20230815T065845_IFCB117,2023-08-15 06:58:45+00:00,117,2.92812818287037,45.1114,-124.1546,,,,,,5799,,2,0
nwfsc_pacific_hake_survey,D20230815T072236_IFCB117,2023-08-15 07:22:36+00:00,117,2.64527184606482,45.1123,-124.2245,,,,,,6613,,2,0
nwfsc_pacific_hake_survey,D20230815T075810_IFCB117,2023-08-15 07:58:10+00:00,117,4.51981137876157,45.1108,-124.2459,,,,,,1405,,2,0
nwfsc_pacific_hake_survey,D20230815T082157_IFCB117,2023-08-15 08:21:57+00:00,117,4.54891276041667,45.1115,-124.2933,,,,,,1306,,2,0
nwfsc_pacific_hake_survey,D20230815T084544_IFCB117,2023-08-15 08:45:44+00:00,117,4.58642241753472,45.1122,-124.3438,,,,,,1209,,2,0
nwfsc_pacific_hake_survey,D20230815T090931_IFCB117,2023-08-15 09:09:31+00:00,117,4.7641146556713,45.1123,-124.3761,,,,,,671,,2,0
nwfsc_pacific_hake_survey,D20230815T093317_IFCB117,2023-08-15 09:33:17+00:00,117,4.8606663140191,45.1137,-124.38,,,,,,401,,2,0
nwfsc_pacific_hake_survey,D20230815T100200_IFCB117,2023-08-15 10:02:00+00:00,117,4.81440089699074,45.1247,-124.3915,,,,,,563,,2,0
nwfsc_pacific_hake_survey,D20230815T102546_IFCB117,2023-08-15 10:25:46+00:00,117,4.73865205439815,45.1214,-124.3821,,,,,,771,,2,0
nwfsc_pacific_hake_survey,D20230815T104932_IFCB117,2023-08-15 10:49:32+00:00,117,4.89857779043692,45.0908,-124.3353,,,,,,296,,2,0
nwfsc_pacific_hake_survey,D20230815T111318_IFCB117,2023-08-15 11:13:18+00:00,117,4.66646730324074,45.062,-124.2888,,,,,,645,,2,0
nwfsc_pacific_hake_survey,D20230815T113706_IFCB117,2023-08-15 11:37:06+00:00,117,3.62413715277778,45.0365,-124.242,,,,,,3945,,2,0
nwfsc_pacific_hake_survey,D20230815T120054_IFCB117,2023-08-15 12:00:54+00:00,117,3.23366898148148,45.0105,-124.1983,,,,,,5059,,2,0
nwfsc_pacific_hake_survey,D20230815T122443_IFCB117,2023-08-15 12:24:43+00:00,117,2.81313179976852,44.9828,-124.1475,,,,,,6106,,2,0
nwfsc_pacific_hake_survey,D20230815T124833_IFCB117,2023-08-15 12:48:33+00:00,117,3.28494386574074,44.9652,-124.1157,,,,,,4826,,2,0
nwfsc_pacific_hake_survey,D20230815T131222_IFCB117,2023-08-15 13:12:22+00:00,117,3.56677806712963,44.9498,-124.0889,,,,,,4037,,2,0
nwfsc_pacific_hake_survey,D20230815T133610_IFCB117,2023-08-15 13:36:10+00:00,117,3.40769285300926,44.9462,-124.1385,,,,,,4232,,2,0
nwfsc_pacific_hake_survey,D20230815T135959_IFCB117,2023-08-15 13:59:59+00:00,117,2.96274435763889,44.9458,-124.2263,,,,,,5697,,2,0
nwfsc_pacific_hake_survey,D20230815T142349_IFCB117,2023-08-15 14:23:49+00:00,117,2.87110170717593,44.9451,-124.3149,,,,,,5990,,2,0
nwfsc_pacific_hake_survey,D20230815T144740_IFCB117,2023-08-15 14:47:40+00:00,117,3.14963049768519,44.9476,-124.3926,,,,,,5264,,2,0
nwfsc_pacific_hake_survey,D20230815T151128_IFCB117,2023-08-15 15:11:28+00:00,117,3.28489192708333,44.9265,-124.3176,,,,,,4902,,2,0
nwfsc_pacific_hake_survey,D20230815T153517_IFCB117,2023-08-15 15:35:17+00:00,117,2.9516372974537,44.9323,-124.3146,,,,,,5781,,2,0
nwfsc_pacific_hake_survey,D20230815T155907_IFCB117,2023-08-15 15:59:07+00:00,117,3.94828609664352,44.9509,-124.3374,,,,,,2382,,2,0
nwfsc_pacific_hake_survey,D20230815T162255_IFCB117,2023-08-15 16:22:55+00:00,117,4.22334859664352,44.9674,-124.3569,,,,,,2213,,2,0
nwfsc_pacific_hake_survey,D20230815T164641_IFCB117,2023-08-15 16:46:41+00:00,117,4.70113310185185,44.9758,-124.3668,,,,,,847,,2,0
nwfsc_pacific_hake_survey,D20230815T171027_IFCB117,2023-08-15 17:10:27+00:00,117,4.72444645182292,44.9476,-124.376,,,,,,806,,2,0
nwfsc_pacific_hake_survey,D20230815T173414_IFCB117,2023-08-15 17:34:14+00:00,117,4.49392473234954,44.9456,-124.4664,,,,,,1440,,2,0
nwfsc_pacific_hake_survey,D20230815T175801_IFCB117,2023-08-15 17:58:01+00:00,117,4.66495851417824,44.9457,-124.5566,,,,,,976,,2,0
nwfsc_pacific_hake_survey,D20230815T182147_IFCB117,2023-08-15 18:21:47+00:00,117,4.78623158998843,44.9457,-124.6417,,,,,,623,,2,0
nwfsc_pacific_hake_survey,D20230815T184532_IFCB117,2023-08-15 18:45:32+00:00,117,4.58169701244213,44.9451,-124.731,,,,,,1222,,2,0
nwfsc_pacific_hake_survey,D20230815T190919_IFCB117,2023-08-15 19:09:19+00:00,117,4.76371310763889,44.9458,-124.819,,,,,,688,,2,0
nwfsc_pacific_hake_survey,D20230815T193305_IFCB117,2023-08-15 19:33:05+00:00,117,4.82782776331018,44.9452,-124.9047,,,,,,503,,2,0
nwfsc_pacific_hake_survey,D20230815T195652_IFCB117,2023-08-15 19:56:52+00:00,117,4.82575871672454,44.9464,-124.9883,,,,,,503,,2,0
nwfsc_pacific_hake_survey,D20230815T202037_IFCB117,2023-08-15 20:20:37+00:00,117,4.88493312355324,44.9462,-125.0732,,,,,,336,,2,0
nwfsc_pacific_hake_survey,D20230815T204422_IFCB117,2023-08-15 20:44:22+00:00,117,4.87615672019676,44.9464,-125.1571,,,,,,361,,2,0
nwfsc_pacific_hake_survey,D20230815T210808_IFCB117,2023-08-15 21:08:08+00:00,117,4.87695189525463,44.9449,-125.2452,,,,,,355,,2,0
nwfsc_pacific_hake_survey,D20230815T213155_IFCB117,2023-08-15 21:31:55+00:00,117,4.91133780020255,44.9696,-125.2393,,,,,,262,,2,0
nwfsc_pacific_hake_survey,D20230815T215541_IFCB117,2023-08-15 21:55:41+00:00,117,4.89964609555845,45.0046,-125.1989,,,,,,298,,2,0
nwfsc_pacific_hake_survey,D20230815T221927_IFCB117,2023-08-15 22:19:27+00:00,117,4.90728651258681,45.0512,-125.1475,,,,,,272,,2,0
nwfsc_pacific_hake_survey,D20230815T224312_IFCB117,2023-08-15 22:43:12+00:00,117,4.9403133770978,45.0996,-125.0942,,,,,,181,,2,0
nwfsc_pacific_hake_survey,D20230815T230659_IFCB117,2023-08-15 23:06:59+00:00,117,4.96116517469618,45.1123,-125.0151,,,,,,115,,2,0
nwfsc_pacific_hake_survey,D20230815T233045_IFCB117,2023-08-15 23:30:45+00:00,117,4.97912118417245,45.1122,-124.9228,,,,,,60,,2,0
nwfsc_pacific_hake_survey,D20230815T235431_IFCB117,2023-08-15 23:54:31+00:00,117,4.96990054434317,45.1123,-124.8287,,,,,,96,,2,0
nwfsc_pacific_hake_survey,D20230816T001816_IFCB117,2023-08-16 00:18:16+00:00,117,4.97147008825231,45.1123,-124.7329,,,,,,94,,2,0
nwfsc_pacific_hake_survey,D20230816T004202_IFCB117,2023-08-16 00:42:02+00:00,117,4.96919710286458,45.1122,-124.638,,,,,,100,,2,0
nwfsc_pacific_hake_survey,D20230816T010548_IFCB117,2023-08-16 01:05:48+00:00,117,4.97423412181713,45.1123,-124.5458,,,,,,86,,2,0
nwfsc_pacific_hake_survey,D20230816T012933_IFCB117,2023-08-16 01:29:33+00:00,117,4.96195431857639,45.1123,-124.4511,,,,,,120,,2,0
nwfsc_pacific_hake_survey,D20230816T015816_IFCB117,2023-08-16 01:58:16+00:00,117,4.95447900390625,45.1123,-124.3367,,,,,,145,,2,0
nwfsc_pacific_hake_survey,D20230816T022202_IFCB117,2023-08-16 02:22:02+00:00,117,4.96480553747107,45.1122,-124.2425,,,,,,113,,2,0
nwfsc_pacific_hake_survey,D20230816T024549_IFCB117,2023-08-16 02:45:49+00:00,117,3.89770348668982,45.1127,-124.1521,,,,,,3204,,2,0
nwfsc_pacific_hake_survey,D20230816T030937_IFCB117,2023-08-16 03:09:37+00:00,117,2.72340653935185,45.112,-124.061,,,,,,6459,,2,0
nwfsc_pacific_hake_survey,D20230816T033328_IFCB117,2023-08-16 03:33:28+00:00,117,2.87159924768518,45.1552,-124.0678,,,,,,6009,,2,0
nwfsc_pacific_hake_survey,D20230816T035718_IFCB117,2023-08-16 03:57:18+00:00,117,2.53009056712963,45.2086,-124.0988,,,,,,6712,,2,0
nwfsc_pacific_hake_survey,D20230816T042109_IFCB117,2023-08-16 04:21:09+00:00,117,2.99024001736111,45.2671,-124.128,,,,,,5752,,2,0
nwfsc_pacific_hake_survey,D20230816T044458_IFCB117,2023-08-16 04:44:58+00:00,117,2.52216608796296,45.3226,-124.1569,,,,,,6893,,2,0
nwfsc_pacific_hake_survey,D20230816T050847_IFCB117,2023-08-16 05:08:47+00:00,117,2.38948148148148,45.3803,-124.1894,,,,,,7262,,2,0
nwfsc_pacific_hake_survey,D20230816T053238_IFCB117,2023-08-16 05:32:38+00:00,117,2.37533651620371,45.4336,-124.2217,,,,,,7308,,2,0
nwfsc_pacific_hake_survey,D20230816T055628_IFCB117,2023-08-16 05:56:28+00:00,117,3.06625274884259,45.4453,-124.2313,,,,,,5002,,2,0
nwfsc_pacific_hake_survey,D20230816T062017_IFCB117,2023-08-16 06:20:17+00:00,117,2.81401837384259,45.4468,-124.2846,,,,,,6152,,2,0
nwfsc_pacific_hake_survey,D20230816T064407_IFCB117,2023-08-16 06:44:07+00:00,117,3.77264583333333,45.4463,-124.373,,,,,,3367,,2,0
nwfsc_pacific_hake_survey,D20230816T071938_IFCB117,2023-08-16 07:19:38+00:00,117,4.55832414641204,45.4462,-124.4536,,,,,,995,,2,0
nwfsc_pacific_hake_survey,D20230816T074326_IFCB117,2023-08-16 07:43:26+00:00,117,4.4507685546875,45.4482,-124.4624,,,,,,1416,,2,0
nwfsc_pacific_hake_survey,D20230816T080713_IFCB117,2023-08-16 08:07:13+00:00,117,4.4958773509838,45.4477,-124.5357,,,,,,1358,,2,0
nwfsc_pacific_hake_survey,D20230816T083100_IFCB117,2023-08-16 08:31:00+00:00,117,4.50312160011574,45.4458,-124.6235,,,,,,1455,,2,0
nwfsc_pacific_hake_survey,D20230816T085447_IFCB117,2023-08-16 08:54:47+00:00,117,4.89355180302373,45.445,-124.7085,,,,,,267,,2,0
nwfsc_pacific_hake_survey,D20230816T091832_IFCB117,2023-08-16 09:18:32+00:00,117,4.84421647135417,45.4441,-124.7337,,,,,,460,,2,0
nwfsc_pacific_hake_survey,D20230816T094219_IFCB117,2023-08-16 09:42:19+00:00,117,4.86426680953414,45.4431,-124.7431,,,,,,401,,2,0
nwfsc_pacific_hake_survey,D20230816T100605_IFCB117,2023-08-16 10:06:05+00:00,117,4.85840525535301,45.4452,-124.8182,,,,,,406,,2,0
nwfsc_pacific_hake_survey,D20230816T102950_IFCB117,2023-08-16 10:29:50+00:00,117,4.89843468786169,45.4453,-124.8504,,,,,,280,,2,0
nwfsc_pacific_hake_survey,D20230816T105335_IFCB117,2023-08-16 10:53:35+00:00,117,4.90891718207465,45.4447,-124.8564,,,,,,270,,2,0
nwfsc_pacific_hake_survey,D20230816T111722_IFCB117,2023-08-16 11:17:22+00:00,117,4.90919581886574,45.4456,-124.8963,,,,,,272,,2,0
nwfsc_pacific_hake_survey,D20230816T114108_IFCB117,2023-08-16 11:41:08+00:00,117,4.90026136610243,45.4459,-124.9736,,,,,,297,,2,0
nwfsc_pacific_hake_survey,D20230816T120454_IFCB117,2023-08-16 12:04:54+00:00,117,4.95506851309317,45.4456,-124.9905,,,,,,134,,2,0
nwfsc_pacific_hake_survey,D20230816T122839_IFCB117,2023-08-16 12:28:39+00:00,117,4.93704432508681,45.4466,-124.9967,,,,,,192,,2,0
nwfsc_pacific_hake_survey,D20230816T125225_IFCB117,2023-08-16 12:52:25+00:00,117,4.9393690411603,45.4467,-124.9974,,,,,,185,,2,0
nwfsc_pacific_hake_survey,D20230816T131612_IFCB117,2023-08-16 13:16:12+00:00,117,4.9385197301794,45.4483,-124.9982,,,,,,186,,2,0
nwfsc_pacific_hake_survey,D20230816T133958_IFCB117,2023-08-16 13:39:58+00:00,117,4.93394680447049,45.4455,-124.9287,,,,,,198,,2,0
nwfsc_pacific_hake_survey,D20230816T140343_IFCB117,2023-08-16 14:03:43+00:00,117,4.92219023980035,45.4444,-124.8344,,,,,,237,,2,0
nwfsc_pacific_hake_survey,D20230816T142729_IFCB117,2023-08-16 14:27:29+00:00,117,4.94317788809317,45.4458,-124.741,,,,,,173,,2,0
nwfsc_pacific_hake_survey,D20230816T145116_IFCB117,2023-08-16 14:51:16+00:00,117,4.94143284324363,45.4458,-124.6475,,,,,,197,,2,0
nwfsc_pacific_hake_survey,D20230816T151502_IFCB117,2023-08-16 15:15:02+00:00,117,4.77804146773727,45.4458,-124.5521,,,,,,650,,2,0
nwfsc_pacific_hake_survey,D20230816T153847_IFCB117,2023-08-16 15:38:47+00:00,117,4.84390104166667,45.4457,-124.4603,,,,,,431,,2,0
nwfsc_pacific_hake_survey,D20230816T160233_IFCB117,2023-08-16 16:02:33+00:00,117,4.30225347222222,45.4426,-124.4096,,,,,,1930,,2,0
nwfsc_pacific_hake_survey,D20230816T162621_IFCB117,2023-08-16 16:26:21+00:00,117,4.27893012152778,45.4191,-124.4284,,,,,,2073,,2,0
nwfsc_pacific_hake_survey,D20230816T165008_IFCB117,2023-08-16 16:50:08+00:00,117,4.20441775173611,45.441,-124.4446,,,,,,2278,,2,0
nwfsc_pacific_hake_survey,D20230816T171354_IFCB117,2023-08-16 17:13:54+00:00,117,4.00825694444444,45.4626,-124.4616,,,,,,2866,,2,0
nwfsc_pacific_hake_survey,D20230816T174239_IFCB117,2023-08-16 17:42:39+00:00,117,4.68761783854167,45.4857,-124.4799,,,,,,917,,2,0
nwfsc_pacific_hake_survey,D20230816T180627_IFCB117,2023-08-16 18:06:27+00:00,117,4.88695185908565,45.5002,-124.492,,,,,,337,,2,0
nwfsc_pacific_hake_survey,D20230816T183013_IFCB117,2023-08-16 18:30:13+00:00,117,4.91526963975694,45.5092,-124.5007,,,,,,242,,2,0
nwfsc_pacific_hake_survey,D20230816T185359_IFCB117,2023-08-16 18:53:59+00:00,117,4.93481604456018,45.5142,-124.5139,,,,,,200,,2,0
nwfsc_pacific_hake_survey,D20230816T191745_IFCB117,2023-08-16 19:17:45+00:00,117,4.96682404694734,45.5178,-124.5347,,,,,,107,,2,0
nwfsc_pacific_hake_survey,D20230816T194131_IFCB117,2023-08-16 19:41:31+00:00,117,4.94147613751447,45.5276,-124.556,,,,,,179,,2,0
nwfsc_pacific_hake_survey,D20230816T200518_IFCB117,2023-08-16 20:05:18+00:00,117,4.93960611979167,45.534,-124.5761,,,,,,184,,2,0
nwfsc_pacific_hake_survey,D20230816T202903_IFCB117,2023-08-16 20:29:03+00:00,117,4.9468301775897,45.4824,-124.5131,,,,,,169,,2,0
nwfsc_pacific_hake_survey,D20230816T205249_IFCB117,2023-08-16 20:52:49+00:00,117,3.9239361255787,45.4324,-124.4546,,,,,,3150,,2,0
nwfsc_pacific_hake_survey,D20230816T211637_IFCB117,2023-08-16 21:16:37+00:00,117,4.45450868055556,45.4195,-124.4345,,,,,,1611,,2,0
nwfsc_pacific_hake_survey,D20230816T214025_IFCB117,2023-08-16 21:40:25+00:00,117,4.09851070601852,45.4221,-124.4341,,,,,,2658,,2,0
nwfsc_pacific_hake_survey,D20230816T220413_IFCB117,2023-08-16 22:04:13+00:00,117,4.20653399884259,45.4214,-124.4341,,,,,,2341,,2,0
nwfsc_pacific_hake_survey,D20230816T222759_IFCB117,2023-08-16 22:27:59+00:00,117,4.11806821469907,45.4275,-124.4399,,,,,,2603,,2,0
nwfsc_pacific_hake_survey,D20230816T225147_IFCB117,2023-08-16 22:51:47+00:00,117,3.77848046875,45.4494,-124.4577,,,,,,3543,,2,0
nwfsc_pacific_hake_survey,D20230816T231535_IFCB117,2023-08-16 23:15:35+00:00,117,3.55524913194444,45.4688,-124.4753,,,,,,4180,,2,0
nwfsc_pacific_hake_survey,D20230816T233923_IFCB117,2023-08-16 23:39:23+00:00,117,3.97828797743056,45.4832,-124.4881,,,,,,3020,,2,0
nwfsc_pacific_hake_survey,D20230817T000311_IFCB117,2023-08-17 00:03:11+00:00,117,4.31550144675926,45.4924,-124.5045,,,,,,1991,,2,0
nwfsc_pacific_hake_survey,D20230817T002658_IFCB117,2023-08-17 00:26:58+00:00,117,3.67730338541667,45.4546,-124.4313,,,,,,3812,,2,0
nwfsc_pacific_hake_survey,D20230817T005047_IFCB117,2023-08-17 00:50:47+00:00,117,3.82307718460648,45.4455,-124.3352,,,,,,3058,,2,0
nwfsc_pacific_hake_survey,D20230817T011435_IFCB117,2023-08-17 01:14:35+00:00,117,3.97698177083333,45.4457,-124.2347,,,,,,2969,,2,0
nwfsc_pacific_hake_survey,D20230817T013822_IFCB117,2023-08-17 01:38:22+00:00,117,2.69859895833333,45.4457,-124.1339,,,,,,6429,,2,0
nwfsc_pacific_hake_survey,D20230817T020212_IFCB117,2023-08-17 02:02:12+00:00,117,3.16232884837963,45.4457,-124.0417,,,,,,5166,,2,0
nwfsc_pacific_hake_survey,D20230817T022601_IFCB117,2023-08-17 02:26:01+00:00,117,3.43122048611111,45.4665,-124.055,,,,,,4473,,2,0
nwfsc_pacific_hake_survey,D20230817T024949_IFCB117,2023-08-17 02:49:49+00:00,117,3.38359577546296,45.5137,-124.0494,,,,,,4547,,2,0
nwfsc_pacific_hake_survey,D20230817T031337_IFCB117,2023-08-17 03:13:37+00:00,117,3.56559722222222,45.5652,-124.0488,,,,,,4093,,2,0
nwfsc_pacific_hake_survey,D20230817T033726_IFCB117,2023-08-17 03:37:26+00:00,117,3.5159877025463,45.6181,-124.0458,,,,,,4214,,2,0
nwfsc_pacific_hake_survey,D20230817T040116_IFCB117,2023-08-17 04:01:16+00:00,117,3.6979609375,45.6712,-124.0462,,,,,,3672,,2,0
nwfsc_pacific_hake_survey,D20230817T042505_IFCB117,2023-08-17 04:25:05+00:00,117,3.5891607349537,45.7253,-124.0439,,,,,,3984,,2,0
nwfsc_pacific_hake_survey,D20230817T044853_IFCB117,2023-08-17 04:48:53+00:00,117,3.87142643229167,45.7748,-124.0294,,,,,,3210,,2,0
nwfsc_pacific_hake_survey,D20230817T051240_IFCB117,2023-08-17 05:12:40+00:00,117,4.09738411458333,45.7807,-124.0284,,,,,,2615,,2,0
nwfsc_pacific_hake_survey,D20230817T053628_IFCB117,2023-08-17 05:36:28+00:00,117,4.23768366608796,45.7791,-124.102,,,,,,2203,,2,0
nwfsc_pacific_hake_survey,D20230817T060015_IFCB117,2023-08-17 06:00:15+00:00,117,4.0597982494213,45.7791,-124.1798,,,,,,2708,,2,0
nwfsc_pacific_hake_survey,D20230817T062403_IFCB117,2023-08-17 06:24:03+00:00,117,3.68681944444445,45.7791,-124.2595,,,,,,3764,,2,0
nwfsc_pacific_hake_survey,D20230817T065935_IFCB117,2023-08-17 06:59:35+00:00,117,4.22421860532407,45.779,-124.3734,,,,,,2259,,2,0
nwfsc_pacific_hake_survey,D20230817T072322_IFCB117,2023-08-17 07:23:22+00:00,117,4.45866384548611,45.7808,-124.3735,,,,,,1456,,2,0
nwfsc_pacific_hake_survey,D20230817T074710_IFCB117,2023-08-17 07:47:10+00:00,117,4.80634841579861,45.7806,-124.442,,,,,,372,,2,0
nwfsc_pacific_hake_survey,D20230817T081056_IFCB117,2023-08-17 08:10:56+00:00,117,4.67763787615741,45.7767,-124.5261,,,,,,917,,2,0
nwfsc_pacific_hake_survey,D20230817T083443_IFCB117,2023-08-17 08:34:43+00:00,117,4.79553439670139,45.7777,-124.6167,,,,,,555,,2,0
nwfsc_pacific_hake_survey,D20230817T085829_IFCB117,2023-08-17 08:58:29+00:00,117,4.86578042715567,45.779,-124.6919,,,,,,347,,2,0
nwfsc_pacific_hake_survey,D20230817T092713_IFCB117,2023-08-17 09:27:13+00:00,117,4.91476268627026,45.7763,-124.7016,,,,,,254,,2,0
nwfsc_pacific_hake_survey,D20230817T095059_IFCB117,2023-08-17 09:50:59+00:00,117,4.89089962203414,45.7787,-124.7735,,,,,,291,,2,0
nwfsc_pacific_hake_survey,D20230817T101444_IFCB117,2023-08-17 10:14:44+00:00,117,4.91223206018519,45.7775,-124.7847,,,,,,255,,2,0
nwfsc_pacific_hake_survey,D20230817T103830_IFCB117,2023-08-17 10:38:30+00:00,117,4.94090359157986,45.7777,-124.7941,,,,,,178,,2,0
nwfsc_pacific_hake_survey,D20230817T110217_IFCB117,2023-08-17 11:02:17+00:00,117,4.92524601236979,45.7782,-124.8711,,,,,,225,,2,0
nwfsc_pacific_hake_survey,D20230817T112603_IFCB117,2023-08-17 11:26:03+00:00,117,4.94491893627025,45.7794,-124.8999,,,,,,168,,2,0
nwfsc_pacific_hake_survey,D20230817T114949_IFCB117,2023-08-17 11:49:49+00:00,117,4.94925025318287,45.781,-124.9051,,,,,,154,,2,0
nwfsc_pacific_hake_survey,D20230817T121335_IFCB117,2023-08-17 12:13:35+00:00,117,4.95923273835359,45.7507,-124.9611,,,,,,127,,2,0
nwfsc_pacific_hake_survey,D20230817T123721_IFCB117,2023-08-17 12:37:21+00:00,117,4.96464319299769,45.7042,-125.0379,,,,,,110,,2,0
nwfsc_pacific_hake_survey,D20230817T130108_IFCB117,2023-08-17 13:01:08+00:00,117,4.97378947844329,45.6607,-125.1161,,,,,,86,,2,0
nwfsc_pacific_hake_survey,D20230817T132454_IFCB117,2023-08-17 13:24:54+00:00,117,4.98040059859664,45.62,-125.1944,,,,,,66,,2,0
nwfsc_pacific_hake_survey,D20230817T134840_IFCB117,2023-08-17 13:48:40+00:00,117,4.97073589409722,45.6116,-125.1335,,,,,,93,,2,0
nwfsc_pacific_hake_survey,D20230817T141226_IFCB117,2023-08-17 14:12:26+00:00,117,4.96523568612558,45.6121,-125.0434,,,,,,113,,2,0
nwfsc_pacific_hake_survey,D20230817T143613_IFCB117,2023-08-17 14:36:13+00:00,117,4.96028433340567,45.6117,-124.9543,,,,,,124,,2,0
nwfsc_pacific_hake_survey,D20230817T145959_IFCB117,2023-08-17 14:59:59+00:00,117,4.95959940140336,45.6116,-124.8687,,,,,,127,,2,0
nwfsc_pacific_hake_survey,D20230817T152344_IFCB117,2023-08-17 15:23:44+00:00,117,4.93212546115451,45.6119,-124.7786,,,,,,210,,2,0
nwfsc_pacific_hake_survey,D20230817T154730_IFCB117,2023-08-17 15:47:30+00:00,117,4.92759627278646,45.6118,-124.6844,,,,,,218,,2,0
nwfsc_pacific_hake_survey,D20230817T161117_IFCB117,2023-08-17 16:11:17+00:00,117,4.83426788556134,45.612,-124.5874,,,,,,475,,2,0
nwfsc_pacific_hake_survey,D20230817T163503_IFCB117,2023-08-17 16:35:03+00:00,117,4.85246217628762,45.6137,-124.5312,,,,,,419,,2,0
nwfsc_pacific_hake_survey,D20230817T165849_IFCB117,2023-08-17 16:58:49+00:00,117,4.88576690899884,45.5805,-124.5567,,,,,,339,,2,0
nwfsc_pacific_hake_survey,D20230817T172235_IFCB117,2023-08-17 17:22:35+00:00,117,4.8232925708912,45.6011,-124.5666,,,,,,511,,2,0
nwfsc_pacific_hake_survey,D20230817T174621_IFCB117,2023-08-17 17:46:21+00:00,117,4.80271567563657,45.6211,-124.5778,,,,,,583,,2,0
nwfsc_pacific_hake_survey,D20230817T181008_IFCB117,2023-08-17 18:10:08+00:00,117,4.84116829427083,45.6319,-124.5855,,,,,,474,,2,0
nwfsc_pacific_hake_survey,D20230817T183354_IFCB117,2023-08-17 18:33:54+00:00,117,4.86168492296007,45.6207,-124.5758,,,,,,407,,2,0
nwfsc_pacific_hake_survey,D20230817T185740_IFCB117,2023-08-17 18:57:40+00:00,117,4.817755859375,45.6124,-124.489,,,,,,539,,2,0
nwfsc_pacific_hake_survey,D20230817T192127_IFCB117,2023-08-17 19:21:27+00:00,117,4.9437672797309,45.6121,-124.3899,,,,,,182,,2,0
nwfsc_pacific_hake_survey,D20230817T194513_IFCB117,2023-08-17 19:45:13+00:00,117,2.69762890625,45.6125,-124.2904,,,,,,6553,,2,0
nwfsc_pacific_hake_survey,D20230817T200904_IFCB117,2023-08-17 20:09:04+00:00,117,3.07222309027778,45.6123,-124.1921,,,,,,5521,,2,0
nwfsc_pacific_hake_survey,D20230817T203253_IFCB117,2023-08-17 20:32:53+00:00,117,2.66177025462963,45.6122,-124.0983,,,,,,6625,,2,0
nwfsc_pacific_hake_survey,D20230817T205643_IFCB117,2023-08-17 20:56:43+00:00,117,3.2400669849537,45.6128,-124.0103,,,,,,4963,,2,0
nwfsc_pacific_hake_survey,D20230817T212033_IFCB117,2023-08-17 21:20:33+00:00,117,3.50454803240741,45.6646,-124.0167,,,,,,4277,,2,0
nwfsc_pacific_hake_survey,D20230817T214422_IFCB117,2023-08-17 21:44:22+00:00,117,2.78545587384259,45.7169,-124.0182,,,,,,6287,,2,0
nwfsc_pacific_hake_survey,D20230817T220812_IFCB117,2023-08-17 22:08:12+00:00,117,3.14062601273148,45.7694,-124.0236,,,,,,5261,,2,0
nwfsc_pacific_hake_survey,D20230817T223202_IFCB117,2023-08-17 22:32:02+00:00,117,2.61660416666667,45.7789,-124.1005,,,,,,6731,,2,0
nwfsc_pacific_hake_survey,D20230817T225554_IFCB117,2023-08-17 22:55:54+00:00,117,3.81430700231482,45.7794,-124.1923,,,,,,3440,,2,0
nwfsc_pacific_hake_survey,D20230817T231942_IFCB117,2023-08-17 23:19:42+00:00,117,4.62342455150463,45.7791,-124.2866,,,,,,1088,,2,0
nwfsc_pacific_hake_survey,D20230817T234329_IFCB117,2023-08-17 23:43:29+00:00,117,4.51828190104167,45.7807,-124.3645,,,,,,1265,,2,0
nwfsc_pacific_hake_survey,D20230818T000716_IFCB117,2023-08-18 00:07:16+00:00,117,4.1942669994213,45.7539,-124.3037,,,,,,2375,,2,0
nwfsc_pacific_hake_survey,D20230818T003103_IFCB117,2023-08-18 00:31:03+00:00,117,4.52894176793981,45.7647,-124.3042,,,,,,1376,,2,0
nwfsc_pacific_hake_survey,D20230818T005451_IFCB117,2023-08-18 00:54:51+00:00,117,4.65130906394676,45.787,-124.3129,,,,,,933,,2,0
nwfsc_pacific_hake_survey,D20230818T012335_IFCB117,2023-08-18 01:23:35+00:00,117,4.63318637876157,45.8036,-124.3177,,,,,,1080,,2,0
nwfsc_pacific_hake_survey,D20230818T014722_IFCB117,2023-08-18 01:47:22+00:00,117,4.71852681929977,45.7878,-124.3347,,,,,,830,,2,0
nwfsc_pacific_hake_survey,D20230818T021109_IFCB117,2023-08-18 02:11:09+00:00,117,4.64856170428241,45.779,-124.4272,,,,,,1030,,2,0
nwfsc_pacific_hake_survey,D20230818T023456_IFCB117,2023-08-18 02:34:56+00:00,117,4.7262035228588,45.7792,-124.5202,,,,,,816,,2,0
nwfsc_pacific_hake_survey,D20230818T025842_IFCB117,2023-08-18 02:58:42+00:00,117,4.81627387152778,45.7789,-124.6151,,,,,,554,,2,0
nwfsc_pacific_hake_survey,D20230818T032228_IFCB117,2023-08-18 03:22:28+00:00,117,4.83993344907408,45.7783,-124.7085,,,,,,469,,2,0
nwfsc_pacific_hake_survey,D20230818T034613_IFCB117,2023-08-18 03:46:13+00:00,117,4.94445306170428,45.7784,-124.791,,,,,,168,,2,0
nwfsc_pacific_hake_survey,D20230818T041000_IFCB117,2023-08-18 04:10:00+00:00,117,4.93803294994213,45.78,-124.8731,,,,,,188,,2,0
nwfsc_pacific_hake_survey,D20230818T043346_IFCB117,2023-08-18 04:33:46+00:00,117,4.94433004195602,45.7805,-124.9506,,,,,,174,,2,0
nwfsc_pacific_hake_survey,D20230818T045732_IFCB117,2023-08-18 04:57:32+00:00,117,4.96976684570313,45.7789,-125.0185,,,,,,100,,2,0
nwfsc_pacific_hake_survey,D20230818T052117_IFCB117,2023-08-18 05:21:17+00:00,117,4.97505910915799,45.7784,-125.0892,,,,,,83,,2,0
nwfsc_pacific_hake_survey,D20230818T054503_IFCB117,2023-08-18 05:45:03+00:00,117,4.97362419524016,45.7773,-125.1005,,,,,,88,,2,0
nwfsc_pacific_hake_survey,D20230818T062033_IFCB117,2023-08-18 06:20:33+00:00,117,4.97760012478299,45.7777,-125.1088,,,,,,74,,2,0
nwfsc_pacific_hake_survey,D20230818T064419_IFCB117,2023-08-18 06:44:19+00:00,117,4.93972445565683,45.7767,-125.0636,,,,,,173,,2,0
nwfsc_pacific_hake_survey,D20230818T070806_IFCB117,2023-08-18 07:08:06+00:00,117,4.99067126916956,45.7767,-125.0185,,,,,,34,,2,0
nwfsc_pacific_hake_survey,D20230818T073152_IFCB117,2023-08-18 07:31:52+00:00,117,4.97217757161458,45.7773,-125.0255,,,,,,91,,2,0
nwfsc_pacific_hake_survey,D20230818T075538_IFCB117,2023-08-18 07:55:38+00:00,117,4.97571516022859,45.78,-125.0273,,,,,,79,,2,0
nwfsc_pacific_hake_survey,D20230818T081924_IFCB117,2023-08-18 08:19:24+00:00,117,4.98244942672164,45.7781,-124.9431,,,,,,60,,2,0
nwfsc_pacific_hake_survey,D20230818T084310_IFCB117,2023-08-18 08:43:10+00:00,117,4.98359172453704,45.778,-124.8579,,,,,,53,,2,0
nwfsc_pacific_hake_survey,D20230818T090656_IFCB117,2023-08-18 09:06:56+00:00,117,4.98005989583333,45.7781,-124.7769,,,,,,70,,2,0
nwfsc_pacific_hake_survey,D20230818T093042_IFCB117,2023-08-18 09:30:42+00:00,117,4.96033907515914,45.7765,-124.699,,,,,,126,,2,0
nwfsc_pacific_hake_survey,D20230818T095428_IFCB117,2023-08-18 09:54:28+00:00,117,4.90489460358796,45.7737,-124.631,,,,,,281,,2,0
nwfsc_pacific_hake_survey,D20230818T101814_IFCB117,2023-08-18 10:18:14+00:00,117,4.88807582826968,45.7714,-124.5614,,,,,,333,,2,0
nwfsc_pacific_hake_survey,D20230818T104200_IFCB117,2023-08-18 10:42:00+00:00,117,4.85147761140046,45.7805,-124.5156,,,,,,394,,2,0
nwfsc_pacific_hake_survey,D20230818T110546_IFCB117,2023-08-18 11:05:46+00:00,117,4.87591880063657,45.8075,-124.5227,,,,,,368,,2,0
nwfsc_pacific_hake_survey,D20230818T112932_IFCB117,2023-08-18 11:29:32+00:00,117,4.83843185763889,45.8343,-124.5276,,,,,,481,,2,0
nwfsc_pacific_hake_survey,D20230818T115318_IFCB117,2023-08-18 11:53:18+00:00,117,4.78526204427083,45.8529,-124.5303,,,,,,635,,2,0
nwfsc_pacific_hake_survey,D20230818T121705_IFCB117,2023-08-18 12:17:05+00:00,117,4.85298840784144,45.8143,-124.5165,,,,,,439,,2,0
nwfsc_pacific_hake_survey,D20230818T124051_IFCB117,2023-08-18 12:40:51+00:00,117,4.77913952184606,45.7799,-124.503,,,,,,653,,2,0
nwfsc_pacific_hake_survey,D20230818T130437_IFCB117,2023-08-18 13:04:37+00:00,117,4.79366702835648,45.7502,-124.4971,,,,,,608,,2,0
nwfsc_pacific_hake_survey,D20230818T132823_IFCB117,2023-08-18 13:28:23+00:00,117,4.80559197771991,45.7735,-124.5289,,,,,,572,,2,0
nwfsc_pacific_hake_survey,D20230818T135209_IFCB117,2023-08-18 13:52:09+00:00,117,4.84015163845486,45.7788,-124.6112,,,,,,426,,2,0
nwfsc_pacific_hake_survey,D20230818T141555_IFCB117,2023-08-18 14:15:55+00:00,117,4.93204156720197,45.7787,-124.6968,,,,,,196,,2,0
nwfsc_pacific_hake_survey,D20230818T143941_IFCB117,2023-08-18 14:39:41+00:00,117,4.92221536820023,45.7785,-124.7854,,,,,,235,,2,0
nwfsc_pacific_hake_survey,D20230818T150327_IFCB117,2023-08-18 15:03:27+00:00,117,4.97326480215567,45.7782,-124.8737,,,,,,89,,2,0
nwfsc_pacific_hake_survey,D20230818T152713_IFCB117,2023-08-18 15:27:13+00:00,117,4.97881171332465,45.7792,-124.9607,,,,,,71,,2,0
nwfsc_pacific_hake_survey,D20230818T155100_IFCB117,2023-08-18 15:51:00+00:00,117,4.98661908637153,45.779,-125.0466,,,,,,49,,2,0
nwfsc_pacific_hake_survey,D20230818T161446_IFCB117,2023-08-18 16:14:46+00:00,117,4.97054853877315,45.7944,-125.098,,,,,,97,,2,0
nwfsc_pacific_hake_survey,D20230818T163832_IFCB117,2023-08-18 16:38:32+00:00,117,4.96208167860243,45.8379,-125.0879,,,,,,120,,2,0
nwfsc_pacific_hake_survey,D20230818T170715_IFCB117,2023-08-18 17:07:15+00:00,117,4.98347657154225,45.8867,-125.078,,,,,,57,,2,0
nwfsc_pacific_hake_survey,D20230818T173102_IFCB117,2023-08-18 17:31:02+00:00,117,4.99200550672743,45.9292,-125.0762,,,,,,33,,2,0
nwfsc_pacific_hake_survey,D20230818T175448_IFCB117,2023-08-18 17:54:48+00:00,117,4.99170597330729,45.9472,-125.0207,,,,,,34,,2,0
nwfsc_pacific_hake_survey,D20230818T181833_IFCB117,2023-08-18 18:18:33+00:00,117,4.99485255714699,45.9456,-124.9244,,,,,,26,,2,0
nwfsc_pacific_hake_survey,D20230818T184219_IFCB117,2023-08-18 18:42:19+00:00,117,4.99911750397859,45.9458,-124.8286,,,,,,14,,2,0
nwfsc_pacific_hake_survey,D20230818T190605_IFCB117,2023-08-18 19:06:05+00:00,117,4.99653274197049,45.9459,-124.7339,,,,,,17,,2,0
nwfsc_pacific_hake_survey,D20230818T192951_IFCB117,2023-08-18 19:29:51+00:00,117,4.96846861436632,45.9452,-124.6421,,,,,,99,,2,0
nwfsc_pacific_hake_survey,D20230818T195337_IFCB117,2023-08-18 19:53:37+00:00,117,4.68293728298611,45.9449,-124.5512,,,,,,876,,2,0
nwfsc_pacific_hake_survey,D20230818T201724_IFCB117,2023-08-18 20:17:24+00:00,117,4.78845381221065,45.9461,-124.4571,,,,,,574,,2,0
nwfsc_pacific_hake_survey,D20230818T204109_IFCB117,2023-08-18 20:41:09+00:00,117,4.84451247829861,45.9468,-124.3641,,,,,,463,,2,0
nwfsc_pacific_hake_survey,D20230818T210456_IFCB117,2023-08-18 21:04:56+00:00,117,4.49514019097222,45.9463,-124.2758,,,,,,1483,,2,0
nwfsc_pacific_hake_survey,D20230818T212842_IFCB117,2023-08-18 21:28:42+00:00,117,3.92108977141204,45.9454,-124.1833,,,,,,3173,,2,0
nwfsc_pacific_hake_survey,D20230818T215230_IFCB117,2023-08-18 21:52:30+00:00,117,3.1018130787037,45.9452,-124.087,,,,,,5463,,2,0
nwfsc_pacific_hake_survey,D20230818T221619_IFCB117,2023-08-18 22:16:19+00:00,117,2.47700289351852,45.9691,-124.0457,,,,,,7224,,2,0
nwfsc_pacific_hake_survey,D20230818T224010_IFCB117,2023-08-18 22:40:10+00:00,117,3.03705280671296,46.0294,-124.0687,,,,,,5555,,2,0
nwfsc_pacific_hake_survey,D20230818T230400_IFCB117,2023-08-18 23:04:00+00:00,117,3.50979282407407,46.0907,-124.0882,,,,,,4376,,2,0
nwfsc_pacific_hake_survey,D20230818T232749_IFCB117,2023-08-18 23:27:49+00:00,117,4.07420131655093,46.1136,-124.0921,,,,,,2744,,2,0
nwfsc_pacific_hake_survey,D20230818T235137_IFCB117,2023-08-18 23:51:37+00:00,117,4.23981242766204,46.1122,-124.146,,,,,,2241,,2,0
nwfsc_pacific_hake_survey,D20230819T001525_IFCB117,2023-08-19 00:15:25+00:00,117,4.30180967881944,46.1124,-124.2098,,,,,,2063,,2,0
nwfsc_pacific_hake_survey,D20230819T003911_IFCB117,2023-08-19 00:39:11+00:00,117,3.40665350115741,46.1123,-124.3013,,,,,,4672,,2,0
nwfsc_pacific_hake_survey,D20230819T010300_IFCB117,2023-08-19 01:03:00+00:00,117,3.4479453125,46.1127,-124.3904,,,,,,4495,,2,0
nwfsc_pacific_hake_survey,D20230819T012649_IFCB117,2023-08-19 01:26:49+00:00,117,4.1500306712963,46.1126,-124.4784,,,,,,2238,,2,0
nwfsc_pacific_hake_survey,D20230819T015036_IFCB117,2023-08-19 01:50:36+00:00,117,4.55486834490741,46.1125,-124.5655,,,,,,1314,,2,0
nwfsc_pacific_hake_survey,D20230819T021423_IFCB117,2023-08-19 02:14:23+00:00,117,4.65514438657407,46.1116,-124.6326,,,,,,1009,,2,0
nwfsc_pacific_hake_survey,D20230819T023810_IFCB117,2023-08-19 02:38:10+00:00,117,4.8713616265191,46.1118,-124.6886,,,,,,385,,2,0
nwfsc_pacific_hake_survey,D20230819T030155_IFCB117,2023-08-19 03:01:55+00:00,117,4.86300865342882,46.1128,-124.7668,,,,,,412,,2,0
nwfsc_pacific_hake_survey,D20230819T032542_IFCB117,2023-08-19 03:25:42+00:00,117,4.91997244827836,46.1124,-124.8593,,,,,,244,,2,0
nwfsc_pacific_hake_survey,D20230819T034927_IFCB117,2023-08-19 03:49:27+00:00,117,4.89724225079572,46.1106,-124.9528,,,,,,309,,2,0
nwfsc_pacific_hake_survey,D20230819T041312_IFCB117,2023-08-19 04:13:12+00:00,117,4.94644377531829,46.1122,-124.9847,,,,,,169,,2,0
nwfsc_pacific_hake_survey,D20230819T043657_IFCB117,2023-08-19 04:36:57+00:00,117,4.94373198784722,46.114,-124.9887,,,,,,176,,2,0
nwfsc_pacific_hake_survey,D20230819T050043_IFCB117,2023-08-19 05:00:43+00:00,117,4.96073549623843,46.1145,-125.0275,,,,,,126,,2,0
nwfsc_pacific_hake_survey,D20230819T052430_IFCB117,2023-08-19 05:24:30+00:00,117,4.97164454029225,46.1129,-125.1122,,,,,,94,,2,0
nwfsc_pacific_hake_survey,D20230819T055958_IFCB117,2023-08-19 05:59:58+00:00,117,4.97374527090567,46.1134,-125.1523,,,,,,82,,2,0
nwfsc_pacific_hake_survey,D20230819T062344_IFCB117,2023-08-19 06:23:44+00:00,117,4.97406098994502,46.1161,-125.1541,,,,,,86,,2,0
nwfsc_pacific_hake_survey,D20230819T064730_IFCB117,2023-08-19 06:47:30+00:00,117,4.97682123480903,46.1199,-125.1425,,,,,,76,,2,0
nwfsc_pacific_hake_survey,D20230819T071115_IFCB117,2023-08-19 07:11:15+00:00,117,4.98931736472801,46.1164,-125.0518,,,,,,43,,2,0
nwfsc_pacific_hake_survey,D20230819T073501_IFCB117,2023-08-19 07:35:01+00:00,117,4.98994109881366,46.1131,-124.96,,,,,,39,,2,0
nwfsc_pacific_hake_survey,D20230819T075847_IFCB117,2023-08-19 07:58:47+00:00,117,4.98745093677662,46.1113,-124.8718,,,,,,48,,2,0
nwfsc_pacific_hake_survey,D20230819T082232_IFCB117,2023-08-19 08:22:32+00:00,117,4.98675018988715,46.1134,-124.8643,,,,,,48,,2,0
nwfsc_pacific_hake_survey,D20230819T085116_IFCB117,2023-08-19 08:51:16+00:00,117,4.98677475766782,46.1176,-124.8723,,,,,,48,,2,0
nwfsc_pacific_hake_survey,D20230819T091502_IFCB117,2023-08-19 09:15:02+00:00,117,4.992126953125,46.1127,-124.7846,,,,,,26,,2,0
nwfsc_pacific_hake_survey,D20230819T093847_IFCB117,2023-08-19 09:38:47+00:00,117,4.97707609049479,46.112,-124.7436,,,,,,71,,2,0
nwfsc_pacific_hake_survey,D20230819T100233_IFCB117,2023-08-19 10:02:33+00:00,117,4.98520709454572,46.1112,-124.75,,,,,,50,,2,0
nwfsc_pacific_hake_survey,D20230819T102620_IFCB117,2023-08-19 10:26:20+00:00,117,4.97434532335069,46.115,-124.7101,,,,,,83,,2,0
nwfsc_pacific_hake_survey,D20230819T105006_IFCB117,2023-08-19 10:50:06+00:00,117,4.9826609338831,46.1119,-124.6228,,,,,,60,,2,0
nwfsc_pacific_hake_survey,D20230819T111352_IFCB117,2023-08-19 11:13:52+00:00,117,4.45557566550926,46.1122,-124.5824,,,,,,1586,,2,0
nwfsc_pacific_hake_survey,D20230819T113738_IFCB117,2023-08-19 11:37:38+00:00,117,4.59233872251157,46.1146,-124.5932,,,,,,1189,,2,0
nwfsc_pacific_hake_survey,D20230819T120125_IFCB117,2023-08-19 12:01:25+00:00,117,4.40808738425926,46.1234,-124.5958,,,,,,1738,,2,0
nwfsc_pacific_hake_survey,D20230819T122513_IFCB117,2023-08-19 12:25:13+00:00,117,4.41193012152778,46.1328,-124.5965,,,,,,1708,,2,0
nwfsc_pacific_hake_survey,D20230819T124900_IFCB117,2023-08-19 12:49:00+00:00,117,4.4427056568287,46.1324,-124.6008,,,,,,1625,,2,0
nwfsc_pacific_hake_survey,D20230819T131247_IFCB117,2023-08-19 13:12:47+00:00,117,4.54254759837963,46.1389,-124.5308,,,,,,1339,,2,0
nwfsc_pacific_hake_survey,D20230819T133634_IFCB117,2023-08-19 13:36:34+00:00,117,4.44102180989583,46.1524,-124.4296,,,,,,1649,,2,0
nwfsc_pacific_hake_survey,D20230819T140022_IFCB117,2023-08-19 14:00:22+00:00,117,4.25207342303241,46.1646,-124.3306,,,,,,2213,,2,0
nwfsc_pacific_hake_survey,D20230819T142408_IFCB117,2023-08-19 14:24:08+00:00,117,4.21145008680556,46.1504,-124.2976,,,,,,2265,,2,0
nwfsc_pacific_hake_survey,D20230819T144754_IFCB117,2023-08-19 14:47:54+00:00,117,4.29562094907407,46.1387,-124.4001,,,,,,2055,,2,0
nwfsc_pacific_hake_survey,D20230819T151141_IFCB117,2023-08-19 15:11:41+00:00,117,4.24150477430556,46.1272,-124.5063,,,,,,2185,,2,0
nwfsc_pacific_hake_survey,D20230819T153529_IFCB117,2023-08-19 15:35:29+00:00,117,4.25416681134259,46.1158,-124.6079,,,,,,2175,,2,0
nwfsc_pacific_hake_survey,D20230819T155916_IFCB117,2023-08-19 15:59:16+00:00,117,4.53506564670139,46.1124,-124.703,,,,,,1331,,2,0
nwfsc_pacific_hake_survey,D20230819T162303_IFCB117,2023-08-19 16:23:03+00:00,117,4.89913693576389,46.1156,-124.7527,,,,,,297,,2,0
nwfsc_pacific_hake_survey,D20230819T164649_IFCB117,2023-08-19 16:46:49+00:00,117,4.86611639178241,46.0956,-124.6919,,,,,,393,,2,0
nwfsc_pacific_hake_survey,D20230819T171036_IFCB117,2023-08-19 17:10:36+00:00,117,4.21098292824074,46.0769,-124.6834,,,,,,2259,,2,0
nwfsc_pacific_hake_survey,D20230819T173423_IFCB117,2023-08-19 17:34:23+00:00,117,4.3635326244213,46.0964,-124.6934,,,,,,1841,,2,0
nwfsc_pacific_hake_survey,D20230819T175809_IFCB117,2023-08-19 17:58:09+00:00,117,4.69695967158565,46.1189,-124.7039,,,,,,877,,2,0
nwfsc_pacific_hake_survey,D20230819T182156_IFCB117,2023-08-19 18:21:56+00:00,117,4.9221683666088,46.138,-124.7115,,,,,,234,,2,0
nwfsc_pacific_hake_survey,D20230819T184541_IFCB117,2023-08-19 18:45:41+00:00,117,4.94065121346933,46.1515,-124.7119,,,,,,180,,2,0
nwfsc_pacific_hake_survey,D20230819T190928_IFCB117,2023-08-19 19:09:28+00:00,117,4.96631586371528,46.1438,-124.7004,,,,,,106,,2,0
nwfsc_pacific_hake_survey,D20230819T193314_IFCB117,2023-08-19 19:33:14+00:00,117,4.69539887152778,46.1118,-124.7178,,,,,,879,,2,0
nwfsc_pacific_hake_survey,D20230819T195701_IFCB117,2023-08-19 19:57:01+00:00,117,4.96033083767361,46.1124,-124.8095,,,,,,125,,2,0
nwfsc_pacific_hake_survey,D20230819T202047_IFCB117,2023-08-19 20:20:47+00:00,117,4.96870193142361,46.112,-124.8962,,,,,,99,,2,0
nwfsc_pacific_hake_survey,D20230819T204434_IFCB117,2023-08-19 20:44:34+00:00,117,4.98072448278357,46.1129,-124.9856,,,,,,65,,2,0
nwfsc_pacific_hake_survey,D20230819T210820_IFCB117,2023-08-19 21:08:20+00:00,117,4.9849840766059,46.1125,-125.0761,,,,,,53,,2,0
nwfsc_pacific_hake_survey,D20230819T213206_IFCB117,2023-08-19 21:32:06+00:00,117,4.73559346064815,46.1125,-125.1639,,,,,,769,,2,0
nwfsc_pacific_hake_survey,D20230819T215552_IFCB117,2023-08-19 21:55:52+00:00,117,4.97416497576678,46.1569,-125.1414,,,,,,84,,2,0
nwfsc_pacific_hake_survey,D20230819T221938_IFCB117,2023-08-19 22:19:38+00:00,117,4.98940183738426,46.2136,-125.0936,,,,,,40,,2,0
nwfsc_pacific_hake_survey,D20230819T224324_IFCB117,2023-08-19 22:43:24+00:00,117,4.98706555627894,46.2719,-125.0517,,,,,,48,,2,0
nwfsc_pacific_hake_survey,D20230819T230710_IFCB117,2023-08-19 23:07:10+00:00,117,4.99512348090278,46.279,-124.9587,,,,,,24,,2,0
nwfsc_pacific_hake_survey,D20230819T233056_IFCB117,2023-08-19 23:30:56+00:00,117,4.98963415979456,46.279,-124.8631,,,,,,41,,2,0
nwfsc_pacific_hake_survey,D20230819T235441_IFCB117,2023-08-19 23:54:41+00:00,117,4.98232634367766,46.2788,-124.7646,,,,,,60,,2,0
nwfsc_pacific_hake_survey,D20230820T001827_IFCB117,2023-08-20 00:18:27+00:00,117,4.97541332103588,46.2789,-124.6662,,,,,,80,,2,0
nwfsc_pacific_hake_survey,D20230820T004711_IFCB117,2023-08-20 00:47:11+00:00,117,4.95199975585938,46.2791,-124.5493,,,,,,150,,2,0
nwfsc_pacific_hake_survey,D20230820T011056_IFCB117,2023-08-20 01:10:56+00:00,117,4.8400941478588,46.2789,-124.4567,,,,,,493,,2,0
nwfsc_pacific_hake_survey,D20230820T013441_IFCB117,2023-08-20 01:34:41+00:00,117,4.53239178240741,46.279,-124.3591,,,,,,1408,,2,0
nwfsc_pacific_hake_survey,D20230820T015828_IFCB117,2023-08-20 01:58:28+00:00,117,4.59677445023148,46.2788,-124.263,,,,,,1232,,2,0
nwfsc_pacific_hake_survey,D20230820T022215_IFCB117,2023-08-20 02:22:15+00:00,117,4.4976021412037,46.2966,-124.2224,,,,,,1521,,2,0
nwfsc_pacific_hake_survey,D20230820T024602_IFCB117,2023-08-20 02:46:02+00:00,117,4.7185654296875,46.3451,-124.2532,,,,,,828,,2,0
nwfsc_pacific_hake_survey,D20230820T030949_IFCB117,2023-08-20 03:09:49+00:00,117,4.15460590277778,46.396,-124.2499,,,,,,2495,,2,0
nwfsc_pacific_hake_survey,D20230820T033337_IFCB117,2023-08-20 03:33:37+00:00,117,4.06372887731481,46.4433,-124.2477,,,,,,2784,,2,0
nwfsc_pacific_hake_survey,D20230820T035725_IFCB117,2023-08-20 03:57:25+00:00,117,4.04920768229167,46.4437,-124.2562,,,,,,2827,,2,0
nwfsc_pacific_hake_survey,D20230820T042113_IFCB117,2023-08-20 04:21:13+00:00,117,3.74676461226852,46.4457,-124.3367,,,,,,3632,,2,0
nwfsc_pacific_hake_survey,D20230820T044500_IFCB117,2023-08-20 04:45:00+00:00,117,4.11089091435185,46.4453,-124.4264,,,,,,2663,,2,0
nwfsc_pacific_hake_survey,D20230820T052030_IFCB117,2023-08-20 05:20:30+00:00,117,4.6903746021412,46.4446,-124.5163,,,,,,925,,2,0
nwfsc_pacific_hake_survey,D20230820T054416_IFCB117,2023-08-20 05:44:16+00:00,117,4.69429857494213,46.4455,-124.5254,,,,,,926,,2,0
nwfsc_pacific_hake_survey,D20230820T060801_IFCB117,2023-08-20 06:08:01+00:00,117,4.8059378978588,46.4451,-124.5486,,,,,,582,,2,0
nwfsc_pacific_hake_survey,D20230820T063148_IFCB117,2023-08-20 06:31:48+00:00,117,4.7999847728588,46.4452,-124.5544,,,,,,599,,2,0
nwfsc_pacific_hake_survey,D20230820T065533_IFCB117,2023-08-20 06:55:33+00:00,117,4.78881575520833,46.4483,-124.5647,,,,,,636,,2,0
nwfsc_pacific_hake_survey,D20230820T071918_IFCB117,2023-08-20 07:19:18+00:00,117,4.79675678168403,46.4466,-124.5752,,,,,,613,,2,0
nwfsc_pacific_hake_survey,D20230820T074304_IFCB117,2023-08-20 07:43:04+00:00,117,4.86118453414352,46.4474,-124.5788,,,,,,410,,2,0
nwfsc_pacific_hake_survey,D20230820T080650_IFCB117,2023-08-20 08:06:50+00:00,117,4.84503266059028,46.446,-124.6219,,,,,,465,,2,0
nwfsc_pacific_hake_survey,D20230820T083037_IFCB117,2023-08-20 08:30:37+00:00,117,4.93701286711516,46.4455,-124.693,,,,,,198,,2,0
nwfsc_pacific_hake_survey,D20230820T085422_IFCB117,2023-08-20 08:54:22+00:00,117,4.96301619466146,46.4458,-124.6947,,,,,,118,,2,0
nwfsc_pacific_hake_survey,D20230820T091808_IFCB117,2023-08-20 09:18:08+00:00,117,4.96413795753762,46.4463,-124.7117,,,,,,116,,2,0
nwfsc_pacific_hake_survey,D20230820T094153_IFCB117,2023-08-20 09:41:53+00:00,117,4.96549119285301,46.4459,-124.7906,,,,,,111,,2,0
nwfsc_pacific_hake_survey,D20230820T100539_IFCB117,2023-08-20 10:05:39+00:00,117,4.98297584816262,46.4453,-124.8176,,,,,,61,,2,0
nwfsc_pacific_hake_survey,D20230820T102925_IFCB117,2023-08-20 10:29:25+00:00,117,4.97864631257234,46.4486,-124.8227,,,,,,72,,2,0
nwfsc_pacific_hake_survey,D20230820T105311_IFCB117,2023-08-20 10:53:11+00:00,117,4.98266520182292,46.448,-124.8781,,,,,,62,,2,0
nwfsc_pacific_hake_survey,D20230820T111657_IFCB117,2023-08-20 11:16:57+00:00,117,4.97818049225984,46.4453,-124.9481,,,,,,74,,2,0
nwfsc_pacific_hake_survey,D20230820T114043_IFCB117,2023-08-20 11:40:43+00:00,117,4.98302699110243,46.4442,-124.9705,,,,,,60,,2,0
nwfsc_pacific_hake_survey,D20230820T120429_IFCB117,2023-08-20 12:04:29+00:00,117,4.96492180266204,46.446,-124.9788,,,,,,113,,2,0
nwfsc_pacific_hake_survey,D20230820T122815_IFCB117,2023-08-20 12:28:15+00:00,117,4.96928553602431,46.4592,-124.9903,,,,,,100,,2,0
nwfsc_pacific_hake_survey,D20230820T125201_IFCB117,2023-08-20 12:52:01+00:00,117,4.97251681857639,46.4698,-124.9999,,,,,,89,,2,0
nwfsc_pacific_hake_survey,D20230820T131548_IFCB117,2023-08-20 13:15:48+00:00,117,4.97679155815972,46.4491,-124.9857,,,,,,79,,2,0
nwfsc_pacific_hake_survey,D20230820T133934_IFCB117,2023-08-20 13:39:34+00:00,117,4.97693118851273,46.4455,-124.9131,,,,,,77,,2,0
nwfsc_pacific_hake_survey,D20230820T140320_IFCB117,2023-08-20 14:03:20+00:00,117,4.97783580186632,46.4456,-124.8132,,,,,,77,,2,0
nwfsc_pacific_hake_survey,D20230820T142705_IFCB117,2023-08-20 14:27:05+00:00,117,4.99160153537326,46.4452,-124.7145,,,,,,36,,2,0
nwfsc_pacific_hake_survey,D20230820T145051_IFCB117,2023-08-20 14:50:51+00:00,117,4.95958682364005,46.4457,-124.6207,,,,,,129,,2,0
nwfsc_pacific_hake_survey,D20230820T151437_IFCB117,2023-08-20 15:14:37+00:00,117,4.92314155635127,46.4456,-124.5226,,,,,,238,,2,0
nwfsc_pacific_hake_survey,D20230820T153824_IFCB117,2023-08-20 15:38:24+00:00,117,4.86719507740162,46.4497,-124.4589,,,,,,400,,2,0
nwfsc_pacific_hake_survey,D20230820T160209_IFCB117,2023-08-20 16:02:09+00:00,117,4.85392523871528,46.4535,-124.5453,,,,,,460,,2,0
nwfsc_pacific_hake_survey,D20230820T163052_IFCB117,2023-08-20 16:30:52+00:00,117,4.87289339192708,46.4156,-124.5212,,,,,,386,,2,0
nwfsc_pacific_hake_survey,D20230820T165438_IFCB117,2023-08-20 16:54:38+00:00,117,4.81419874855324,46.4311,-124.5356,,,,,,559,,2,0
nwfsc_pacific_hake_survey,D20230820T171824_IFCB117,2023-08-20 17:18:24+00:00,117,4.91430102539062,46.4497,-124.5524,,,,,,263,,2,0
nwfsc_pacific_hake_survey,D20230820T174210_IFCB117,2023-08-20 17:42:10+00:00,117,4.90188860857928,46.466,-124.5677,,,,,,297,,2,0
nwfsc_pacific_hake_survey,D20230820T180557_IFCB117,2023-08-20 18:05:57+00:00,117,4.90378855613426,46.4744,-124.5824,,,,,,289,,2,0
nwfsc_pacific_hake_survey,D20230820T182943_IFCB117,2023-08-20 18:29:43+00:00,117,4.90980874746817,46.4538,-124.5484,,,,,,279,,2,0
nwfsc_pacific_hake_survey,D20230820T185329_IFCB117,2023-08-20 18:53:29+00:00,117,4.65191160300926,46.4456,-124.4636,,,,,,1035,,2,0
nwfsc_pacific_hake_survey,D20230820T191714_IFCB117,2023-08-20 19:17:14+00:00,117,4.108353515625,46.4451,-124.3663,,,,,,2663,,2,0
nwfsc_pacific_hake_survey,D20230820T194102_IFCB117,2023-08-20 19:41:02+00:00,117,3.20200752314815,46.4463,-124.2704,,,,,,5362,,2,0
nwfsc_pacific_hake_survey,D20230820T200450_IFCB117,2023-08-20 20:04:50+00:00,117,3.33908955439815,46.4782,-124.2469,,,,,,4925,,2,0
nwfsc_pacific_hake_survey,D20230820T202837_IFCB117,2023-08-20 20:28:37+00:00,117,3.36849435763889,46.4743,-124.246,,,,,,4169,,2,0
nwfsc_pacific_hake_survey,D20230820T205223_IFCB117,2023-08-20 20:52:23+00:00,117,3.36443070023148,46.5245,-124.2347,,,,,,4277,,2,0
nwfsc_pacific_hake_survey,D20230820T211610_IFCB117,2023-08-20 21:16:10+00:00,117,3.48453935185185,46.5768,-124.2275,,,,,,3814,,2,0
nwfsc_pacific_hake_survey,D20230820T213957_IFCB117,2023-08-20 21:39:57+00:00,117,3.82532747395833,46.6128,-124.2617,,,,,,2740,,2,0
nwfsc_pacific_hake_survey,D20230820T220345_IFCB117,2023-08-20 22:03:45+00:00,117,3.75892476851852,46.6112,-124.3554,,,,,,3117,,2,0
nwfsc_pacific_hake_survey,D20230820T222732_IFCB117,2023-08-20 22:27:32+00:00,117,3.67894184027778,46.6125,-124.4499,,,,,,3461,,2,0
nwfsc_pacific_hake_survey,D20230820T225118_IFCB117,2023-08-20 22:51:18+00:00,117,3.39389438657407,46.6125,-124.5423,,,,,,3719,,2,0
nwfsc_pacific_hake_survey,D20230820T231505_IFCB117,2023-08-20 23:15:05+00:00,117,3.62133029513889,46.6123,-124.6339,,,,,,3194,,2,0
nwfsc_pacific_hake_survey,D20230820T233852_IFCB117,2023-08-20 23:38:52+00:00,117,2.94990104166667,46.6125,-124.7226,,,,,,4848,,2,0
nwfsc_pacific_hake_survey,D20230821T000239_IFCB117,2023-08-21 00:02:39+00:00,117,3.71219690393519,46.6121,-124.8145,,,,,,2893,,2,0
nwfsc_pacific_hake_survey,D20230821T002627_IFCB117,2023-08-21 00:26:27+00:00,117,4.22931539351852,46.6123,-124.9066,,,,,,1678,,2,0
nwfsc_pacific_hake_survey,D20230821T005014_IFCB117,2023-08-21 00:50:14+00:00,117,4.52220413773148,46.612,-124.9946,,,,,,984,,2,0
nwfsc_pacific_hake_survey,D20230821T011401_IFCB117,2023-08-21 01:14:01+00:00,117,4.84351595052083,46.6124,-125.0652,,,,,,335,,2,0
nwfsc_pacific_hake_survey,D20230821T013747_IFCB117,2023-08-21 01:37:47+00:00,117,4.91776699037905,46.6125,-125.1281,,,,,,177,,2,0
nwfsc_pacific_hake_survey,D20230821T020133_IFCB117,2023-08-21 02:01:33+00:00,117,4.93660165292245,46.6136,-125.1903,,,,,,125,,2,0
nwfsc_pacific_hake_survey,D20230821T022520_IFCB117,2023-08-21 02:25:20+00:00,117,4.91974168113426,46.6444,-125.2131,,,,,,150,,2,0
nwfsc_pacific_hake_survey,D20230821T024905_IFCB117,2023-08-21 02:49:05+00:00,117,4.97442062717014,46.6767,-125.2355,,,,,,53,,2,0
nwfsc_pacific_hake_survey,D20230821T031251_IFCB117,2023-08-21 03:12:51+00:00,117,4.98246492513021,46.7061,-125.2585,,,,,,26,,2,0
nwfsc_pacific_hake_survey,D20230821T033637_IFCB117,2023-08-21 03:36:37+00:00,117,4.98975408709491,46.7378,-125.2846,,,,,,15,,2,0
nwfsc_pacific_hake_survey,D20230821T042409_IFCB117,2023-08-21 04:24:09+00:00,117,5.00137745949074,46.7783,-125.3169,,,,,,2,,2,0
nwfsc_pacific_hake_survey,D20230821T045938_IFCB117,2023-08-21 04:59:38+00:00,117,4.96517834020544,46.7798,-125.3242,,,,,,111,,2,0
nwfsc_pacific_hake_survey,D20230821T052324_IFCB117,2023-08-21 05:23:24+00:00,117,4.96083417426215,46.7787,-125.2321,,,,,,127,,2,0
nwfsc_pacific_hake_survey,D20230821T054711_IFCB117,2023-08-21 05:47:11+00:00,117,4.95198848922164,46.7781,-125.1456,,,,,,153,,2,0
nwfsc_pacific_hake_survey,D20230821T061057_IFCB117,2023-08-21 06:10:57+00:00,117,4.97952901656539,46.7772,-125.1496,,,,,,71,,2,0
nwfsc_pacific_hake_survey,D20230821T063443_IFCB117,2023-08-21 06:34:43+00:00,117,4.97983685980903,46.7786,-125.1562,,,,,,72,,2,0
nwfsc_pacific_hake_survey,D20230821T065829_IFCB117,2023-08-21 06:58:29+00:00,117,4.97601538085938,46.7832,-125.1444,,,,,,80,,2,0
nwfsc_pacific_hake_survey,D20230821T072215_IFCB117,2023-08-21 07:22:15+00:00,117,4.97102962239583,46.7796,-125.0476,,,,,,94,,2,0
nwfsc_pacific_hake_survey,D20230821T074600_IFCB117,2023-08-21 07:46:00+00:00,117,4.96306063729745,46.78,-125.0302,,,,,,118,,2,0
nwfsc_pacific_hake_survey,D20230821T081444_IFCB117,2023-08-21 08:14:44+00:00,117,4.96744307002315,46.7829,-125.0375,,,,,,106,,2,0
nwfsc_pacific_hake_survey,D20230821T083830_IFCB117,2023-08-21 08:38:30+00:00,117,4.97165859194155,46.7796,-124.9505,,,,,,89,,2,0
nwfsc_pacific_hake_survey,D20230821T090215_IFCB117,2023-08-21 09:02:15+00:00,117,4.97183948206019,46.7808,-124.9074,,,,,,92,,2,0
nwfsc_pacific_hake_survey,D20230821T092601_IFCB117,2023-08-21 09:26:01+00:00,117,4.97302647569444,46.7809,-124.9134,,,,,,90,,2,0
nwfsc_pacific_hake_survey,D20230821T094947_IFCB117,2023-08-21 09:49:47+00:00,117,4.96969444444444,46.7798,-124.8808,,,,,,99,,2,0
nwfsc_pacific_hake_survey,D20230821T101334_IFCB117,2023-08-21 10:13:34+00:00,117,4.97743801540799,46.779,-124.8685,,,,,,77,,2,0
nwfsc_pacific_hake_survey,D20230821T103720_IFCB117,2023-08-21 10:37:20+00:00,117,4.973165536386,46.7813,-124.8728,,,,,,88,,2,0
nwfsc_pacific_hake_survey,D20230821T110106_IFCB117,2023-08-21 11:01:06+00:00,117,4.97179183846933,46.7786,-124.7826,,,,,,87,,2,0
nwfsc_pacific_hake_survey,D20230821T112451_IFCB117,2023-08-21 11:24:51+00:00,117,4.83255005787037,46.7786,-124.7379,,,,,,503,,2,0
nwfsc_pacific_hake_survey,D20230821T114837_IFCB117,2023-08-21 11:48:37+00:00,117,4.83370826099537,46.7796,-124.7051,,,,,,498,,2,0
nwfsc_pacific_hake_survey,D20230821T121224_IFCB117,2023-08-21 12:12:24+00:00,117,4.78263096788194,46.7778,-124.6108,,,,,,646,,2,0
nwfsc_pacific_hake_survey,D20230821T123610_IFCB117,2023-08-21 12:36:10+00:00,117,4.61327777777778,46.7801,-124.5132,,,,,,1145,,2,0
nwfsc_pacific_hake_survey,D20230821T125955_IFCB117,2023-08-21 12:59:55+00:00,117,4.44738266782407,46.7789,-124.4177,,,,,,1624,,2,0
nwfsc_pacific_hake_survey,D20230821T132342_IFCB117,2023-08-21 13:23:42+00:00,117,4.59788581452546,46.7782,-124.3195,,,,,,1185,,2,0
nwfsc_pacific_hake_survey,D20230821T134728_IFCB117,2023-08-21 13:47:28+00:00,117,3.0574291087963,46.7789,-124.2944,,,,,,5742,,2,0
nwfsc_pacific_hake_survey,D20230821T141115_IFCB117,2023-08-21 14:11:15+00:00,117,3.24420486111111,46.7785,-124.356,,,,,,5188,,2,0
nwfsc_pacific_hake_survey,D20230821T143503_IFCB117,2023-08-21 14:35:03+00:00,117,4.36895153356481,46.7788,-124.4447,,,,,,1855,,2,0
nwfsc_pacific_hake_survey,D20230821T145850_IFCB117,2023-08-21 14:58:50+00:00,117,3.99771643518519,46.779,-124.5312,,,,,,2942,,2,0
nwfsc_pacific_hake_survey,D20230821T152237_IFCB117,2023-08-21 15:22:37+00:00,117,4.18817961516204,46.7787,-124.625,,,,,,2390,,2,0
nwfsc_pacific_hake_survey,D20230821T154624_IFCB117,2023-08-21 15:46:24+00:00,117,4.48717209201389,46.7788,-124.7165,,,,,,1481,,2,0
nwfsc_pacific_hake_survey,D20230821T161011_IFCB117,2023-08-21 16:10:11+00:00,117,4.77797880497685,46.7789,-124.8072,,,,,,580,,2,0
nwfsc_pacific_hake_survey,D20230821T163358_IFCB117,2023-08-21 16:33:58+00:00,117,4.87705853045428,46.7789,-124.8964,,,,,,342,,2,0
nwfsc_pacific_hake_survey,D20230821T165744_IFCB117,2023-08-21 16:57:44+00:00,117,4.90772866934317,46.7794,-124.8787,,,,,,257,,2,0
nwfsc_pacific_hake_survey,D20230821T172130_IFCB117,2023-08-21 17:21:30+00:00,117,4.93338615813079,46.7477,-124.856,,,,,,189,,2,0
nwfsc_pacific_hake_survey,D20230821T174516_IFCB117,2023-08-21 17:45:16+00:00,117,4.92676406069155,46.7537,-124.8602,,,,,,221,,2,0
nwfsc_pacific_hake_survey,D20230821T180902_IFCB117,2023-08-21 18:09:02+00:00,117,4.93254552770544,46.778,-124.8737,,,,,,202,,2,0
nwfsc_pacific_hake_survey,D20230821T183249_IFCB117,2023-08-21 18:32:49+00:00,117,4.95856168619792,46.8009,-124.8859,,,,,,130,,2,0
nwfsc_pacific_hake_survey,D20230821T185635_IFCB117,2023-08-21 18:56:35+00:00,117,4.95818207465278,46.8252,-124.8978,,,,,,133,,2,0
nwfsc_pacific_hake_survey,D20230821T192021_IFCB117,2023-08-21 19:20:21+00:00,117,4.97017453342014,46.8427,-124.9074,,,,,,96,,2,0
nwfsc_pacific_hake_survey,D20230821T194407_IFCB117,2023-08-21 19:44:07+00:00,117,4.98030135091146,46.8284,-124.8998,,,,,,66,,2,0
nwfsc_pacific_hake_survey,D20230821T200754_IFCB117,2023-08-21 20:07:54+00:00,117,4.97172691514757,46.7786,-124.8732,,,,,,92,,2,0
nwfsc_pacific_hake_survey,D20230821T203140_IFCB117,2023-08-21 20:31:40+00:00,117,4.97230475079572,46.7462,-124.8557,,,,,,92,,2,0
nwfsc_pacific_hake_survey,D20230821T205526_IFCB117,2023-08-21 20:55:26+00:00,117,4.97765033637153,46.7439,-124.8536,,,,,,77,,2,0
nwfsc_pacific_hake_survey,D20230821T211912_IFCB117,2023-08-21 21:19:12+00:00,117,4.97109601960359,46.7626,-124.8658,,,,,,96,,2,0
nwfsc_pacific_hake_survey,D20230821T214258_IFCB117,2023-08-21 21:42:58+00:00,117,4.97604819516782,46.7879,-124.8775,,,,,,78,,2,0
nwfsc_pacific_hake_survey,D20230821T220645_IFCB117,2023-08-21 22:06:45+00:00,117,4.97769779911748,46.8119,-124.8885,,,,,,75,,2,0
nwfsc_pacific_hake_survey,D20230821T223031_IFCB117,2023-08-21 22:30:31+00:00,117,4.98414597800926,46.8304,-124.8967,,,,,,52,,2,0
nwfsc_pacific_hake_survey,D20230821T225417_IFCB117,2023-08-21 22:54:17+00:00,117,4.98281459780093,46.8463,-124.9014,,,,,,56,,2,0
nwfsc_pacific_hake_survey,D20230821T231803_IFCB117,2023-08-21 23:18:03+00:00,117,4.98530225513599,46.8496,-124.9053,,,,,,50,,2,0
nwfsc_pacific_hake_survey,D20230821T234150_IFCB117,2023-08-21 23:41:50+00:00,117,4.98657369429977,46.7821,-124.9103,,,,,,48,,2,0
nwfsc_pacific_hake_survey,D20230822T001033_IFCB117,2023-08-22 00:10:33+00:00,117,4.98073999927662,46.7792,-125.027,,,,,,66,,2,0
nwfsc_pacific_hake_survey,D20230822T003419_IFCB117,2023-08-22 00:34:19+00:00,117,4.98802066153067,46.7792,-125.1258,,,,,,44,,2,0
nwfsc_pacific_hake_survey,D20230822T005804_IFCB117,2023-08-22 00:58:04+00:00,117,4.98895225694444,46.7792,-125.2242,,,,,,42,,2,0
nwfsc_pacific_hake_survey,D20230822T012149_IFCB117,2023-08-22 01:21:49+00:00,117,4.98094493272569,46.7792,-125.3177,,,,,,65,,2,0
nwfsc_pacific_hake_survey,D20230822T014536_IFCB117,2023-08-22 01:45:36+00:00,117,4.96808119032118,46.8013,-125.3131,,,,,,114,,2,0
nwfsc_pacific_hake_survey,D20230822T020921_IFCB117,2023-08-22 02:09:21+00:00,117,4.9523009801794,46.866,-125.2886,,,,,,147,,2,0
nwfsc_pacific_hake_survey,D20230822T023307_IFCB117,2023-08-22 02:33:07+00:00,117,4.97444504123264,46.9322,-125.2672,,,,,,85,,2,0
nwfsc_pacific_hake_survey,D20230822T025652_IFCB117,2023-08-22 02:56:52+00:00,117,4.95993919089988,46.9457,-125.1887,,,,,,127,,2,0
nwfsc_pacific_hake_survey,D20230822T032038_IFCB117,2023-08-22 03:20:38+00:00,117,4.97150645616319,46.9468,-125.0886,,,,,,92,,2,0
nwfsc_pacific_hake_survey,D20230822T034425_IFCB117,2023-08-22 03:44:25+00:00,117,4.97789990234375,46.9581,-125.09,,,,,,74,,2,0
nwfsc_pacific_hake_survey,D20230822T041954_IFCB117,2023-08-22 04:19:54+00:00,117,4.97201172779225,47.0492,-125.122,,,,,,92,,2,0
nwfsc_pacific_hake_survey,D20230822T044339_IFCB117,2023-08-22 04:43:39+00:00,117,4.97268542932581,47.1116,-125.1464,,,,,,89,,2,0
nwfsc_pacific_hake_survey,D20230822T050724_IFCB117,2023-08-22 05:07:24+00:00,117,4.98638374385127,47.1122,-125.1468,,,,,,50,,2,0
nwfsc_pacific_hake_survey,D20230822T053110_IFCB117,2023-08-22 05:31:10+00:00,117,4.98045210322627,47.1113,-125.1105,,,,,,66,,2,0
nwfsc_pacific_hake_survey,D20230822T055455_IFCB117,2023-08-22 05:54:55+00:00,117,4.97368107096354,47.1127,-125.0129,,,,,,84,,2,0
nwfsc_pacific_hake_survey,D20230822T061841_IFCB117,2023-08-22 06:18:41+00:00,117,4.94955395507813,47.1101,-124.9991,,,,,,154,,2,0
nwfsc_pacific_hake_survey,D20230822T064227_IFCB117,2023-08-22 06:42:27+00:00,117,4.94970232928241,47.1075,-125.0007,,,,,,153,,2,0
nwfsc_pacific_hake_survey,D20230822T070613_IFCB117,2023-08-22 07:06:13+00:00,117,4.95830124240451,47.1122,-124.9824,,,,,,133,,2,0
nwfsc_pacific_hake_survey,D20230822T072959_IFCB117,2023-08-22 07:29:59+00:00,117,4.94803499348958,47.111,-124.9818,,,,,,158,,2,0
nwfsc_pacific_hake_survey,D20230822T075346_IFCB117,2023-08-22 07:53:46+00:00,117,4.94904339373553,47.112,-124.9091,,,,,,157,,2,0
nwfsc_pacific_hake_survey,D20230822T081732_IFCB117,2023-08-22 08:17:32+00:00,117,4.96584651692708,47.1059,-124.9087,,,,,,107,,2,0
nwfsc_pacific_hake_survey,D20230822T084118_IFCB117,2023-08-22 08:41:18+00:00,117,4.957568359375,47.0457,-124.9414,,,,,,132,,2,0
nwfsc_pacific_hake_survey,D20230822T090504_IFCB117,2023-08-22 09:05:04+00:00,117,4.9718620062934,47.0005,-124.9991,,,,,,93,,2,0
nwfsc_pacific_hake_survey,D20230822T092851_IFCB117,2023-08-22 09:28:51+00:00,117,4.96167924442998,46.969,-125.067,,,,,,119,,2,0
nwfsc_pacific_hake_survey,D20230822T095237_IFCB117,2023-08-22 09:52:37+00:00,117,4.96416511140046,46.9485,-125.0923,,,,,,117,,2,0
nwfsc_pacific_hake_survey,D20230822T101623_IFCB117,2023-08-22 10:16:23+00:00,117,4.94235603841146,46.9514,-125.0879,,,,,,175,,2,0
nwfsc_pacific_hake_survey,D20230822T104009_IFCB117,2023-08-22 10:40:09+00:00,117,4.96415038158275,46.9547,-125.0855,,,,,,112,,2,0
nwfsc_pacific_hake_survey,D20230822T110355_IFCB117,2023-08-22 11:03:55+00:00,117,4.99167361111111,46.9576,-125.083,,,,,,17,,2,0
nwfsc_pacific_hake_survey,D20230822T112742_IFCB117,2023-08-22 11:27:42+00:00,117,4.98255571831597,46.9606,-125.0812,,,,,,61,,2,0
nwfsc_pacific_hake_survey,D20230822T115128_IFCB117,2023-08-22 11:51:28+00:00,117,4.98431656901042,46.9601,-125.0811,,,,,,57,,2,0
nwfsc_pacific_hake_survey,D20230822T121514_IFCB117,2023-08-22 12:15:14+00:00,117,4.98766793258102,46.9593,-125.082,,,,,,45,,2,0
nwfsc_pacific_hake_survey,D20230822T123900_IFCB117,2023-08-22 12:39:00+00:00,117,4.98810239438657,46.959,-125.0831,,,,,,44,,2,0
nwfsc_pacific_hake_survey,D20230822T130247_IFCB117,2023-08-22 13:02:47+00:00,117,4.98628288664641,46.9544,-125.0995,,,,,,49,,2,0
nwfsc_pacific_hake_survey,D20230822T132633_IFCB117,2023-08-22 13:26:33+00:00,117,4.98872339771412,46.9471,-125.1108,,,,,,42,,2,0
nwfsc_pacific_hake_survey,D20230822T135019_IFCB117,2023-08-22 13:50:19+00:00,117,4.99012476490162,46.9493,-125.0643,,,,,,38,,2,0
nwfsc_pacific_hake_survey,D20230822T141405_IFCB117,2023-08-22 14:14:05+00:00,117,4.98994730179398,46.9455,-124.9627,,,,,,41,,2,0
nwfsc_pacific_hake_survey,D20230822T143751_IFCB117,2023-08-22 14:37:51+00:00,117,4.98520317925347,46.9493,-124.8791,,,,,,54,,2,0
nwfsc_pacific_hake_survey,D20230822T150138_IFCB117,2023-08-22 15:01:38+00:00,117,4.97349735966435,46.9563,-124.9273,,,,,,86,,2,0
nwfsc_pacific_hake_survey,D20230822T152524_IFCB117,2023-08-22 15:25:24+00:00,117,4.97974738679109,46.9702,-125.0137,,,,,,68,,2,0
nwfsc_pacific_hake_survey,D20230822T155407_IFCB117,2023-08-22 15:54:07+00:00,117,4.98624575918692,46.9226,-124.9536,,,,,,49,,2,0
nwfsc_pacific_hake_survey,D20230822T161752_IFCB117,2023-08-22 16:17:52+00:00,117,4.98335227683738,46.935,-124.9695,,,,,,61,,2,0
nwfsc_pacific_hake_survey,D20230822T164139_IFCB117,2023-08-22 16:41:39+00:00,117,4.98908272750289,46.9558,-124.9922,,,,,,42,,2,0
nwfsc_pacific_hake_survey,D20230822T170525_IFCB117,2023-08-22 17:05:25+00:00,117,4.98841159396701,46.976,-125.0124,,,,,,44,,2,0
nwfsc_pacific_hake_survey,D20230822T172911_IFCB117,2023-08-22 17:29:11+00:00,117,4.98660791919849,46.9955,-125.0304,,,,,,50,,2,0
nwfsc_pacific_hake_survey,D20230822T175257_IFCB117,2023-08-22 17:52:57+00:00,117,4.98543005823206,47.0147,-125.0465,,,,,,52,,2,0
nwfsc_pacific_hake_survey,D20230822T181642_IFCB117,2023-08-22 18:16:42+00:00,117,4.98598445638021,47.0341,-125.0612,,,,,,50,,2,0
nwfsc_pacific_hake_survey,D20230822T184029_IFCB117,2023-08-22 18:40:29+00:00,117,4.98865132197627,47.0532,-125.0683,,,,,,43,,2,0
nwfsc_pacific_hake_survey,D20230822T190415_IFCB117,2023-08-22 19:04:15+00:00,117,4.98996840639468,47.0635,-125.0766,,,,,,40,,2,0
nwfsc_pacific_hake_survey,D20230822T192801_IFCB117,2023-08-22 19:28:01+00:00,117,4.9872370062934,47.0181,-125.0109,,,,,,46,,2,0
nwfsc_pacific_hake_survey,D20230822T195147_IFCB117,2023-08-22 19:51:47+00:00,117,4.98809538664641,46.9737,-124.9429,,,,,,46,,2,0
nwfsc_pacific_hake_survey,D20230822T201532_IFCB117,2023-08-22 20:15:32+00:00,117,4.98271233000579,46.9459,-124.8964,,,,,,60,,2,0
nwfsc_pacific_hake_survey,D20230822T203919_IFCB117,2023-08-22 20:39:19+00:00,117,4.98598364257812,46.9456,-124.8568,,,,,,50,,2,0
nwfsc_pacific_hake_survey,D20230822T210305_IFCB117,2023-08-22 21:03:05+00:00,117,4.97596734845197,46.9456,-124.7549,,,,,,78,,2,0
nwfsc_pacific_hake_survey,D20230822T212651_IFCB117,2023-08-22 21:26:51+00:00,117,4.87150250470197,46.9461,-124.6583,,,,,,382,,2,0
nwfsc_pacific_hake_survey,D20230822T215036_IFCB117,2023-08-22 21:50:36+00:00,117,4.74733022280093,46.946,-124.558,,,,,,744,,2,0
nwfsc_pacific_hake_survey,D20230822T221423_IFCB117,2023-08-22 22:14:23+00:00,117,4.69148954716435,46.9459,-124.456,,,,,,912,,2,0
nwfsc_pacific_hake_survey,D20230822T223809_IFCB117,2023-08-22 22:38:09+00:00,117,4.68700944010417,46.9461,-124.3625,,,,,,921,,2,0
nwfsc_pacific_hake_survey,D20230822T230155_IFCB117,2023-08-22 23:01:55+00:00,117,4.54687145543981,46.9747,-124.4286,,,,,,1363,,2,0
nwfsc_pacific_hake_survey,D20230822T232540_IFCB117,2023-08-22 23:25:40+00:00,117,4.62695373987268,46.9956,-124.5204,,,,,,1114,,2,0
nwfsc_pacific_hake_survey,D20230822T234925_IFCB117,2023-08-22 23:49:25+00:00,117,4.58476298466435,47.018,-124.6098,,,,,,1232,,2,0
nwfsc_pacific_hake_survey,D20230823T001311_IFCB117,2023-08-23 00:13:11+00:00,117,4.57996567563657,47.0392,-124.6992,,,,,,1244,,2,0
nwfsc_pacific_hake_survey,D20230823T003658_IFCB117,2023-08-23 00:36:58+00:00,117,4.51622735821759,47.0587,-124.7847,,,,,,1446,,2,0
nwfsc_pacific_hake_survey,D20230823T010044_IFCB117,2023-08-23 01:00:44+00:00,117,4.7519898365162,47.0796,-124.873,,,,,,738,,2,0
nwfsc_pacific_hake_survey,D20230823T012430_IFCB117,2023-08-23 01:24:30+00:00,117,4.84731228298611,47.0949,-124.9384,,,,,,459,,2,0
nwfsc_pacific_hake_survey,D20230823T014816_IFCB117,2023-08-23 01:48:16+00:00,117,4.91760591182002,47.1142,-125.0242,,,,,,251,,2,0
nwfsc_pacific_hake_survey,D20230823T021202_IFCB117,2023-08-23 02:12:02+00:00,117,4.94223382342303,47.1668,-125.0569,,,,,,179,,2,0
nwfsc_pacific_hake_survey,D20230823T023548_IFCB117,2023-08-23 02:35:48+00:00,117,4.94177013708044,47.2306,-125.0671,,,,,,192,,2,0
nwfsc_pacific_hake_survey,D20230823T025933_IFCB117,2023-08-23 02:59:33+00:00,117,4.9154012677228,47.2983,-125.0764,,,,,,257,,2,0
nwfsc_pacific_hake_survey,D20230823T032319_IFCB117,2023-08-23 03:23:19+00:00,117,4.94662550636574,47.3645,-125.0873,,,,,,165,,2,0
nwfsc_pacific_hake_survey,D20230823T035849_IFCB117,2023-08-23 03:58:49+00:00,117,4.96074887876157,47.4617,-125.1049,,,,,,125,,2,0
nwfsc_pacific_hake_survey,D20230823T042235_IFCB117,2023-08-23 04:22:35+00:00,117,4.98219914641203,47.5276,-125.1138,,,,,,64,,2,0
nwfsc_pacific_hake_survey,D20230823T044621_IFCB117,2023-08-23 04:46:21+00:00,117,4.97906410951968,47.5931,-125.1237,,,,,,72,,2,0
nwfsc_pacific_hake_survey,D20230823T051007_IFCB117,2023-08-23 05:10:07+00:00,117,4.98109988064236,47.6553,-125.1361,,,,,,66,,2,0
nwfsc_pacific_hake_survey,D20230823T053353_IFCB117,2023-08-23 05:33:53+00:00,117,4.98024612991898,47.7149,-125.1354,,,,,,69,,2,0
nwfsc_pacific_hake_survey,D20230823T055738_IFCB117,2023-08-23 05:57:38+00:00,117,4.98313069661458,47.778,-125.1193,,,,,,60,,2,0
nwfsc_pacific_hake_survey,D20230823T062125_IFCB117,2023-08-23 06:21:25+00:00,117,4.95229144965278,47.8421,-125.1047,,,,,,151,,2,0
nwfsc_pacific_hake_survey,D20230823T064510_IFCB117,2023-08-23 06:45:10+00:00,117,4.96512508138021,47.9083,-125.0906,,,,,,114,,2,0
nwfsc_pacific_hake_survey,D20230823T070855_IFCB117,2023-08-23 07:08:55+00:00,117,4.93432175021701,47.9731,-125.0743,,,,,,202,,2,0
nwfsc_pacific_hake_survey,D20230823T073738_IFCB117,2023-08-23 07:37:38+00:00,117,4.85523081235532,48.0545,-125.0676,,,,,,433,,2,0
nwfsc_pacific_hake_survey,D20230823T080124_IFCB117,2023-08-23 08:01:24+00:00,117,4.87588346354167,48.1208,-125.0678,,,,,,376,,2,0
nwfsc_pacific_hake_survey,D20230823T082510_IFCB117,2023-08-23 08:25:10+00:00,117,4.79610814525463,48.1864,-125.067,,,,,,617,,2,0
nwfsc_pacific_hake_survey,D20230823T084857_IFCB117,2023-08-23 08:48:57+00:00,117,4.62223206018519,48.2512,-125.0668,,,,,,1127,,2,0
nwfsc_pacific_hake_survey,D20230823T091242_IFCB117,2023-08-23 09:12:42+00:00,117,4.50384751157407,48.3209,-125.066,,,,,,1485,,2,0
nwfsc_pacific_hake_survey,D20230823T093629_IFCB117,2023-08-23 09:36:29+00:00,117,4.59126649305555,48.3889,-125.0635,,,,,,1215,,2,0
nwfsc_pacific_hake_survey,D20230823T100015_IFCB117,2023-08-23 10:00:15+00:00,117,4.44050130208333,48.4487,-125.0159,,,,,,1679,,2,0
nwfsc_pacific_hake_survey,D20230823T102403_IFCB117,2023-08-23 10:24:03+00:00,117,4.71916771556713,48.4717,-124.9209,,,,,,830,,2,0
nwfsc_pacific_hake_survey,D20230823T104750_IFCB117,2023-08-23 10:47:50+00:00,117,4.81561282913773,48.4725,-124.8187,,,,,,547,,2,0
nwfsc_pacific_hake_survey,D20230823T111136_IFCB117,2023-08-23 11:11:36+00:00,117,4.67140422453704,48.469,-124.7229,,,,,,972,,2,0
nwfsc_pacific_hake_survey,D20230823T113522_IFCB117,2023-08-23 11:35:22+00:00,117,4.62203247974537,48.4438,-124.641,,,,,,1114,,2,0
nwfsc_pacific_hake_survey,D20230823T115908_IFCB117,2023-08-23 11:59:08+00:00,117,4.76303497540509,48.4183,-124.5556,,,,,,704,,2,0
nwfsc_pacific_hake_survey,D20230823T122254_IFCB117,2023-08-23 12:22:54+00:00,117,4.76944599971065,48.3928,-124.4724,,,,,,689,,2,0
nwfsc_pacific_hake_survey,D20230823T124640_IFCB117,2023-08-23 12:46:40+00:00,117,4.78510834418403,48.364,-124.3848,,,,,,645,,2,0
nwfsc_pacific_hake_survey,D20230823T131025_IFCB117,2023-08-23 13:10:25+00:00,117,4.98758302589699,48.3351,-124.2947,,,,,,1,,2,0
nwfsc_pacific_hake_survey,D20230823T133411_IFCB117,2023-08-23 13:34:11+00:00,117,4.79275209780093,48.3066,-124.2012,,,,,,622,,2,0
nwfsc_pacific_hake_survey,D20230823T135757_IFCB117,2023-08-23 13:57:57+00:00,117,4.8062205041956,48.2767,-124.1088,,,,,,583,,2,0
nwfsc_pacific_hake_survey,D20230823T142143_IFCB117,2023-08-23 14:21:43+00:00,117,4.76525115740741,48.2475,-124.0124,,,,,,710,,2,0
nwfsc_pacific_hake_survey,D20230827T200110_IFCB117,2023-08-27 20:01:10+00:00,117,4.83052058015046,48.266,-123.7349,,,,,,515,,2,0
nwfsc_pacific_hake_survey,D20230827T202457_IFCB117,2023-08-27 20:24:57+00:00,117,4.70395699508102,48.2742,-123.823,,,,,,886,,2,0
nwfsc_pacific_hake_survey,D20230827T204843_IFCB117,2023-08-27 20:48:43+00:00,117,4.78680094401042,48.2866,-123.9123,,,,,,644,,2,0
nwfsc_pacific_hake_survey,D20230827T211230_IFCB117,2023-08-27 21:12:30+00:00,117,4.74755758101852,48.3091,-123.9989,,,,,,750,,2,0
nwfsc_pacific_hake_survey,D20230827T213616_IFCB117,2023-08-27 21:36:16+00:00,117,4.83469923683449,48.332,-124.0823,,,,,,494,,2,0
nwfsc_pacific_hake_survey,D20230827T220001_IFCB117,2023-08-27 22:00:01+00:00,117,4.87926559787326,48.3566,-124.1657,,,,,,352,,2,0
nwfsc_pacific_hake_survey,D20230827T222347_IFCB117,2023-08-27 22:23:47+00:00,117,4.85668716543692,48.3806,-124.2468,,,,,,433,,2,0
nwfsc_pacific_hake_survey,D20230827T224733_IFCB117,2023-08-27 22:47:33+00:00,117,4.83910232204861,48.4078,-124.3328,,,,,,478,,2,0
nwfsc_pacific_hake_survey,D20230827T231118_IFCB117,2023-08-27 23:11:18+00:00,117,4.85047580295139,48.4342,-124.4254,,,,,,447,,2,0
nwfsc_pacific_hake_survey,D20230827T233505_IFCB117,2023-08-27 23:35:05+00:00,117,4.79813346354167,48.4599,-124.5196,,,,,,599,,2,0
nwfsc_pacific_hake_survey,D20230827T235850_IFCB117,2023-08-27 23:58:50+00:00,117,4.59383289930555,48.4861,-124.614,,,,,,1195,,2,0
nwfsc_pacific_hake_survey,D20230828T002236_IFCB117,2023-08-28 00:22:36+00:00,117,4.68973032407407,48.5138,-124.7114,,,,,,926,,2,0
nwfsc_pacific_hake_survey,D20230828T004622_IFCB117,2023-08-28 00:46:22+00:00,117,4.72047849754051,48.5297,-124.804,,,,,,824,,2,0
nwfsc_pacific_hake_survey,D20230828T011008_IFCB117,2023-08-28 01:10:08+00:00,117,4.76776822916667,48.5292,-124.9023,,,,,,699,,2,0
nwfsc_pacific_hake_survey,D20230828T013354_IFCB117,2023-08-28 01:33:54+00:00,117,4.76908098234954,48.5284,-124.9964,,,,,,696,,2,0
nwfsc_pacific_hake_survey,D20230828T015741_IFCB117,2023-08-28 01:57:41+00:00,117,4.76253220847801,48.529,-125.0903,,,,,,710,,2,0
nwfsc_pacific_hake_survey,D20230828T022127_IFCB117,2023-08-28 02:21:27+00:00,117,4.75097690610532,48.5276,-125.1903,,,,,,750,,2,0
nwfsc_pacific_hake_survey,D20230828T025656_IFCB117,2023-08-28 02:56:56+00:00,117,4.75806000434028,48.5292,-125.3366,,,,,,719,,2,0
nwfsc_pacific_hake_survey,D20230828T032042_IFCB117,2023-08-28 03:20:42+00:00,117,4.78764001012732,48.5296,-125.442,,,,,,629,,2,0
nwfsc_pacific_hake_survey,D20230828T034428_IFCB117,2023-08-28 03:44:28+00:00,117,4.80772547743056,48.5288,-125.5119,,,,,,581,,2,0
nwfsc_pacific_hake_survey,D20230828T040814_IFCB117,2023-08-28 04:08:14+00:00,117,4.80144448061343,48.5548,-125.6049,,,,,,594,,2,0
nwfsc_pacific_hake_survey,D20230828T043200_IFCB117,2023-08-28 04:32:00+00:00,117,4.82652737991898,48.5865,-125.699,,,,,,520,,2,0
nwfsc_pacific_hake_survey,D20230828T045546_IFCB117,2023-08-28 04:55:46+00:00,117,4.84822612847222,48.6184,-125.7886,,,,,,453,,2,0
nwfsc_pacific_hake_survey,D20230828T051932_IFCB117,2023-08-28 05:19:32+00:00,117,4.84482998770255,48.6504,-125.8822,,,,,,464,,2,0
nwfsc_pacific_hake_survey,D20230828T054318_IFCB117,2023-08-28 05:43:18+00:00,117,4.85083195891204,48.6821,-125.9716,,,,,,449,,2,0
nwfsc_pacific_hake_survey,D20230828T060704_IFCB117,2023-08-28 06:07:04+00:00,117,4.85636304615162,48.7118,-126.0604,,,,,,435,,2,0
nwfsc_pacific_hake_survey,D20230828T063050_IFCB117,2023-08-28 06:30:50+00:00,117,4.85828246166088,48.7422,-126.1471,,,,,,424,,2,0
nwfsc_pacific_hake_survey,D20230828T065437_IFCB117,2023-08-28 06:54:37+00:00,117,4.88407926432292,48.7754,-126.2401,,,,,,350,,2,0
nwfsc_pacific_hake_survey,D20230828T071822_IFCB117,2023-08-28 07:18:22+00:00,117,4.87704320384838,48.8051,-126.3371,,,,,,373,,2,0
nwfsc_pacific_hake_survey,D20230828T074208_IFCB117,2023-08-28 07:42:08+00:00,117,4.91053564453125,48.838,-126.4331,,,,,,276,,2,0
nwfsc_pacific_hake_survey,D20230828T080554_IFCB117,2023-08-28 08:05:54+00:00,117,4.89789521846065,48.8718,-126.5216,,,,,,309,,2,0
nwfsc_pacific_hake_survey,D20230828T082940_IFCB117,2023-08-28 08:29:40+00:00,117,4.90584691478588,48.9051,-126.6122,,,,,,293,,2,0
nwfsc_pacific_hake_survey,D20230828T085326_IFCB117,2023-08-28 08:53:26+00:00,117,4.90855438006366,48.9363,-126.7038,,,,,,287,,2,0
nwfsc_pacific_hake_survey,D20230828T091713_IFCB117,2023-08-28 09:17:13+00:00,117,4.90194933629919,48.9472,-126.739,,,,,,300,,2,0
nwfsc_pacific_hake_survey,D20230828T094059_IFCB117,2023-08-28 09:40:59+00:00,117,4.89531009476273,48.9476,-126.735,,,,,,317,,2,0
nwfsc_pacific_hake_survey,D20230828T100445_IFCB117,2023-08-28 10:04:45+00:00,117,4.86740407986111,48.9486,-126.7741,,,,,,404,,2,0
nwfsc_pacific_hake_survey,D20230828T102831_IFCB117,2023-08-28 10:28:31+00:00,117,4.85431470630787,48.9457,-126.8783,,,,,,434,,2,0
nwfsc_pacific_hake_survey,D20230828T105217_IFCB117,2023-08-28 10:52:17+00:00,117,4.86535422996238,48.943,-126.9584,,,,,,406,,2,0
nwfsc_pacific_hake_survey,D20230828T111603_IFCB117,2023-08-28 11:16:03+00:00,117,4.83032228370949,48.9364,-126.9632,,,,,,508,,2,0
nwfsc_pacific_hake_survey,D20230828T114446_IFCB117,2023-08-28 11:44:46+00:00,117,4.77719444444444,48.9438,-127.0523,,,,,,661,,2,0
nwfsc_pacific_hake_survey,D20230828T120832_IFCB117,2023-08-28 12:08:32+00:00,117,4.74588597728588,48.9443,-127.0787,,,,,,761,,2,0
nwfsc_pacific_hake_survey,D20230828T123219_IFCB117,2023-08-28 12:32:19+00:00,117,4.77880960648148,48.941,-127.0834,,,,,,659,,2,0
nwfsc_pacific_hake_survey,D20230828T125605_IFCB117,2023-08-28 12:56:05+00:00,117,4.77632928240741,48.9425,-127.0791,,,,,,677,,2,0
nwfsc_pacific_hake_survey,D20230828T131950_IFCB117,2023-08-28 13:19:50+00:00,117,4.79532302517361,48.946,-127.0711,,,,,,612,,2,0
nwfsc_pacific_hake_survey,D20230828T134335_IFCB117,2023-08-28 13:43:35+00:00,117,4.92135910373264,48.9456,-127.0737,,,,,,240,,2,0
nwfsc_pacific_hake_survey,D20230828T140721_IFCB117,2023-08-28 14:07:21+00:00,117,4.96903319408275,48.9455,-127.0259,,,,,,103,,2,0
nwfsc_pacific_hake_survey,D20230828T143106_IFCB117,2023-08-28 14:31:06+00:00,117,4.9195046838831,48.946,-126.9573,,,,,,233,,2,0
nwfsc_pacific_hake_survey,D20230828T145452_IFCB117,2023-08-28 14:54:52+00:00,117,4.9065568395544,48.9457,-126.9376,,,,,,280,,2,0
nwfsc_pacific_hake_survey,D20230828T151838_IFCB117,2023-08-28 15:18:38+00:00,117,4.586908203125,48.946,-126.8337,,,,,,1198,,2,0
nwfsc_pacific_hake_survey,D20230828T154226_IFCB117,2023-08-28 15:42:26+00:00,117,4.79288849103009,48.9456,-126.7337,,,,,,600,,2,0
nwfsc_pacific_hake_survey,D20230828T160611_IFCB117,2023-08-28 16:06:11+00:00,117,4.75115887225116,48.9496,-126.7305,,,,,,726,,2,0
nwfsc_pacific_hake_survey,D20230828T162958_IFCB117,2023-08-28 16:29:58+00:00,117,4.74724770326968,48.9457,-126.6752,,,,,,729,,2,0
nwfsc_pacific_hake_survey,D20230828T165344_IFCB117,2023-08-28 16:53:44+00:00,117,4.5327525318287,48.9458,-126.5668,,,,,,1346,,2,0
nwfsc_pacific_hake_survey,D20230828T171731_IFCB117,2023-08-28 17:17:31+00:00,117,4.88024928566262,48.9484,-126.5377,,,,,,352,,2,0
nwfsc_pacific_hake_survey,D20230828T174118_IFCB117,2023-08-28 17:41:18+00:00,117,4.90471944625289,48.9537,-126.5355,,,,,,283,,2,0
nwfsc_pacific_hake_survey,D20230828T180504_IFCB117,2023-08-28 18:05:04+00:00,117,4.89025207971643,48.9462,-126.5401,,,,,,323,,2,0
nwfsc_pacific_hake_survey,D20230828T182850_IFCB117,2023-08-28 18:28:50+00:00,117,4.90163604962384,48.9771,-126.5475,,,,,,289,,2,0
nwfsc_pacific_hake_survey,D20230828T185236_IFCB117,2023-08-28 18:52:36+00:00,117,4.92091482204861,48.9983,-126.5495,,,,,,236,,2,0
nwfsc_pacific_hake_survey,D20230828T191623_IFCB117,2023-08-28 19:16:23+00:00,117,4.88877234338831,48.9878,-126.5408,,,,,,326,,2,0
nwfsc_pacific_hake_survey,D20230828T194009_IFCB117,2023-08-28 19:40:09+00:00,117,4.89972951931424,48.9874,-126.5377,,,,,,298,,2,0
nwfsc_pacific_hake_survey,D20230828T200355_IFCB117,2023-08-28 20:03:55+00:00,117,4.91082357675058,48.9814,-126.5406,,,,,,264,,2,0
nwfsc_pacific_hake_survey,D20230828T202741_IFCB117,2023-08-28 20:27:41+00:00,117,4.90427494755498,48.9689,-126.5475,,,,,,286,,2,0
nwfsc_pacific_hake_survey,D20230828T205128_IFCB117,2023-08-28 20:51:28+00:00,117,4.90996768301505,48.9443,-126.5618,,,,,,267,,2,0
nwfsc_pacific_hake_survey,D20230828T211514_IFCB117,2023-08-28 21:15:14+00:00,117,4.92999706127025,48.9279,-126.5711,,,,,,209,,2,0
nwfsc_pacific_hake_survey,D20230828T213900_IFCB117,2023-08-28 21:39:00+00:00,117,4.93979939778646,48.9132,-126.575,,,,,,184,,2,0
nwfsc_pacific_hake_survey,D20230828T220246_IFCB117,2023-08-28 22:02:46+00:00,117,4.91960141782408,48.9037,-126.5637,,,,,,243,,2,0
nwfsc_pacific_hake_survey,D20230828T222632_IFCB117,2023-08-28 22:26:32+00:00,117,4.92909112774884,48.9459,-126.5391,,,,,,219,,2,0
nwfsc_pacific_hake_survey,D20230828T225019_IFCB117,2023-08-28 22:50:19+00:00,117,4.93874954788773,48.9455,-126.4304,,,,,,188,,2,0
nwfsc_pacific_hake_survey,D20230828T231405_IFCB117,2023-08-28 23:14:05+00:00,117,4.94412438512731,48.9452,-126.3975,,,,,,170,,2,0
nwfsc_pacific_hake_survey,D20230828T233751_IFCB117,2023-08-28 23:37:51+00:00,117,4.81434105541088,48.9461,-126.3998,,,,,,540,,2,0
nwfsc_pacific_hake_survey,D20230829T000137_IFCB117,2023-08-29 00:01:37+00:00,117,4.6940052806713,48.9453,-126.2963,,,,,,886,,2,0
nwfsc_pacific_hake_survey,D20230829T002524_IFCB117,2023-08-29 00:25:24+00:00,117,4.70606295211227,48.9454,-126.1923,,,,,,855,,2,0
nwfsc_pacific_hake_survey,D20230829T004912_IFCB117,2023-08-29 00:49:12+00:00,117,4.69051493778935,48.9449,-126.0879,,,,,,903,,2,0
nwfsc_pacific_hake_survey,D20230829T011259_IFCB117,2023-08-29 01:12:59+00:00,117,4.6574115306713,48.9458,-125.982,,,,,,1002,,2,0
nwfsc_pacific_hake_survey,D20230829T013646_IFCB117,2023-08-29 01:36:46+00:00,117,4.73536235894097,48.9441,-125.9491,,,,,,764,,2,0
nwfsc_pacific_hake_survey,D20230829T020033_IFCB117,2023-08-29 02:00:33+00:00,117,4.81657655164931,48.9458,-125.9161,,,,,,538,,2,0
nwfsc_pacific_hake_survey,D20230829T023604_IFCB117,2023-08-29 02:36:04+00:00,117,4.86541330295139,48.9457,-125.7512,,,,,,399,,2,0
nwfsc_pacific_hake_survey,D20230829T025952_IFCB117,2023-08-29 02:59:52+00:00,117,4.88714073350694,48.9457,-125.6511,,,,,,336,,2,0
nwfsc_pacific_hake_survey,D20230829T032835_IFCB117,2023-08-29 03:28:35+00:00,117,4.8792593677662,48.9441,-125.6403,,,,,,358,,2,0
nwfsc_pacific_hake_survey,D20230829T035221_IFCB117,2023-08-29 03:52:21+00:00,117,4.84369688585069,48.9467,-125.7448,,,,,,462,,2,0
nwfsc_pacific_hake_survey,D20230829T041607_IFCB117,2023-08-29 04:16:07+00:00,117,4.82791185619213,48.9479,-125.8479,,,,,,495,,2,0
nwfsc_pacific_hake_survey,D20230829T043953_IFCB117,2023-08-29 04:39:53+00:00,117,4.86919297960069,48.9492,-125.9431,,,,,,386,,2,0
nwfsc_pacific_hake_survey,D20230829T050340_IFCB117,2023-08-29 05:03:40+00:00,117,4.90420644350405,48.976,-126.0181,,,,,,286,,2,0
nwfsc_pacific_hake_survey,D20230829T052726_IFCB117,2023-08-29 05:27:26+00:00,117,4.90107961697049,49.0384,-126.0479,,,,,,292,,2,0
nwfsc_pacific_hake_survey,D20230829T055112_IFCB117,2023-08-29 05:51:12+00:00,117,4.75274822771991,49.1023,-126.0776,,,,,,720,,2,0
nwfsc_pacific_hake_survey,D20230829T061458_IFCB117,2023-08-29 06:14:58+00:00,117,4.62271997974537,49.1101,-126.0951,,,,,,1103,,2,0
nwfsc_pacific_hake_survey,D20230829T063845_IFCB117,2023-08-29 06:38:45+00:00,117,4.61881051070602,49.112,-126.1951,,,,,,1115,,2,0
nwfsc_pacific_hake_survey,D20230829T070232_IFCB117,2023-08-29 07:02:32+00:00,117,4.62829412615741,49.118,-126.2921,,,,,,1087,,2,0
nwfsc_pacific_hake_survey,D20230829T072619_IFCB117,2023-08-29 07:26:19+00:00,117,4.65775050636574,49.118,-126.3851,,,,,,996,,2,0
nwfsc_pacific_hake_survey,D20230829T075006_IFCB117,2023-08-29 07:50:06+00:00,117,4.65868037471065,49.1157,-126.4848,,,,,,989,,2,0
nwfsc_pacific_hake_survey,D20230829T081352_IFCB117,2023-08-29 08:13:52+00:00,117,4.67621705005787,49.1126,-126.5829,,,,,,954,,2,0
nwfsc_pacific_hake_survey,D20230829T083739_IFCB117,2023-08-29 08:37:39+00:00,117,4.64763357204861,49.1114,-126.6889,,,,,,1034,,2,0
nwfsc_pacific_hake_survey,D20230829T090126_IFCB117,2023-08-29 09:01:26+00:00,117,4.67205132378472,49.113,-126.7618,,,,,,967,,2,0
nwfsc_pacific_hake_survey,D20230829T092513_IFCB117,2023-08-29 09:25:13+00:00,117,4.68610836226852,49.113,-126.8044,,,,,,937,,2,0
nwfsc_pacific_hake_survey,D20230829T094900_IFCB117,2023-08-29 09:49:00+00:00,117,4.69474884259259,49.1117,-126.9092,,,,,,895,,2,0
nwfsc_pacific_hake_survey,D20230829T101248_IFCB117,2023-08-29 10:12:48+00:00,117,4.70017650462963,49.1046,-126.9193,,,,,,882,,2,0
nwfsc_pacific_hake_survey,D20230829T103634_IFCB117,2023-08-29 10:36:34+00:00,117,4.68531474247685,49.1126,-126.9723,,,,,,922,,2,0
nwfsc_pacific_hake_survey,D20230829T110021_IFCB117,2023-08-29 11:00:21+00:00,117,4.71722945601852,49.1095,-126.9728,,,,,,836,,2,0
nwfsc_pacific_hake_survey,D20230829T112408_IFCB117,2023-08-29 11:24:08+00:00,117,4.76399725115741,49.1119,-127.0288,,,,,,692,,2,0
nwfsc_pacific_hake_survey,D20230829T114755_IFCB117,2023-08-29 11:47:55+00:00,117,4.83668690321181,49.1109,-127.0991,,,,,,483,,2,0
nwfsc_pacific_hake_survey,D20230829T121143_IFCB117,2023-08-29 12:11:43+00:00,117,4.895663583261,49.1068,-127.098,,,,,,310,,2,0
nwfsc_pacific_hake_survey,D20230829T123530_IFCB117,2023-08-29 12:35:30+00:00,117,4.91917595305266,49.1112,-127.1434,,,,,,243,,2,0
nwfsc_pacific_hake_survey,D20230829T125917_IFCB117,2023-08-29 12:59:17+00:00,117,4.9412243109809,49.1112,-127.1758,,,,,,180,,2,0
nwfsc_pacific_hake_survey,D20230829T132303_IFCB117,2023-08-29 13:23:03+00:00,117,4.9225874927662,49.1088,-127.1756,,,,,,233,,2,0
nwfsc_pacific_hake_survey,D20230829T134650_IFCB117,2023-08-29 13:46:50+00:00,117,4.94125281213831,49.1154,-127.1818,,,,,,178,,2,0
nwfsc_pacific_hake_survey,D20230829T141036_IFCB117,2023-08-29 14:10:36+00:00,117,4.94323092990451,49.1122,-127.1213,,,,,,175,,2,0
nwfsc_pacific_hake_survey,D20230829T143422_IFCB117,2023-08-29 14:34:22+00:00,117,4.95820470739294,49.1125,-127.0153,,,,,,141,,2,0
nwfsc_pacific_hake_survey,D20230829T145808_IFCB117,2023-08-29 14:58:08+00:00,117,4.9460368109809,49.1118,-126.9096,,,,,,165,,2,0
nwfsc_pacific_hake_survey,D20230829T152154_IFCB117,2023-08-29 15:21:54+00:00,117,4.88229012948495,49.1129,-126.8083,,,,,,352,,2,0
nwfsc_pacific_hake_survey,D20230829T154541_IFCB117,2023-08-29 15:45:41+00:00,117,4.78800032552083,49.1123,-126.7034,,,,,,619,,2,0
nwfsc_pacific_hake_survey,D20230829T160927_IFCB117,2023-08-29 16:09:27+00:00,117,4.78423831741898,49.1127,-126.5993,,,,,,624,,2,0
nwfsc_pacific_hake_survey,D20230829T163313_IFCB117,2023-08-29 16:33:13+00:00,117,4.6351236255787,49.1129,-126.4942,,,,,,1052,,2,0
nwfsc_pacific_hake_survey,D20230829T165700_IFCB117,2023-08-29 16:57:00+00:00,117,4.5938900462963,49.1127,-126.3864,,,,,,1176,,2,0
nwfsc_pacific_hake_survey,D20230829T172048_IFCB117,2023-08-29 17:20:48+00:00,117,4.6956431568287,49.1123,-126.2818,,,,,,878,,2,0
nwfsc_pacific_hake_survey,D20230829T174435_IFCB117,2023-08-29 17:44:35+00:00,117,4.77869534866898,49.1128,-126.1738,,,,,,645,,2,0
nwfsc_pacific_hake_survey,D20230829T180822_IFCB117,2023-08-29 18:08:22+00:00,117,4.75917420789931,49.1124,-126.0825,,,,,,705,,2,0
nwfsc_pacific_hake_survey,D20230829T183209_IFCB117,2023-08-29 18:32:09+00:00,117,4.683259765625,49.1118,-126.1749,,,,,,913,,2,0
nwfsc_pacific_hake_survey,D20230829T185556_IFCB117,2023-08-29 18:55:56+00:00,117,4.70589281322338,49.1224,-126.2642,,,,,,853,,2,0
nwfsc_pacific_hake_survey,D20230829T192440_IFCB117,2023-08-29 19:24:40+00:00,117,4.78558172381366,49.1548,-126.2878,,,,,,627,,2,0
nwfsc_pacific_hake_survey,D20230829T194826_IFCB117,2023-08-29 19:48:26+00:00,117,4.77229658564815,49.1788,-126.3084,,,,,,658,,2,0
nwfsc_pacific_hake_survey,D20230829T201212_IFCB117,2023-08-29 20:12:12+00:00,117,4.74257459852431,49.2372,-126.3745,,,,,,746,,2,0
nwfsc_pacific_hake_survey,D20230829T203558_IFCB117,2023-08-29 20:35:58+00:00,117,4.62815990306713,49.2798,-126.4017,,,,,,1095,,2,0
nwfsc_pacific_hake_survey,D20230829T205946_IFCB117,2023-08-29 20:59:46+00:00,117,4.50921075665509,49.2787,-126.5117,,,,,,1439,,2,0
nwfsc_pacific_hake_survey,D20230829T212333_IFCB117,2023-08-29 21:23:33+00:00,117,4.38179521122685,49.2785,-126.6226,,,,,,1788,,2,0
nwfsc_pacific_hake_survey,D20230829T214720_IFCB117,2023-08-29 21:47:20+00:00,117,4.37420138888889,49.279,-126.7307,,,,,,1806,,2,0
nwfsc_pacific_hake_survey,D20230829T221107_IFCB117,2023-08-29 22:11:07+00:00,117,4.60888386140046,49.28,-126.8228,,,,,,1127,,2,0
nwfsc_pacific_hake_survey,D20230829T223455_IFCB117,2023-08-29 22:34:55+00:00,117,4.67340277777778,49.2798,-126.9011,,,,,,954,,2,0
nwfsc_pacific_hake_survey,D20230829T225842_IFCB117,2023-08-29 22:58:42+00:00,117,4.62841019241898,49.2781,-126.9992,,,,,,1058,,2,0
nwfsc_pacific_hake_survey,D20230829T232229_IFCB117,2023-08-29 23:22:29+00:00,117,4.55881336805555,49.2783,-127.1014,,,,,,1281,,2,0
nwfsc_pacific_hake_survey,D20230829T234616_IFCB117,2023-08-29 23:46:16+00:00,117,4.59868576388889,49.2782,-127.2017,,,,,,1165,,2,0
nwfsc_pacific_hake_survey,D20230830T001003_IFCB117,2023-08-30 00:10:03+00:00,117,4.61170381221065,49.2793,-127.3047,,,,,,1132,,2,0
nwfsc_pacific_hake_survey,D20230830T003351_IFCB117,2023-08-30 00:33:51+00:00,117,4.69973014322917,49.2791,-127.4053,,,,,,875,,2,0
nwfsc_pacific_hake_survey,D20230830T005738_IFCB117,2023-08-30 00:57:38+00:00,117,4.73102238859954,49.3051,-127.4882,,,,,,783,,2,0
nwfsc_pacific_hake_survey,D20230830T012124_IFCB117,2023-08-30 01:21:24+00:00,117,4.81286011646412,49.3566,-127.5552,,,,,,550,,2,0
nwfsc_pacific_hake_survey,D20230830T015655_IFCB117,2023-08-30 01:56:55+00:00,117,4.84968127893518,49.4295,-127.6586,,,,,,441,,2,0
nwfsc_pacific_hake_survey,D20230830T022041_IFCB117,2023-08-30 02:20:41+00:00,117,4.88947248444734,49.4437,-127.6808,,,,,,326,,2,0
nwfsc_pacific_hake_survey,D20230830T024427_IFCB117,2023-08-30 02:44:27+00:00,117,4.93251890733507,49.4455,-127.6633,,,,,,203,,2,0
nwfsc_pacific_hake_survey,D20230830T030814_IFCB117,2023-08-30 03:08:14+00:00,117,4.94805393699363,49.4458,-127.5556,,,,,,159,,2,0
nwfsc_pacific_hake_survey,D20230830T033200_IFCB117,2023-08-30 03:32:00+00:00,117,4.95318185763889,49.4457,-127.5207,,,,,,147,,2,0
nwfsc_pacific_hake_survey,D20230830T035546_IFCB117,2023-08-30 03:55:46+00:00,117,4.95920632595486,49.4448,-127.5074,,,,,,129,,2,0
nwfsc_pacific_hake_survey,D20230830T041932_IFCB117,2023-08-30 04:19:32+00:00,117,4.96664735243056,49.4457,-127.4005,,,,,,105,,2,0
nwfsc_pacific_hake_survey,D20230830T044318_IFCB117,2023-08-30 04:43:18+00:00,117,4.96296980794271,49.4436,-127.3946,,,,,,116,,2,0
nwfsc_pacific_hake_survey,D20230830T050705_IFCB117,2023-08-30 05:07:05+00:00,117,4.96483620876736,49.4443,-127.3455,,,,,,113,,2,0
nwfsc_pacific_hake_survey,D20230830T053051_IFCB117,2023-08-30 05:30:51+00:00,117,4.96459418402778,49.4464,-127.2662,,,,,,111,,2,0
nwfsc_pacific_hake_survey,D20230830T055437_IFCB117,2023-08-30 05:54:37+00:00,117,4.90912902379919,49.4456,-127.27,,,,,,272,,2,0
nwfsc_pacific_hake_survey,D20230830T061823_IFCB117,2023-08-30 06:18:23+00:00,117,4.86939185474537,49.4461,-127.249,,,,,,385,,2,0
nwfsc_pacific_hake_survey,D20230830T064210_IFCB117,2023-08-30 06:42:10+00:00,117,4.85227599645544,49.4476,-127.2529,,,,,,430,,2,0
nwfsc_pacific_hake_survey,D20230830T070556_IFCB117,2023-08-30 07:05:56+00:00,117,4.77271965422454,49.4463,-127.16,,,,,,670,,2,0
nwfsc_pacific_hake_survey,D20230830T072942_IFCB117,2023-08-30 07:29:42+00:00,117,4.7750777271412,49.4488,-127.1248,,,,,,667,,2,0
nwfsc_pacific_hake_survey,D20230830T075329_IFCB117,2023-08-30 07:53:29+00:00,117,4.74461114728009,49.4496,-127.0987,,,,,,742,,2,0
nwfsc_pacific_hake_survey,D20230830T081716_IFCB117,2023-08-30 08:17:16+00:00,117,4.69232729311343,49.4489,-127.0616,,,,,,902,,2,0
nwfsc_pacific_hake_survey,D20230830T084103_IFCB117,2023-08-30 08:41:03+00:00,117,4.72373549623843,49.4483,-127.0244,,,,,,802,,2,0
nwfsc_pacific_hake_survey,D20230830T090450_IFCB117,2023-08-30 09:04:50+00:00,117,4.72787073206019,49.4464,-126.9893,,,,,,789,,2,0
nwfsc_pacific_hake_survey,D20230830T092837_IFCB117,2023-08-30 09:28:37+00:00,117,4.7145328052662,49.4455,-126.9516,,,,,,826,,2,0
nwfsc_pacific_hake_survey,D20230830T095224_IFCB117,2023-08-30 09:52:24+00:00,117,4.71619319661458,49.4455,-126.9154,,,,,,822,,2,0
nwfsc_pacific_hake_survey,D20230830T101612_IFCB117,2023-08-30 10:16:12+00:00,117,4.72192777054398,49.446,-126.883,,,,,,804,,2,0
nwfsc_pacific_hake_survey,D20230830T103959_IFCB117,2023-08-30 10:39:59+00:00,117,4.58916207320602,49.4458,-126.8533,,,,,,1183,,2,0
nwfsc_pacific_hake_survey,D20230830T110843_IFCB117,2023-08-30 11:08:43+00:00,117,4.64970739293982,49.4459,-126.8137,,,,,,1007,,2,0
nwfsc_pacific_hake_survey,D20230830T113230_IFCB117,2023-08-30 11:32:30+00:00,117,4.64266051793981,49.4459,-126.7781,,,,,,1041,,2,0
nwfsc_pacific_hake_survey,D20230830T115618_IFCB117,2023-08-30 11:56:18+00:00,117,4.60734957320602,49.4456,-126.7407,,,,,,1133,,2,0
nwfsc_pacific_hake_survey,D20230830T122005_IFCB117,2023-08-30 12:20:05+00:00,117,4.58761769386574,49.4444,-126.7151,,,,,,1199,,2,0
nwfsc_pacific_hake_survey,D20230830T124352_IFCB117,2023-08-30 12:43:52+00:00,117,4.61226179108796,49.4446,-126.7159,,,,,,1124,,2,0
nwfsc_pacific_hake_survey,D20230830T130739_IFCB117,2023-08-30 13:07:39+00:00,117,4.61749341724537,49.4461,-126.7165,,,,,,1120,,2,0
nwfsc_pacific_hake_survey,D20230830T133127_IFCB117,2023-08-30 13:31:27+00:00,117,4.66943098958333,49.4459,-126.7144,,,,,,964,,2,0
nwfsc_pacific_hake_survey,D20230830T135513_IFCB117,2023-08-30 13:55:13+00:00,117,4.72396752025463,49.4457,-126.784,,,,,,800,,2,0
nwfsc_pacific_hake_survey,D20230830T141900_IFCB117,2023-08-30 14:19:00+00:00,117,4.73869191261574,49.4457,-126.8928,,,,,,761,,2,0
nwfsc_pacific_hake_survey,D20230830T144247_IFCB117,2023-08-30 14:42:47+00:00,117,4.75033821614583,49.4449,-126.9955,,,,,,728,,2,0
nwfsc_pacific_hake_survey,D20230830T150635_IFCB117,2023-08-30 15:06:35+00:00,117,4.71750509982639,49.446,-127.1005,,,,,,826,,2,0
nwfsc_pacific_hake_survey,D20230830T153022_IFCB117,2023-08-30 15:30:22+00:00,117,4.63861552372685,49.4484,-127.1647,,,,,,1051,,2,0
nwfsc_pacific_hake_survey,D20230830T155409_IFCB117,2023-08-30 15:54:09+00:00,117,4.69045616319444,49.4279,-127.078,,,,,,894,,2,0
nwfsc_pacific_hake_survey,D20230830T161756_IFCB117,2023-08-30 16:17:56+00:00,117,4.74054575376157,49.4282,-127.0492,,,,,,749,,2,0
nwfsc_pacific_hake_survey,D20230830T164143_IFCB117,2023-08-30 16:41:43+00:00,117,4.81698403139468,49.4413,-127.0626,,,,,,532,,2,0
nwfsc_pacific_hake_survey,D20230830T170530_IFCB117,2023-08-30 17:05:30+00:00,117,4.51724225983796,49.463,-127.0718,,,,,,1372,,2,0
nwfsc_pacific_hake_survey,D20230830T172917_IFCB117,2023-08-30 17:29:17+00:00,117,4.71446748408565,49.4729,-127.0923,,,,,,826,,2,0
nwfsc_pacific_hake_survey,D20230830T175304_IFCB117,2023-08-30 17:53:04+00:00,117,4.81019458912037,49.4596,-127.112,,,,,,552,,2,0
nwfsc_pacific_hake_survey,D20230830T181650_IFCB117,2023-08-30 18:16:50+00:00,117,4.81863644748264,49.4454,-127.2104,,,,,,530,,2,0
nwfsc_pacific_hake_survey,D20230830T184037_IFCB117,2023-08-30 18:40:37+00:00,117,4.81178660300926,49.4457,-127.3179,,,,,,545,,2,0
nwfsc_pacific_hake_survey,D20230830T190423_IFCB117,2023-08-30 19:04:23+00:00,117,4.97170513237847,49.4457,-127.3279,,,,,,91,,2,0
nwfsc_pacific_hake_survey,D20230830T192809_IFCB117,2023-08-30 19:28:09+00:00,117,4.83946954571759,49.4398,-127.2244,,,,,,468,,2,0
nwfsc_pacific_hake_survey,D20230830T195155_IFCB117,2023-08-30 19:51:55+00:00,117,4.66771017795139,49.4421,-127.2279,,,,,,978,,2,0
nwfsc_pacific_hake_survey,D20230830T201543_IFCB117,2023-08-30 20:15:43+00:00,117,4.8113232421875,49.4462,-127.2699,,,,,,547,,2,0
nwfsc_pacific_hake_survey,D20230830T203930_IFCB117,2023-08-30 20:39:30+00:00,117,4.88819206633391,49.4472,-127.3056,,,,,,332,,2,0
nwfsc_pacific_hake_survey,D20230830T210317_IFCB117,2023-08-30 21:03:17+00:00,117,4.95857630750868,49.4454,-127.3332,,,,,,130,,2,0
nwfsc_pacific_hake_survey,D20230830T212703_IFCB117,2023-08-30 21:27:03+00:00,117,4.96724974681713,49.4429,-127.3588,,,,,,106,,2,0
nwfsc_pacific_hake_survey,D20230830T215049_IFCB117,2023-08-30 21:50:49+00:00,117,4.97231964337384,49.4368,-127.3694,,,,,,89,,2,0
nwfsc_pacific_hake_survey,D20230830T221436_IFCB117,2023-08-30 22:14:36+00:00,117,4.97450623914931,49.4458,-127.4061,,,,,,83,,2,0
nwfsc_pacific_hake_survey,D20230830T223822_IFCB117,2023-08-30 22:38:22+00:00,117,4.98273938440393,49.4466,-127.5091,,,,,,59,,2,0
nwfsc_pacific_hake_survey,D20230830T230208_IFCB117,2023-08-30 23:02:08+00:00,117,4.98190360966435,49.4464,-127.6129,,,,,,63,,2,0
nwfsc_pacific_hake_survey,D20230830T232554_IFCB117,2023-08-30 23:25:54+00:00,117,4.99096660698785,49.4622,-127.6963,,,,,,38,,2,0
nwfsc_pacific_hake_survey,D20230830T234940_IFCB117,2023-08-30 23:49:40+00:00,117,4.98941856553819,49.5222,-127.7492,,,,,,42,,2,0
nwfsc_pacific_hake_survey,D20230831T001326_IFCB117,2023-08-31 00:13:26+00:00,117,4.97352455873843,49.5797,-127.806,,,,,,86,,2,0
nwfsc_pacific_hake_survey,D20230831T003712_IFCB117,2023-08-31 00:37:12+00:00,117,4.9177186505353,49.6126,-127.7884,,,,,,246,,2,0
nwfsc_pacific_hake_survey,D20230831T010058_IFCB117,2023-08-31 01:00:58+00:00,117,4.97678936993634,49.612,-127.6736,,,,,,77,,2,0
nwfsc_pacific_hake_survey,D20230831T013627_IFCB117,2023-08-31 01:36:27+00:00,117,4.98800606734664,49.6119,-127.4885,,,,,,45,,2,0
nwfsc_pacific_hake_survey,D20230831T020013_IFCB117,2023-08-31 02:00:13+00:00,117,4.90993357566551,49.6131,-127.365,,,,,,271,,2,0
nwfsc_pacific_hake_survey,D20230831T022359_IFCB117,2023-08-31 02:23:59+00:00,117,4.70527099609375,49.6127,-127.2481,,,,,,855,,2,0
nwfsc_pacific_hake_survey,D20230831T025244_IFCB117,2023-08-31 02:52:44+00:00,117,4.19319574652778,49.6125,-127.1031,,,,,,2316,,2,0
nwfsc_pacific_hake_survey,D20230831T031631_IFCB117,2023-08-31 03:16:31+00:00,117,4.67503682002315,49.6124,-126.9881,,,,,,947,,2,0
nwfsc_pacific_hake_survey,D20230831T034017_IFCB117,2023-08-31 03:40:17+00:00,117,4.61141351996528,49.637,-126.9899,,,,,,1127,,2,0
nwfsc_pacific_hake_survey,D20230831T040404_IFCB117,2023-08-31 04:04:04+00:00,117,4.64959053096065,49.6865,-127.0725,,,,,,1009,,2,0
nwfsc_pacific_hake_survey,D20230831T042752_IFCB117,2023-08-31 04:27:52+00:00,117,4.51000159143519,49.7343,-127.1528,,,,,,1413,,2,0
nwfsc_pacific_hake_survey,D20230831T045139_IFCB117,2023-08-31 04:51:39+00:00,117,4.57254300491898,49.7789,-127.228,,,,,,1243,,2,0
nwfsc_pacific_hake_survey,D20230831T051526_IFCB117,2023-08-31 05:15:26+00:00,117,4.55679850260417,49.7787,-127.2271,,,,,,1286,,2,0
nwfsc_pacific_hake_survey,D20230831T053913_IFCB117,2023-08-31 05:39:13+00:00,117,4.61549074074074,49.7784,-127.2267,,,,,,1112,,2,0
nwfsc_pacific_hake_survey,D20230831T060301_IFCB117,2023-08-31 06:03:01+00:00,117,4.56685962818287,49.7823,-127.2966,,,,,,1240,,2,0
nwfsc_pacific_hake_survey,D20230831T062648_IFCB117,2023-08-31 06:26:48+00:00,117,4.60137825520833,49.7919,-127.3994,,,,,,1145,,2,0
nwfsc_pacific_hake_survey,D20230831T065035_IFCB117,2023-08-31 06:50:35+00:00,117,4.6129281322338,49.7893,-127.5106,,,,,,1116,,2,0
nwfsc_pacific_hake_survey,D20230831T071422_IFCB117,2023-08-31 07:14:22+00:00,117,4.6585913990162,49.781,-127.5912,,,,,,992,,2,0
nwfsc_pacific_hake_survey,D20230831T073809_IFCB117,2023-08-31 07:38:09+00:00,117,4.77923410373264,49.7823,-127.6024,,,,,,640,,2,0
nwfsc_pacific_hake_survey,D20230831T080156_IFCB117,2023-08-31 08:01:56+00:00,117,4.80920925564236,49.7796,-127.6557,,,,,,555,,2,0
nwfsc_pacific_hake_survey,D20230831T082542_IFCB117,2023-08-31 08:25:42+00:00,117,4.83372833478009,49.78,-127.6753,,,,,,489,,2,0
nwfsc_pacific_hake_survey,D20230831T084928_IFCB117,2023-08-31 08:49:28+00:00,117,4.88039962203414,49.7805,-127.7028,,,,,,370,,2,0
nwfsc_pacific_hake_survey,D20230831T091314_IFCB117,2023-08-31 09:13:14+00:00,117,4.87633199508102,49.7807,-127.7152,,,,,,365,,2,0
nwfsc_pacific_hake_survey,D20230831T093701_IFCB117,2023-08-31 09:37:01+00:00,117,4.9149776385272,49.7799,-127.7687,,,,,,256,,2,0
nwfsc_pacific_hake_survey,D20230831T100046_IFCB117,2023-08-31 10:00:46+00:00,117,4.92988913302951,49.7811,-127.8314,,,,,,214,,2,0
nwfsc_pacific_hake_survey,D20230831T102432_IFCB117,2023-08-31 10:24:32+00:00,117,4.92080579065393,49.7841,-127.8298,,,,,,237,,2,0
nwfsc_pacific_hake_survey,D20230831T104818_IFCB117,2023-08-31 10:48:18+00:00,117,4.89622736725984,49.7823,-127.9019,,,,,,311,,2,0
nwfsc_pacific_hake_survey,D20230831T111205_IFCB117,2023-08-31 11:12:05+00:00,117,4.90229371925637,49.7844,-127.9081,,,,,,291,,2,0
nwfsc_pacific_hake_survey,D20230831T113551_IFCB117,2023-08-31 11:35:51+00:00,117,4.90039533600984,49.7831,-127.917,,,,,,295,,2,0
nwfsc_pacific_hake_survey,D20230831T115937_IFCB117,2023-08-31 11:59:37+00:00,117,4.87809483506944,49.7826,-127.9213,,,,,,365,,2,0
nwfsc_pacific_hake_survey,D20230831T122323_IFCB117,2023-08-31 12:23:23+00:00,117,4.87909175166377,49.7813,-127.9214,,,,,,360,,2,0
nwfsc_pacific_hake_survey,D20230831T124709_IFCB117,2023-08-31 12:47:09+00:00,117,4.87908008716725,49.7794,-127.9223,,,,,,363,,2,0
nwfsc_pacific_hake_survey,D20230831T131056_IFCB117,2023-08-31 13:10:56+00:00,117,4.86470373083044,49.7777,-127.9232,,,,,,403,,2,0
nwfsc_pacific_hake_survey,D20230831T133442_IFCB117,2023-08-31 13:34:42+00:00,117,4.8898655327691,49.777,-127.9266,,,,,,330,,2,0
nwfsc_pacific_hake_survey,D20230831T135828_IFCB117,2023-08-31 13:58:28+00:00,117,4.89682262731482,49.7793,-127.8518,,,,,,307,,2,0
nwfsc_pacific_hake_survey,D20230831T142214_IFCB117,2023-08-31 14:22:14+00:00,117,4.90867748119213,49.779,-127.7474,,,,,,275,,2,0
nwfsc_pacific_hake_survey,D20230831T144601_IFCB117,2023-08-31 14:46:01+00:00,117,4.92886842628762,49.7786,-127.6405,,,,,,214,,2,0
nwfsc_pacific_hake_survey,D20230831T150947_IFCB117,2023-08-31 15:09:47+00:00,117,4.93429612449363,49.7748,-127.6276,,,,,,198,,2,0
nwfsc_pacific_hake_survey,D20230831T153333_IFCB117,2023-08-31 15:33:33+00:00,117,4.91557067418981,49.7617,-127.5946,,,,,,254,,2,0
nwfsc_pacific_hake_survey,D20230831T155719_IFCB117,2023-08-31 15:57:19+00:00,117,4.92787523509838,49.7685,-127.6229,,,,,,222,,2,0
nwfsc_pacific_hake_survey,D20230831T162105_IFCB117,2023-08-31 16:21:05+00:00,117,4.9257631745515,49.7776,-127.6621,,,,,,223,,2,0
nwfsc_pacific_hake_survey,D20230831T164452_IFCB117,2023-08-31 16:44:52+00:00,117,4.93238547092014,49.7841,-127.6934,,,,,,203,,2,0
nwfsc_pacific_hake_survey,D20230831T170837_IFCB117,2023-08-31 17:08:37+00:00,117,4.91869945384838,49.7915,-127.7224,,,,,,243,,2,0
nwfsc_pacific_hake_survey,D20230831T173223_IFCB117,2023-08-31 17:32:23+00:00,117,4.94177821180556,49.7952,-127.7454,,,,,,177,,2,0
nwfsc_pacific_hake_survey,D20230831T175609_IFCB117,2023-08-31 17:56:09+00:00,117,4.95098543294271,49.7884,-127.7223,,,,,,150,,2,0
nwfsc_pacific_hake_survey,D20230831T181956_IFCB117,2023-08-31 18:19:56+00:00,117,4.9450206072772,49.7789,-127.6224,,,,,,167,,2,0
nwfsc_pacific_hake_survey,D20230831T184839_IFCB117,2023-08-31 18:48:39+00:00,117,4.94800156430845,49.7829,-127.4934,,,,,,160,,2,0
nwfsc_pacific_hake_survey,D20230831T191225_IFCB117,2023-08-31 19:12:25+00:00,117,4.78385029658565,49.7789,-127.3875,,,,,,629,,2,0
nwfsc_pacific_hake_survey,D20230831T193611_IFCB117,2023-08-31 19:36:11+00:00,117,4.86400105794271,49.7792,-127.2809,,,,,,400,,2,0
nwfsc_pacific_hake_survey,D20230831T195957_IFCB117,2023-08-31 19:59:57+00:00,117,4.44763132957176,49.7827,-127.244,,,,,,1602,,2,0
nwfsc_pacific_hake_survey,D20230831T202345_IFCB117,2023-08-31 20:23:45+00:00,117,4.59244943576389,49.8174,-127.3208,,,,,,1178,,2,0
nwfsc_pacific_hake_survey,D20230831T204732_IFCB117,2023-08-31 20:47:32+00:00,117,4.38859056712963,49.8826,-127.3435,,,,,,1757,,2,0
nwfsc_pacific_hake_survey,D20230831T211119_IFCB117,2023-08-31 21:11:19+00:00,117,4.7045453197338,49.939,-127.3633,,,,,,856,,2,0
nwfsc_pacific_hake_survey,D20230831T213506_IFCB117,2023-08-31 21:35:06+00:00,117,4.76898224103009,49.9459,-127.445,,,,,,667,,2,0
nwfsc_pacific_hake_survey,D20230831T215853_IFCB117,2023-08-31 21:58:53+00:00,117,4.82553276909722,49.9355,-127.5192,,,,,,508,,2,0
nwfsc_pacific_hake_survey,D20230831T222239_IFCB117,2023-08-31 22:22:39+00:00,117,4.87306842267072,49.9248,-127.5996,,,,,,372,,2,0
nwfsc_pacific_hake_survey,D20230831T224625_IFCB117,2023-08-31 22:46:25+00:00,117,4.91298436595775,49.9457,-127.6458,,,,,,264,,2,0
nwfsc_pacific_hake_survey,D20230831T231011_IFCB117,2023-08-31 23:10:11+00:00,117,4.86893158637153,49.944,-127.7431,,,,,,387,,2,0
nwfsc_pacific_hake_survey,D20230831T233358_IFCB117,2023-08-31 23:33:58+00:00,117,4.8163236400463,49.9457,-127.8365,,,,,,549,,2,0
nwfsc_pacific_hake_survey,D20230831T235744_IFCB117,2023-08-31 23:57:44+00:00,117,4.82775920500579,49.9461,-127.9361,,,,,,508,,2,0
nwfsc_pacific_hake_survey,D20230901T002130_IFCB117,2023-09-01 00:21:30+00:00,117,4.85079439742477,49.9458,-128.0323,,,,,,446,,2,0
nwfsc_pacific_hake_survey,D20230901T005700_IFCB117,2023-09-01 00:57:00+00:00,117,4.68873376012731,49.9448,-128.1724,,,,,,914,,2,0
nwfsc_pacific_hake_survey,D20230901T012047_IFCB117,2023-09-01 01:20:47+00:00,117,4.86404861111111,49.9434,-128.2318,,,,,,409,,2,0
nwfsc_pacific_hake_survey,D20230901T014433_IFCB117,2023-09-01 01:44:33+00:00,117,4.8925222620081,49.9414,-128.2382,,,,,,318,,2,0
nwfsc_pacific_hake_survey,D20230901T020818_IFCB117,2023-09-01 02:08:18+00:00,117,4.88725852683738,49.9631,-128.2085,,,,,,339,,2,0
nwfsc_pacific_hake_survey,D20230901T023205_IFCB117,2023-09-01 02:32:05+00:00,117,4.74865447771991,,,,,,,,755,,2,0
nwfsc_pacific_hake_survey,D20230901T025552_IFCB117,2023-09-01 02:55:52+00:00,117,4.83026510054977,,,,,,,,501,,2,0
nwfsc_pacific_hake_survey,D20230901T031938_IFCB117,2023-09-01 03:19:38+00:00,117,4.60292194733796,,,,,,,,1143,,2,0
nwfsc_pacific_hake_survey,D20230901T034325_IFCB117,2023-09-01 03:43:25+00:00,117,4.5309566333912,,,,,,,,1375,,2,0
nwfsc_pacific_hake_survey,D20230901T040713_IFCB117,2023-09-01 04:07:13+00:00,117,4.47366138599537,,,,,,,,1531,,2,0
nwfsc_pacific_hake_survey,D20230901T043100_IFCB117,2023-09-01 04:31:00+00:00,117,4.61451486545139,,,,,,,,1117,,2,0
nwfsc_pacific_hake_survey,D20230901T045447_IFCB117,2023-09-01 04:54:47+00:00,117,4.70432586443866,,,,,,,,861,,2,0
nwfsc_pacific_hake_survey,D20230901T051834_IFCB117,2023-09-01 05:18:34+00:00,117,4.71883195891204,,,,,,,,814,,2,0
nwfsc_pacific_hake_survey,D20230901T054221_IFCB117,2023-09-01 05:42:21+00:00,117,4.73560243055556,,,,,,,,770,,2,0
nwfsc_pacific_hake_survey,D20230901T060607_IFCB117,2023-09-01 06:06:07+00:00,117,4.76516677517361,,,,,,,,679,,2,0
nwfsc_pacific_hake_survey,D20230901T062952_IFCB117,2023-09-01 06:29:52+00:00,117,4.71010141782407,,,,,,,,845,,2,0
nwfsc_pacific_hake_survey,D20230901T065339_IFCB117,2023-09-01 06:53:39+00:00,117,4.67602463107639,,,,,,,,934,,2,0
nwfsc_pacific_hake_survey,D20230901T071727_IFCB117,2023-09-01 07:17:27+00:00,117,4.67010232204861,,,,,,,,968,,2,0
nwfsc_pacific_hake_survey,D20230901T074114_IFCB117,2023-09-01 07:41:14+00:00,117,4.70459792751736,,,,,,,,867,,2,0
nwfsc_pacific_hake_survey,D20230901T080501_IFCB117,2023-09-01 08:05:01+00:00,117,4.70998961950231,,,,,,,,843,,2,0
nwfsc_pacific_hake_survey,D20230901T082848_IFCB117,2023-09-01 08:28:48+00:00,117,4.69362008101852,,,,,,,,891,,2,0
nwfsc_pacific_hake_survey,D20230901T085236_IFCB117,2023-09-01 08:52:36+00:00,117,4.80948855251736,,,,,,,,558,,2,0
nwfsc_pacific_hake_survey,D20230901T091623_IFCB117,2023-09-01 09:16:23+00:00,117,4.83611006221065,,,,,,,,483,,2,0
nwfsc_pacific_hake_survey,D20230901T094010_IFCB117,2023-09-01 09:40:10+00:00,117,4.88079457826968,,,,,,,,354,,2,0
nwfsc_pacific_hake_survey,D20230901T100356_IFCB117,2023-09-01 10:03:56+00:00,117,4.89940403464988,,,,,,,,310,,2,0
nwfsc_pacific_hake_survey,D20230901T103239_IFCB117,2023-09-01 10:32:39+00:00,117,4.92285837131076,,,,,,,,233,,2,0
nwfsc_pacific_hake_survey,D20230901T105626_IFCB117,2023-09-01 10:56:26+00:00,117,4.92635961009838,,,,,,,,221,,2,0
nwfsc_pacific_hake_survey,D20230901T112012_IFCB117,2023-09-01 11:20:12+00:00,117,4.92408547634549,,,,,,,,229,,2,0
nwfsc_pacific_hake_survey,D20230901T114357_IFCB117,2023-09-01 11:43:57+00:00,117,4.92973100224248,,,,,,,,218,,2,0
nwfsc_pacific_hake_survey,D20230901T120743_IFCB117,2023-09-01 12:07:43+00:00,117,4.92718635163484,,,,,,,,220,,2,0
nwfsc_pacific_hake_survey,D20230901T123129_IFCB117,2023-09-01 12:31:29+00:00,117,4.94726050708912,,,,,,,,164,,2,0
nwfsc_pacific_hake_survey,D20230901T125516_IFCB117,2023-09-01 12:55:16+00:00,117,4.94806979709201,,,,,,,,161,,2,0
nwfsc_pacific_hake_survey,D20230901T131902_IFCB117,2023-09-01 13:19:02+00:00,117,4.94950329137732,,,,,,,,156,,2,0
nwfsc_pacific_hake_survey,D20230901T134248_IFCB117,2023-09-01 13:42:48+00:00,117,4.94938006365741,,,,,,,,156,,2,0
nwfsc_pacific_hake_survey,D20230901T140634_IFCB117,2023-09-01 14:06:34+00:00,117,4.93408646195023,,,,,,,,203,,2,0
nwfsc_pacific_hake_survey,D20230901T143021_IFCB117,2023-09-01 14:30:21+00:00,117,4.93380759910301,,,,,,,,202,,2,0
nwfsc_pacific_hake_survey,D20230901T145407_IFCB117,2023-09-01 14:54:07+00:00,117,4.87048918547454,,,,,,,,381,,2,0
nwfsc_pacific_hake_survey,D20230901T151753_IFCB117,2023-09-01 15:17:53+00:00,117,4.84724441189236,,,,,,,,447,,2,0
nwfsc_pacific_hake_survey,D20230901T154139_IFCB117,2023-09-01 15:41:39+00:00,117,4.77391710069444,,,,,,,,655,,2,0
nwfsc_pacific_hake_survey,D20230901T160525_IFCB117,2023-09-01 16:05:25+00:00,117,4.78020775462963,,,,,,,,640,,2,0
nwfsc_pacific_hake_survey,D20230901T162912_IFCB117,2023-09-01 16:29:12+00:00,117,4.80632222945602,,,,,,,,556,,2,0
nwfsc_pacific_hake_survey,D20230901T165259_IFCB117,2023-09-01 16:52:59+00:00,117,4.76050318287037,,,,,,,,693,,2,0
nwfsc_pacific_hake_survey,D20230901T171645_IFCB117,2023-09-01 17:16:45+00:00,117,4.74712485532407,,,,,,,,734,,2,0
nwfsc_pacific_hake_survey,D20230901T174032_IFCB117,2023-09-01 17:40:32+00:00,117,4.76834810836227,,,,,,,,676,,2,0
nwfsc_pacific_hake_survey,D20230901T180420_IFCB117,2023-09-01 18:04:20+00:00,117,4.68787008101852,,,,,,,,904,,2,0
nwfsc_pacific_hake_survey,D20230901T182807_IFCB117,2023-09-01 18:28:07+00:00,117,4.75722222222222,,,,,,,,702,,2,0
nwfsc_pacific_hake_survey,D20230901T185153_IFCB117,2023-09-01 18:51:53+00:00,117,4.75321733940972,,,,,,,,716,,2,0
nwfsc_pacific_hake_survey,D20230901T191540_IFCB117,2023-09-01 19:15:40+00:00,117,4.78616232638889,,,,,,,,631,,2,0
nwfsc_pacific_hake_survey,D20230901T193927_IFCB117,2023-09-01 19:39:27+00:00,117,4.78772081163194,,,,,,,,624,,2,0
nwfsc_pacific_hake_survey,D20230901T200313_IFCB117,2023-09-01 20:03:13+00:00,117,4.8238246166088,,,,,,,,510,,2,0
nwfsc_pacific_hake_survey,D20230901T202659_IFCB117,2023-09-01 20:26:59+00:00,117,4.81295619936343,,,,,,,,546,,2,0
nwfsc_pacific_hake_survey,D20230901T205045_IFCB117,2023-09-01 20:50:45+00:00,117,4.81315460431134,,,,,,,,544,,2,0
nwfsc_pacific_hake_survey,D20230901T211431_IFCB117,2023-09-01 21:14:31+00:00,117,4.79615672019676,,,,,,,,594,,2,0
nwfsc_pacific_hake_survey,D20230901T213818_IFCB117,2023-09-01 21:38:18+00:00,117,4.81933031322338,,,,,,,,526,,2,0
nwfsc_pacific_hake_survey,D20230901T220204_IFCB117,2023-09-01 22:02:04+00:00,117,4.82853549985532,,,,,,,,503,,2,0
nwfsc_pacific_hake_survey,D20230901T222550_IFCB117,2023-09-01 22:25:50+00:00,117,4.77779119646991,,,,,,,,626,,2,0
nwfsc_pacific_hake_survey,D20230901T224937_IFCB117,2023-09-01 22:49:37+00:00,117,4.8225816514757,,,,,,,,526,,2,0
nwfsc_pacific_hake_survey,D20230901T231324_IFCB117,2023-09-01 23:13:24+00:00,117,4.80126844618056,,,,,,,,580,,2,0
nwfsc_pacific_hake_survey,D20230901T233710_IFCB117,2023-09-01 23:37:10+00:00,117,4.77869212962963,,,,,,,,643,,2,0
nwfsc_pacific_hake_survey,D20230902T000056_IFCB117,2023-09-02 00:00:56+00:00,117,4.79267241753472,,,,,,,,607,,2,0
nwfsc_pacific_hake_survey,D20230902T003626_IFCB117,2023-09-02 00:36:26+00:00,117,4.87269580078125,,,,,,,,381,,2,0
nwfsc_pacific_hake_survey,D20230902T010013_IFCB117,2023-09-02 01:00:13+00:00,117,4.87129403573495,,,,,,,,384,,2,0
nwfsc_pacific_hake_survey,D20230902T012359_IFCB117,2023-09-02 01:23:59+00:00,117,4.87954487666377,,,,,,,,356,,2,0
nwfsc_pacific_hake_survey,D20230902T014746_IFCB117,2023-09-02 01:47:46+00:00,117,4.88087901475694,,,,,,,,355,,2,0
nwfsc_pacific_hake_survey,D20230902T021629_IFCB117,2023-09-02 02:16:29+00:00,117,4.89115124963831,,,,,,,,329,,2,0
nwfsc_pacific_hake_survey,D20230902T024015_IFCB117,2023-09-02 02:40:15+00:00,117,4.88983718532986,,,,,,,,327,,2,0
nwfsc_pacific_hake_survey,D20230902T030401_IFCB117,2023-09-02 03:04:01+00:00,117,4.84414407913773,,,,,,,,457,,2,0
nwfsc_pacific_hake_survey,D20230902T032748_IFCB117,2023-09-02 03:27:48+00:00,117,4.86506693070023,,,,,,,,402,,2,0
nwfsc_pacific_hake_survey,D20230902T035134_IFCB117,2023-09-02 03:51:34+00:00,117,4.85953711841725,,,,,,,,413,,2,0
nwfsc_pacific_hake_survey,D20230902T041520_IFCB117,2023-09-02 04:15:20+00:00,117,4.87059852430555,,,,,,,,385,,2,0
nwfsc_pacific_hake_survey,D20230902T043906_IFCB117,2023-09-02 04:39:06+00:00,117,4.86684734881366,,,,,,,,393,,2,0
nwfsc_pacific_hake_survey,D20230902T050253_IFCB117,2023-09-02 05:02:53+00:00,117,4.85074010778356,,,,,,,,442,,2,0
nwfsc_pacific_hake_survey,D20230902T052639_IFCB117,2023-09-02 05:26:39+00:00,117,4.83462445746528,,,,,,,,487,,2,0
nwfsc_pacific_hake_survey,D20230902T055024_IFCB117,2023-09-02 05:50:24+00:00,117,4.86982395652488,,,,,,,,385,,2,0
nwfsc_pacific_hake_survey,D20230902T061410_IFCB117,2023-09-02 06:14:10+00:00,117,4.87668966109664,,,,,,,,372,,2,0
nwfsc_pacific_hake_survey,D20230902T063756_IFCB117,2023-09-02 06:37:56+00:00,117,4.89822007016782,,,,,,,,306,,2,0
nwfsc_pacific_hake_survey,D20230902T070143_IFCB117,2023-09-02 07:01:43+00:00,117,4.89539400679977,,,,,,,,315,,2,0
nwfsc_pacific_hake_survey,D20230902T072529_IFCB117,2023-09-02 07:25:29+00:00,117,4.91360205078125,,,,,,,,260,,2,0
nwfsc_pacific_hake_survey,D20230902T074915_IFCB117,2023-09-02 07:49:15+00:00,117,4.91396866861979,,,,,,,,259,,2,0
nwfsc_pacific_hake_survey,D20230902T081301_IFCB117,2023-09-02 08:13:01+00:00,117,4.90171908456308,,,,,,,,293,,2,0
nwfsc_pacific_hake_survey,D20230902T083648_IFCB117,2023-09-02 08:36:48+00:00,117,4.87634601960359,,,,,,,,357,,2,0
nwfsc_pacific_hake_survey,D20230902T090034_IFCB117,2023-09-02 09:00:34+00:00,117,4.80961067708333,,,,,,,,558,,2,0
nwfsc_pacific_hake_survey,D20230902T092420_IFCB117,2023-09-02 09:24:20+00:00,117,4.78211257595486,,,,,,,,642,,2,0
nwfsc_pacific_hake_survey,D20230902T094807_IFCB117,2023-09-02 09:48:07+00:00,117,4.74713254123264,,,,,,,,736,,2,0
nwfsc_pacific_hake_survey,D20230902T101154_IFCB117,2023-09-02 10:11:54+00:00,117,4.70796567563657,,,,,,,,845,,2,0
nwfsc_pacific_hake_survey,D20230902T103542_IFCB117,2023-09-02 10:35:42+00:00,117,4.75119321469907,,,,,,,,731,,2,0
nwfsc_pacific_hake_survey,D20230902T105927_IFCB117,2023-09-02 10:59:27+00:00,117,4.85612201605903,,,,,,,,423,,2,0
nwfsc_pacific_hake_survey,D20230902T112313_IFCB117,2023-09-02 11:23:13+00:00,117,4.88054417136864,,,,,,,,354,,2,0
nwfsc_pacific_hake_survey,D20230902T114659_IFCB117,2023-09-02 11:46:59+00:00,117,4.86823609302662,,,,,,,,390,,2,0
nwfsc_pacific_hake_survey,D20230902T121046_IFCB117,2023-09-02 12:10:46+00:00,117,4.88713860857928,,,,,,,,333,,2,0
nwfsc_pacific_hake_survey,D20230902T123432_IFCB117,2023-09-02 12:34:32+00:00,117,4.91007027633102,,,,,,,,271,,2,0
nwfsc_pacific_hake_survey,D20230902T125818_IFCB117,2023-09-02 12:58:18+00:00,117,4.91016469545718,,,,,,,,271,,2,0
nwfsc_pacific_hake_survey,D20230902T132204_IFCB117,2023-09-02 13:22:04+00:00,117,4.92330198386863,,,,,,,,236,,2,0
nwfsc_pacific_hake_survey,D20230902T134550_IFCB117,2023-09-02 13:45:50+00:00,117,4.91844637044271,,,,,,,,249,,2,0
nwfsc_pacific_hake_survey,D20230902T140936_IFCB117,2023-09-02 14:09:36+00:00,117,4.91487697120949,,,,,,,,257,,2,0
nwfsc_pacific_hake_survey,D20230902T143322_IFCB117,2023-09-02 14:33:22+00:00,117,4.92523346173322,,,,,,,,230,,2,0
nwfsc_pacific_hake_survey,D20230902T145708_IFCB117,2023-09-02 14:57:08+00:00,117,4.92751785843461,,,,,,,,222,,2,0
nwfsc_pacific_hake_survey,D20230902T152054_IFCB117,2023-09-02 15:20:54+00:00,117,4.93625998263889,,,,,,,,195,,2,0
nwfsc_pacific_hake_survey,D20230902T154441_IFCB117,2023-09-02 15:44:41+00:00,117,4.93318764467593,,,,,,,,209,,2,0
nwfsc_pacific_hake_survey,D20230902T160827_IFCB117,2023-09-02 16:08:27+00:00,117,4.9423108452691,,,,,,,,176,,2,0
nwfsc_pacific_hake_survey,D20230902T163213_IFCB117,2023-09-02 16:32:13+00:00,117,4.83281832320602,,,,,,,,493,,2,0
nwfsc_pacific_hake_survey,D20230902T165559_IFCB117,2023-09-02 16:55:59+00:00,117,4.83148900462963,,,,,,,,496,,2,0
nwfsc_pacific_hake_survey,D20230902T171946_IFCB117,2023-09-02 17:19:46+00:00,117,4.8317984302662,,,,,,,,491,,2,0
nwfsc_pacific_hake_survey,D20230902T174333_IFCB117,2023-09-02 17:43:33+00:00,117,4.81521592881944,,,,,,,,543,,2,0
nwfsc_pacific_hake_survey,D20230902T181217_IFCB117,2023-09-02 18:12:17+00:00,117,4.84806857638889,,,,,,,,447,,2,0
nwfsc_pacific_hake_survey,D20230902T183603_IFCB117,2023-09-02 18:36:03+00:00,117,4.76940534577546,,,,,,,,674,,2,0
nwfsc_pacific_hake_survey,D20230902T185949_IFCB117,2023-09-02 18:59:49+00:00,117,4.72299135561343,,,,,,,,815,,2,0
nwfsc_pacific_hake_survey,D20230902T192337_IFCB117,2023-09-02 19:23:37+00:00,117,4.72824338107639,,,,,,,,792,,2,0
nwfsc_pacific_hake_survey,D20230902T194723_IFCB117,2023-09-02 19:47:23+00:00,117,4.77687794777199,,,,,,,,647,,2,0
nwfsc_pacific_hake_survey,D20230902T201109_IFCB117,2023-09-02 20:11:09+00:00,117,4.83127293113426,,,,,,,,495,,2,0
nwfsc_pacific_hake_survey,D20230902T203455_IFCB117,2023-09-02 20:34:55+00:00,117,4.84611125578704,,,,,,,,452,,2,0
nwfsc_pacific_hake_survey,D20230902T205842_IFCB117,2023-09-02 20:58:42+00:00,117,4.86534341543692,,,,,,,,401,,2,0
nwfsc_pacific_hake_survey,D20230902T212228_IFCB117,2023-09-02 21:22:28+00:00,117,4.87867428927951,,,,,,,,358,,2,0
nwfsc_pacific_hake_survey,D20230902T214614_IFCB117,2023-09-02 21:46:14+00:00,117,4.85499633789062,,,,,,,,425,,2,0
nwfsc_pacific_hake_survey,D20230902T221000_IFCB117,2023-09-02 22:10:00+00:00,117,4.86504030128762,,,,,,,,402,,2,0
nwfsc_pacific_hake_survey,D20230902T223347_IFCB117,2023-09-02 22:33:47+00:00,117,4.86544337745949,,,,,,,,402,,2,0
nwfsc_pacific_hake_survey,D20230902T225733_IFCB117,2023-09-02 22:57:33+00:00,117,4.86192025643808,,,,,,,,409,,2,0
nwfsc_pacific_hake_survey,D20230902T232119_IFCB117,2023-09-02 23:21:19+00:00,117,4.86580806929977,,,,,,,,393,,2,0
nwfsc_pacific_hake_survey,D20230902T235649_IFCB117,2023-09-02 23:56:49+00:00,117,4.86547069408276,,,,,,,,396,,2,0
nwfsc_pacific_hake_survey,D20230903T002036_IFCB117,2023-09-03 00:20:36+00:00,117,4.853916494864,,,,,,,,433,,2,0
nwfsc_pacific_hake_survey,D20230903T004422_IFCB117,2023-09-03 00:44:22+00:00,117,4.88568561921296,,,,,,,,359,,2,0
nwfsc_pacific_hake_survey,D20230903T010808_IFCB117,2023-09-03 01:08:08+00:00,117,4.89570824291088,,,,,,,,314,,2,0
nwfsc_pacific_hake_survey,D20230903T013155_IFCB117,2023-09-03 01:31:55+00:00,117,4.91173004376447,,,,,,,,266,,2,0
nwfsc_pacific_hake_survey,D20230903T015541_IFCB117,2023-09-03 01:55:41+00:00,117,4.93605053710938,,,,,,,,200,,2,0
nwfsc_pacific_hake_survey,D20230903T021926_IFCB117,2023-09-03 02:19:26+00:00,117,4.95250068721065,,,,,,,,148,,2,0
nwfsc_pacific_hake_survey,D20230903T024313_IFCB117,2023-09-03 02:43:13+00:00,117,4.9461399468316,,,,,,,,167,,2,0
nwfsc_pacific_hake_survey,D20230903T030659_IFCB117,2023-09-03 03:06:59+00:00,117,4.92913907877604,,,,,,,,213,,2,0
nwfsc_pacific_hake_survey,D20230903T033045_IFCB117,2023-09-03 03:30:45+00:00,117,4.92758546730324,,,,,,,,221,,2,0
nwfsc_pacific_hake_survey,D20230903T035431_IFCB117,2023-09-03 03:54:31+00:00,117,4.92327685546875,,,,,,,,231,,2,0
nwfsc_pacific_hake_survey,D20230903T041817_IFCB117,2023-09-03 04:18:17+00:00,117,4.91172001591435,,,,,,,,265,,2,0
nwfsc_pacific_hake_survey,D20230903T044204_IFCB117,2023-09-03 04:42:04+00:00,117,4.90193419053819,,,,,,,,291,,2,0
nwfsc_pacific_hake_survey,D20230903T050550_IFCB117,2023-09-03 05:05:50+00:00,117,4.90786078559028,,,,,,,,278,,2,0
nwfsc_pacific_hake_survey,D20230903T052937_IFCB117,2023-09-03 05:29:37+00:00,117,4.9175235369647,,,,,,,,252,,2,0
nwfsc_pacific_hake_survey,D20230903T055323_IFCB117,2023-09-03 05:53:23+00:00,117,4.93312486436632,,,,,,,,205,,2,0
nwfsc_pacific_hake_survey,D20230903T061710_IFCB117,2023-09-03 06:17:10+00:00,117,4.95102819372106,,,,,,,,152,,2,0
nwfsc_pacific_hake_survey,D20230903T064056_IFCB117,2023-09-03 06:40:56+00:00,117,4.96891147641782,,,,,,,,99,,2,0
nwfsc_pacific_hake_survey,D20230903T070442_IFCB117,2023-09-03 07:04:42+00:00,117,4.944388192636,,,,,,,,169,,2,0
nwfsc_pacific_hake_survey,D20230903T072828_IFCB117,2023-09-03 07:28:28+00:00,117,4.95478557219329,,,,,,,,140,,2,0
nwfsc_pacific_hake_survey,D20230903T075214_IFCB117,2023-09-03 07:52:14+00:00,117,4.9729395525897,,,,,,,,88,,2,0
nwfsc_pacific_hake_survey,D20230903T081601_IFCB117,2023-09-03 08:16:01+00:00,117,4.96900146484375,,,,,,,,98,,2,0
nwfsc_pacific_hake_survey,D20230903T083947_IFCB117,2023-09-03 08:39:47+00:00,117,4.97713019024884,,,,,,,,76,,2,0
nwfsc_pacific_hake_survey,D20230903T090333_IFCB117,2023-09-03 09:03:33+00:00,117,4.98167218243634,,,,,,,,63,,2,0
nwfsc_pacific_hake_survey,D20230903T092719_IFCB117,2023-09-03 09:27:19+00:00,117,4.98807575593171,,,,,,,,47,,2,0
nwfsc_pacific_hake_survey,D20230903T095602_IFCB117,2023-09-03 09:56:02+00:00,117,4.9747579119647,,,,,,,,83,,2,0
nwfsc_pacific_hake_survey,D20230903T101949_IFCB117,2023-09-03 10:19:49+00:00,117,4.97530951605903,,,,,,,,84,,2,0
nwfsc_pacific_hake_survey,D20230903T104335_IFCB117,2023-09-03 10:43:35+00:00,117,4.96858171477141,,,,,,,,102,,2,0
nwfsc_pacific_hake_survey,D20230903T110721_IFCB117,2023-09-03 11:07:21+00:00,117,4.9662996057581,,,,,,,,108,,2,0
nwfsc_pacific_hake_survey,D20230903T113107_IFCB117,2023-09-03 11:31:07+00:00,117,4.95136723271123,,,,,,,,149,,2,0
nwfsc_pacific_hake_survey,D20230903T115454_IFCB117,2023-09-03 11:54:54+00:00,117,4.95573981843171,,,,,,,,140,,2,0
nwfsc_pacific_hake_survey,D20230903T121840_IFCB117,2023-09-03 12:18:40+00:00,117,4.94775639286748,,,,,,,,162,,2,0
nwfsc_pacific_hake_survey,D20230903T124226_IFCB117,2023-09-03 12:42:26+00:00,117,4.95163943142361,,,,,,,,151,,2,0
nwfsc_pacific_hake_survey,D20230903T130612_IFCB117,2023-09-03 13:06:12+00:00,117,4.95855329499421,,,,,,,,130,,2,0
nwfsc_pacific_hake_survey,D20230903T132959_IFCB117,2023-09-03 13:29:59+00:00,117,4.95471990740741,,,,,,,,143,,2,0
nwfsc_pacific_hake_survey,D20230903T135345_IFCB117,2023-09-03 13:53:45+00:00,117,4.94625212492766,,,,,,,,164,,2,0
nwfsc_pacific_hake_survey,D20230903T141730_IFCB117,2023-09-03 14:17:30+00:00,117,4.95080946180556,,,,,,,,154,,2,0
nwfsc_pacific_hake_survey,D20230903T144116_IFCB117,2023-09-03 14:41:16+00:00,117,4.95414936885127,,,,,,,,141,,2,0
nwfsc_pacific_hake_survey,D20230903T150503_IFCB117,2023-09-03 15:05:03+00:00,117,4.96056612594039,,,,,,,,125,,2,0
nwfsc_pacific_hake_survey,D20230903T152849_IFCB117,2023-09-03 15:28:49+00:00,117,4.96283918366609,,,,,,,,119,,2,0
nwfsc_pacific_hake_survey,D20230903T155235_IFCB117,2023-09-03 15:52:35+00:00,117,4.96069934534144,,,,,,,,122,,2,0
nwfsc_pacific_hake_survey,D20230903T161621_IFCB117,2023-09-03 16:16:21+00:00,117,4.95946453631366,,,,,,,,127,,2,0
nwfsc_pacific_hake_survey,D20230903T164007_IFCB117,2023-09-03 16:40:07+00:00,117,4.96364907045718,,,,,,,,117,,2,0
nwfsc_pacific_hake_survey,D20230903T170353_IFCB117,2023-09-03 17:03:53+00:00,117,4.95754721860532,,,,,,,,133,,2,0
nwfsc_pacific_hake_survey,D20230903T172740_IFCB117,2023-09-03 17:27:40+00:00,117,4.97326829246238,,,,,,,,87,,2,0
nwfsc_pacific_hake_survey,D20230903T175126_IFCB117,2023-09-03 17:51:26+00:00,117,4.96959349681713,,,,,,,,99,,2,0
nwfsc_pacific_hake_survey,D20230903T181512_IFCB117,2023-09-03 18:15:12+00:00,117,4.9682298900463,,,,,,,,101,,2,0
nwfsc_pacific_hake_survey,D20230903T183858_IFCB117,2023-09-03 18:38:58+00:00,117,4.96699878833912,,,,,,,,105,,2,0
nwfsc_pacific_hake_survey,D20230903T190245_IFCB117,2023-09-03 19:02:45+00:00,117,4.96729092520255,,,,,,,,103,,2,0
nwfsc_pacific_hake_survey,D20230903T192631_IFCB117,2023-09-03 19:26:31+00:00,117,4.97290889033565,,,,,,,,88,,2,0
nwfsc_pacific_hake_survey,D20230903T195017_IFCB117,2023-09-03 19:50:17+00:00,117,4.96278547272859,,,,,,,,118,,2,0
nwfsc_pacific_hake_survey,D20230903T201403_IFCB117,2023-09-03 20:14:03+00:00,117,4.96252563476563,,,,,,,,120,,2,0
nwfsc_pacific_hake_survey,D20230903T203750_IFCB117,2023-09-03 20:37:50+00:00,117,4.96143954354745,,,,,,,,125,,2,0
nwfsc_pacific_hake_survey,D20230903T210136_IFCB117,2023-09-03 21:01:36+00:00,117,4.95688751446759,,,,,,,,133,,2,0
nwfsc_pacific_hake_survey,D20230903T212522_IFCB117,2023-09-03 21:25:22+00:00,117,4.96148903175637,,,,,,,,123,,2,0
nwfsc_pacific_hake_survey,D20230903T214907_IFCB117,2023-09-03 21:49:07+00:00,117,4.96525306532118,,,,,,,,111,,2,0
nwfsc_pacific_hake_survey,D20230903T221253_IFCB117,2023-09-03 22:12:53+00:00,117,4.96828464084201,,,,,,,,102,,2,0
nwfsc_pacific_hake_survey,D20230903T223640_IFCB117,2023-09-03 22:36:40+00:00,117,4.93256551106771,,,,,,,,203,,2,0
nwfsc_pacific_hake_survey,D20230903T230026_IFCB117,2023-09-03 23:00:26+00:00,117,4.94737991898148,,,,,,,,162,,2,0
nwfsc_pacific_hake_survey,D20230903T233556_IFCB117,2023-09-03 23:35:56+00:00,117,4.96490865523727,,,,,,,,114,,2,0
nwfsc_pacific_hake_survey,D20230903T235941_IFCB117,2023-09-03 23:59:41+00:00,117,4.95924292896412,,,,,,,,130,,2,0
nwfsc_pacific_hake_survey,D20230904T002327_IFCB117,2023-09-04 00:23:27+00:00,117,4.94968844039352,,,,,,,,153,,2,0
nwfsc_pacific_hake_survey,D20230904T004713_IFCB117,2023-09-04 00:47:13+00:00,117,4.95284813548901,,,,,,,,145,,2,0
nwfsc_pacific_hake_survey,D20230904T011100_IFCB117,2023-09-04 01:11:00+00:00,117,4.96296671549479,,,,,,,,115,,2,0
nwfsc_pacific_hake_survey,D20230904T013943_IFCB117,2023-09-04 01:39:43+00:00,117,4.95409679723669,,,,,,,,141,,2,0
nwfsc_pacific_hake_survey,D20230904T020329_IFCB117,2023-09-04 02:03:29+00:00,117,4.95784466326678,,,,,,,,133,,2,0
nwfsc_pacific_hake_survey,D20230904T022716_IFCB117,2023-09-04 02:27:16+00:00,117,4.95355234555845,,,,,,,,143,,2,0
nwfsc_pacific_hake_survey,D20230904T025102_IFCB117,2023-09-04 02:51:02+00:00,117,4.96264593279803,,,,,,,,118,,2,0
nwfsc_pacific_hake_survey,D20230904T031448_IFCB117,2023-09-04 03:14:48+00:00,117,4.96621944625289,,,,,,,,109,,2,0
nwfsc_pacific_hake_survey,D20230904T033834_IFCB117,2023-09-04 03:38:34+00:00,117,4.95681872106482,,,,,,,,135,,2,0
nwfsc_pacific_hake_survey,D20230904T040220_IFCB117,2023-09-04 04:02:20+00:00,117,4.96490133101852,,,,,,,,111,,2,0
nwfsc_pacific_hake_survey,D20230904T042607_IFCB117,2023-09-04 04:26:07+00:00,117,4.95542447012442,,,,,,,,136,,2,0
nwfsc_pacific_hake_survey,D20230904T044953_IFCB117,2023-09-04 04:49:53+00:00,117,4.93857361291956,,,,,,,,187,,2,0
nwfsc_pacific_hake_survey,D20230904T051339_IFCB117,2023-09-04 05:13:39+00:00,117,4.9443639594184,,,,,,,,169,,2,0
nwfsc_pacific_hake_survey,D20230904T053725_IFCB117,2023-09-04 05:37:25+00:00,117,4.95835704210069,,,,,,,,130,,2,0
nwfsc_pacific_hake_survey,D20230904T060111_IFCB117,2023-09-04 06:01:11+00:00,117,4.96710627350984,,,,,,,,105,,2,0
nwfsc_pacific_hake_survey,D20230904T062458_IFCB117,2023-09-04 06:24:58+00:00,117,4.96614582429109,,,,,,,,106,,2,0
nwfsc_pacific_hake_survey,D20230904T064844_IFCB117,2023-09-04 06:48:44+00:00,117,4.96940554470486,,,,,,,,100,,2,0
nwfsc_pacific_hake_survey,D20230904T071230_IFCB117,2023-09-04 07:12:30+00:00,117,4.97751086877893,,,,,,,,75,,2,0
nwfsc_pacific_hake_survey,D20230904T073616_IFCB117,2023-09-04 07:36:16+00:00,117,4.96576475694444,,,,,,,,110,,2,0
nwfsc_pacific_hake_survey,D20230904T080003_IFCB117,2023-09-04 08:00:03+00:00,117,4.97184080222801,,,,,,,,93,,2,0
nwfsc_pacific_hake_survey,D20230904T082349_IFCB117,2023-09-04 08:23:49+00:00,117,4.96956141493056,,,,,,,,101,,2,0
nwfsc_pacific_hake_survey,D20230904T084735_IFCB117,2023-09-04 08:47:35+00:00,117,4.97024712456597,,,,,,,,96,,2,0
nwfsc_pacific_hake_survey,D20230904T091121_IFCB117,2023-09-04 09:11:21+00:00,117,4.98085147207755,,,,,,,,65,,2,0
nwfsc_pacific_hake_survey,D20230904T093507_IFCB117,2023-09-04 09:35:07+00:00,117,4.98596301721643,,,,,,,,50,,2,0
nwfsc_pacific_hake_survey,D20230904T095854_IFCB117,2023-09-04 09:58:54+00:00,117,4.9744934624566,,,,,,,,83,,2,0
nwfsc_pacific_hake_survey,D20230904T102240_IFCB117,2023-09-04 10:22:40+00:00,117,4.97745933702257,,,,,,,,74,,2,0
nwfsc_pacific_hake_survey,D20230904T104626_IFCB117,2023-09-04 10:46:26+00:00,117,4.98586276584201,,,,,,,,52,,2,0
nwfsc_pacific_hake_survey,D20230904T111012_IFCB117,2023-09-04 11:10:12+00:00,117,4.98835301830151,,,,,,,,45,,2,0
nwfsc_pacific_hake_survey,D20230904T113359_IFCB117,2023-09-04 11:33:59+00:00,117,4.99043175817419,,,,,,,,38,,2,0
nwfsc_pacific_hake_survey,D20230904T115745_IFCB117,2023-09-04 11:57:45+00:00,117,4.98729825846354,,,,,,,,48,,2,0
nwfsc_pacific_hake_survey,D20230904T122131_IFCB117,2023-09-04 12:21:31+00:00,117,4.98893899197049,,,,,,,,42,,2,0
nwfsc_pacific_hake_survey,D20230904T124517_IFCB117,2023-09-04 12:45:17+00:00,117,4.99546808991609,,,,,,,,24,,2,0
nwfsc_pacific_hake_survey,D20230904T130904_IFCB117,2023-09-04 13:09:04+00:00,117,4.99177042643229,,,,,,,,34,,2,0
nwfsc_pacific_hake_survey,D20230904T133250_IFCB117,2023-09-04 13:32:50+00:00,117,4.99343333152488,,,,,,,,30,,2,0
nwfsc_pacific_hake_survey,D20230904T135636_IFCB117,2023-09-04 13:56:36+00:00,117,4.99403285047743,,,,,,,,28,,2,0
nwfsc_pacific_hake_survey,D20230904T142022_IFCB117,2023-09-04 14:20:22+00:00,117,4.99419156901042,,,,,,,,27,,2,0
nwfsc_pacific_hake_survey,D20230904T144408_IFCB117,2023-09-04 14:44:08+00:00,117,4.98845194046586,,,,,,,,43,,2,0
nwfsc_pacific_hake_survey,D20230904T150754_IFCB117,2023-09-04 15:07:54+00:00,117,4.99154304108796,,,,,,,,34,,2,0
nwfsc_pacific_hake_survey,D20230904T153141_IFCB117,2023-09-04 15:31:41+00:00,117,4.98726029911748,,,,,,,,47,,2,0
nwfsc_pacific_hake_survey,D20230904T155527_IFCB117,2023-09-04 15:55:27+00:00,117,1.95562744140625,,,,,,,,21,,2,0
nwfsc_pacific_hake_survey,D20230904T160828_IFCB117,2023-09-04 16:08:28+00:00,117,4.98839134837963,,,,,,,,43,,2,0
nwfsc_pacific_hake_survey,D20230904T163214_IFCB117,2023-09-04 16:32:14+00:00,117,4.984164541739,,,,,,,,55,,2,0
nwfsc_pacific_hake_survey,D20230904T165601_IFCB117,2023-09-04 16:56:01+00:00,117,4.98421185076678,,,,,,,,56,,2,0
nwfsc_pacific_hake_survey,D20230904T172444_IFCB117,2023-09-04 17:24:44+00:00,117,4.98099505389178,,,,,,,,65,,2,0
nwfsc_pacific_hake_survey,D20230904T174830_IFCB117,2023-09-04 17:48:30+00:00,117,4.98866275137442,,,,,,,,43,,2,0
nwfsc_pacific_hake_survey,D20230904T181215_IFCB117,2023-09-04 18:12:15+00:00,117,4.98460714156539,,,,,,,,54,,2,0
nwfsc_pacific_hake_survey,D20230904T183602_IFCB117,2023-09-04 18:36:02+00:00,117,4.98775048828125,,,,,,,,45,,2,0
nwfsc_pacific_hake_survey,D20230904T185948_IFCB117,2023-09-04 18:59:48+00:00,117,4.98831004050926,,,,,,,,44,,2,0
nwfsc_pacific_hake_survey,D20230904T192334_IFCB117,2023-09-04 19:23:34+00:00,117,4.98685729528356,,,,,,,,51,,2,0
nwfsc_pacific_hake_survey,D20230904T194720_IFCB117,2023-09-04 19:47:20+00:00,117,4.98260071252894,,,,,,,,60,,2,0
nwfsc_pacific_hake_survey,D20230904T201107_IFCB117,2023-09-04 20:11:07+00:00,117,4.98922481734664,,,,,,,,41,,2,0
nwfsc_pacific_hake_survey,D20230904T203453_IFCB117,2023-09-04 20:34:53+00:00,117,4.98073625578704,,,,,,,,65,,2,0
nwfsc_pacific_hake_survey,D20230904T205839_IFCB117,2023-09-04 20:58:39+00:00,117,4.97719911024306,,,,,,,,76,,2,0
nwfsc_pacific_hake_survey,D20230904T212225_IFCB117,2023-09-04 21:22:25+00:00,117,4.97252261465567,,,,,,,,90,,2,0
nwfsc_pacific_hake_survey,D20230904T214611_IFCB117,2023-09-04 21:46:11+00:00,117,4.9611012641059,,,,,,,,123,,2,0
nwfsc_pacific_hake_survey,D20230904T220958_IFCB117,2023-09-04 22:09:58+00:00,117,4.97525153718171,,,,,,,,81,,2,0
nwfsc_pacific_hake_survey,D20230904T224527_IFCB117,2023-09-04 22:45:27+00:00,117,4.97997233977141,,,,,,,,69,,2,0
nwfsc_pacific_hake_survey,D20230904T230914_IFCB117,2023-09-04 23:09:14+00:00,117,4.98549357096354,,,,,,,,54,,2,0
nwfsc_pacific_hake_survey,D20230904T233300_IFCB117,2023-09-04 23:33:00+00:00,117,4.97917463288484,,,,,,,,71,,2,0
nwfsc_pacific_hake_survey,D20230904T235646_IFCB117,2023-09-04 23:56:46+00:00,117,4.9759651421441,,,,,,,,82,,2,0
nwfsc_pacific_hake_survey,D20230905T002032_IFCB117,2023-09-05 00:20:32+00:00,117,4.97728404405382,,,,,,,,77,,2,0
nwfsc_pacific_hake_survey,D20230905T004419_IFCB117,2023-09-05 00:44:19+00:00,117,4.97661780237268,,,,,,,,79,,2,0
nwfsc_pacific_hake_survey,D20230905T010804_IFCB117,2023-09-05 01:08:04+00:00,117,4.97288264973958,,,,,,,,88,,2,0
nwfsc_pacific_hake_survey,D20230905T013150_IFCB117,2023-09-05 01:31:50+00:00,117,4.97954682978877,,,,,,,,70,,2,0
nwfsc_pacific_hake_survey,D20230905T015535_IFCB117,2023-09-05 01:55:35+00:00,117,4.97236691623264,,,,,,,,92,,2,0
nwfsc_pacific_hake_survey,D20230905T021922_IFCB117,2023-09-05 02:19:22+00:00,117,4.98067697482639,,,,,,,,66,,2,0
nwfsc_pacific_hake_survey,D20230905T024308_IFCB117,2023-09-05 02:43:08+00:00,117,4.97936693431713,,,,,,,,69,,2,0
nwfsc_pacific_hake_survey,D20230905T030654_IFCB117,2023-09-05 03:06:54+00:00,117,4.96250553385417,,,,,,,,117,,2,0
nwfsc_pacific_hake_survey,D20230905T033040_IFCB117,2023-09-05 03:30:40+00:00,117,4.95536476417824,,,,,,,,136,,2,0
nwfsc_pacific_hake_survey,D20230905T035427_IFCB117,2023-09-05 03:54:27+00:00,117,4.95311438440394,,,,,,,,137,,2,0
nwfsc_pacific_hake_survey,D20230905T041813_IFCB117,2023-09-05 04:18:13+00:00,117,4.94585939308449,,,,,,,,157,,2,0
nwfsc_pacific_hake_survey,D20230905T044159_IFCB117,2023-09-05 04:41:59+00:00,117,4.94233563006366,,,,,,,,166,,2,0
nwfsc_pacific_hake_survey,D20230905T050545_IFCB117,2023-09-05 05:05:45+00:00,117,4.94475320999711,,,,,,,,166,,2,0
nwfsc_pacific_hake_survey,D20230905T052931_IFCB117,2023-09-05 05:29:31+00:00,117,4.93672777416088,,,,,,,,190,,2,0
nwfsc_pacific_hake_survey,D20230905T055317_IFCB117,2023-09-05 05:53:17+00:00,117,4.94373070384838,,,,,,,,170,,2,0
nwfsc_pacific_hake_survey,D20230905T061704_IFCB117,2023-09-05 06:17:04+00:00,117,4.9334525462963,,,,,,,,196,,2,0
nwfsc_pacific_hake_survey,D20230905T064050_IFCB117,2023-09-05 06:40:50+00:00,117,4.94201667390046,,,,,,,,176,,2,0
nwfsc_pacific_hake_survey,D20230905T070436_IFCB117,2023-09-05 07:04:36+00:00,117,4.93209820782697,,,,,,,,200,,2,0
nwfsc_pacific_hake_survey,D20230905T072823_IFCB117,2023-09-05 07:28:23+00:00,117,4.94646732132523,,,,,,,,159,,2,0
nwfsc_pacific_hake_survey,D20230905T075209_IFCB117,2023-09-05 07:52:09+00:00,117,4.94225004521123,,,,,,,,172,,2,0
nwfsc_pacific_hake_survey,D20230905T081555_IFCB117,2023-09-05 08:15:55+00:00,117,4.92942698386863,,,,,,,,210,,2,0
nwfsc_pacific_hake_survey,D20230905T083940_IFCB117,2023-09-05 08:39:40+00:00,117,4.94649634693287,,,,,,,,164,,2,0
nwfsc_pacific_hake_survey,D20230905T090823_IFCB117,2023-09-05 09:08:23+00:00,117,4.94612718822338,,,,,,,,164,,2,0
nwfsc_pacific_hake_survey,D20230905T093210_IFCB117,2023-09-05 09:32:10+00:00,117,4.93399847186053,,,,,,,,200,,2,0
nwfsc_pacific_hake_survey,D20230905T095556_IFCB117,2023-09-05 09:55:56+00:00,117,4.9470412145544,,,,,,,,161,,2,0
nwfsc_pacific_hake_survey,D20230905T101942_IFCB117,2023-09-05 10:19:42+00:00,117,4.96736634657118,,,,,,,,108,,2,0
nwfsc_pacific_hake_survey,D20230905T104328_IFCB117,2023-09-05 10:43:28+00:00,117,4.91543740957755,,,,,,,,251,,2,0
nwfsc_pacific_hake_survey,D20230905T110714_IFCB117,2023-09-05 11:07:14+00:00,117,4.87226203522859,,,,,,,,374,,2,0
nwfsc_pacific_hake_survey,D20230905T113101_IFCB117,2023-09-05 11:31:01+00:00,117,4.98054129593461,,,,,,,,16,,2,0
nwfsc_pacific_hake_survey,D20230905T115447_IFCB117,2023-09-05 11:54:47+00:00,117,4.95461263925058,,,,,,,,144,,2,0
nwfsc_pacific_hake_survey,D20230905T121833_IFCB117,2023-09-05 12:18:33+00:00,117,4.97102503797743,,,,,,,,93,,2,0
nwfsc_pacific_hake_survey,D20230905T124219_IFCB117,2023-09-05 12:42:19+00:00,117,4.97211116536458,,,,,,,,89,,2,0
nwfsc_pacific_hake_survey,D20230905T130606_IFCB117,2023-09-05 13:06:06+00:00,117,4.97766985857928,,,,,,,,75,,2,0
nwfsc_pacific_hake_survey,D20230905T132952_IFCB117,2023-09-05 13:29:52+00:00,117,4.98771515118634,,,,,,,,45,,2,0
nwfsc_pacific_hake_survey,D20230905T135338_IFCB117,2023-09-05 13:53:38+00:00,117,4.97811041485822,,,,,,,,72,,2,0
nwfsc_pacific_hake_survey,D20230905T141724_IFCB117,2023-09-05 14:17:24+00:00,117,4.95621698676215,,,,,,,,137,,2,0
nwfsc_pacific_hake_survey,D20230905T144111_IFCB117,2023-09-05 14:41:11+00:00,117,4.97039167390046,,,,,,,,95,,2,0
nwfsc_pacific_hake_survey,D20230905T150457_IFCB117,2023-09-05 15:04:57+00:00,117,4.96025943106192,,,,,,,,123,,2,0
nwfsc_pacific_hake_survey,D20230905T152843_IFCB117,2023-09-05 15:28:43+00:00,117,4.97359321650752,,,,,,,,85,,2,0
nwfsc_pacific_hake_survey,D20230905T155229_IFCB117,2023-09-05 15:52:29+00:00,117,4.94448630099826,,,,,,,,171,,2,0
nwfsc_pacific_hake_survey,D20230905T161614_IFCB117,2023-09-05 16:16:14+00:00,117,4.93431950774016,,,,,,,,198,,2,0
nwfsc_pacific_hake_survey,D20230905T164001_IFCB117,2023-09-05 16:40:01+00:00,117,4.94981325050637,,,,,,,,156,,2,0
nwfsc_pacific_hake_survey,D20230905T170347_IFCB117,2023-09-05 17:03:47+00:00,117,4.95506021231192,,,,,,,,139,,2,0
nwfsc_pacific_hake_survey,D20230905T172733_IFCB117,2023-09-05 17:27:33+00:00,117,4.95823913122106,,,,,,,,130,,2,0
nwfsc_pacific_hake_survey,D20230905T175119_IFCB117,2023-09-05 17:51:19+00:00,117,4.96609705041956,,,,,,,,110,,2,0
nwfsc_pacific_hake_survey,D20230905T181506_IFCB117,2023-09-05 18:15:06+00:00,117,4.96753956886574,,,,,,,,105,,2,0
nwfsc_pacific_hake_survey,D20230905T183852_IFCB117,2023-09-05 18:38:52+00:00,117,4.96228449616609,,,,,,,,117,,2,0
nwfsc_pacific_hake_survey,D20230905T190238_IFCB117,2023-09-05 19:02:38+00:00,117,4.97025989221643,,,,,,,,95,,2,0
nwfsc_pacific_hake_survey,D20230905T192624_IFCB117,2023-09-05 19:26:24+00:00,117,4.9637977520978,,,,,,,,115,,2,0
nwfsc_pacific_hake_survey,D20230905T195010_IFCB117,2023-09-05 19:50:10+00:00,117,4.97069257269965,,,,,,,,95,,2,0
nwfsc_pacific_hake_survey,D20230905T201357_IFCB117,2023-09-05 20:13:57+00:00,117,4.97842028356482,,,,,,,,72,,2,0
nwfsc_pacific_hake_survey,D20230905T203743_IFCB117,2023-09-05 20:37:43+00:00,117,4.97057885742187,,,,,,,,95,,2,0
nwfsc_pacific_hake_survey,D20230905T210129_IFCB117,2023-09-05 21:01:29+00:00,117,4.96852455873843,,,,,,,,101,,2,0
nwfsc_pacific_hake_survey,D20230905T212515_IFCB117,2023-09-05 21:25:15+00:00,117,4.97229703776042,,,,,,,,91,,2,0
nwfsc_pacific_hake_survey,D20230905T214901_IFCB117,2023-09-05 21:49:01+00:00,117,4.96304822229456,,,,,,,,116,,2,0
nwfsc_pacific_hake_survey,D20230905T222430_IFCB117,2023-09-05 22:24:30+00:00,117,4.96809581163194,,,,,,,,104,,2,0
nwfsc_pacific_hake_survey,D20230905T224817_IFCB117,2023-09-05 22:48:17+00:00,117,4.96923133680555,,,,,,,,98,,2,0
nwfsc_pacific_hake_survey,D20230905T231203_IFCB117,2023-09-05 23:12:03+00:00,117,4.96925552481192,,,,,,,,98,,2,0
nwfsc_pacific_hake_survey,D20230905T233549_IFCB117,2023-09-05 23:35:49+00:00,117,4.9585249927662,,,,,,,,132,,2,0
nwfsc_pacific_hake_survey,D20230905T235934_IFCB117,2023-09-05 23:59:34+00:00,117,4.96905897352431,,,,,,,,98,,2,0
nwfsc_pacific_hake_survey,D20230906T002321_IFCB117,2023-09-06 00:23:21+00:00,117,4.9675619032118,,,,,,,,103,,2,0
nwfsc_pacific_hake_survey,D20230906T005204_IFCB117,2023-09-06 00:52:04+00:00,117,4.95839057978877,,,,,,,,129,,2,0
nwfsc_pacific_hake_survey,D20230906T011550_IFCB117,2023-09-06 01:15:50+00:00,117,4.97291141312211,,,,,,,,87,,2,0
nwfsc_pacific_hake_survey,D20230906T013936_IFCB117,2023-09-06 01:39:36+00:00,117,4.97387828233507,,,,,,,,86,,2,0
nwfsc_pacific_hake_survey,D20230906T020322_IFCB117,2023-09-06 02:03:22+00:00,117,4.97939374457465,,,,,,,,74,,2,0
nwfsc_pacific_hake_survey,D20230906T022708_IFCB117,2023-09-06 02:27:08+00:00,117,4.97478016493056,,,,,,,,84,,2,0
nwfsc_pacific_hake_survey,D20230906T025054_IFCB117,2023-09-06 02:50:54+00:00,117,4.98186117440683,,,,,,,,62,,2,0
nwfsc_pacific_hake_survey,D20230906T031440_IFCB117,2023-09-06 03:14:40+00:00,117,4.97831008572049,,,,,,,,72,,2,0
nwfsc_pacific_hake_survey,D20230906T033826_IFCB117,2023-09-06 03:38:26+00:00,117,4.98003129521123,,,,,,,,68,,2,0
nwfsc_pacific_hake_survey,D20230906T040213_IFCB117,2023-09-06 04:02:13+00:00,117,4.98362056025752,,,,,,,,57,,2,0
nwfsc_pacific_hake_survey,D20230906T042559_IFCB117,2023-09-06 04:25:59+00:00,117,4.97621100079572,,,,,,,,83,,2,0
nwfsc_pacific_hake_survey,D20230906T044945_IFCB117,2023-09-06 04:49:45+00:00,117,4.97531862160012,,,,,,,,80,,2,0
nwfsc_pacific_hake_survey,D20230906T051331_IFCB117,2023-09-06 05:13:31+00:00,117,4.98646024124711,,,,,,,,51,,2,0
nwfsc_pacific_hake_survey,D20230906T053718_IFCB117,2023-09-06 05:37:18+00:00,117,4.98391383644387,,,,,,,,58,,2,0
nwfsc_pacific_hake_survey,D20230906T060104_IFCB117,2023-09-06 06:01:04+00:00,117,4.98818243634259,,,,,,,,45,,2,0
nwfsc_pacific_hake_survey,D20230906T062450_IFCB117,2023-09-06 06:24:50+00:00,117,4.98643972439236,,,,,,,,51,,2,0
nwfsc_pacific_hake_survey,D20230906T064836_IFCB117,2023-09-06 06:48:36+00:00,117,4.98510281032986,,,,,,,,56,,2,0
nwfsc_pacific_hake_survey,D20230906T071222_IFCB117,2023-09-06 07:12:22+00:00,117,4.98201130280671,,,,,,,,63,,2,0
nwfsc_pacific_hake_survey,D20230906T073609_IFCB117,2023-09-06 07:36:09+00:00,117,4.9857076280382,,,,,,,,51,,2,0
nwfsc_pacific_hake_survey,D20230906T075955_IFCB117,2023-09-06 07:59:55+00:00,117,4.98334505208333,,,,,,,,57,,2,0
nwfsc_pacific_hake_survey,D20230906T082341_IFCB117,2023-09-06 08:23:41+00:00,117,4.971143057364,,,,,,,,95,,2,0
nwfsc_pacific_hake_survey,D20230906T084727_IFCB117,2023-09-06 08:47:27+00:00,117,4.96713094979745,,,,,,,,104,,2,0
nwfsc_pacific_hake_survey,D20230906T091114_IFCB117,2023-09-06 09:11:14+00:00,117,4.96654352032697,,,,,,,,106,,2,0
nwfsc_pacific_hake_survey,D20230906T093500_IFCB117,2023-09-06 09:35:00+00:00,117,4.96541044560185,,,,,,,,109,,2,0
nwfsc_pacific_hake_survey,D20230906T095846_IFCB117,2023-09-06 09:58:46+00:00,117,4.97219939055266,,,,,,,,90,,2,0
nwfsc_pacific_hake_survey,D20230906T102232_IFCB117,2023-09-06 10:22:32+00:00,117,4.97124458369502,,,,,,,,93,,2,0
nwfsc_pacific_hake_survey,D20230906T104618_IFCB117,2023-09-06 10:46:18+00:00,117,4.97215761537905,,,,,,,,92,,2,0
nwfsc_pacific_hake_survey,D20230906T111005_IFCB117,2023-09-06 11:10:05+00:00,117,4.96343127893519,,,,,,,,116,,2,0
nwfsc_pacific_hake_survey,D20230906T113351_IFCB117,2023-09-06 11:33:51+00:00,117,4.96598783817998,,,,,,,,108,,2,0
nwfsc_pacific_hake_survey,D20230906T115737_IFCB117,2023-09-06 11:57:37+00:00,117,4.96304411711516,,,,,,,,117,,2,0
nwfsc_pacific_hake_survey,D20230906T122123_IFCB117,2023-09-06 12:21:23+00:00,117,4.96006035698785,,,,,,,,125,,2,0
nwfsc_pacific_hake_survey,D20230906T124510_IFCB117,2023-09-06 12:45:10+00:00,117,4.95266168438947,,,,,,,,144,,2,0
nwfsc_pacific_hake_survey,D20230906T130856_IFCB117,2023-09-06 13:08:56+00:00,117,4.97262719726563,,,,,,,,88,,2,0
nwfsc_pacific_hake_survey,D20230906T133242_IFCB117,2023-09-06 13:32:42+00:00,117,4.96411805555556,,,,,,,,114,,2,0
nwfsc_pacific_hake_survey,D20230906T135628_IFCB117,2023-09-06 13:56:28+00:00,117,4.96297434714988,,,,,,,,116,,2,0
nwfsc_pacific_hake_survey,D20230906T142014_IFCB117,2023-09-06 14:20:14+00:00,117,4.9646197193287,,,,,,,,112,,2,0
nwfsc_pacific_hake_survey,D20230906T144401_IFCB117,2023-09-06 14:44:01+00:00,117,4.9683413990162,,,,,,,,104,,2,0
nwfsc_pacific_hake_survey,D20230906T150747_IFCB117,2023-09-06 15:07:47+00:00,117,4.96199026150174,,,,,,,,121,,2,0
nwfsc_pacific_hake_survey,D20230906T153133_IFCB117,2023-09-06 15:31:33+00:00,117,4.95875285734954,,,,,,,,130,,2,0
nwfsc_pacific_hake_survey,D20230906T155519_IFCB117,2023-09-06 15:55:19+00:00,117,4.9676179651331,,,,,,,,102,,2,0
nwfsc_pacific_hake_survey,D20230906T161906_IFCB117,2023-09-06 16:19:06+00:00,117,4.96048885091146,,,,,,,,122,,2,0
nwfsc_pacific_hake_survey,D20230906T164749_IFCB117,2023-09-06 16:47:49+00:00,117,4.92579475911458,,,,,,,,222,,2,0
nwfsc_pacific_hake_survey,D20230906T171135_IFCB117,2023-09-06 17:11:35+00:00,117,4.9557204047309,,,,,,,,140,,2,0
nwfsc_pacific_hake_survey,D20230906T173521_IFCB117,2023-09-06 17:35:21+00:00,117,4.9043759765625,,,,,,,,283,,2,0
nwfsc_pacific_hake_survey,D20230906T175907_IFCB117,2023-09-06 17:59:07+00:00,117,4.92299225079572,,,,,,,,235,,2,0
nwfsc_pacific_hake_survey,D20230906T182254_IFCB117,2023-09-06 18:22:54+00:00,117,4.95012922272859,,,,,,,,156,,2,0
nwfsc_pacific_hake_survey,D20230906T184640_IFCB117,2023-09-06 18:46:40+00:00,117,4.92879342086227,,,,,,,,230,,2,0
nwfsc_pacific_hake_survey,D20230906T191026_IFCB117,2023-09-06 19:10:26+00:00,117,4.93470267288773,,,,,,,,202,,2,0
nwfsc_pacific_hake_survey,D20230906T193411_IFCB117,2023-09-06 19:34:11+00:00,117,4.93020412868924,,,,,,,,219,,2,0
nwfsc_pacific_hake_survey,D20230906T195756_IFCB117,2023-09-06 19:57:56+00:00,117,4.94447279188368,,,,,,,,172,,2,0
nwfsc_pacific_hake_survey,D20230906T202142_IFCB117,2023-09-06 20:21:42+00:00,117,4.92063186306424,,,,,,,,243,,2,0
nwfsc_pacific_hake_survey,D20230906T204529_IFCB117,2023-09-06 20:45:29+00:00,117,4.93441979528356,,,,,,,,201,,2,0
nwfsc_pacific_hake_survey,D20230906T210915_IFCB117,2023-09-06 21:09:15+00:00,117,4.93827682834201,,,,,,,,189,,2,0
nwfsc_pacific_hake_survey,D20230906T214445_IFCB117,2023-09-06 21:44:45+00:00,117,4.94112795681424,,,,,,,,182,,2,0
nwfsc_pacific_hake_survey,D20230906T220830_IFCB117,2023-09-06 22:08:30+00:00,117,4.9460337818287,,,,,,,,170,,2,0
nwfsc_pacific_hake_survey,D20230906T223215_IFCB117,2023-09-06 22:32:15+00:00,117,4.8872330005787,,,,,,,,342,,2,0
nwfsc_pacific_hake_survey,D20230906T225601_IFCB117,2023-09-06 22:56:01+00:00,117,4.92797375940394,,,,,,,,223,,2,0
nwfsc_pacific_hake_survey,D20230906T231947_IFCB117,2023-09-06 23:19:47+00:00,117,4.92067286964699,,,,,,,,245,,2,0
nwfsc_pacific_hake_survey,D20230906T234334_IFCB117,2023-09-06 23:43:34+00:00,117,4.94575655562789,,,,,,,,169,,2,0
nwfsc_pacific_hake_survey,D20230907T000720_IFCB117,2023-09-07 00:07:20+00:00,117,4.93189259620949,,,,,,,,215,,2,0
nwfsc_pacific_hake_survey,D20230907T003106_IFCB117,2023-09-07 00:31:06+00:00,117,4.938517578125,,,,,,,,190,,2,0
nwfsc_pacific_hake_survey,D20230907T005452_IFCB117,2023-09-07 00:54:52+00:00,117,4.93447051323785,,,,,,,,201,,2,0
nwfsc_pacific_hake_survey,D20230907T011838_IFCB117,2023-09-07 01:18:38+00:00,117,4.94725699869792,,,,,,,,165,,2,0
nwfsc_pacific_hake_survey,D20230907T014224_IFCB117,2023-09-07 01:42:24+00:00,117,4.95361793800637,,,,,,,,147,,2,0
nwfsc_pacific_hake_survey,D20230907T020611_IFCB117,2023-09-07 02:06:11+00:00,117,4.96379721860532,,,,,,,,117,,2,0
nwfsc_pacific_hake_survey,D20230907T022957_IFCB117,2023-09-07 02:29:57+00:00,117,4.95657156032986,,,,,,,,136,,2,0
nwfsc_pacific_hake_survey,D20230907T025342_IFCB117,2023-09-07 02:53:42+00:00,117,4.94824499963831,,,,,,,,162,,2,0
nwfsc_pacific_hake_survey,D20230907T031728_IFCB117,2023-09-07 03:17:28+00:00,117,4.93033867730035,,,,,,,,220,,2,0
nwfsc_pacific_hake_survey,D20230907T034114_IFCB117,2023-09-07 03:41:14+00:00,117,4.90478540039063,,,,,,,,291,,2,0
nwfsc_pacific_hake_survey,D20230907T040500_IFCB117,2023-09-07 04:05:00+00:00,117,4.91837332718461,,,,,,,,248,,2,0
nwfsc_pacific_hake_survey,D20230907T042847_IFCB117,2023-09-07 04:28:47+00:00,117,4.93885267469618,,,,,,,,188,,2,0
nwfsc_pacific_hake_survey,D20230907T045233_IFCB117,2023-09-07 04:52:33+00:00,117,4.94685342520255,,,,,,,,168,,2,0
nwfsc_pacific_hake_survey,D20230907T051618_IFCB117,2023-09-07 05:16:18+00:00,117,4.95917527488426,,,,,,,,130,,2,0
nwfsc_pacific_hake_survey,D20230907T054004_IFCB117,2023-09-07 05:40:04+00:00,117,4.97007785373264,,,,,,,,98,,2,0
nwfsc_pacific_hake_survey,D20230907T060350_IFCB117,2023-09-07 06:03:50+00:00,117,4.97540283203125,,,,,,,,82,,2,0
nwfsc_pacific_hake_survey,D20230907T062737_IFCB117,2023-09-07 06:27:37+00:00,117,4.98147947410301,,,,,,,,65,,2,0
nwfsc_pacific_hake_survey,D20230907T065123_IFCB117,2023-09-07 06:51:23+00:00,117,4.98038543475116,,,,,,,,69,,2,0
nwfsc_pacific_hake_survey,D20230907T071509_IFCB117,2023-09-07 07:15:09+00:00,117,4.98415145760995,,,,,,,,57,,2,0
nwfsc_pacific_hake_survey,D20230907T073854_IFCB117,2023-09-07 07:38:54+00:00,117,4.98189094147859,,,,,,,,66,,2,0
nwfsc_pacific_hake_survey,D20230907T080239_IFCB117,2023-09-07 08:02:39+00:00,117,4.98444780815972,,,,,,,,58,,2,0
nwfsc_pacific_hake_survey,D20230907T083122_IFCB117,2023-09-07 08:31:22+00:00,117,4.97896015082465,,,,,,,,71,,2,0
nwfsc_pacific_hake_survey,D20230907T085509_IFCB117,2023-09-07 08:55:09+00:00,117,4.98953355577257,,,,,,,,41,,2,0
nwfsc_pacific_hake_survey,D20230907T091855_IFCB117,2023-09-07 09:18:55+00:00,117,4.99016436993634,,,,,,,,39,,2,0
nwfsc_pacific_hake_survey,D20230907T094241_IFCB117,2023-09-07 09:42:41+00:00,117,4.99385453739873,,,,,,,,28,,2,0
nwfsc_pacific_hake_survey,D20230907T100627_IFCB117,2023-09-07 10:06:27+00:00,117,4.98699598524306,,,,,,,,48,,2,0
nwfsc_pacific_hake_survey,D20230907T103013_IFCB117,2023-09-07 10:30:13+00:00,117,4.99089755135995,,,,,,,,37,,2,0
nwfsc_pacific_hake_survey,D20230907T105359_IFCB117,2023-09-07 10:53:59+00:00,117,4.98554565429687,,,,,,,,55,,2,0
nwfsc_pacific_hake_survey,D20230907T111746_IFCB117,2023-09-07 11:17:46+00:00,117,4.97364695457176,49.9627,-128.4363,,,,,,87,,2,0
nwfsc_pacific_hake_survey,D20230907T114131_IFCB117,2023-09-07 11:41:31+00:00,117,4.97075439453125,49.9159,-128.3465,,,,,,97,,2,0
nwfsc_pacific_hake_survey,D20230907T120517_IFCB117,2023-09-07 12:05:17+00:00,117,4.97259668872975,49.869,-128.254,,,,,,90,,2,0
nwfsc_pacific_hake_survey,D20230907T122902_IFCB117,2023-09-07 12:29:02+00:00,117,4.95906646050347,49.8216,-128.1631,,,,,,129,,2,0
nwfsc_pacific_hake_survey,D20230907T125247_IFCB117,2023-09-07 12:52:47+00:00,117,4.95249026150174,49.7765,-128.0791,,,,,,149,,2,0
nwfsc_pacific_hake_survey,D20230907T131633_IFCB117,2023-09-07 13:16:33+00:00,117,4.89923418511285,49.7307,-127.9915,,,,,,307,,2,0
nwfsc_pacific_hake_survey,D20230907T134018_IFCB117,2023-09-07 13:40:18+00:00,117,4.92595470739294,49.6852,-127.9052,,,,,,230,,2,0
nwfsc_pacific_hake_survey,D20230907T140404_IFCB117,2023-09-07 14:04:04+00:00,117,4.8254509729456,49.6414,-127.8195,,,,,,523,,2,0
nwfsc_pacific_hake_survey,D20230907T142749_IFCB117,2023-09-07 14:27:49+00:00,117,4.71809494357639,49.599,-127.7381,,,,,,836,,2,0
nwfsc_pacific_hake_survey,D20230907T145135_IFCB117,2023-09-07 14:51:35+00:00,117,2.93516901765046,49.5517,-127.6522,,,,,,783,,2,0
nwfsc_pacific_hake_survey,D20230907T150946_IFCB117,2023-09-07 15:09:46+00:00,117,4.41140574363426,49.5171,-127.5856,,,,,,1724,,2,0
nwfsc_pacific_hake_survey,D20230907T153332_IFCB117,2023-09-07 15:33:32+00:00,117,4.57607707609954,49.4711,-127.4939,,,,,,1243,,2,0
nwfsc_pacific_hake_survey,D20230907T155719_IFCB117,2023-09-07 15:57:19+00:00,117,4.7481451099537,49.4206,-127.4074,,,,,,749,,2,0
nwfsc_pacific_hake_survey,D20230907T162105_IFCB117,2023-09-07 16:21:05+00:00,117,4.72553725405093,49.3717,-127.3245,,,,,,817,,2,0
nwfsc_pacific_hake_survey,D20230907T164450_IFCB117,2023-09-07 16:44:50+00:00,117,4.77237120225695,49.327,-127.2428,,,,,,675,,2,0
nwfsc_pacific_hake_survey,D20230907T170836_IFCB117,2023-09-07 17:08:36+00:00,117,4.82238263165509,49.28,-127.158,,,,,,528,,2,0
nwfsc_pacific_hake_survey,D20230907T173222_IFCB117,2023-09-07 17:32:22+00:00,117,4.84268344907407,49.231,-127.0717,,,,,,467,,2,0
nwfsc_pacific_hake_survey,D20230907T175607_IFCB117,2023-09-07 17:56:07+00:00,117,4.90742104311343,49.1786,-126.983,,,,,,279,,2,0
nwfsc_pacific_hake_survey,D20230907T181952_IFCB117,2023-09-07 18:19:52+00:00,117,4.93824465603299,49.1306,-126.899,,,,,,191,,2,0
nwfsc_pacific_hake_survey,D20230907T184338_IFCB117,2023-09-07 18:43:38+00:00,117,4.91189390733507,49.0831,-126.8146,,,,,,267,,2,0
nwfsc_pacific_hake_survey,D20230907T190724_IFCB117,2023-09-07 19:07:24+00:00,117,4.92109480794271,49.0328,-126.7306,,,,,,242,,2,0
nwfsc_pacific_hake_survey,D20230907T193111_IFCB117,2023-09-07 19:31:11+00:00,117,4.92818727394387,49.0004,-126.685,,,,,,221,,2,0
nwfsc_pacific_hake_survey,D20230907T195456_IFCB117,2023-09-07 19:54:56+00:00,117,4.93961269350405,48.9407,-126.6257,,,,,,191,,2,0
nwfsc_pacific_hake_survey,D20230907T201842_IFCB117,2023-09-07 20:18:42+00:00,117,4.92713323748553,48.8953,-126.5398,,,,,,223,,2,0
nwfsc_pacific_hake_survey,D20230907T204228_IFCB117,2023-09-07 20:42:28+00:00,117,4.90117092556424,48.8493,-126.4557,,,,,,301,,2,0
nwfsc_pacific_hake_survey,D20230907T211757_IFCB117,2023-09-07 21:17:57+00:00,117,4.90986999059607,48.7836,-126.3322,,,,,,271,,2,0
nwfsc_pacific_hake_survey,D20230907T214143_IFCB117,2023-09-07 21:41:43+00:00,117,4.90812064163773,48.7246,-126.2645,,,,,,281,,2,0
nwfsc_pacific_hake_survey,D20230907T220528_IFCB117,2023-09-07 22:05:28+00:00,117,4.92290502025463,48.6822,-126.1733,,,,,,232,,2,0
nwfsc_pacific_hake_survey,D20230907T222915_IFCB117,2023-09-07 22:29:15+00:00,117,4.92098385959201,48.6412,-126.0797,,,,,,239,,2,0
nwfsc_pacific_hake_survey,D20230907T225301_IFCB117,2023-09-07 22:53:01+00:00,117,4.91310830801505,48.5959,-125.9879,,,,,,263,,2,0
nwfsc_pacific_hake_survey,D20230907T231647_IFCB117,2023-09-07 23:16:47+00:00,117,4.9310540093316,48.5479,-125.9045,,,,,,212,,2,0
nwfsc_pacific_hake_survey,D20230907T234033_IFCB117,2023-09-07 23:40:33+00:00,117,4.92483068395544,48.4962,-125.821,,,,,,229,,2,0
nwfsc_pacific_hake_survey,D20230908T000916_IFCB117,2023-09-08 00:09:16+00:00,117,4.92140825737847,48.4687,-125.7037,,,,,,245,,2,0
nwfsc_pacific_hake_survey,D20230908T003301_IFCB117,2023-09-08 00:33:01+00:00,117,4.94407227466725,48.4684,-125.5945,,,,,,174,,2,0
nwfsc_pacific_hake_survey,D20230908T005648_IFCB117,2023-09-08 00:56:48+00:00,117,4.94193908239294,48.4696,-125.4883,,,,,,180,,2,0
nwfsc_pacific_hake_survey,D20230908T012033_IFCB117,2023-09-08 01:20:33+00:00,117,4.93494610821759,48.4718,-125.3802,,,,,,203,,2,0
nwfsc_pacific_hake_survey,D20230908T014419_IFCB117,2023-09-08 01:44:19+00:00,117,4.95864847366898,48.4722,-125.2733,,,,,,132,,2,0
nwfsc_pacific_hake_survey,D20230908T020805_IFCB117,2023-09-08 02:08:05+00:00,117,4.96402907986111,48.4717,-125.1709,,,,,,116,,2,0
nwfsc_pacific_hake_survey,D20230908T023151_IFCB117,2023-09-08 02:31:51+00:00,117,4.95478179253472,48.4732,-125.105,,,,,,141,,2,0
