dataset,pid,sample_time,ifcb,ml_analyzed,latitude,longitude,depth,cruise,cast,niskin,sample_type,n_images,comment_summary,trigger_selection,skip
nwfsc_pacific_hake_survey,D20190718T232928_IFCB777,2019-07-18 23:29:28+00:00,777,4.6698423374999996,,,,,,,,1074,,2,0
nwfsc_pacific_hake_survey,D20190718T235357_IFCB777,2019-07-18 23:53:57+00:00,777,4.726328425,,,,,,,,792,,2,0
nwfsc_pacific_hake_survey,D20190719T001827_IFCB777,2019-07-19 00:18:27+00:00,777,4.89529825,,,,,,,,306,,2,0
nwfsc_pacific_hake_survey,D20190719T004256_IFCB777,2019-07-19 00:42:56+00:00,777,4.8437309875,,,,,,,,457,,2,0
nwfsc_pacific_hake_survey,D20190719T010726_IFCB777,2019-07-19 01:07:26+00:00,777,4.799176920833333,,,,,,,,467,,2,0
nwfsc_pacific_hake_survey,D20190719T013155_IFCB777,2019-07-19 01:31:55+00:00,777,4.834353225,,,,,,,,500,,2,0
nwfsc_pacific_hake_survey,D20190719T015624_IFCB777,2019-07-19 01:56:24+00:00,777,4.768286366666667,,,,,,,,693,,2,0
nwfsc_pacific_hake_survey,D20190719T022054_IFCB777,2019-07-19 02:20:54+00:00,777,4.775327129166667,,,,,,,,645,,2,0
nwfsc_pacific_hake_survey,D20190719T024523_IFCB777,2019-07-19 02:45:23+00:00,777,4.804327679166667,,,,,,,,594,,2,0
nwfsc_pacific_hake_survey,D20190719T030952_IFCB777,2019-07-19 03:09:52+00:00,777,4.758961066666667,,,,,,,,689,,2,0
nwfsc_pacific_hake_survey,D20190719T033422_IFCB777,2019-07-19 03:34:22+00:00,777,4.6894182749999995,,,,,,,,988,,2,0
nwfsc_pacific_hake_survey,D20190719T035851_IFCB777,2019-07-19 03:58:51+00:00,777,4.699244133333333,,,,,,,,957,,2,0
nwfsc_pacific_hake_survey,D20190719T042321_IFCB777,2019-07-19 04:23:21+00:00,777,4.7411101,,,,,,,,838,,2,0
nwfsc_pacific_hake_survey,D20190719T044750_IFCB777,2019-07-19 04:47:50+00:00,777,4.8627830875,,,,,,,,411,,2,0
nwfsc_pacific_hake_survey,D20190719T051220_IFCB777,2019-07-19 05:12:20+00:00,777,4.911847366666667,,,,,,,,199,,2,0
nwfsc_pacific_hake_survey,D20190719T053649_IFCB777,2019-07-19 05:36:49+00:00,777,4.9167897583333335,,,,,,,,138,,2,0
nwfsc_pacific_hake_survey,D20190719T060118_IFCB777,2019-07-19 06:01:18+00:00,777,4.946865929166666,,,,,,,,126,,2,0
nwfsc_pacific_hake_survey,D20190719T062548_IFCB777,2019-07-19 06:25:48+00:00,777,4.879822683333333,,,,,,,,313,,2,0
nwfsc_pacific_hake_survey,D20190719T065017_IFCB777,2019-07-19 06:50:17+00:00,777,4.829510062500001,,,,,,,,479,,2,0
nwfsc_pacific_hake_survey,D20190719T071446_IFCB777,2019-07-19 07:14:46+00:00,777,4.643391033333334,,,,,,,,1162,,2,0
nwfsc_pacific_hake_survey,D20190719T073916_IFCB777,2019-07-19 07:39:16+00:00,777,4.682583108333333,,,,,,,,1029,,2,0
nwfsc_pacific_hake_survey,D20190719T080345_IFCB777,2019-07-19 08:03:45+00:00,777,4.618298637500001,,,,,,,,1229,,2,0
nwfsc_pacific_hake_survey,D20190719T082815_IFCB777,2019-07-19 08:28:15+00:00,777,4.805129666666667,,,,,,,,586,,2,0
nwfsc_pacific_hake_survey,D20190719T085244_IFCB777,2019-07-19 08:52:44+00:00,777,4.8153483,,,,,,,,264,,2,0
nwfsc_pacific_hake_survey,D20190719T091713_IFCB777,2019-07-19 09:17:13+00:00,777,4.848065658333335,,,,,,,,163,,2,0
nwfsc_pacific_hake_survey,D20190719T094143_IFCB777,2019-07-19 09:41:43+00:00,777,4.9094900375,,,,,,,,201,,2,0
nwfsc_pacific_hake_survey,D20190719T100612_IFCB777,2019-07-19 10:06:12+00:00,777,4.908625920833334,,,,,,,,247,,2,0
nwfsc_pacific_hake_survey,D20190719T103042_IFCB777,2019-07-19 10:30:42+00:00,777,4.897240162499999,,,,,,,,270,,2,0
nwfsc_pacific_hake_survey,D20190719T105511_IFCB777,2019-07-19 10:55:11+00:00,777,4.905701579166666,,,,,,,,284,,2,0
nwfsc_pacific_hake_survey,D20190719T111940_IFCB777,2019-07-19 11:19:40+00:00,777,4.8633838041666655,,,,,,,,364,,2,0
nwfsc_pacific_hake_survey,D20190719T120847_IFCB777,2019-07-19 12:08:47+00:00,777,4.4763169875,,,,,,,,1729,,2,0
nwfsc_pacific_hake_survey,D20190719T123317_IFCB777,2019-07-19 12:33:17+00:00,777,4.742002866666667,,,,,,,,812,,2,0
nwfsc_pacific_hake_survey,D20190719T125746_IFCB777,2019-07-19 12:57:46+00:00,777,4.6543730000000005,,,,,,,,1124,,2,0
nwfsc_pacific_hake_survey,D20190719T132216_IFCB777,2019-07-19 13:22:16+00:00,777,4.8230904125,,,,,,,,541,,2,0
nwfsc_pacific_hake_survey,D20190719T134645_IFCB777,2019-07-19 13:46:45+00:00,777,4.811104725000001,,,,,,,,533,,2,0
nwfsc_pacific_hake_survey,D20190719T141115_IFCB777,2019-07-19 14:11:15+00:00,777,4.8943622125,,,,,,,,323,,2,0
nwfsc_pacific_hake_survey,D20190719T143544_IFCB777,2019-07-19 14:35:44+00:00,777,4.849143729166666,,,,,,,,384,,2,0
nwfsc_pacific_hake_survey,D20190719T150013_IFCB777,2019-07-19 15:00:13+00:00,777,4.6782428125,,,,,,,,1011,,2,0
nwfsc_pacific_hake_survey,D20190719T152443_IFCB777,2019-07-19 15:24:43+00:00,777,4.812247683333334,,,,,,,,469,,2,0
nwfsc_pacific_hake_survey,D20190719T154912_IFCB777,2019-07-19 15:49:12+00:00,777,4.865761241666666,,,,,,,,316,,2,0
nwfsc_pacific_hake_survey,D20190719T161341_IFCB777,2019-07-19 16:13:41+00:00,777,4.626998120833334,,,,,,,,1147,,2,0
nwfsc_pacific_hake_survey,D20190719T163811_IFCB777,2019-07-19 16:38:11+00:00,777,4.523499829166667,,,,,,,,1530,,2,0
nwfsc_pacific_hake_survey,D20190719T170239_IFCB777,2019-07-19 17:02:39+00:00,777,4.560493687499999,,,,,,,,1454,,2,0
nwfsc_pacific_hake_survey,D20190719T172709_IFCB777,2019-07-19 17:27:09+00:00,777,4.6416244375,,,,,,,,1207,,2,0
nwfsc_pacific_hake_survey,D20190719T175138_IFCB777,2019-07-19 17:51:38+00:00,777,4.6159230875,,,,,,,,1295,,2,0
nwfsc_pacific_hake_survey,D20190719T181608_IFCB777,2019-07-19 18:16:08+00:00,777,4.8299685625,,,,,,,,484,,2,0
nwfsc_pacific_hake_survey,D20190719T184037_IFCB777,2019-07-19 18:40:37+00:00,777,4.8816357625,,,,,,,,347,,2,0
nwfsc_pacific_hake_survey,D20190719T190506_IFCB777,2019-07-19 19:05:06+00:00,777,4.833850966666668,,,,,,,,520,,2,0
nwfsc_pacific_hake_survey,D20190719T192936_IFCB777,2019-07-19 19:29:36+00:00,777,4.860687175,,,,,,,,442,,2,0
nwfsc_pacific_hake_survey,D20190719T195405_IFCB777,2019-07-19 19:54:05+00:00,777,4.924597233333333,,,,,,,,208,,2,0
nwfsc_pacific_hake_survey,D20190719T201834_IFCB777,2019-07-19 20:18:34+00:00,777,4.914931695833333,,,,,,,,211,,2,0
nwfsc_pacific_hake_survey,D20190719T204304_IFCB777,2019-07-19 20:43:04+00:00,777,4.907558320833333,,,,,,,,235,,2,0
nwfsc_pacific_hake_survey,D20190719T210733_IFCB777,2019-07-19 21:07:33+00:00,777,4.9144993125,,,,,,,,257,,2,0
nwfsc_pacific_hake_survey,D20190719T213203_IFCB777,2019-07-19 21:32:03+00:00,777,4.8524051833333335,,,,,,,,325,,2,0
nwfsc_pacific_hake_survey,D20190719T215632_IFCB777,2019-07-19 21:56:32+00:00,777,4.868848695833334,,,,,,,,339,,2,0
nwfsc_pacific_hake_survey,D20190719T222101_IFCB777,2019-07-19 22:21:01+00:00,777,4.856270191666666,,,,,,,,413,,2,0
nwfsc_pacific_hake_survey,D20190719T224531_IFCB777,2019-07-19 22:45:31+00:00,777,4.862692329166666,,,,,,,,448,,2,0
nwfsc_pacific_hake_survey,D20190719T231000_IFCB777,2019-07-19 23:10:00+00:00,777,4.856021358333334,,,,,,,,456,,2,0
nwfsc_pacific_hake_survey,D20190719T233429_IFCB777,2019-07-19 23:34:29+00:00,777,4.8355628500000005,,,,,,,,492,,2,0
nwfsc_pacific_hake_survey,D20190719T235859_IFCB777,2019-07-19 23:58:59+00:00,777,4.845210070833333,,,,,,,,467,,2,0
nwfsc_pacific_hake_survey,D20190720T004806_IFCB777,2019-07-20 00:48:06+00:00,777,4.8144140166666665,,,,,,,,624,,2,0
nwfsc_pacific_hake_survey,D20190720T011235_IFCB777,2019-07-20 01:12:35+00:00,777,4.7894472125,,,,,,,,698,,2,0
nwfsc_pacific_hake_survey,D20190720T013705_IFCB777,2019-07-20 01:37:05+00:00,777,4.772617820833333,,,,,,,,742,,2,0
nwfsc_pacific_hake_survey,D20190720T020134_IFCB777,2019-07-20 02:01:34+00:00,777,4.760519045833334,,,,,,,,854,,2,0
nwfsc_pacific_hake_survey,D20190720T022603_IFCB777,2019-07-20 02:26:03+00:00,777,4.712465520833334,,,,,,,,933,,2,0
nwfsc_pacific_hake_survey,D20190720T025033_IFCB777,2019-07-20 02:50:33+00:00,777,4.6950140125,,,,,,,,1028,,2,0
nwfsc_pacific_hake_survey,D20190720T031502_IFCB777,2019-07-20 03:15:02+00:00,777,4.676950891666666,,,,,,,,1088,,2,0
nwfsc_pacific_hake_survey,D20190720T033932_IFCB777,2019-07-20 03:39:32+00:00,777,4.753692995833333,,,,,,,,879,,2,0
nwfsc_pacific_hake_survey,D20190720T040401_IFCB777,2019-07-20 04:04:01+00:00,777,4.7729013125,,,,,,,,701,,2,0
nwfsc_pacific_hake_survey,D20190720T042830_IFCB777,2019-07-20 04:28:30+00:00,777,4.713970695833334,,,,,,,,953,,2,0
nwfsc_pacific_hake_survey,D20190720T045300_IFCB777,2019-07-20 04:53:00+00:00,777,4.71080295,,,,,,,,1027,,2,0
nwfsc_pacific_hake_survey,D20190720T051729_IFCB777,2019-07-20 05:17:29+00:00,777,4.688692045833333,,,,,,,,1081,,2,0
nwfsc_pacific_hake_survey,D20190720T054159_IFCB777,2019-07-20 05:41:59+00:00,777,4.7617644125,,,,,,,,786,,2,0
nwfsc_pacific_hake_survey,D20190720T060628_IFCB777,2019-07-20 06:06:28+00:00,777,4.821452616666666,,,,,,,,510,,2,0
nwfsc_pacific_hake_survey,D20190720T063057_IFCB777,2019-07-20 06:30:57+00:00,777,4.850318000000001,,,,,,,,388,,2,0
nwfsc_pacific_hake_survey,D20190720T065527_IFCB777,2019-07-20 06:55:27+00:00,777,4.86346695,,,,,,,,301,,2,0
nwfsc_pacific_hake_survey,D20190720T071956_IFCB777,2019-07-20 07:19:56+00:00,777,4.903287000000001,,,,,,,,270,,2,0
nwfsc_pacific_hake_survey,D20190720T074426_IFCB777,2019-07-20 07:44:26+00:00,777,4.858716491666667,,,,,,,,372,,2,0
nwfsc_pacific_hake_survey,D20190720T080855_IFCB777,2019-07-20 08:08:55+00:00,777,4.84448875,,,,,,,,443,,2,0
nwfsc_pacific_hake_survey,D20190720T083324_IFCB777,2019-07-20 08:33:24+00:00,777,4.848893275,,,,,,,,457,,2,0
nwfsc_pacific_hake_survey,D20190720T085754_IFCB777,2019-07-20 08:57:54+00:00,777,4.787397341666666,,,,,,,,600,,2,0
nwfsc_pacific_hake_survey,D20190720T092223_IFCB777,2019-07-20 09:22:23+00:00,777,4.8335066541666665,,,,,,,,520,,2,0
nwfsc_pacific_hake_survey,D20190720T094653_IFCB777,2019-07-20 09:46:53+00:00,777,4.8303943125,,,,,,,,520,,2,0
nwfsc_pacific_hake_survey,D20190720T101122_IFCB777,2019-07-20 10:11:22+00:00,777,4.854158158333333,,,,,,,,440,,2,0
nwfsc_pacific_hake_survey,D20190720T103551_IFCB777,2019-07-20 10:35:51+00:00,777,4.8550723375,,,,,,,,252,,2,0
nwfsc_pacific_hake_survey,D20190720T110021_IFCB777,2019-07-20 11:00:21+00:00,777,4.884428033333333,,,,,,,,308,,2,0
nwfsc_pacific_hake_survey,D20190720T112450_IFCB777,2019-07-20 11:24:50+00:00,777,4.7735079916666665,,,,,,,,582,,2,0
nwfsc_pacific_hake_survey,D20190720T114920_IFCB777,2019-07-20 11:49:20+00:00,777,4.8407612916666665,,,,,,,,429,,2,0
nwfsc_pacific_hake_survey,D20190720T121349_IFCB777,2019-07-20 12:13:49+00:00,777,4.868852258333334,,,,,,,,380,,2,0
nwfsc_pacific_hake_survey,D20190720T123818_IFCB777,2019-07-20 12:38:18+00:00,777,4.852564670833334,,,,,,,,393,,2,0
nwfsc_pacific_hake_survey,D20190720T132725_IFCB777,2019-07-20 13:27:25+00:00,777,4.836841645833333,,,,,,,,433,,2,0
nwfsc_pacific_hake_survey,D20190720T135155_IFCB777,2019-07-20 13:51:55+00:00,777,4.864676875,,,,,,,,404,,2,0
nwfsc_pacific_hake_survey,D20190720T141624_IFCB777,2019-07-20 14:16:24+00:00,777,4.840698875,,,,,,,,464,,2,0
nwfsc_pacific_hake_survey,D20190720T144054_IFCB777,2019-07-20 14:40:54+00:00,777,4.822808114583333,,,,,,,,392,,2,0
nwfsc_pacific_hake_survey,D20190720T150912_IFCB777,2019-07-20 15:09:12+00:00,777,4.898623166666666,,,,,,,,241,,2,0
nwfsc_pacific_hake_survey,D20190720T153341_IFCB777,2019-07-20 15:33:41+00:00,777,4.877013879166666,,,,,,,,205,,2,0
nwfsc_pacific_hake_survey,D20190720T155811_IFCB777,2019-07-20 15:58:11+00:00,777,4.817093841666666,,,,,,,,180,,2,0
nwfsc_pacific_hake_survey,D20190720T162240_IFCB777,2019-07-20 16:22:40+00:00,777,4.928105775000001,,,,,,,,193,,2,0
nwfsc_pacific_hake_survey,D20190720T164710_IFCB777,2019-07-20 16:47:10+00:00,777,4.846841545833334,,,,,,,,481,,2,0
nwfsc_pacific_hake_survey,D20190720T171139_IFCB777,2019-07-20 17:11:39+00:00,777,4.806995470833333,,,,,,,,620,,2,0
nwfsc_pacific_hake_survey,D20190720T173608_IFCB777,2019-07-20 17:36:08+00:00,777,4.871428187499999,,,,,,,,313,,2,0
nwfsc_pacific_hake_survey,D20190720T180038_IFCB777,2019-07-20 18:00:38+00:00,777,4.846290445833334,,,,,,,,220,,2,0
nwfsc_pacific_hake_survey,D20190720T182507_IFCB777,2019-07-20 18:25:07+00:00,777,4.839196533333333,,,,,,,,332,,2,0
nwfsc_pacific_hake_survey,D20190720T184936_IFCB777,2019-07-20 18:49:36+00:00,777,4.910911958333333,,,,,,,,224,,2,0
nwfsc_pacific_hake_survey,D20190720T191406_IFCB777,2019-07-20 19:14:06+00:00,777,4.8322069875,,,,,,,,474,,2,0
nwfsc_pacific_hake_survey,D20190720T193835_IFCB777,2019-07-20 19:38:35+00:00,777,4.6864810375,,,,,,,,1065,,2,0
nwfsc_pacific_hake_survey,D20190720T200305_IFCB777,2019-07-20 20:03:05+00:00,777,4.716053325,,,,,,,,943,,2,0
nwfsc_pacific_hake_survey,D20190720T202734_IFCB777,2019-07-20 20:27:34+00:00,777,4.809203316666666,,,,,,,,572,,2,0
nwfsc_pacific_hake_survey,D20190720T205203_IFCB777,2019-07-20 20:52:03+00:00,777,4.854079283333334,,,,,,,,495,,2,0
nwfsc_pacific_hake_survey,D20190720T211633_IFCB777,2019-07-20 21:16:33+00:00,777,4.796964645833333,,,,,,,,669,,2,0
nwfsc_pacific_hake_survey,D20190720T214102_IFCB777,2019-07-20 21:41:02+00:00,777,4.590340145833333,,,,,,,,1402,,2,0
nwfsc_pacific_hake_survey,D20190720T220532_IFCB777,2019-07-20 22:05:32+00:00,777,4.4634727666666665,,,,,,,,1862,,2,0
nwfsc_pacific_hake_survey,D20190720T223001_IFCB777,2019-07-20 22:30:01+00:00,777,4.433848325,,,,,,,,1950,,2,0
nwfsc_pacific_hake_survey,D20190720T225431_IFCB777,2019-07-20 22:54:31+00:00,777,4.249762695833333,,,,,,,,2506,,2,0
nwfsc_pacific_hake_survey,D20190720T231900_IFCB777,2019-07-20 23:19:00+00:00,777,4.875388445833334,,,,,,,,293,,2,0
nwfsc_pacific_hake_survey,D20190720T234330_IFCB777,2019-07-20 23:43:30+00:00,777,4.573028491666667,,,,,,,,1499,,2,0
nwfsc_pacific_hake_survey,D20190721T000759_IFCB777,2019-07-21 00:07:59+00:00,777,4.821175983333333,,,,,,,,507,,2,0
nwfsc_pacific_hake_survey,D20190721T003228_IFCB777,2019-07-21 00:32:28+00:00,777,4.841713295833333,,,,,,,,475,,2,0
nwfsc_pacific_hake_survey,D20190721T005658_IFCB777,2019-07-21 00:56:58+00:00,777,4.432255425,,,,,,,,1855,,2,0
nwfsc_pacific_hake_survey,D20190721T012127_IFCB777,2019-07-21 01:21:27+00:00,777,4.536632433333334,,,,,,,,1508,,2,0
nwfsc_pacific_hake_survey,D20190721T014557_IFCB777,2019-07-21 01:45:57+00:00,777,4.452790679166666,,,,,,,,1801,,2,0
nwfsc_pacific_hake_survey,D20190721T021027_IFCB777,2019-07-21 02:10:27+00:00,777,4.517803991666667,,,,,,,,1555,,2,0
nwfsc_pacific_hake_survey,D20190721T023456_IFCB777,2019-07-21 02:34:56+00:00,777,4.645975495833334,,,,,,,,1186,,2,0
nwfsc_pacific_hake_survey,D20190721T025926_IFCB777,2019-07-21 02:59:26+00:00,777,4.180950620833333,,,,,,,,2752,,2,0
nwfsc_pacific_hake_survey,D20190721T034833_IFCB777,2019-07-21 03:48:33+00:00,777,4.028987016666666,,,,,,,,3221,,2,0
nwfsc_pacific_hake_survey,D20190721T041302_IFCB777,2019-07-21 04:13:02+00:00,777,4.288975758333334,,,,,,,,2370,,2,0
nwfsc_pacific_hake_survey,D20190721T043732_IFCB777,2019-07-21 04:37:32+00:00,777,4.395171495833334,,,,,,,,1980,,2,0
nwfsc_pacific_hake_survey,D20190721T050201_IFCB777,2019-07-21 05:02:01+00:00,777,4.625776529166667,,,,,,,,1205,,2,0
nwfsc_pacific_hake_survey,D20190721T052630_IFCB777,2019-07-21 05:26:30+00:00,777,4.625859758333333,,,,,,,,1184,,2,0
nwfsc_pacific_hake_survey,D20190721T055100_IFCB777,2019-07-21 05:51:00+00:00,777,4.742055508333333,,,,,,,,813,,2,0
nwfsc_pacific_hake_survey,D20190721T061529_IFCB777,2019-07-21 06:15:29+00:00,777,4.769741508333333,,,,,,,,712,,2,0
nwfsc_pacific_hake_survey,D20190721T063958_IFCB777,2019-07-21 06:39:58+00:00,777,4.734806016666667,,,,,,,,774,,2,0
nwfsc_pacific_hake_survey,D20190721T070428_IFCB777,2019-07-21 07:04:28+00:00,777,4.764736895833334,,,,,,,,735,,2,0
nwfsc_pacific_hake_survey,D20190721T072857_IFCB777,2019-07-21 07:28:57+00:00,777,4.7721159958333335,,,,,,,,679,,2,0
nwfsc_pacific_hake_survey,D20190721T075327_IFCB777,2019-07-21 07:53:27+00:00,777,4.76904835,,,,,,,,692,,2,0
nwfsc_pacific_hake_survey,D20190721T081756_IFCB777,2019-07-21 08:17:56+00:00,777,4.457236212500001,,,,,,,,1776,,2,0
nwfsc_pacific_hake_survey,D20190721T084225_IFCB777,2019-07-21 08:42:25+00:00,777,4.826451041666667,,,,,,,,527,,2,0
nwfsc_pacific_hake_survey,D20190721T090655_IFCB777,2019-07-21 09:06:55+00:00,777,4.483322075,,,,,,,,1652,,2,0
nwfsc_pacific_hake_survey,D20190721T093124_IFCB777,2019-07-21 09:31:24+00:00,777,4.467388141666666,,,,,,,,1738,,2,0
nwfsc_pacific_hake_survey,D20190721T095554_IFCB777,2019-07-21 09:55:54+00:00,777,4.612793104166666,,,,,,,,1145,,2,0
nwfsc_pacific_hake_survey,D20190721T102023_IFCB777,2019-07-21 10:20:23+00:00,777,4.1859944083333325,,,,,,,,2670,,2,0
nwfsc_pacific_hake_survey,D20190721T104453_IFCB777,2019-07-21 10:44:53+00:00,777,4.1826595499999994,,,,,,,,2692,,2,0
nwfsc_pacific_hake_survey,D20190721T110922_IFCB777,2019-07-21 11:09:22+00:00,777,4.2050190125,,,,,,,,2665,,2,0
nwfsc_pacific_hake_survey,D20190721T113352_IFCB777,2019-07-21 11:33:52+00:00,777,4.2955879208333325,,,,,,,,2313,,2,0
nwfsc_pacific_hake_survey,D20190721T115821_IFCB777,2019-07-21 11:58:21+00:00,777,4.573183983333333,,,,,,,,1341,,2,0
nwfsc_pacific_hake_survey,D20190721T122250_IFCB777,2019-07-21 12:22:50+00:00,777,4.798569424999999,,,,,,,,659,,2,0
nwfsc_pacific_hake_survey,D20190721T124720_IFCB777,2019-07-21 12:47:20+00:00,777,4.745547795833334,,,,,,,,869,,2,0
nwfsc_pacific_hake_survey,D20190721T131149_IFCB777,2019-07-21 13:11:49+00:00,777,4.824835504166667,,,,,,,,563,,2,0
nwfsc_pacific_hake_survey,D20190721T133619_IFCB777,2019-07-21 13:36:19+00:00,777,4.5892547375,,,,,,,,1271,,2,0
nwfsc_pacific_hake_survey,D20190721T140048_IFCB777,2019-07-21 14:00:48+00:00,777,4.2671703249999995,,,,,,,,2414,,2,0
nwfsc_pacific_hake_survey,D20190721T142517_IFCB777,2019-07-21 14:25:17+00:00,777,4.7665955875,,,,,,,,736,,2,0
nwfsc_pacific_hake_survey,D20190721T144947_IFCB777,2019-07-21 14:49:47+00:00,777,4.891017966666666,,,,,,,,284,,2,0
nwfsc_pacific_hake_survey,D20190721T151416_IFCB777,2019-07-21 15:14:16+00:00,777,4.575673495833333,,,,,,,,1391,,2,0
nwfsc_pacific_hake_survey,D20190721T153846_IFCB777,2019-07-21 15:38:46+00:00,777,4.814922979166667,,,,,,,,535,,2,0
nwfsc_pacific_hake_survey,D20190721T162753_IFCB777,2019-07-21 16:27:53+00:00,777,4.6572743625,,,,,,,,1102,,2,0
nwfsc_pacific_hake_survey,D20190721T165222_IFCB777,2019-07-21 16:52:22+00:00,777,4.614272433333334,,,,,,,,1240,,2,0
nwfsc_pacific_hake_survey,D20190721T171652_IFCB777,2019-07-21 17:16:52+00:00,777,4.6602262125000005,,,,,,,,1055,,2,0
nwfsc_pacific_hake_survey,D20190721T174121_IFCB777,2019-07-21 17:41:21+00:00,777,4.801840829166666,,,,,,,,603,,2,0
nwfsc_pacific_hake_survey,D20190721T180551_IFCB777,2019-07-21 18:05:51+00:00,777,4.8714533666666675,,,,,,,,361,,2,0
nwfsc_pacific_hake_survey,D20190721T183020_IFCB777,2019-07-21 18:30:20+00:00,777,4.894215637499999,,,,,,,,274,,2,0
nwfsc_pacific_hake_survey,D20190721T185449_IFCB777,2019-07-21 18:54:49+00:00,777,4.774605625,,,,,,,,413,,2,0
nwfsc_pacific_hake_survey,D20190721T191919_IFCB777,2019-07-21 19:19:19+00:00,777,4.750658729166667,,,,,,,,765,,2,0
nwfsc_pacific_hake_survey,D20190721T194348_IFCB777,2019-07-21 19:43:48+00:00,777,4.700189383333334,,,,,,,,977,,2,0
nwfsc_pacific_hake_survey,D20190721T200818_IFCB777,2019-07-21 20:08:18+00:00,777,4.663929358333334,,,,,,,,1066,,2,0
nwfsc_pacific_hake_survey,D20190721T203247_IFCB777,2019-07-21 20:32:47+00:00,777,4.731716479166667,,,,,,,,863,,2,0
nwfsc_pacific_hake_survey,D20190721T205716_IFCB777,2019-07-21 20:57:16+00:00,777,4.6629170375,,,,,,,,1115,,2,0
nwfsc_pacific_hake_survey,D20190721T212146_IFCB777,2019-07-21 21:21:46+00:00,777,4.830313579166667,,,,,,,,534,,2,0
nwfsc_pacific_hake_survey,D20190721T214615_IFCB777,2019-07-21 21:46:15+00:00,777,4.859455883333334,,,,,,,,413,,2,0
nwfsc_pacific_hake_survey,D20190721T221045_IFCB777,2019-07-21 22:10:45+00:00,777,4.8343464874999995,,,,,,,,473,,2,0
nwfsc_pacific_hake_survey,D20190721T223514_IFCB777,2019-07-21 22:35:14+00:00,777,4.6918315875,,,,,,,,1038,,2,0
nwfsc_pacific_hake_survey,D20190721T225943_IFCB777,2019-07-21 22:59:43+00:00,777,4.667723695833333,,,,,,,,1092,,2,0
nwfsc_pacific_hake_survey,D20190721T232413_IFCB777,2019-07-21 23:24:13+00:00,777,4.662511454166666,,,,,,,,1069,,2,0
nwfsc_pacific_hake_survey,D20190721T234842_IFCB777,2019-07-21 23:48:42+00:00,777,4.516908527083333,,,,,,,,1441,,2,0
nwfsc_pacific_hake_survey,D20190722T002601_IFCB777,2019-07-22 00:26:01+00:00,777,4.8387946500000005,,,,,,,,399,,2,0
nwfsc_pacific_hake_survey,D20190722T005030_IFCB777,2019-07-22 00:50:30+00:00,777,4.578996283333334,,,,,,,,792,,2,0
nwfsc_pacific_hake_survey,D20190722T011459_IFCB777,2019-07-22 01:14:59+00:00,777,4.757558175,,,,,,,,713,,2,0
nwfsc_pacific_hake_survey,D20190722T013929_IFCB777,2019-07-22 01:39:29+00:00,777,4.836113425,,,,,,,,489,,2,0
nwfsc_pacific_hake_survey,D20190722T020358_IFCB777,2019-07-22 02:03:58+00:00,777,4.860293512500001,,,,,,,,416,,2,0
nwfsc_pacific_hake_survey,D20190722T022827_IFCB777,2019-07-22 02:28:27+00:00,777,4.882432525,,,,,,,,333,,2,0
nwfsc_pacific_hake_survey,D20190722T025257_IFCB777,2019-07-22 02:52:57+00:00,777,4.5179840124999995,,,,,,,,1674,,2,0
nwfsc_pacific_hake_survey,D20190722T031726_IFCB777,2019-07-22 03:17:26+00:00,777,3.9993306499999997,,,,,,,,3436,,2,0
nwfsc_pacific_hake_survey,D20190722T034156_IFCB777,2019-07-22 03:41:56+00:00,777,4.881416404166667,,,,,,,,335,,2,0
nwfsc_pacific_hake_survey,D20190722T040625_IFCB777,2019-07-22 04:06:25+00:00,777,4.855644795833332,,,,,,,,291,,2,0
nwfsc_pacific_hake_survey,D20190722T043055_IFCB777,2019-07-22 04:30:55+00:00,777,4.3850136,,,,,,,,2070,,2,0
nwfsc_pacific_hake_survey,D20190722T045525_IFCB777,2019-07-22 04:55:25+00:00,777,4.682556991666667,,,,,,,,1088,,2,0
nwfsc_pacific_hake_survey,D20190722T051954_IFCB777,2019-07-22 05:19:54+00:00,777,4.803965774999999,,,,,,,,657,,2,0
nwfsc_pacific_hake_survey,D20190722T054423_IFCB777,2019-07-22 05:44:23+00:00,777,4.506637137499999,,,,,,,,1672,,2,0
nwfsc_pacific_hake_survey,D20190722T060853_IFCB777,2019-07-22 06:08:53+00:00,777,4.5640962375,,,,,,,,1471,,2,0
nwfsc_pacific_hake_survey,D20190722T063322_IFCB777,2019-07-22 06:33:22+00:00,777,4.431836679166667,,,,,,,,1925,,2,0
nwfsc_pacific_hake_survey,D20190722T065752_IFCB777,2019-07-22 06:57:52+00:00,777,4.408188095833333,,,,,,,,1967,,2,0
nwfsc_pacific_hake_survey,D20190722T072221_IFCB777,2019-07-22 07:22:21+00:00,777,4.3864793,,,,,,,,2050,,2,0
nwfsc_pacific_hake_survey,D20190722T074651_IFCB777,2019-07-22 07:46:51+00:00,777,4.609561454166666,,,,,,,,1289,,2,0
nwfsc_pacific_hake_survey,D20190722T081120_IFCB777,2019-07-22 08:11:20+00:00,777,4.5829287375000005,,,,,,,,1370,,2,0
nwfsc_pacific_hake_survey,D20190722T083550_IFCB777,2019-07-22 08:35:50+00:00,777,4.6547754625,,,,,,,,1100,,2,0
nwfsc_pacific_hake_survey,D20190722T090019_IFCB777,2019-07-22 09:00:19+00:00,777,4.671526437500001,,,,,,,,1078,,2,0
nwfsc_pacific_hake_survey,D20190722T092449_IFCB777,2019-07-22 09:24:49+00:00,777,4.7446400791666665,,,,,,,,799,,2,0
nwfsc_pacific_hake_survey,D20190722T094918_IFCB777,2019-07-22 09:49:18+00:00,777,4.669998654166666,,,,,,,,1104,,2,0
nwfsc_pacific_hake_survey,D20190722T101347_IFCB777,2019-07-22 10:13:47+00:00,777,4.6351878,,,,,,,,1202,,2,0
nwfsc_pacific_hake_survey,D20190722T103817_IFCB777,2019-07-22 10:38:17+00:00,777,4.674907066666667,,,,,,,,1082,,2,0
nwfsc_pacific_hake_survey,D20190722T110246_IFCB777,2019-07-22 11:02:46+00:00,777,4.733300875,,,,,,,,838,,2,0
nwfsc_pacific_hake_survey,D20190722T112716_IFCB777,2019-07-22 11:27:16+00:00,777,4.8026771083333335,,,,,,,,587,,2,0
nwfsc_pacific_hake_survey,D20190722T115145_IFCB777,2019-07-22 11:51:45+00:00,777,4.886386012499999,,,,,,,,315,,2,0
nwfsc_pacific_hake_survey,D20190722T121615_IFCB777,2019-07-22 12:16:15+00:00,777,4.9128868541666675,,,,,,,,155,,2,0
nwfsc_pacific_hake_survey,D20190722T130522_IFCB777,2019-07-22 13:05:22+00:00,777,4.861031845833334,,,,,,,,401,,2,0
nwfsc_pacific_hake_survey,D20190722T132951_IFCB777,2019-07-22 13:29:51+00:00,777,4.932206308333334,,,,,,,,167,,2,0
nwfsc_pacific_hake_survey,D20190722T135420_IFCB777,2019-07-22 13:54:20+00:00,777,4.878355304166666,,,,,,,,137,,2,0
nwfsc_pacific_hake_survey,D20190722T141850_IFCB777,2019-07-22 14:18:50+00:00,777,4.9142599625,,,,,,,,135,,2,0
nwfsc_pacific_hake_survey,D20190722T144319_IFCB777,2019-07-22 14:43:19+00:00,777,4.886643787500001,,,,,,,,119,,2,0
nwfsc_pacific_hake_survey,D20190722T150748_IFCB777,2019-07-22 15:07:48+00:00,777,4.9083559375000005,,,,,,,,95,,2,0
nwfsc_pacific_hake_survey,D20190722T153218_IFCB777,2019-07-22 15:32:18+00:00,777,4.911121208333332,,,,,,,,101,,2,0
nwfsc_pacific_hake_survey,D20190722T155647_IFCB777,2019-07-22 15:56:47+00:00,777,4.9047929875000005,,,,,,,,82,,2,0
nwfsc_pacific_hake_survey,D20190722T162117_IFCB777,2019-07-22 16:21:17+00:00,777,4.949057491666666,,,,,,,,78,,2,0
nwfsc_pacific_hake_survey,D20190722T164546_IFCB777,2019-07-22 16:45:46+00:00,777,4.745529041666667,,,,,,,,66,,2,0
nwfsc_pacific_hake_survey,D20190722T171015_IFCB777,2019-07-22 17:10:15+00:00,777,4.9377710875,,,,,,,,89,,2,0
nwfsc_pacific_hake_survey,D20190722T173445_IFCB777,2019-07-22 17:34:45+00:00,777,4.902501462499999,,,,,,,,77,,2,0
nwfsc_pacific_hake_survey,D20190722T175914_IFCB777,2019-07-22 17:59:14+00:00,777,4.915068266666666,,,,,,,,71,,2,0
nwfsc_pacific_hake_survey,D20190722T182343_IFCB777,2019-07-22 18:23:43+00:00,777,4.957439587500001,,,,,,,,39,,2,0
nwfsc_pacific_hake_survey,D20190722T184813_IFCB777,2019-07-22 18:48:13+00:00,777,4.8355874666666665,,,,,,,,78,,2,0
nwfsc_pacific_hake_survey,D20190722T191242_IFCB777,2019-07-22 19:12:42+00:00,777,4.768222629166668,,,,,,,,64,,2,0
nwfsc_pacific_hake_survey,D20190722T193711_IFCB777,2019-07-22 19:37:11+00:00,777,4.845076316666667,,,,,,,,64,,2,0
nwfsc_pacific_hake_survey,D20190722T200141_IFCB777,2019-07-22 20:01:41+00:00,777,4.955516916666667,,,,,,,,42,,2,0
nwfsc_pacific_hake_survey,D20190722T202610_IFCB777,2019-07-22 20:26:10+00:00,777,4.9270066166666675,,,,,,,,49,,2,0
nwfsc_pacific_hake_survey,D20190722T205040_IFCB777,2019-07-22 20:50:40+00:00,777,4.9041081,,,,,,,,80,,2,0
nwfsc_pacific_hake_survey,D20190722T211509_IFCB777,2019-07-22 21:15:09+00:00,777,4.8662901583333324,,,,,,,,63,,2,0
nwfsc_pacific_hake_survey,D20190722T213938_IFCB777,2019-07-22 21:39:38+00:00,777,4.8943412375,,,,,,,,62,,2,0
nwfsc_pacific_hake_survey,D20190722T220408_IFCB777,2019-07-22 22:04:08+00:00,777,4.6892612499999995,,,,,,,,1077,,2,0
nwfsc_pacific_hake_survey,D20190722T222837_IFCB777,2019-07-22 22:28:37+00:00,777,4.713903691666666,,,,,,,,980,,2,0
nwfsc_pacific_hake_survey,D20190722T225307_IFCB777,2019-07-22 22:53:07+00:00,777,4.778392029166667,,,,,,,,730,,2,0
nwfsc_pacific_hake_survey,D20190722T231736_IFCB777,2019-07-22 23:17:36+00:00,777,4.9177214625,,,,,,,,243,,2,0
nwfsc_pacific_hake_survey,D20190722T234205_IFCB777,2019-07-22 23:42:05+00:00,777,4.9029910999999995,,,,,,,,277,,2,0
nwfsc_pacific_hake_survey,D20190723T000635_IFCB777,2019-07-23 00:06:35+00:00,777,4.924399124999999,,,,,,,,187,,2,0
nwfsc_pacific_hake_survey,D20190723T003104_IFCB777,2019-07-23 00:31:04+00:00,777,4.5264814625,,,,,,,,1587,,2,0
nwfsc_pacific_hake_survey,D20190723T005534_IFCB777,2019-07-23 00:55:34+00:00,777,4.584945520833332,,,,,,,,1363,,2,0
nwfsc_pacific_hake_survey,D20190723T014441_IFCB777,2019-07-23 01:44:41+00:00,777,4.708014875,,,,,,,,936,,2,0
nwfsc_pacific_hake_survey,D20190723T020910_IFCB777,2019-07-23 02:09:10+00:00,777,4.8301835125000006,,,,,,,,354,,2,0
nwfsc_pacific_hake_survey,D20190723T023340_IFCB777,2019-07-23 02:33:40+00:00,777,3.900892095833334,,,,,,,,3829,,2,0
nwfsc_pacific_hake_survey,D20190723T025809_IFCB777,2019-07-23 02:58:09+00:00,777,4.0832956375,,,,,,,,3082,,2,0
nwfsc_pacific_hake_survey,D20190723T032239_IFCB777,2019-07-23 03:22:39+00:00,777,4.846844229166667,,,,,,,,443,,2,0
nwfsc_pacific_hake_survey,D20190723T034709_IFCB777,2019-07-23 03:47:09+00:00,777,4.826358154166667,,,,,,,,462,,2,0
nwfsc_pacific_hake_survey,D20190723T041138_IFCB777,2019-07-23 04:11:38+00:00,777,4.89822855,,,,,,,,193,,2,0
nwfsc_pacific_hake_survey,D20190723T043607_IFCB777,2019-07-23 04:36:07+00:00,777,4.9245513125,,,,,,,,175,,2,0
nwfsc_pacific_hake_survey,D20190723T050037_IFCB777,2019-07-23 05:00:37+00:00,777,4.860710675000001,,,,,,,,107,,2,0
nwfsc_pacific_hake_survey,D20190723T052506_IFCB777,2019-07-23 05:25:06+00:00,777,4.905726970833332,,,,,,,,99,,2,0
nwfsc_pacific_hake_survey,D20190723T054936_IFCB777,2019-07-23 05:49:36+00:00,777,4.890929116666666,,,,,,,,119,,2,0
nwfsc_pacific_hake_survey,D20190723T061405_IFCB777,2019-07-23 06:14:05+00:00,777,4.924695220833334,,,,,,,,79,,2,0
nwfsc_pacific_hake_survey,D20190723T063834_IFCB777,2019-07-23 06:38:34+00:00,777,4.9412844583333335,,,,,,,,73,,2,0
nwfsc_pacific_hake_survey,D20190723T070304_IFCB777,2019-07-23 07:03:04+00:00,777,4.9419575375,,,,,,,,86,,2,0
nwfsc_pacific_hake_survey,D20190723T072733_IFCB777,2019-07-23 07:27:33+00:00,777,4.9474279625,,,,,,,,107,,2,0
nwfsc_pacific_hake_survey,D20190723T075203_IFCB777,2019-07-23 07:52:03+00:00,777,4.9188447958333334,,,,,,,,129,,2,0
nwfsc_pacific_hake_survey,D20190723T081632_IFCB777,2019-07-23 08:16:32+00:00,777,4.923969933333334,,,,,,,,107,,2,0
nwfsc_pacific_hake_survey,D20190723T084101_IFCB777,2019-07-23 08:41:01+00:00,777,4.844346779166667,,,,,,,,102,,2,0
nwfsc_pacific_hake_survey,D20190723T090531_IFCB777,2019-07-23 09:05:31+00:00,777,4.859350054166667,,,,,,,,143,,2,0
nwfsc_pacific_hake_survey,D20190723T093000_IFCB777,2019-07-23 09:30:00+00:00,777,4.530699670833333,,,,,,,,94,,2,0
nwfsc_pacific_hake_survey,D20190723T095430_IFCB777,2019-07-23 09:54:30+00:00,777,4.928728191666666,,,,,,,,123,,2,0
nwfsc_pacific_hake_survey,D20190723T101859_IFCB777,2019-07-23 10:18:59+00:00,777,4.925175366666667,,,,,,,,150,,2,0
nwfsc_pacific_hake_survey,D20190723T104328_IFCB777,2019-07-23 10:43:28+00:00,777,4.837665175,,,,,,,,483,,2,0
nwfsc_pacific_hake_survey,D20190723T110758_IFCB777,2019-07-23 11:07:58+00:00,777,4.8319724,,,,,,,,514,,2,0
nwfsc_pacific_hake_survey,D20190723T113227_IFCB777,2019-07-23 11:32:27+00:00,777,4.694217420833334,,,,,,,,992,,2,0
nwfsc_pacific_hake_survey,D20190723T115657_IFCB777,2019-07-23 11:56:57+00:00,777,4.766535116666668,,,,,,,,714,,2,0
nwfsc_pacific_hake_survey,D20190723T122126_IFCB777,2019-07-23 12:21:26+00:00,777,4.610815654166667,,,,,,,,1243,,2,0
nwfsc_pacific_hake_survey,D20190723T124555_IFCB777,2019-07-23 12:45:55+00:00,777,4.880383300000001,,,,,,,,330,,2,0
nwfsc_pacific_hake_survey,D20190723T131025_IFCB777,2019-07-23 13:10:25+00:00,777,4.746006320833334,,,,,,,,792,,2,0
nwfsc_pacific_hake_survey,D20190723T133454_IFCB777,2019-07-23 13:34:54+00:00,777,4.914969420833333,,,,,,,,156,,2,0
nwfsc_pacific_hake_survey,D20190723T142401_IFCB777,2019-07-23 14:24:01+00:00,777,4.894165599999999,,,,,,,,131,,2,0
nwfsc_pacific_hake_survey,D20190723T144831_IFCB777,2019-07-23 14:48:31+00:00,777,4.958396737499999,,,,,,,,70,,2,0
nwfsc_pacific_hake_survey,D20190723T151300_IFCB777,2019-07-23 15:13:00+00:00,777,4.940834545833334,,,,,,,,78,,2,0
nwfsc_pacific_hake_survey,D20190723T153729_IFCB777,2019-07-23 15:37:29+00:00,777,4.8890647708333335,,,,,,,,82,,2,0
nwfsc_pacific_hake_survey,D20190723T160159_IFCB777,2019-07-23 16:01:59+00:00,777,4.891739437499999,,,,,,,,92,,2,0
nwfsc_pacific_hake_survey,D20190723T162628_IFCB777,2019-07-23 16:26:28+00:00,777,4.9542623416666665,,,,,,,,77,,2,0
nwfsc_pacific_hake_survey,D20190723T165057_IFCB777,2019-07-23 16:50:57+00:00,777,4.959353216666667,,,,,,,,72,,2,0
nwfsc_pacific_hake_survey,D20190723T171527_IFCB777,2019-07-23 17:15:27+00:00,777,4.8783093,,,,,,,,71,,2,0
nwfsc_pacific_hake_survey,D20190723T173956_IFCB777,2019-07-23 17:39:56+00:00,777,4.749614583333334,,,,,,,,65,,2,0
nwfsc_pacific_hake_survey,D20190723T180426_IFCB777,2019-07-23 18:04:26+00:00,777,4.895900075,,,,,,,,88,,2,0
nwfsc_pacific_hake_survey,D20190723T182855_IFCB777,2019-07-23 18:28:55+00:00,777,4.9439061083333335,,,,,,,,101,,2,0
nwfsc_pacific_hake_survey,D20190723T185324_IFCB777,2019-07-23 18:53:24+00:00,777,4.945474529166666,,,,,,,,84,,2,0
nwfsc_pacific_hake_survey,D20190723T191754_IFCB777,2019-07-23 19:17:54+00:00,777,4.5087784,,,,,,,,1779,,2,0
nwfsc_pacific_hake_survey,D20190723T194223_IFCB777,2019-07-23 19:42:23+00:00,777,4.6632099333333334,,,,,,,,1193,,2,0
nwfsc_pacific_hake_survey,D20190723T200653_IFCB777,2019-07-23 20:06:53+00:00,777,4.632259520833332,,,,,,,,1296,,2,0
nwfsc_pacific_hake_survey,D20190723T203122_IFCB777,2019-07-23 20:31:22+00:00,777,4.5016386375,,,,,,,,1886,,2,0
nwfsc_pacific_hake_survey,D20190723T205551_IFCB777,2019-07-23 20:55:51+00:00,777,4.739030345833333,,,,,,,,915,,2,0
nwfsc_pacific_hake_survey,D20190723T212021_IFCB777,2019-07-23 21:20:21+00:00,777,4.600739508333334,,,,,,,,1467,,2,0
nwfsc_pacific_hake_survey,D20190723T214450_IFCB777,2019-07-23 21:44:50+00:00,777,4.7344929208333335,,,,,,,,889,,2,0
nwfsc_pacific_hake_survey,D20190723T220920_IFCB777,2019-07-23 22:09:20+00:00,777,4.800416504166666,,,,,,,,695,,2,0
nwfsc_pacific_hake_survey,D20190723T223349_IFCB777,2019-07-23 22:33:49+00:00,777,4.860321154166667,,,,,,,,473,,2,0
nwfsc_pacific_hake_survey,D20190723T225819_IFCB777,2019-07-23 22:58:19+00:00,777,4.883828633333334,,,,,,,,338,,2,0
nwfsc_pacific_hake_survey,D20190723T232248_IFCB777,2019-07-23 23:22:48+00:00,777,4.785495904166667,,,,,,,,657,,2,0
nwfsc_pacific_hake_survey,D20190723T234717_IFCB777,2019-07-23 23:47:17+00:00,777,4.5292583375,,,,,,,,1717,,2,0
nwfsc_pacific_hake_survey,D20190724T001147_IFCB777,2019-07-24 00:11:47+00:00,777,4.575505487499999,,,,,,,,1553,,2,0
nwfsc_pacific_hake_survey,D20190724T003616_IFCB777,2019-07-24 00:36:16+00:00,777,4.848350070833334,,,,,,,,430,,2,0
nwfsc_pacific_hake_survey,D20190724T010046_IFCB777,2019-07-24 01:00:46+00:00,777,4.7777431749999995,,,,,,,,742,,2,0
nwfsc_pacific_hake_survey,D20190724T012515_IFCB777,2019-07-24 01:25:15+00:00,777,4.843733875,,,,,,,,495,,2,0
nwfsc_pacific_hake_survey,D20190724T014945_IFCB777,2019-07-24 01:49:45+00:00,777,3.636129158333333,,,,,,,,4494,,2,0
nwfsc_pacific_hake_survey,D20190724T021414_IFCB777,2019-07-24 02:14:14+00:00,777,4.358953366666667,,,,,,,,2037,,2,0
nwfsc_pacific_hake_survey,D20190724T030321_IFCB777,2019-07-24 03:03:21+00:00,777,4.275059345833332,,,,,,,,2348,,2,0
nwfsc_pacific_hake_survey,D20190724T032751_IFCB777,2019-07-24 03:27:51+00:00,777,4.740234354166668,,,,,,,,793,,2,0
nwfsc_pacific_hake_survey,D20190724T035220_IFCB777,2019-07-24 03:52:20+00:00,777,4.8450488,,,,,,,,455,,2,0
nwfsc_pacific_hake_survey,D20190724T041650_IFCB777,2019-07-24 04:16:50+00:00,777,4.822668120833333,,,,,,,,492,,2,0
nwfsc_pacific_hake_survey,D20190724T044119_IFCB777,2019-07-24 04:41:19+00:00,777,4.788839670833334,,,,,,,,639,,2,0
nwfsc_pacific_hake_survey,D20190724T050548_IFCB777,2019-07-24 05:05:48+00:00,777,4.629584266666667,,,,,,,,1236,,2,0
nwfsc_pacific_hake_survey,D20190724T053018_IFCB777,2019-07-24 05:30:18+00:00,777,4.673523691666667,,,,,,,,1066,,2,0
nwfsc_pacific_hake_survey,D20190724T055447_IFCB777,2019-07-24 05:54:47+00:00,777,4.662737829166667,,,,,,,,1103,,2,0
nwfsc_pacific_hake_survey,D20190724T061917_IFCB777,2019-07-24 06:19:17+00:00,777,4.7503975875,,,,,,,,802,,2,0
nwfsc_pacific_hake_survey,D20190724T064346_IFCB777,2019-07-24 06:43:46+00:00,777,4.800413916666668,,,,,,,,587,,2,0
nwfsc_pacific_hake_survey,D20190724T070815_IFCB777,2019-07-24 07:08:15+00:00,777,4.823034758333334,,,,,,,,577,,2,0
nwfsc_pacific_hake_survey,D20190724T073245_IFCB777,2019-07-24 07:32:45+00:00,777,4.516618808333334,,,,,,,,1788,,2,0
nwfsc_pacific_hake_survey,D20190724T075714_IFCB777,2019-07-24 07:57:14+00:00,777,4.4196503,,,,,,,,2105,,2,0
nwfsc_pacific_hake_survey,D20190724T082144_IFCB777,2019-07-24 08:21:44+00:00,777,4.390716799999999,,,,,,,,2213,,2,0
nwfsc_pacific_hake_survey,D20190724T084613_IFCB777,2019-07-24 08:46:13+00:00,777,4.320330870833333,,,,,,,,2534,,2,0
nwfsc_pacific_hake_survey,D20190724T091043_IFCB777,2019-07-24 09:10:43+00:00,777,4.449900629166667,,,,,,,,2000,,2,0
nwfsc_pacific_hake_survey,D20190724T093512_IFCB777,2019-07-24 09:35:12+00:00,777,4.590094808333333,,,,,,,,1435,,2,0
nwfsc_pacific_hake_survey,D20190724T095942_IFCB777,2019-07-24 09:59:42+00:00,777,4.4923709375,,,,,,,,1786,,2,0
nwfsc_pacific_hake_survey,D20190724T102411_IFCB777,2019-07-24 10:24:11+00:00,777,4.882565345833333,,,,,,,,343,,2,0
nwfsc_pacific_hake_survey,D20190724T104841_IFCB777,2019-07-24 10:48:41+00:00,777,4.8873348624999995,,,,,,,,235,,2,0
nwfsc_pacific_hake_survey,D20190724T111310_IFCB777,2019-07-24 11:13:10+00:00,777,4.911569075,,,,,,,,224,,2,0
nwfsc_pacific_hake_survey,D20190724T113739_IFCB777,2019-07-24 11:37:39+00:00,777,4.838418754166667,,,,,,,,465,,2,0
nwfsc_pacific_hake_survey,D20190724T120209_IFCB777,2019-07-24 12:02:09+00:00,777,4.866696975,,,,,,,,336,,2,0
nwfsc_pacific_hake_survey,D20190724T122638_IFCB777,2019-07-24 12:26:38+00:00,777,4.8715935791666665,,,,,,,,360,,2,0
nwfsc_pacific_hake_survey,D20190724T125107_IFCB777,2019-07-24 12:51:07+00:00,777,4.8495830333333325,,,,,,,,314,,2,0
nwfsc_pacific_hake_survey,D20190724T131537_IFCB777,2019-07-24 13:15:37+00:00,777,4.767593479166667,,,,,,,,337,,2,0
nwfsc_pacific_hake_survey,D20190724T134006_IFCB777,2019-07-24 13:40:06+00:00,777,4.704843720833334,,,,,,,,985,,2,0
nwfsc_pacific_hake_survey,D20190724T140435_IFCB777,2019-07-24 14:04:35+00:00,777,4.739570620833334,,,,,,,,809,,2,0
nwfsc_pacific_hake_survey,D20190724T142905_IFCB777,2019-07-24 14:29:05+00:00,777,4.667401575,,,,,,,,1111,,2,0
nwfsc_pacific_hake_survey,D20190724T145334_IFCB777,2019-07-24 14:53:34+00:00,777,4.5076189875,,,,,,,,1705,,2,0
nwfsc_pacific_hake_survey,D20190724T154242_IFCB777,2019-07-24 15:42:42+00:00,777,4.663568720833334,,,,,,,,1119,,2,0
nwfsc_pacific_hake_survey,D20190724T160711_IFCB777,2019-07-24 16:07:11+00:00,777,4.6572462083333335,,,,,,,,1121,,2,0
nwfsc_pacific_hake_survey,D20190724T163141_IFCB777,2019-07-24 16:31:41+00:00,777,4.315148329166666,,,,,,,,768,,2,0
nwfsc_pacific_hake_survey,D20190724T165610_IFCB777,2019-07-24 16:56:10+00:00,777,4.7188231625,,,,,,,,753,,2,0
nwfsc_pacific_hake_survey,D20190724T172039_IFCB777,2019-07-24 17:20:39+00:00,777,4.754447004166667,,,,,,,,738,,2,0
nwfsc_pacific_hake_survey,D20190724T174509_IFCB777,2019-07-24 17:45:09+00:00,777,0.47813853333333334,,,,,,,,114,,2,0
nwfsc_pacific_hake_survey,D20190724T181003_IFCB777,2019-07-24 18:10:03+00:00,777,4.181395595833334,,,,,,,,2209,,2,0
nwfsc_pacific_hake_survey,D20190724T184249_IFCB777,2019-07-24 18:42:49+00:00,777,4.709351879166666,,,,,,,,682,,2,0
nwfsc_pacific_hake_survey,D20190724T190718_IFCB777,2019-07-24 19:07:18+00:00,777,4.578974591666666,,,,,,,,881,,2,0
nwfsc_pacific_hake_survey,D20190724T193148_IFCB777,2019-07-24 19:31:48+00:00,777,4.620066704166667,,,,,,,,971,,2,0
nwfsc_pacific_hake_survey,D20190724T195617_IFCB777,2019-07-24 19:56:17+00:00,777,4.505635533333334,,,,,,,,1606,,2,0
nwfsc_pacific_hake_survey,D20190724T202047_IFCB777,2019-07-24 20:20:47+00:00,777,4.805692408333333,,,,,,,,563,,2,0
nwfsc_pacific_hake_survey,D20190724T204516_IFCB777,2019-07-24 20:45:16+00:00,777,4.783831591666667,,,,,,,,667,,2,0
nwfsc_pacific_hake_survey,D20190724T210946_IFCB777,2019-07-24 21:09:46+00:00,777,4.6301417375,,,,,,,,1161,,2,0
nwfsc_pacific_hake_survey,D20190724T213415_IFCB777,2019-07-24 21:34:15+00:00,777,4.838345062499999,,,,,,,,384,,2,0
nwfsc_pacific_hake_survey,D20190724T215844_IFCB777,2019-07-24 21:58:44+00:00,777,4.80846745,,,,,,,,493,,2,0
nwfsc_pacific_hake_survey,D20190724T222314_IFCB777,2019-07-24 22:23:14+00:00,777,4.8222607875,,,,,,,,461,,2,0
nwfsc_pacific_hake_survey,D20190724T224743_IFCB777,2019-07-24 22:47:43+00:00,777,4.832472074999999,,,,,,,,490,,2,0
nwfsc_pacific_hake_survey,D20190724T231213_IFCB777,2019-07-24 23:12:13+00:00,777,4.794519233333333,,,,,,,,558,,2,0
nwfsc_pacific_hake_survey,D20190724T233642_IFCB777,2019-07-24 23:36:42+00:00,777,4.794363075000001,,,,,,,,631,,2,0
nwfsc_pacific_hake_survey,D20190725T000112_IFCB777,2019-07-25 00:01:12+00:00,777,4.8010550125,,,,,,,,459,,2,0
nwfsc_pacific_hake_survey,D20190725T002541_IFCB777,2019-07-25 00:25:41+00:00,777,4.738267850000001,,,,,,,,771,,2,0
nwfsc_pacific_hake_survey,D20190725T005011_IFCB777,2019-07-25 00:50:11+00:00,777,4.925860604166667,,,,,,,,184,,2,0
nwfsc_pacific_hake_survey,D20190725T011440_IFCB777,2019-07-25 01:14:40+00:00,777,4.932978816666666,,,,,,,,148,,2,0
nwfsc_pacific_hake_survey,D20190725T013909_IFCB777,2019-07-25 01:39:09+00:00,777,4.849604529166667,,,,,,,,101,,2,0
nwfsc_pacific_hake_survey,D20190725T020339_IFCB777,2019-07-25 02:03:39+00:00,777,4.881062845833332,,,,,,,,154,,2,0
nwfsc_pacific_hake_survey,D20190725T022808_IFCB777,2019-07-25 02:28:08+00:00,777,4.918441254166667,,,,,,,,179,,2,0
nwfsc_pacific_hake_survey,D20190725T025237_IFCB777,2019-07-25 02:52:37+00:00,777,4.912036795833333,,,,,,,,167,,2,0
nwfsc_pacific_hake_survey,D20190725T031707_IFCB777,2019-07-25 03:17:07+00:00,777,4.7664944375,,,,,,,,131,,2,0
nwfsc_pacific_hake_survey,D20190725T034136_IFCB777,2019-07-25 03:41:36+00:00,777,4.944791358333333,,,,,,,,90,,2,0
nwfsc_pacific_hake_survey,D20190725T040606_IFCB777,2019-07-25 04:06:06+00:00,777,4.832004929166668,,,,,,,,71,,2,0
nwfsc_pacific_hake_survey,D20190725T043035_IFCB777,2019-07-25 04:30:35+00:00,777,4.762125441666667,,,,,,,,744,,2,0
nwfsc_pacific_hake_survey,D20190725T045504_IFCB777,2019-07-25 04:55:04+00:00,777,4.741099654166667,,,,,,,,791,,2,0
nwfsc_pacific_hake_survey,D20190725T051934_IFCB777,2019-07-25 05:19:34+00:00,777,4.790693587500001,,,,,,,,629,,2,0
nwfsc_pacific_hake_survey,D20190725T054403_IFCB777,2019-07-25 05:44:03+00:00,777,4.8715996625,,,,,,,,307,,2,0
nwfsc_pacific_hake_survey,D20190725T060832_IFCB777,2019-07-25 06:08:32+00:00,777,4.818027904166667,,,,,,,,521,,2,0
nwfsc_pacific_hake_survey,D20190725T063302_IFCB777,2019-07-25 06:33:02+00:00,777,4.782508316666666,,,,,,,,524,,2,0
nwfsc_pacific_hake_survey,D20190725T072209_IFCB777,2019-07-25 07:22:09+00:00,777,4.4932484,,,,,,,,1596,,2,0
nwfsc_pacific_hake_survey,D20190725T074639_IFCB777,2019-07-25 07:46:39+00:00,777,4.492765045833334,,,,,,,,1609,,2,0
nwfsc_pacific_hake_survey,D20190725T081108_IFCB777,2019-07-25 08:11:08+00:00,777,4.421471941666667,,,,,,,,1842,,2,0
nwfsc_pacific_hake_survey,D20190725T083538_IFCB777,2019-07-25 08:35:38+00:00,777,4.502797083333333,,,,,,,,1578,,2,0
nwfsc_pacific_hake_survey,D20190725T090007_IFCB777,2019-07-25 09:00:07+00:00,777,4.488904125,,,,,,,,1659,,2,0
nwfsc_pacific_hake_survey,D20190725T092437_IFCB777,2019-07-25 09:24:37+00:00,777,4.563364391666667,,,,,,,,1372,,2,0
nwfsc_pacific_hake_survey,D20190725T094906_IFCB777,2019-07-25 09:49:06+00:00,777,4.550125270833333,,,,,,,,1385,,2,0
nwfsc_pacific_hake_survey,D20190725T101336_IFCB777,2019-07-25 10:13:36+00:00,777,4.561904295833333,,,,,,,,1385,,2,0
nwfsc_pacific_hake_survey,D20190725T103805_IFCB777,2019-07-25 10:38:05+00:00,777,4.455739783333333,,,,,,,,1794,,2,0
nwfsc_pacific_hake_survey,D20190725T110235_IFCB777,2019-07-25 11:02:35+00:00,777,4.627478833333333,,,,,,,,1186,,2,0
nwfsc_pacific_hake_survey,D20190725T112704_IFCB777,2019-07-25 11:27:04+00:00,777,4.4082534625,,,,,,,,1908,,2,0
nwfsc_pacific_hake_survey,D20190725T115134_IFCB777,2019-07-25 11:51:34+00:00,777,4.5455453375,,,,,,,,1455,,2,0
nwfsc_pacific_hake_survey,D20190725T121604_IFCB777,2019-07-25 12:16:04+00:00,777,4.544703087499999,,,,,,,,1479,,2,0
nwfsc_pacific_hake_survey,D20190725T124033_IFCB777,2019-07-25 12:40:33+00:00,777,4.2295593,,,,,,,,2532,,2,0
nwfsc_pacific_hake_survey,D20190725T130503_IFCB777,2019-07-25 13:05:03+00:00,777,4.369969916666666,,,,,,,,2019,,2,0
nwfsc_pacific_hake_survey,D20190725T132933_IFCB777,2019-07-25 13:29:33+00:00,777,4.254332783333333,,,,,,,,2439,,2,0
nwfsc_pacific_hake_survey,D20190725T135402_IFCB777,2019-07-25 13:54:02+00:00,777,4.655449524999999,,,,,,,,1062,,2,0
nwfsc_pacific_hake_survey,D20190725T141832_IFCB777,2019-07-25 14:18:32+00:00,777,4.26271925,,,,,,,,2341,,2,0
nwfsc_pacific_hake_survey,D20190725T144302_IFCB777,2019-07-25 14:43:02+00:00,777,4.4898587333333335,,,,,,,,1616,,2,0
nwfsc_pacific_hake_survey,D20190725T150731_IFCB777,2019-07-25 15:07:31+00:00,777,4.586060383333333,,,,,,,,1338,,2,0
nwfsc_pacific_hake_survey,D20190725T153201_IFCB777,2019-07-25 15:32:01+00:00,777,4.564612791666667,,,,,,,,1395,,2,0
nwfsc_pacific_hake_survey,D20190725T155630_IFCB777,2019-07-25 15:56:30+00:00,777,4.546246933333333,,,,,,,,1435,,2,0
nwfsc_pacific_hake_survey,D20190725T162100_IFCB777,2019-07-25 16:21:00+00:00,777,4.855158845833333,,,,,,,,379,,2,0
nwfsc_pacific_hake_survey,D20190725T164529_IFCB777,2019-07-25 16:45:29+00:00,777,4.807620179166666,,,,,,,,54,,2,0
nwfsc_pacific_hake_survey,D20190725T170958_IFCB777,2019-07-25 17:09:58+00:00,777,4.8629305375000005,,,,,,,,52,,2,0
nwfsc_pacific_hake_survey,D20190725T173428_IFCB777,2019-07-25 17:34:28+00:00,777,4.929316170833333,,,,,,,,59,,2,0
nwfsc_pacific_hake_survey,D20190725T175857_IFCB777,2019-07-25 17:58:57+00:00,777,4.9468188625,,,,,,,,66,,2,0
nwfsc_pacific_hake_survey,D20190725T182327_IFCB777,2019-07-25 18:23:27+00:00,777,4.890875804166667,,,,,,,,134,,2,0
nwfsc_pacific_hake_survey,D20190725T184756_IFCB777,2019-07-25 18:47:56+00:00,777,4.8747734,,,,,,,,292,,2,0
nwfsc_pacific_hake_survey,D20190725T191225_IFCB777,2019-07-25 19:12:25+00:00,777,4.699392233333333,,,,,,,,889,,2,0
nwfsc_pacific_hake_survey,D20190725T200133_IFCB777,2019-07-25 20:01:33+00:00,777,4.8604483125,,,,,,,,310,,2,0
nwfsc_pacific_hake_survey,D20190725T202602_IFCB777,2019-07-25 20:26:02+00:00,777,4.755136045833334,,,,,,,,729,,2,0
nwfsc_pacific_hake_survey,D20190725T205031_IFCB777,2019-07-25 20:50:31+00:00,777,4.643245758333333,,,,,,,,1096,,2,0
nwfsc_pacific_hake_survey,D20190725T211501_IFCB777,2019-07-25 21:15:01+00:00,777,4.351483841666667,,,,,,,,1812,,2,0
nwfsc_pacific_hake_survey,D20190725T213931_IFCB777,2019-07-25 21:39:31+00:00,777,4.308951345833334,,,,,,,,2134,,2,0
nwfsc_pacific_hake_survey,D20190725T220401_IFCB777,2019-07-25 22:04:01+00:00,777,4.6404188458333335,,,,,,,,1026,,2,0
nwfsc_pacific_hake_survey,D20190725T222830_IFCB777,2019-07-25 22:28:30+00:00,777,4.6324094124999995,,,,,,,,1109,,2,0
nwfsc_pacific_hake_survey,D20190725T225300_IFCB777,2019-07-25 22:53:00+00:00,777,4.340759520833333,,,,,,,,2027,,2,0
nwfsc_pacific_hake_survey,D20190725T231730_IFCB777,2019-07-25 23:17:30+00:00,777,4.5463969625,,,,,,,,1413,,2,0
nwfsc_pacific_hake_survey,D20190725T234200_IFCB777,2019-07-25 23:42:00+00:00,777,4.467857133333333,,,,,,,,1648,,2,0
nwfsc_pacific_hake_survey,D20190726T000629_IFCB777,2019-07-26 00:06:29+00:00,777,4.371379095833333,,,,,,,,1973,,2,0
nwfsc_pacific_hake_survey,D20190726T003059_IFCB777,2019-07-26 00:30:59+00:00,777,4.508635549999999,,,,,,,,1558,,2,0
nwfsc_pacific_hake_survey,D20190726T005529_IFCB777,2019-07-26 00:55:29+00:00,777,4.582089954166666,,,,,,,,1284,,2,0
nwfsc_pacific_hake_survey,D20190726T011958_IFCB777,2019-07-26 01:19:58+00:00,777,4.2060371000000005,,,,,,,,2208,,2,0
nwfsc_pacific_hake_survey,D20190726T014428_IFCB777,2019-07-26 01:44:28+00:00,777,4.425991229166668,,,,,,,,1841,,2,0
nwfsc_pacific_hake_survey,D20190726T020858_IFCB777,2019-07-26 02:08:58+00:00,777,4.486556025,,,,,,,,1596,,2,0
nwfsc_pacific_hake_survey,D20190726T023328_IFCB777,2019-07-26 02:33:28+00:00,777,4.561967620833332,,,,,,,,1406,,2,0
nwfsc_pacific_hake_survey,D20190726T025757_IFCB777,2019-07-26 02:57:57+00:00,777,4.418311820833334,,,,,,,,1865,,2,0
nwfsc_pacific_hake_survey,D20190726T032227_IFCB777,2019-07-26 03:22:27+00:00,777,4.1296212375,,,,,,,,2788,,2,0
nwfsc_pacific_hake_survey,D20190726T034657_IFCB777,2019-07-26 03:46:57+00:00,777,4.001079941666666,,,,,,,,3285,,2,0
nwfsc_pacific_hake_survey,D20190726T041127_IFCB777,2019-07-26 04:11:27+00:00,777,4.129982604166667,,,,,,,,2812,,2,0
nwfsc_pacific_hake_survey,D20190726T043557_IFCB777,2019-07-26 04:35:57+00:00,777,4.323472104166666,,,,,,,,2152,,2,0
nwfsc_pacific_hake_survey,D20190726T050027_IFCB777,2019-07-26 05:00:27+00:00,777,4.154356154166667,,,,,,,,2761,,2,0
nwfsc_pacific_hake_survey,D20190726T052457_IFCB777,2019-07-26 05:24:57+00:00,777,4.387484066666667,,,,,,,,2028,,2,0
nwfsc_pacific_hake_survey,D20190726T054927_IFCB777,2019-07-26 05:49:27+00:00,777,4.157919858333333,,,,,,,,2703,,2,0
nwfsc_pacific_hake_survey,D20190726T061356_IFCB777,2019-07-26 06:13:56+00:00,777,4.559040508333334,,,,,,,,1442,,2,0
nwfsc_pacific_hake_survey,D20190726T063826_IFCB777,2019-07-26 06:38:26+00:00,777,4.566475962499999,,,,,,,,1410,,2,0
nwfsc_pacific_hake_survey,D20190726T070255_IFCB777,2019-07-26 07:02:55+00:00,777,4.258008654166667,,,,,,,,2427,,2,0
nwfsc_pacific_hake_survey,D20190726T072725_IFCB777,2019-07-26 07:27:25+00:00,777,4.6006999125,,,,,,,,1244,,2,0
nwfsc_pacific_hake_survey,D20190726T075155_IFCB777,2019-07-26 07:51:55+00:00,777,4.223322870833333,,,,,,,,2470,,2,0
nwfsc_pacific_hake_survey,D20190726T084102_IFCB777,2019-07-26 08:41:02+00:00,777,4.0636081,,,,,,,,3055,,2,0
nwfsc_pacific_hake_survey,D20190726T090532_IFCB777,2019-07-26 09:05:32+00:00,777,4.018451458333334,,,,,,,,3188,,2,0
nwfsc_pacific_hake_survey,D20190726T093002_IFCB777,2019-07-26 09:30:02+00:00,777,4.0752535624999995,,,,,,,,3020,,2,0
nwfsc_pacific_hake_survey,D20190726T095432_IFCB777,2019-07-26 09:54:32+00:00,777,3.9878391666666673,,,,,,,,3267,,2,0
nwfsc_pacific_hake_survey,D20190726T101902_IFCB777,2019-07-26 10:19:02+00:00,777,4.2359194166666665,,,,,,,,2446,,2,0
nwfsc_pacific_hake_survey,D20190726T104332_IFCB777,2019-07-26 10:43:32+00:00,777,4.357760633333333,,,,,,,,2094,,2,0
nwfsc_pacific_hake_survey,D20190726T110802_IFCB777,2019-07-26 11:08:02+00:00,777,4.352964004166667,,,,,,,,2060,,2,0
nwfsc_pacific_hake_survey,D20190726T113232_IFCB777,2019-07-26 11:32:32+00:00,777,4.225214420833334,,,,,,,,2498,,2,0
nwfsc_pacific_hake_survey,D20190726T115702_IFCB777,2019-07-26 11:57:02+00:00,777,4.060254820833333,,,,,,,,3066,,2,0
nwfsc_pacific_hake_survey,D20190726T122132_IFCB777,2019-07-26 12:21:32+00:00,777,4.048330083333333,,,,,,,,3113,,2,0
nwfsc_pacific_hake_survey,D20190726T124602_IFCB777,2019-07-26 12:46:02+00:00,777,4.033309354166667,,,,,,,,3116,,2,0
nwfsc_pacific_hake_survey,D20190726T131032_IFCB777,2019-07-26 13:10:32+00:00,777,3.884984429166667,,,,,,,,3605,,2,0
nwfsc_pacific_hake_survey,D20190726T133502_IFCB777,2019-07-26 13:35:02+00:00,777,3.886488908333334,,,,,,,,3597,,2,0
nwfsc_pacific_hake_survey,D20190726T135932_IFCB777,2019-07-26 13:59:32+00:00,777,4.083178258333333,,,,,,,,2986,,2,0
nwfsc_pacific_hake_survey,D20190726T142402_IFCB777,2019-07-26 14:24:02+00:00,777,4.2270099000000005,,,,,,,,2508,,2,0
nwfsc_pacific_hake_survey,D20190726T144832_IFCB777,2019-07-26 14:48:32+00:00,777,4.377660208333333,,,,,,,,2010,,2,0
nwfsc_pacific_hake_survey,D20190726T151302_IFCB777,2019-07-26 15:13:02+00:00,777,4.420528870833334,,,,,,,,1863,,2,0
nwfsc_pacific_hake_survey,D20190726T153731_IFCB777,2019-07-26 15:37:31+00:00,777,4.428156041666667,,,,,,,,1822,,2,0
nwfsc_pacific_hake_survey,D20190726T160201_IFCB777,2019-07-26 16:02:01+00:00,777,4.612336437500001,,,,,,,,1219,,2,0
nwfsc_pacific_hake_survey,D20190726T162630_IFCB777,2019-07-26 16:26:30+00:00,777,4.5188349625,,,,,,,,1536,,2,0
nwfsc_pacific_hake_survey,D20190726T165100_IFCB777,2019-07-26 16:51:00+00:00,777,4.5728260375,,,,,,,,1297,,2,0
nwfsc_pacific_hake_survey,D20190726T171530_IFCB777,2019-07-26 17:15:30+00:00,777,4.362432887500001,,,,,,,,2053,,2,0
nwfsc_pacific_hake_survey,D20190726T173959_IFCB777,2019-07-26 17:39:59+00:00,777,4.418918675,,,,,,,,1870,,2,0
nwfsc_pacific_hake_survey,D20190726T180429_IFCB777,2019-07-26 18:04:29+00:00,777,4.2519533874999995,,,,,,,,2345,,2,0
nwfsc_pacific_hake_survey,D20190726T182859_IFCB777,2019-07-26 18:28:59+00:00,777,4.40275645,,,,,,,,1890,,2,0
nwfsc_pacific_hake_survey,D20190726T185328_IFCB777,2019-07-26 18:53:28+00:00,777,4.450944254166666,,,,,,,,1749,,2,0
nwfsc_pacific_hake_survey,D20190726T191758_IFCB777,2019-07-26 19:17:58+00:00,777,4.5633261625,,,,,,,,1376,,2,0
nwfsc_pacific_hake_survey,D20190726T194227_IFCB777,2019-07-26 19:42:27+00:00,777,4.511170683333334,,,,,,,,1578,,2,0
nwfsc_pacific_hake_survey,D20190726T200657_IFCB777,2019-07-26 20:06:57+00:00,777,4.576435158333333,,,,,,,,1355,,2,0
nwfsc_pacific_hake_survey,D20190726T203127_IFCB777,2019-07-26 20:31:27+00:00,777,3.922871745833333,,,,,,,,3512,,2,0
nwfsc_pacific_hake_survey,D20190726T212035_IFCB777,2019-07-26 21:20:35+00:00,777,4.498153616666667,,,,,,,,1512,,2,0
nwfsc_pacific_hake_survey,D20190726T214504_IFCB777,2019-07-26 21:45:04+00:00,777,4.6645745624999995,,,,,,,,1027,,2,0
nwfsc_pacific_hake_survey,D20190726T220934_IFCB777,2019-07-26 22:09:34+00:00,777,4.790310566666666,,,,,,,,607,,2,0
nwfsc_pacific_hake_survey,D20190726T223403_IFCB777,2019-07-26 22:34:03+00:00,777,4.800112683333333,,,,,,,,580,,2,0
nwfsc_pacific_hake_survey,D20190726T225833_IFCB777,2019-07-26 22:58:33+00:00,777,4.7867347916666665,,,,,,,,607,,2,0
nwfsc_pacific_hake_survey,D20190726T232302_IFCB777,2019-07-26 23:23:02+00:00,777,4.676649366666666,,,,,,,,979,,2,0
nwfsc_pacific_hake_survey,D20190726T234732_IFCB777,2019-07-26 23:47:32+00:00,777,4.7616365541666665,,,,,,,,714,,2,0
nwfsc_pacific_hake_survey,D20190727T001201_IFCB777,2019-07-27 00:12:01+00:00,777,4.847309925,,,,,,,,426,,2,0
nwfsc_pacific_hake_survey,D20190727T003631_IFCB777,2019-07-27 00:36:31+00:00,777,4.877435075,,,,,,,,338,,2,0
nwfsc_pacific_hake_survey,D20190727T010100_IFCB777,2019-07-27 01:01:00+00:00,777,4.953161525,,,,,,,,93,,2,0
nwfsc_pacific_hake_survey,D20190727T012529_IFCB777,2019-07-27 01:25:29+00:00,777,4.8299650791666675,,,,,,,,73,,2,0
nwfsc_pacific_hake_survey,D20190727T014959_IFCB777,2019-07-27 01:49:59+00:00,777,4.866657904166667,,,,,,,,59,,2,0
nwfsc_pacific_hake_survey,D20190727T021428_IFCB777,2019-07-27 02:14:28+00:00,777,4.7615220166666665,,,,,,,,50,,2,0
nwfsc_pacific_hake_survey,D20190727T023857_IFCB777,2019-07-27 02:38:57+00:00,777,4.887885704166666,,,,,,,,54,,2,0
nwfsc_pacific_hake_survey,D20190727T030327_IFCB777,2019-07-27 03:03:27+00:00,777,4.945003779166667,,,,,,,,58,,2,0
nwfsc_pacific_hake_survey,D20190727T032756_IFCB777,2019-07-27 03:27:56+00:00,777,4.861313783333333,,,,,,,,399,,2,0
nwfsc_pacific_hake_survey,D20190727T035226_IFCB777,2019-07-27 03:52:26+00:00,777,4.924250045833333,,,,,,,,188,,2,0
nwfsc_pacific_hake_survey,D20190727T041655_IFCB777,2019-07-27 04:16:55+00:00,777,4.869060716666667,,,,,,,,379,,2,0
nwfsc_pacific_hake_survey,D20190727T044124_IFCB777,2019-07-27 04:41:24+00:00,777,4.8112845958333335,,,,,,,,46,,2,0
nwfsc_pacific_hake_survey,D20190727T050554_IFCB777,2019-07-27 05:05:54+00:00,777,4.809086833333334,,,,,,,,76,,2,0
nwfsc_pacific_hake_survey,D20190727T053023_IFCB777,2019-07-27 05:30:23+00:00,777,4.9687732291666675,,,,,,,,54,,2,0
nwfsc_pacific_hake_survey,D20190727T055452_IFCB777,2019-07-27 05:54:52+00:00,777,4.490942779166667,,,,,,,,40,,2,0
nwfsc_pacific_hake_survey,D20190727T061922_IFCB777,2019-07-27 06:19:22+00:00,777,4.9192031875,,,,,,,,151,,2,0
nwfsc_pacific_hake_survey,D20190727T064351_IFCB777,2019-07-27 06:43:51+00:00,777,4.8378786541666665,,,,,,,,212,,2,0
nwfsc_pacific_hake_survey,D20190727T070820_IFCB777,2019-07-27 07:08:20+00:00,777,4.88193825,,,,,,,,299,,2,0
nwfsc_pacific_hake_survey,D20190727T073250_IFCB777,2019-07-27 07:32:50+00:00,777,4.872262125000001,,,,,,,,294,,2,0
nwfsc_pacific_hake_survey,D20190727T075719_IFCB777,2019-07-27 07:57:19+00:00,777,4.698603974999999,,,,,,,,889,,2,0
nwfsc_pacific_hake_survey,D20190727T082149_IFCB777,2019-07-27 08:21:49+00:00,777,4.193657004166667,,,,,,,,2626,,2,0
nwfsc_pacific_hake_survey,D20190727T084619_IFCB777,2019-07-27 08:46:19+00:00,777,4.13971715,,,,,,,,2782,,2,0
nwfsc_pacific_hake_survey,D20190727T091049_IFCB777,2019-07-27 09:10:49+00:00,777,4.11955165,,,,,,,,2812,,2,0
nwfsc_pacific_hake_survey,D20190727T095956_IFCB777,2019-07-27 09:59:56+00:00,777,4.097502370833334,,,,,,,,2948,,2,0
nwfsc_pacific_hake_survey,D20190727T102427_IFCB777,2019-07-27 10:24:27+00:00,777,3.801274408333333,,,,,,,,3942,,2,0
nwfsc_pacific_hake_survey,D20190727T104857_IFCB777,2019-07-27 10:48:57+00:00,777,4.158380345833334,,,,,,,,2659,,2,0
nwfsc_pacific_hake_survey,D20190727T111327_IFCB777,2019-07-27 11:13:27+00:00,777,3.7815052541666665,,,,,,,,3996,,2,0
nwfsc_pacific_hake_survey,D20190727T113757_IFCB777,2019-07-27 11:37:57+00:00,777,4.0303088125,,,,,,,,3113,,2,0
nwfsc_pacific_hake_survey,D20190727T120227_IFCB777,2019-07-27 12:02:27+00:00,777,4.119989166666667,,,,,,,,2848,,2,0
nwfsc_pacific_hake_survey,D20190727T122658_IFCB777,2019-07-27 12:26:58+00:00,777,4.117262216666667,,,,,,,,2749,,2,0
nwfsc_pacific_hake_survey,D20190727T125128_IFCB777,2019-07-27 12:51:28+00:00,777,4.377371283333334,,,,,,,,1961,,2,0
nwfsc_pacific_hake_survey,D20190727T131557_IFCB777,2019-07-27 13:15:57+00:00,777,4.640581341666667,,,,,,,,1127,,2,0
nwfsc_pacific_hake_survey,D20190727T134027_IFCB777,2019-07-27 13:40:27+00:00,777,4.875360458333334,,,,,,,,174,,2,0
nwfsc_pacific_hake_survey,D20190727T140456_IFCB777,2019-07-27 14:04:56+00:00,777,4.895895229166667,,,,,,,,227,,2,0
nwfsc_pacific_hake_survey,D20190727T142926_IFCB777,2019-07-27 14:29:26+00:00,777,4.240811670833333,,,,,,,,2356,,2,0
nwfsc_pacific_hake_survey,D20190727T145355_IFCB777,2019-07-27 14:53:55+00:00,777,4.015229925000001,,,,,,,,3056,,2,0
nwfsc_pacific_hake_survey,D20190727T151826_IFCB777,2019-07-27 15:18:26+00:00,777,3.7359099291666666,,,,,,,,2940,,2,0
nwfsc_pacific_hake_survey,D20190727T160626_IFCB777,2019-07-27 16:06:26+00:00,777,1.4527618249999998,,,,,,,,1737,,2,0
nwfsc_pacific_hake_survey,D20190727T175159_IFCB777,2019-07-27 17:51:59+00:00,777,2.7859958583333326,,,,,,,,3391,,2,0
nwfsc_pacific_hake_survey,D20190727T181629_IFCB777,2019-07-27 18:16:29+00:00,777,3.931206516666667,,,,,,,,3392,,2,0
nwfsc_pacific_hake_survey,D20190727T184059_IFCB777,2019-07-27 18:40:59+00:00,777,4.1340471625,,,,,,,,2622,,2,0
nwfsc_pacific_hake_survey,D20190727T190529_IFCB777,2019-07-27 19:05:29+00:00,777,4.289299804166666,,,,,,,,2147,,2,0
nwfsc_pacific_hake_survey,D20190727T192959_IFCB777,2019-07-27 19:29:59+00:00,777,4.5053539958333335,,,,,,,,1556,,2,0
nwfsc_pacific_hake_survey,D20190727T195429_IFCB777,2019-07-27 19:54:29+00:00,777,4.653916274999999,,,,,,,,1051,,2,0
nwfsc_pacific_hake_survey,D20190727T201858_IFCB777,2019-07-27 20:18:58+00:00,777,4.788649637500001,,,,,,,,617,,2,0
nwfsc_pacific_hake_survey,D20190727T204328_IFCB777,2019-07-27 20:43:28+00:00,777,4.8899124416666675,,,,,,,,293,,2,0
nwfsc_pacific_hake_survey,D20190727T210757_IFCB777,2019-07-27 21:07:57+00:00,777,4.849860566666666,,,,,,,,426,,2,0
nwfsc_pacific_hake_survey,D20190727T213227_IFCB777,2019-07-27 21:32:27+00:00,777,4.8123614,,,,,,,,514,,2,0
nwfsc_pacific_hake_survey,D20190727T215656_IFCB777,2019-07-27 21:56:56+00:00,777,4.892071225,,,,,,,,282,,2,0
nwfsc_pacific_hake_survey,D20190727T222126_IFCB777,2019-07-27 22:21:26+00:00,777,4.799717599999999,,,,,,,,588,,2,0
nwfsc_pacific_hake_survey,D20190727T224555_IFCB777,2019-07-27 22:45:55+00:00,777,4.8903376666666665,,,,,,,,287,,2,0
nwfsc_pacific_hake_survey,D20190727T231024_IFCB777,2019-07-27 23:10:24+00:00,777,4.7655312583333345,,,,,,,,649,,2,0
nwfsc_pacific_hake_survey,D20190727T233454_IFCB777,2019-07-27 23:34:54+00:00,777,4.9117881458333335,,,,,,,,245,,2,0
nwfsc_pacific_hake_survey,D20190727T235923_IFCB777,2019-07-27 23:59:23+00:00,777,4.932891191666666,,,,,,,,165,,2,0
nwfsc_pacific_hake_survey,D20190728T002352_IFCB777,2019-07-28 00:23:52+00:00,777,4.715005887499999,,,,,,,,161,,2,0
nwfsc_pacific_hake_survey,D20190728T004822_IFCB777,2019-07-28 00:48:22+00:00,777,4.930588108333334,,,,,,,,165,,2,0
nwfsc_pacific_hake_survey,D20190728T011251_IFCB777,2019-07-28 01:12:51+00:00,777,4.944964487500001,,,,,,,,95,,2,0
nwfsc_pacific_hake_survey,D20190728T013720_IFCB777,2019-07-28 01:37:20+00:00,777,4.914179625,,,,,,,,82,,2,0
nwfsc_pacific_hake_survey,D20190728T020150_IFCB777,2019-07-28 02:01:50+00:00,777,4.881225049999999,,,,,,,,137,,2,0
nwfsc_pacific_hake_survey,D20190728T022619_IFCB777,2019-07-28 02:26:19+00:00,777,4.856287600000001,,,,,,,,178,,2,0
nwfsc_pacific_hake_survey,D20190728T025048_IFCB777,2019-07-28 02:50:48+00:00,777,4.894332320833333,,,,,,,,258,,2,0
nwfsc_pacific_hake_survey,D20190728T031518_IFCB777,2019-07-28 03:15:18+00:00,777,4.9098781166666665,,,,,,,,170,,2,0
nwfsc_pacific_hake_survey,D20190728T033947_IFCB777,2019-07-28 03:39:47+00:00,777,4.921306658333333,,,,,,,,203,,2,0
nwfsc_pacific_hake_survey,D20190728T040417_IFCB777,2019-07-28 04:04:17+00:00,777,4.9003975625,,,,,,,,106,,2,0
nwfsc_pacific_hake_survey,D20190728T042846_IFCB777,2019-07-28 04:28:46+00:00,777,4.909628345833334,,,,,,,,218,,2,0
nwfsc_pacific_hake_survey,D20190728T045315_IFCB777,2019-07-28 04:53:15+00:00,777,4.098877054166667,,,,,,,,2216,,2,0
nwfsc_pacific_hake_survey,D20190728T051745_IFCB777,2019-07-28 05:17:45+00:00,777,4.2758552666666665,,,,,,,,2334,,2,0
nwfsc_pacific_hake_survey,D20190728T054215_IFCB777,2019-07-28 05:42:15+00:00,777,4.764152208333333,,,,,,,,430,,2,0
nwfsc_pacific_hake_survey,D20190728T063122_IFCB777,2019-07-28 06:31:22+00:00,777,4.860868641666667,,,,,,,,328,,2,0
nwfsc_pacific_hake_survey,D20190728T065552_IFCB777,2019-07-28 06:55:52+00:00,777,4.825744695833333,,,,,,,,374,,2,0
nwfsc_pacific_hake_survey,D20190728T072021_IFCB777,2019-07-28 07:20:21+00:00,777,4.8831726416666665,,,,,,,,330,,2,0
nwfsc_pacific_hake_survey,D20190728T074450_IFCB777,2019-07-28 07:44:50+00:00,777,4.920271195833333,,,,,,,,186,,2,0
nwfsc_pacific_hake_survey,D20190728T080920_IFCB777,2019-07-28 08:09:20+00:00,777,4.8132122375,,,,,,,,194,,2,0
nwfsc_pacific_hake_survey,D20190728T083349_IFCB777,2019-07-28 08:33:49+00:00,777,4.892313854166667,,,,,,,,211,,2,0
nwfsc_pacific_hake_survey,D20190728T085819_IFCB777,2019-07-28 08:58:19+00:00,777,4.897146545833333,,,,,,,,186,,2,0
nwfsc_pacific_hake_survey,D20190728T092248_IFCB777,2019-07-28 09:22:48+00:00,777,4.870507504166667,,,,,,,,213,,2,0
nwfsc_pacific_hake_survey,D20190728T094717_IFCB777,2019-07-28 09:47:17+00:00,777,4.902672254166666,,,,,,,,124,,2,0
nwfsc_pacific_hake_survey,D20190728T101147_IFCB777,2019-07-28 10:11:47+00:00,777,4.952584345833333,,,,,,,,84,,2,0
nwfsc_pacific_hake_survey,D20190728T103616_IFCB777,2019-07-28 10:36:16+00:00,777,4.739894025,,,,,,,,86,,2,0
nwfsc_pacific_hake_survey,D20190728T110045_IFCB777,2019-07-28 11:00:45+00:00,777,4.958857520833334,,,,,,,,67,,2,0
nwfsc_pacific_hake_survey,D20190728T112515_IFCB777,2019-07-28 11:25:15+00:00,777,4.900735333333333,,,,,,,,121,,2,0
nwfsc_pacific_hake_survey,D20190728T114944_IFCB777,2019-07-28 11:49:44+00:00,777,4.916483516666667,,,,,,,,167,,2,0
nwfsc_pacific_hake_survey,D20190728T121413_IFCB777,2019-07-28 12:14:13+00:00,777,4.942487829166667,,,,,,,,99,,2,0
nwfsc_pacific_hake_survey,D20190728T123843_IFCB777,2019-07-28 12:38:43+00:00,777,4.942173520833334,,,,,,,,105,,2,0
nwfsc_pacific_hake_survey,D20190728T130312_IFCB777,2019-07-28 13:03:12+00:00,777,4.859387241666666,,,,,,,,171,,2,0
nwfsc_pacific_hake_survey,D20190728T132742_IFCB777,2019-07-28 13:27:42+00:00,777,4.777240025,,,,,,,,557,,2,0
nwfsc_pacific_hake_survey,D20190728T135211_IFCB777,2019-07-28 13:52:11+00:00,777,4.700218920833334,,,,,,,,900,,2,0
nwfsc_pacific_hake_survey,D20190728T141640_IFCB777,2019-07-28 14:16:40+00:00,777,4.573295554166666,,,,,,,,1372,,2,0
nwfsc_pacific_hake_survey,D20190728T144110_IFCB777,2019-07-28 14:41:10+00:00,777,4.465972366666667,,,,,,,,1724,,2,0
nwfsc_pacific_hake_survey,D20190728T150540_IFCB777,2019-07-28 15:05:40+00:00,777,3.9824827500000004,,,,,,,,3078,,2,0
nwfsc_pacific_hake_survey,D20190728T153010_IFCB777,2019-07-28 15:30:10+00:00,777,4.3168756875000005,,,,,,,,2239,,2,0
nwfsc_pacific_hake_survey,D20190728T155440_IFCB777,2019-07-28 15:54:40+00:00,777,3.986797345833333,,,,,,,,2908,,2,0
nwfsc_pacific_hake_survey,D20190728T161910_IFCB777,2019-07-28 16:19:10+00:00,777,4.531965829166667,,,,,,,,1464,,2,0
nwfsc_pacific_hake_survey,D20190728T164339_IFCB777,2019-07-28 16:43:39+00:00,777,4.537560654166667,,,,,,,,1459,,2,0
nwfsc_pacific_hake_survey,D20190728T170809_IFCB777,2019-07-28 17:08:09+00:00,777,4.0904682625,,,,,,,,2888,,2,0
nwfsc_pacific_hake_survey,D20190728T173239_IFCB777,2019-07-28 17:32:39+00:00,777,4.142390454166667,,,,,,,,2750,,2,0
nwfsc_pacific_hake_survey,D20190728T175709_IFCB777,2019-07-28 17:57:09+00:00,777,4.004570879166667,,,,,,,,3211,,2,0
nwfsc_pacific_hake_survey,D20190728T182139_IFCB777,2019-07-28 18:21:39+00:00,777,4.10729465,,,,,,,,2896,,2,0
nwfsc_pacific_hake_survey,D20190728T191046_IFCB777,2019-07-28 19:10:46+00:00,777,4.386685066666667,,,,,,,,1951,,2,0
nwfsc_pacific_hake_survey,D20190728T193516_IFCB777,2019-07-28 19:35:16+00:00,777,4.403718341666666,,,,,,,,1859,,2,0
nwfsc_pacific_hake_survey,D20190728T195946_IFCB777,2019-07-28 19:59:46+00:00,777,4.5280167375,,,,,,,,1404,,2,0
nwfsc_pacific_hake_survey,D20190728T202416_IFCB777,2019-07-28 20:24:16+00:00,777,4.806931395833334,,,,,,,,167,,2,0
nwfsc_pacific_hake_survey,D20190728T204845_IFCB777,2019-07-28 20:48:45+00:00,777,4.922906875,,,,,,,,151,,2,0
nwfsc_pacific_hake_survey,D20190728T211314_IFCB777,2019-07-28 21:13:14+00:00,777,4.893817979166667,,,,,,,,164,,2,0
nwfsc_pacific_hake_survey,D20190728T213744_IFCB777,2019-07-28 21:37:44+00:00,777,4.930299795833334,,,,,,,,164,,2,0
nwfsc_pacific_hake_survey,D20190728T220213_IFCB777,2019-07-28 22:02:13+00:00,777,4.911746600000001,,,,,,,,178,,2,0
nwfsc_pacific_hake_survey,D20190728T222642_IFCB777,2019-07-28 22:26:42+00:00,777,4.905080066666667,,,,,,,,202,,2,0
nwfsc_pacific_hake_survey,D20190728T225112_IFCB777,2019-07-28 22:51:12+00:00,777,4.908780545833334,,,,,,,,206,,2,0
nwfsc_pacific_hake_survey,D20190728T231541_IFCB777,2019-07-28 23:15:41+00:00,777,4.927957729166667,,,,,,,,168,,2,0
nwfsc_pacific_hake_survey,D20190728T234011_IFCB777,2019-07-28 23:40:11+00:00,777,4.926466625000001,,,,,,,,184,,2,0
nwfsc_pacific_hake_survey,D20190729T000440_IFCB777,2019-07-29 00:04:40+00:00,777,4.9049702125,,,,,,,,167,,2,0
nwfsc_pacific_hake_survey,D20190729T002909_IFCB777,2019-07-29 00:29:09+00:00,777,4.911442683333333,,,,,,,,179,,2,0
nwfsc_pacific_hake_survey,D20190729T005339_IFCB777,2019-07-29 00:53:39+00:00,777,4.80005125,,,,,,,,155,,2,0
nwfsc_pacific_hake_survey,D20190729T011808_IFCB777,2019-07-29 01:18:08+00:00,777,4.9036038416666665,,,,,,,,169,,2,0
nwfsc_pacific_hake_survey,D20190729T014237_IFCB777,2019-07-29 01:42:37+00:00,777,4.901833745833333,,,,,,,,171,,2,0
nwfsc_pacific_hake_survey,D20190729T020707_IFCB777,2019-07-29 02:07:07+00:00,777,4.9462744625,,,,,,,,137,,2,0
nwfsc_pacific_hake_survey,D20190729T023136_IFCB777,2019-07-29 02:31:36+00:00,777,4.925070666666667,,,,,,,,170,,2,0
nwfsc_pacific_hake_survey,D20190729T025606_IFCB777,2019-07-29 02:56:06+00:00,777,4.9264445625,,,,,,,,153,,2,0
nwfsc_pacific_hake_survey,D20190729T032035_IFCB777,2019-07-29 03:20:35+00:00,777,4.947559154166667,,,,,,,,110,,2,0
nwfsc_pacific_hake_survey,D20190729T034504_IFCB777,2019-07-29 03:45:04+00:00,777,4.9361646708333335,,,,,,,,153,,2,0
nwfsc_pacific_hake_survey,D20190729T040934_IFCB777,2019-07-29 04:09:34+00:00,777,4.9292681125,,,,,,,,163,,2,0
nwfsc_pacific_hake_survey,D20190729T043403_IFCB777,2019-07-29 04:34:03+00:00,777,4.8277835375,,,,,,,,224,,2,0
nwfsc_pacific_hake_survey,D20190729T045832_IFCB777,2019-07-29 04:58:32+00:00,777,4.8317273499999995,,,,,,,,323,,2,0
nwfsc_pacific_hake_survey,D20190729T052302_IFCB777,2019-07-29 05:23:02+00:00,777,4.781325825,,,,,,,,659,,2,0
nwfsc_pacific_hake_survey,D20190729T054731_IFCB777,2019-07-29 05:47:31+00:00,777,4.7968393,,,,,,,,541,,2,0
nwfsc_pacific_hake_survey,D20190729T061201_IFCB777,2019-07-29 06:12:01+00:00,777,4.8280781625,,,,,,,,522,,2,0
nwfsc_pacific_hake_survey,D20190729T063630_IFCB777,2019-07-29 06:36:30+00:00,777,4.812832645833334,,,,,,,,455,,2,0
nwfsc_pacific_hake_survey,D20190729T070059_IFCB777,2019-07-29 07:00:59+00:00,777,4.81723405,,,,,,,,375,,2,0
nwfsc_pacific_hake_survey,D20190729T075006_IFCB777,2019-07-29 07:50:06+00:00,777,4.865237179166667,,,,,,,,260,,2,0
nwfsc_pacific_hake_survey,D20190729T081436_IFCB777,2019-07-29 08:14:36+00:00,777,4.896133616666666,,,,,,,,261,,2,0
nwfsc_pacific_hake_survey,D20190729T083905_IFCB777,2019-07-29 08:39:05+00:00,777,4.8394614874999995,,,,,,,,349,,2,0
nwfsc_pacific_hake_survey,D20190729T090334_IFCB777,2019-07-29 09:03:34+00:00,777,4.829831008333334,,,,,,,,502,,2,0
nwfsc_pacific_hake_survey,D20190729T092804_IFCB777,2019-07-29 09:28:04+00:00,777,4.849053991666667,,,,,,,,429,,2,0
nwfsc_pacific_hake_survey,D20190729T095233_IFCB777,2019-07-29 09:52:33+00:00,777,4.873877983333333,,,,,,,,297,,2,0
nwfsc_pacific_hake_survey,D20190729T101703_IFCB777,2019-07-29 10:17:03+00:00,777,4.826397466666666,,,,,,,,356,,2,0
nwfsc_pacific_hake_survey,D20190729T104132_IFCB777,2019-07-29 10:41:32+00:00,777,4.831843695833332,,,,,,,,393,,2,0
nwfsc_pacific_hake_survey,D20190729T110602_IFCB777,2019-07-29 11:06:02+00:00,777,4.6195765625,,,,,,,,1209,,2,0
nwfsc_pacific_hake_survey,D20190729T113031_IFCB777,2019-07-29 11:30:31+00:00,777,4.875708016666666,,,,,,,,313,,2,0
nwfsc_pacific_hake_survey,D20190729T115501_IFCB777,2019-07-29 11:55:01+00:00,777,4.414902154166667,,,,,,,,1890,,2,0
nwfsc_pacific_hake_survey,D20190729T121930_IFCB777,2019-07-29 12:19:30+00:00,777,4.0089791125,,,,,,,,3243,,2,0
nwfsc_pacific_hake_survey,D20190729T124400_IFCB777,2019-07-29 12:44:00+00:00,777,4.026368208333333,,,,,,,,3199,,2,0
nwfsc_pacific_hake_survey,D20190729T130830_IFCB777,2019-07-29 13:08:30+00:00,777,4.1446694875,,,,,,,,2805,,2,0
nwfsc_pacific_hake_survey,D20190729T133300_IFCB777,2019-07-29 13:33:00+00:00,777,4.395638283333333,,,,,,,,1945,,2,0
nwfsc_pacific_hake_survey,D20190729T135730_IFCB777,2019-07-29 13:57:30+00:00,777,4.670263575000001,,,,,,,,957,,2,0
nwfsc_pacific_hake_survey,D20190729T142159_IFCB777,2019-07-29 14:21:59+00:00,777,4.811621183333333,,,,,,,,427,,2,0
nwfsc_pacific_hake_survey,D20190729T144629_IFCB777,2019-07-29 14:46:29+00:00,777,4.871439508333333,,,,,,,,318,,2,0
nwfsc_pacific_hake_survey,D20190729T151058_IFCB777,2019-07-29 15:10:58+00:00,777,4.811300195833334,,,,,,,,554,,2,0
nwfsc_pacific_hake_survey,D20190729T153528_IFCB777,2019-07-29 15:35:28+00:00,777,4.8151904000000005,,,,,,,,515,,2,0
nwfsc_pacific_hake_survey,D20190729T155957_IFCB777,2019-07-29 15:59:57+00:00,777,4.854718625,,,,,,,,347,,2,0
nwfsc_pacific_hake_survey,D20190729T162426_IFCB777,2019-07-29 16:24:26+00:00,777,4.886708920833333,,,,,,,,291,,2,0
nwfsc_pacific_hake_survey,D20190729T164856_IFCB777,2019-07-29 16:48:56+00:00,777,4.797272666666667,,,,,,,,447,,2,0
nwfsc_pacific_hake_survey,D20190729T171325_IFCB777,2019-07-29 17:13:25+00:00,777,4.815472954166666,,,,,,,,496,,2,0
nwfsc_pacific_hake_survey,D20190729T173755_IFCB777,2019-07-29 17:37:55+00:00,777,4.842138083333333,,,,,,,,276,,2,0
nwfsc_pacific_hake_survey,D20190729T180224_IFCB777,2019-07-29 18:02:24+00:00,777,4.827083108333334,,,,,,,,291,,2,0
nwfsc_pacific_hake_survey,D20190729T182653_IFCB777,2019-07-29 18:26:53+00:00,777,4.823651908333333,,,,,,,,329,,2,0
nwfsc_pacific_hake_survey,D20190729T185123_IFCB777,2019-07-29 18:51:23+00:00,777,4.813593345833334,,,,,,,,544,,2,0
nwfsc_pacific_hake_survey,D20190729T191552_IFCB777,2019-07-29 19:15:52+00:00,777,4.831901575,,,,,,,,448,,2,0
nwfsc_pacific_hake_survey,D20190729T194022_IFCB777,2019-07-29 19:40:22+00:00,777,4.838126458333334,,,,,,,,428,,2,0
nwfsc_pacific_hake_survey,D20190729T202929_IFCB777,2019-07-29 20:29:29+00:00,777,4.872831616666668,,,,,,,,277,,2,0
nwfsc_pacific_hake_survey,D20190729T205358_IFCB777,2019-07-29 20:53:58+00:00,777,4.429104129166666,,,,,,,,1809,,2,0
nwfsc_pacific_hake_survey,D20190729T211828_IFCB777,2019-07-29 21:18:28+00:00,777,3.922227775,,,,,,,,3497,,2,0
nwfsc_pacific_hake_survey,D20190729T214258_IFCB777,2019-07-29 21:42:58+00:00,777,3.979083170833334,,,,,,,,3316,,2,0
nwfsc_pacific_hake_survey,D20190729T220728_IFCB777,2019-07-29 22:07:28+00:00,777,4.6626441708333335,,,,,,,,1077,,2,0
nwfsc_pacific_hake_survey,D20190729T223158_IFCB777,2019-07-29 22:31:58+00:00,777,4.684046404166667,,,,,,,,982,,2,0
nwfsc_pacific_hake_survey,D20190729T225627_IFCB777,2019-07-29 22:56:27+00:00,777,4.128382195833334,,,,,,,,2815,,2,0
nwfsc_pacific_hake_survey,D20190729T232057_IFCB777,2019-07-29 23:20:57+00:00,777,4.2401630125,,,,,,,,2445,,2,0
nwfsc_pacific_hake_survey,D20190729T234527_IFCB777,2019-07-29 23:45:27+00:00,777,4.145805304166667,,,,,,,,2759,,2,0
nwfsc_pacific_hake_survey,D20190730T000957_IFCB777,2019-07-30 00:09:57+00:00,777,3.918245579166667,,,,,,,,3578,,2,0
nwfsc_pacific_hake_survey,D20190730T003427_IFCB777,2019-07-30 00:34:27+00:00,777,4.484910091666666,,,,,,,,1660,,2,0
nwfsc_pacific_hake_survey,D20190730T005856_IFCB777,2019-07-30 00:58:56+00:00,777,3.8106847166666666,,,,,,,,3243,,2,0
nwfsc_pacific_hake_survey,D20190730T013055_IFCB777,2019-07-30 01:30:55+00:00,777,3.783266233333334,,,,,,,,3551,,2,0
nwfsc_pacific_hake_survey,D20190730T015525_IFCB777,2019-07-30 01:55:25+00:00,777,3.9960496041666667,,,,,,,,3296,,2,0
nwfsc_pacific_hake_survey,D20190730T021955_IFCB777,2019-07-30 02:19:55+00:00,777,4.051541658333334,,,,,,,,3105,,2,0
nwfsc_pacific_hake_survey,D20190730T024425_IFCB777,2019-07-30 02:44:25+00:00,777,4.479536720833334,,,,,,,,1712,,2,0
nwfsc_pacific_hake_survey,D20190730T030854_IFCB777,2019-07-30 03:08:54+00:00,777,4.022138808333334,,,,,,,,3222,,2,0
nwfsc_pacific_hake_survey,D20190730T033324_IFCB777,2019-07-30 03:33:24+00:00,777,4.492863779166667,,,,,,,,1661,,2,0
nwfsc_pacific_hake_survey,D20190730T035754_IFCB777,2019-07-30 03:57:54+00:00,777,4.781815295833334,,,,,,,,631,,2,0
nwfsc_pacific_hake_survey,D20190730T042223_IFCB777,2019-07-30 04:22:23+00:00,777,4.716889775,,,,,,,,869,,2,0
nwfsc_pacific_hake_survey,D20190730T044653_IFCB777,2019-07-30 04:46:53+00:00,777,4.732905395833333,,,,,,,,864,,2,0
nwfsc_pacific_hake_survey,D20190730T051122_IFCB777,2019-07-30 05:11:22+00:00,777,4.707528454166667,,,,,,,,886,,2,0
nwfsc_pacific_hake_survey,D20190730T053552_IFCB777,2019-07-30 05:35:52+00:00,777,4.687426224999999,,,,,,,,968,,2,0
nwfsc_pacific_hake_survey,D20190730T060022_IFCB777,2019-07-30 06:00:22+00:00,777,4.796506954166667,,,,,,,,564,,2,0
nwfsc_pacific_hake_survey,D20190730T062451_IFCB777,2019-07-30 06:24:51+00:00,777,4.841017425,,,,,,,,462,,2,0
nwfsc_pacific_hake_survey,D20190730T064920_IFCB777,2019-07-30 06:49:20+00:00,777,4.855147045833334,,,,,,,,370,,2,0
nwfsc_pacific_hake_survey,D20190730T071350_IFCB777,2019-07-30 07:13:50+00:00,777,4.8611500916666674,,,,,,,,280,,2,0
nwfsc_pacific_hake_survey,D20190730T073819_IFCB777,2019-07-30 07:38:19+00:00,777,4.8687797208333325,,,,,,,,379,,2,0
nwfsc_pacific_hake_survey,D20190730T080249_IFCB777,2019-07-30 08:02:49+00:00,777,4.909632729166666,,,,,,,,223,,2,0
nwfsc_pacific_hake_survey,D20190730T082718_IFCB777,2019-07-30 08:27:18+00:00,777,4.9338244541666665,,,,,,,,150,,2,0
nwfsc_pacific_hake_survey,D20190730T085147_IFCB777,2019-07-30 08:51:47+00:00,777,4.917208104166667,,,,,,,,168,,2,0
nwfsc_pacific_hake_survey,D20190730T091617_IFCB777,2019-07-30 09:16:17+00:00,777,4.9189130875,,,,,,,,203,,2,0
nwfsc_pacific_hake_survey,D20190730T094046_IFCB777,2019-07-30 09:40:46+00:00,777,4.897151816666667,,,,,,,,233,,2,0
nwfsc_pacific_hake_survey,D20190730T100515_IFCB777,2019-07-30 10:05:15+00:00,777,4.8732721625,,,,,,,,251,,2,0
nwfsc_pacific_hake_survey,D20190730T102945_IFCB777,2019-07-30 10:29:45+00:00,777,4.8816849583333335,,,,,,,,185,,2,0
nwfsc_pacific_hake_survey,D20190730T105414_IFCB777,2019-07-30 10:54:14+00:00,777,4.865830920833333,,,,,,,,243,,2,0
nwfsc_pacific_hake_survey,D20190730T111844_IFCB777,2019-07-30 11:18:44+00:00,777,4.829537670833334,,,,,,,,488,,2,0
nwfsc_pacific_hake_survey,D20190730T114313_IFCB777,2019-07-30 11:43:13+00:00,777,4.835209770833333,,,,,,,,440,,2,0
nwfsc_pacific_hake_survey,D20190730T120742_IFCB777,2019-07-30 12:07:42+00:00,777,4.860421195833333,,,,,,,,370,,2,0
nwfsc_pacific_hake_survey,D20190730T123212_IFCB777,2019-07-30 12:32:12+00:00,777,4.808600820833334,,,,,,,,468,,2,0
nwfsc_pacific_hake_survey,D20190730T125641_IFCB777,2019-07-30 12:56:41+00:00,777,4.805731654166666,,,,,,,,419,,2,0
nwfsc_pacific_hake_survey,D20190730T132110_IFCB777,2019-07-30 13:21:10+00:00,777,4.8415299875,,,,,,,,359,,2,0
nwfsc_pacific_hake_survey,D20190730T141017_IFCB777,2019-07-30 14:10:17+00:00,777,4.863325883333333,,,,,,,,353,,2,0
nwfsc_pacific_hake_survey,D20190730T143447_IFCB777,2019-07-30 14:34:47+00:00,777,4.874573249999999,,,,,,,,240,,2,0
nwfsc_pacific_hake_survey,D20190730T145916_IFCB777,2019-07-30 14:59:16+00:00,777,4.859712229166667,,,,,,,,282,,2,0
nwfsc_pacific_hake_survey,D20190730T152345_IFCB777,2019-07-30 15:23:45+00:00,777,4.867233541666666,,,,,,,,285,,2,0
nwfsc_pacific_hake_survey,D20190730T154815_IFCB777,2019-07-30 15:48:15+00:00,777,4.9175704,,,,,,,,207,,2,0
nwfsc_pacific_hake_survey,D20190730T161244_IFCB777,2019-07-30 16:12:44+00:00,777,4.930294254166666,,,,,,,,163,,2,0
nwfsc_pacific_hake_survey,D20190730T163714_IFCB777,2019-07-30 16:37:14+00:00,777,4.946267766666667,,,,,,,,142,,2,0
nwfsc_pacific_hake_survey,D20190730T170143_IFCB777,2019-07-30 17:01:43+00:00,777,4.9430713875,,,,,,,,127,,2,0
nwfsc_pacific_hake_survey,D20190730T172612_IFCB777,2019-07-30 17:26:12+00:00,777,4.963188666666667,,,,,,,,86,,2,0
nwfsc_pacific_hake_survey,D20190730T175042_IFCB777,2019-07-30 17:50:42+00:00,777,4.863538120833334,,,,,,,,63,,2,0
nwfsc_pacific_hake_survey,D20190730T181511_IFCB777,2019-07-30 18:15:11+00:00,777,4.9427990374999995,,,,,,,,109,,2,0
nwfsc_pacific_hake_survey,D20190730T183940_IFCB777,2019-07-30 18:39:40+00:00,777,4.8684507833333335,,,,,,,,324,,2,0
nwfsc_pacific_hake_survey,D20190730T190410_IFCB777,2019-07-30 19:04:10+00:00,777,4.918223279166667,,,,,,,,179,,2,0
nwfsc_pacific_hake_survey,D20190730T192839_IFCB777,2019-07-30 19:28:39+00:00,777,4.9153677125,,,,,,,,192,,2,0
nwfsc_pacific_hake_survey,D20190730T195308_IFCB777,2019-07-30 19:53:08+00:00,777,4.7884206250000005,,,,,,,,139,,2,0
nwfsc_pacific_hake_survey,D20190730T201738_IFCB777,2019-07-30 20:17:38+00:00,777,4.898901366666666,,,,,,,,257,,2,0
nwfsc_pacific_hake_survey,D20190730T204207_IFCB777,2019-07-30 20:42:07+00:00,777,4.8948221125,,,,,,,,276,,2,0
nwfsc_pacific_hake_survey,D20190730T210637_IFCB777,2019-07-30 21:06:37+00:00,777,4.889686304166667,,,,,,,,293,,2,0
nwfsc_pacific_hake_survey,D20190730T213106_IFCB777,2019-07-30 21:31:06+00:00,777,4.867216175,,,,,,,,352,,2,0
nwfsc_pacific_hake_survey,D20190730T215535_IFCB777,2019-07-30 21:55:35+00:00,777,4.8730510375,,,,,,,,314,,2,0
nwfsc_pacific_hake_survey,D20190730T222005_IFCB777,2019-07-30 22:20:05+00:00,777,4.908414441666666,,,,,,,,222,,2,0
nwfsc_pacific_hake_survey,D20190730T224434_IFCB777,2019-07-30 22:44:34+00:00,777,4.8973783541666664,,,,,,,,276,,2,0
nwfsc_pacific_hake_survey,D20190730T230904_IFCB777,2019-07-30 23:09:04+00:00,777,4.892733379166667,,,,,,,,200,,2,0
nwfsc_pacific_hake_survey,D20190730T233333_IFCB777,2019-07-30 23:33:33+00:00,777,4.7549985958333325,,,,,,,,715,,2,0
nwfsc_pacific_hake_survey,D20190730T235803_IFCB777,2019-07-30 23:58:03+00:00,777,4.8157195,,,,,,,,543,,2,0
nwfsc_pacific_hake_survey,D20190731T002232_IFCB777,2019-07-31 00:22:32+00:00,777,4.828894025,,,,,,,,512,,2,0
nwfsc_pacific_hake_survey,D20190731T004701_IFCB777,2019-07-31 00:47:01+00:00,777,4.774428883333333,,,,,,,,512,,2,0
nwfsc_pacific_hake_survey,D20190731T011131_IFCB777,2019-07-31 01:11:31+00:00,777,4.775356291666667,,,,,,,,687,,2,0
nwfsc_pacific_hake_survey,D20190731T013600_IFCB777,2019-07-31 01:36:00+00:00,777,4.798366962499999,,,,,,,,583,,2,0
nwfsc_pacific_hake_survey,D20190731T020030_IFCB777,2019-07-31 02:00:30+00:00,777,4.848227575,,,,,,,,469,,2,0
nwfsc_pacific_hake_survey,D20190731T024937_IFCB777,2019-07-31 02:49:37+00:00,777,4.831014033333334,,,,,,,,503,,2,0
nwfsc_pacific_hake_survey,D20190731T031406_IFCB777,2019-07-31 03:14:06+00:00,777,4.222176658333334,,,,,,,,2519,,2,0
nwfsc_pacific_hake_survey,D20190731T033836_IFCB777,2019-07-31 03:38:36+00:00,777,4.490247729166667,,,,,,,,1609,,2,0
nwfsc_pacific_hake_survey,D20190731T040306_IFCB777,2019-07-31 04:03:06+00:00,777,4.829184145833334,,,,,,,,503,,2,0
nwfsc_pacific_hake_survey,D20190731T042735_IFCB777,2019-07-31 04:27:35+00:00,777,4.480535083333334,,,,,,,,1629,,2,0
nwfsc_pacific_hake_survey,D20190731T045205_IFCB777,2019-07-31 04:52:05+00:00,777,4.740156604166667,,,,,,,,788,,2,0
nwfsc_pacific_hake_survey,D20190731T051634_IFCB777,2019-07-31 05:16:34+00:00,777,4.7186649833333325,,,,,,,,885,,2,0
nwfsc_pacific_hake_survey,D20190731T054104_IFCB777,2019-07-31 05:41:04+00:00,777,4.696317470833334,,,,,,,,896,,2,0
nwfsc_pacific_hake_survey,D20190731T060533_IFCB777,2019-07-31 06:05:33+00:00,777,4.763404100000001,,,,,,,,697,,2,0
nwfsc_pacific_hake_survey,D20190731T063003_IFCB777,2019-07-31 06:30:03+00:00,777,4.7295882250000005,,,,,,,,819,,2,0
nwfsc_pacific_hake_survey,D20190731T065432_IFCB777,2019-07-31 06:54:32+00:00,777,4.7265201999999995,,,,,,,,719,,2,0
nwfsc_pacific_hake_survey,D20190731T071902_IFCB777,2019-07-31 07:19:02+00:00,777,4.702482295833334,,,,,,,,826,,2,0
nwfsc_pacific_hake_survey,D20190731T074331_IFCB777,2019-07-31 07:43:31+00:00,777,4.887328095833334,,,,,,,,309,,2,0
nwfsc_pacific_hake_survey,D20190731T080801_IFCB777,2019-07-31 08:08:01+00:00,777,4.861328279166666,,,,,,,,201,,2,0
nwfsc_pacific_hake_survey,D20190731T083230_IFCB777,2019-07-31 08:32:30+00:00,777,4.726206345833334,,,,,,,,820,,2,0
nwfsc_pacific_hake_survey,D20190731T085700_IFCB777,2019-07-31 08:57:00+00:00,777,4.73848115,,,,,,,,729,,2,0
nwfsc_pacific_hake_survey,D20190731T092129_IFCB777,2019-07-31 09:21:29+00:00,777,4.7794082125,,,,,,,,667,,2,0
nwfsc_pacific_hake_survey,D20190731T094559_IFCB777,2019-07-31 09:45:59+00:00,777,4.880573808333334,,,,,,,,250,,2,0
nwfsc_pacific_hake_survey,D20190731T101028_IFCB777,2019-07-31 10:10:28+00:00,777,4.890081879166667,,,,,,,,165,,2,0
nwfsc_pacific_hake_survey,D20190731T103458_IFCB777,2019-07-31 10:34:58+00:00,777,4.950905724999999,,,,,,,,132,,2,0
nwfsc_pacific_hake_survey,D20190731T105927_IFCB777,2019-07-31 10:59:27+00:00,777,4.925202083333334,,,,,,,,132,,2,0
nwfsc_pacific_hake_survey,D20190731T112356_IFCB777,2019-07-31 11:23:56+00:00,777,4.840226283333334,,,,,,,,131,,2,0
nwfsc_pacific_hake_survey,D20190731T114826_IFCB777,2019-07-31 11:48:26+00:00,777,4.882940595833333,,,,,,,,139,,2,0
nwfsc_pacific_hake_survey,D20190731T121255_IFCB777,2019-07-31 12:12:55+00:00,777,4.861835533333333,,,,,,,,152,,2,0
nwfsc_pacific_hake_survey,D20190731T123724_IFCB777,2019-07-31 12:37:24+00:00,777,4.912940575000001,,,,,,,,118,,2,0
nwfsc_pacific_hake_survey,D20190731T130154_IFCB777,2019-07-31 13:01:54+00:00,777,4.892604220833333,,,,,,,,158,,2,0
nwfsc_pacific_hake_survey,D20190731T132623_IFCB777,2019-07-31 13:26:23+00:00,777,4.9227592875,,,,,,,,129,,2,0
nwfsc_pacific_hake_survey,D20190731T135052_IFCB777,2019-07-31 13:50:52+00:00,777,4.871435233333333,,,,,,,,68,,2,0
nwfsc_pacific_hake_survey,D20190731T141522_IFCB777,2019-07-31 14:15:22+00:00,777,4.856849708333333,,,,,,,,381,,2,0
nwfsc_pacific_hake_survey,D20190731T143951_IFCB777,2019-07-31 14:39:51+00:00,777,4.8162853624999995,,,,,,,,253,,2,0
nwfsc_pacific_hake_survey,D20190731T152858_IFCB777,2019-07-31 15:28:58+00:00,777,4.845484354166667,,,,,,,,402,,2,0
nwfsc_pacific_hake_survey,D20190731T155327_IFCB777,2019-07-31 15:53:27+00:00,777,4.72490775,,,,,,,,845,,2,0
nwfsc_pacific_hake_survey,D20190731T161757_IFCB777,2019-07-31 16:17:57+00:00,777,4.7444296875,,,,,,,,811,,2,0
nwfsc_pacific_hake_survey,D20190731T164227_IFCB777,2019-07-31 16:42:27+00:00,777,4.7070842,,,,,,,,917,,2,0
nwfsc_pacific_hake_survey,D20190731T170656_IFCB777,2019-07-31 17:06:56+00:00,777,4.803740895833333,,,,,,,,615,,2,0
nwfsc_pacific_hake_survey,D20190731T173125_IFCB777,2019-07-31 17:31:25+00:00,777,4.684120404166666,,,,,,,,1019,,2,0
nwfsc_pacific_hake_survey,D20190731T175555_IFCB777,2019-07-31 17:55:55+00:00,777,4.776314733333333,,,,,,,,702,,2,0
nwfsc_pacific_hake_survey,D20190731T182024_IFCB777,2019-07-31 18:20:24+00:00,777,4.614521170833332,,,,,,,,1231,,2,0
nwfsc_pacific_hake_survey,D20190731T184454_IFCB777,2019-07-31 18:44:54+00:00,777,4.454782566666667,,,,,,,,1702,,2,0
nwfsc_pacific_hake_survey,D20190731T190924_IFCB777,2019-07-31 19:09:24+00:00,777,4.876519783333334,,,,,,,,151,,2,0
nwfsc_pacific_hake_survey,D20190731T193353_IFCB777,2019-07-31 19:33:53+00:00,777,4.910202591666666,,,,,,,,99,,2,0
nwfsc_pacific_hake_survey,D20190731T195823_IFCB777,2019-07-31 19:58:23+00:00,777,4.946740287500001,,,,,,,,86,,2,0
nwfsc_pacific_hake_survey,D20190731T202252_IFCB777,2019-07-31 20:22:52+00:00,777,4.939305558333333,,,,,,,,44,,2,0
nwfsc_pacific_hake_survey,D20190731T204721_IFCB777,2019-07-31 20:47:21+00:00,777,4.905295683333333,,,,,,,,62,,2,0
nwfsc_pacific_hake_survey,D20190731T211151_IFCB777,2019-07-31 21:11:51+00:00,777,4.9402849125,,,,,,,,87,,2,0
nwfsc_pacific_hake_survey,D20190731T213620_IFCB777,2019-07-31 21:36:20+00:00,777,4.942252454166667,,,,,,,,95,,2,0
nwfsc_pacific_hake_survey,D20190731T220049_IFCB777,2019-07-31 22:00:49+00:00,777,4.948588125,,,,,,,,75,,2,0
nwfsc_pacific_hake_survey,D20190731T222519_IFCB777,2019-07-31 22:25:19+00:00,777,4.942629058333333,,,,,,,,98,,2,0
nwfsc_pacific_hake_survey,D20190731T224948_IFCB777,2019-07-31 22:49:48+00:00,777,4.930266429166666,,,,,,,,57,,2,0
nwfsc_pacific_hake_survey,D20190731T231417_IFCB777,2019-07-31 23:14:17+00:00,777,4.965389891666666,,,,,,,,44,,2,0
nwfsc_pacific_hake_survey,D20190731T233847_IFCB777,2019-07-31 23:38:47+00:00,777,4.759217695833333,,,,,,,,67,,2,0
nwfsc_pacific_hake_survey,D20190801T000316_IFCB777,2019-08-01 00:03:16+00:00,777,4.942077075,,,,,,,,60,,2,0
nwfsc_pacific_hake_survey,D20190801T002745_IFCB777,2019-08-01 00:27:45+00:00,777,4.961324716666667,,,,,,,,66,,2,0
nwfsc_pacific_hake_survey,D20190801T005215_IFCB777,2019-08-01 00:52:15+00:00,777,4.946092129166668,,,,,,,,97,,2,0
nwfsc_pacific_hake_survey,D20190801T011644_IFCB777,2019-08-01 01:16:44+00:00,777,4.732602666666667,,,,,,,,51,,2,0
nwfsc_pacific_hake_survey,D20190801T014113_IFCB777,2019-08-01 01:41:13+00:00,777,4.819206987499999,,,,,,,,61,,2,0
nwfsc_pacific_hake_survey,D20190801T020543_IFCB777,2019-08-01 02:05:43+00:00,777,4.855975666666667,,,,,,,,298,,2,0
nwfsc_pacific_hake_survey,D20190801T023012_IFCB777,2019-08-01 02:30:12+00:00,777,4.859576408333334,,,,,,,,308,,2,0
nwfsc_pacific_hake_survey,D20190801T025442_IFCB777,2019-08-01 02:54:42+00:00,777,4.843235929166666,,,,,,,,445,,2,0
nwfsc_pacific_hake_survey,D20190801T031911_IFCB777,2019-08-01 03:19:11+00:00,777,4.862476995833333,,,,,,,,276,,2,0
nwfsc_pacific_hake_survey,D20190801T040818_IFCB777,2019-08-01 04:08:18+00:00,777,4.836852620833333,,,,,,,,182,,2,0
nwfsc_pacific_hake_survey,D20190801T043247_IFCB777,2019-08-01 04:32:47+00:00,777,4.864165166666666,,,,,,,,209,,2,0
nwfsc_pacific_hake_survey,D20190801T045717_IFCB777,2019-08-01 04:57:17+00:00,777,4.765243387500001,,,,,,,,59,,2,0
nwfsc_pacific_hake_survey,D20190801T052146_IFCB777,2019-08-01 05:21:46+00:00,777,4.85621185,,,,,,,,121,,2,0
nwfsc_pacific_hake_survey,D20190801T054615_IFCB777,2019-08-01 05:46:15+00:00,777,4.913159141666667,,,,,,,,168,,2,0
nwfsc_pacific_hake_survey,D20190801T061045_IFCB777,2019-08-01 06:10:45+00:00,777,4.866327058333334,,,,,,,,384,,2,0
nwfsc_pacific_hake_survey,D20190801T063514_IFCB777,2019-08-01 06:35:14+00:00,777,4.814756729166667,,,,,,,,534,,2,0
nwfsc_pacific_hake_survey,D20190801T065944_IFCB777,2019-08-01 06:59:44+00:00,777,4.834565691666667,,,,,,,,456,,2,0
nwfsc_pacific_hake_survey,D20190801T072413_IFCB777,2019-08-01 07:24:13+00:00,777,4.852148891666666,,,,,,,,379,,2,0
nwfsc_pacific_hake_survey,D20190801T074842_IFCB777,2019-08-01 07:48:42+00:00,777,4.842995308333333,,,,,,,,361,,2,0
nwfsc_pacific_hake_survey,D20190801T081312_IFCB777,2019-08-01 08:13:12+00:00,777,4.8914676041666665,,,,,,,,245,,2,0
nwfsc_pacific_hake_survey,D20190801T083741_IFCB777,2019-08-01 08:37:41+00:00,777,4.852510229166667,,,,,,,,177,,2,0
nwfsc_pacific_hake_survey,D20190801T090210_IFCB777,2019-08-01 09:02:10+00:00,777,4.8873764416666665,,,,,,,,241,,2,0
nwfsc_pacific_hake_survey,D20190801T092640_IFCB777,2019-08-01 09:26:40+00:00,777,4.874360362499999,,,,,,,,175,,2,0
nwfsc_pacific_hake_survey,D20190801T095109_IFCB777,2019-08-01 09:51:09+00:00,777,4.863598720833334,,,,,,,,211,,2,0
nwfsc_pacific_hake_survey,D20190801T101539_IFCB777,2019-08-01 10:15:39+00:00,777,4.913068395833334,,,,,,,,198,,2,0
nwfsc_pacific_hake_survey,D20190801T104008_IFCB777,2019-08-01 10:40:08+00:00,777,4.876412295833333,,,,,,,,142,,2,0
nwfsc_pacific_hake_survey,D20190801T110437_IFCB777,2019-08-01 11:04:37+00:00,777,4.944428900000001,,,,,,,,93,,2,0
nwfsc_pacific_hake_survey,D20190801T112907_IFCB777,2019-08-01 11:29:07+00:00,777,4.9153532250000005,,,,,,,,101,,2,0
nwfsc_pacific_hake_survey,D20190801T115336_IFCB777,2019-08-01 11:53:36+00:00,777,4.9215308874999995,,,,,,,,124,,2,0
nwfsc_pacific_hake_survey,D20190801T121805_IFCB777,2019-08-01 12:18:05+00:00,777,4.925192883333334,,,,,,,,98,,2,0
nwfsc_pacific_hake_survey,D20190801T124235_IFCB777,2019-08-01 12:42:35+00:00,777,4.8901542875,,,,,,,,110,,2,0
nwfsc_pacific_hake_survey,D20190801T130704_IFCB777,2019-08-01 13:07:04+00:00,777,4.951355416666668,,,,,,,,89,,2,0
nwfsc_pacific_hake_survey,D20190801T133134_IFCB777,2019-08-01 13:31:34+00:00,777,4.766951462500001,,,,,,,,101,,2,0
nwfsc_pacific_hake_survey,D20190801T135603_IFCB777,2019-08-01 13:56:03+00:00,777,4.937821733333333,,,,,,,,120,,2,0
nwfsc_pacific_hake_survey,D20190801T142032_IFCB777,2019-08-01 14:20:32+00:00,777,4.937729879166667,,,,,,,,131,,2,0
nwfsc_pacific_hake_survey,D20190801T144502_IFCB777,2019-08-01 14:45:02+00:00,777,4.943930824999999,,,,,,,,103,,2,0
nwfsc_pacific_hake_survey,D20190801T150931_IFCB777,2019-08-01 15:09:31+00:00,777,4.7719792624999995,,,,,,,,102,,2,0
nwfsc_pacific_hake_survey,D20190801T153400_IFCB777,2019-08-01 15:34:00+00:00,777,4.865556658333333,,,,,,,,99,,2,0
nwfsc_pacific_hake_survey,D20190801T155830_IFCB777,2019-08-01 15:58:30+00:00,777,4.889178854166667,,,,,,,,215,,2,0
nwfsc_pacific_hake_survey,D20190801T164737_IFCB777,2019-08-01 16:47:37+00:00,777,4.86769355,,,,,,,,330,,2,0
nwfsc_pacific_hake_survey,D20190801T171206_IFCB777,2019-08-01 17:12:06+00:00,777,4.660257054166666,,,,,,,,1051,,2,0
nwfsc_pacific_hake_survey,D20190801T173636_IFCB777,2019-08-01 17:36:36+00:00,777,4.514300083333334,,,,,,,,1538,,2,0
nwfsc_pacific_hake_survey,D20190801T180106_IFCB777,2019-08-01 18:01:06+00:00,777,4.496220045833334,,,,,,,,1586,,2,0
nwfsc_pacific_hake_survey,D20190801T182535_IFCB777,2019-08-01 18:25:35+00:00,777,3.8978756875000005,,,,,,,,3558,,2,0
nwfsc_pacific_hake_survey,D20190806T015522_IFCB777,2019-08-06 01:55:22+00:00,777,4.008254758333334,,,,,,,,2733,,2,0
nwfsc_pacific_hake_survey,D20190806T021952_IFCB777,2019-08-06 02:19:52+00:00,777,4.423172679166667,,,,,,,,1603,,2,0
nwfsc_pacific_hake_survey,D20190806T024422_IFCB777,2019-08-06 02:44:22+00:00,777,4.714439470833333,,,,,,,,875,,2,0
nwfsc_pacific_hake_survey,D20190806T030851_IFCB777,2019-08-06 03:08:51+00:00,777,4.7899963,,,,,,,,469,,2,0
nwfsc_pacific_hake_survey,D20190806T033320_IFCB777,2019-08-06 03:33:20+00:00,777,4.845839145833334,,,,,,,,449,,2,0
nwfsc_pacific_hake_survey,D20190806T035750_IFCB777,2019-08-06 03:57:50+00:00,777,4.845033620833334,,,,,,,,272,,2,0
nwfsc_pacific_hake_survey,D20190806T042219_IFCB777,2019-08-06 04:22:19+00:00,777,4.848326995833333,,,,,,,,433,,2,0
nwfsc_pacific_hake_survey,D20190806T044649_IFCB777,2019-08-06 04:46:49+00:00,777,4.8089055,,,,,,,,567,,2,0
nwfsc_pacific_hake_survey,D20190806T051118_IFCB777,2019-08-06 05:11:18+00:00,777,4.7622580375,,,,,,,,685,,2,0
nwfsc_pacific_hake_survey,D20190806T053548_IFCB777,2019-08-06 05:35:48+00:00,777,4.8697415125,,,,,,,,219,,2,0
nwfsc_pacific_hake_survey,D20190806T060017_IFCB777,2019-08-06 06:00:17+00:00,777,4.811645691666667,,,,,,,,236,,2,0
nwfsc_pacific_hake_survey,D20190806T062446_IFCB777,2019-08-06 06:24:46+00:00,777,4.747955808333333,,,,,,,,659,,2,0
nwfsc_pacific_hake_survey,D20190806T064916_IFCB777,2019-08-06 06:49:16+00:00,777,4.7345204291666665,,,,,,,,781,,2,0
nwfsc_pacific_hake_survey,D20190806T071345_IFCB777,2019-08-06 07:13:45+00:00,777,4.744213679166666,,,,,,,,747,,2,0
nwfsc_pacific_hake_survey,D20190806T073815_IFCB777,2019-08-06 07:38:15+00:00,777,4.930482945833334,,,,,,,,146,,2,0
nwfsc_pacific_hake_survey,D20190806T080244_IFCB777,2019-08-06 08:02:44+00:00,777,4.856390470833333,,,,,,,,402,,2,0
nwfsc_pacific_hake_survey,D20190806T082713_IFCB777,2019-08-06 08:27:13+00:00,777,4.851748070833334,,,,,,,,374,,2,0
nwfsc_pacific_hake_survey,D20190806T085143_IFCB777,2019-08-06 08:51:43+00:00,777,4.868389495833333,,,,,,,,353,,2,0
nwfsc_pacific_hake_survey,D20190806T091612_IFCB777,2019-08-06 09:16:12+00:00,777,4.881303033333334,,,,,,,,236,,2,0
nwfsc_pacific_hake_survey,D20190806T094042_IFCB777,2019-08-06 09:40:42+00:00,777,4.8674899,,,,,,,,183,,2,0
nwfsc_pacific_hake_survey,D20190806T100511_IFCB777,2019-08-06 10:05:11+00:00,777,4.840029025000001,,,,,,,,109,,2,0
nwfsc_pacific_hake_survey,D20190806T102940_IFCB777,2019-08-06 10:29:40+00:00,777,4.763249820833334,,,,,,,,705,,2,0
nwfsc_pacific_hake_survey,D20190806T105410_IFCB777,2019-08-06 10:54:10+00:00,777,4.847908775,,,,,,,,431,,2,0
nwfsc_pacific_hake_survey,D20190806T111839_IFCB777,2019-08-06 11:18:39+00:00,777,4.5027789375000005,,,,,,,,1572,,2,0
nwfsc_pacific_hake_survey,D20190806T114309_IFCB777,2019-08-06 11:43:09+00:00,777,4.751722245833333,,,,,,,,756,,2,0
nwfsc_pacific_hake_survey,D20190806T120738_IFCB777,2019-08-06 12:07:38+00:00,777,4.751680824999999,,,,,,,,572,,2,0
nwfsc_pacific_hake_survey,D20190806T123208_IFCB777,2019-08-06 12:32:08+00:00,777,4.713012449999999,,,,,,,,910,,2,0
nwfsc_pacific_hake_survey,D20190806T125637_IFCB777,2019-08-06 12:56:37+00:00,777,4.420555562500001,,,,,,,,1918,,2,0
nwfsc_pacific_hake_survey,D20190806T132107_IFCB777,2019-08-06 13:21:07+00:00,777,4.577851254166666,,,,,,,,1377,,2,0
nwfsc_pacific_hake_survey,D20190806T134536_IFCB777,2019-08-06 13:45:36+00:00,777,4.851038291666667,,,,,,,,403,,2,0
nwfsc_pacific_hake_survey,D20190806T143443_IFCB777,2019-08-06 14:34:43+00:00,777,4.7918132333333325,,,,,,,,444,,2,0
nwfsc_pacific_hake_survey,D20190806T145913_IFCB777,2019-08-06 14:59:13+00:00,777,4.766327058333333,,,,,,,,673,,2,0
nwfsc_pacific_hake_survey,D20190806T152342_IFCB777,2019-08-06 15:23:42+00:00,777,4.7191786166666665,,,,,,,,847,,2,0
nwfsc_pacific_hake_survey,D20190806T154812_IFCB777,2019-08-06 15:48:12+00:00,777,4.690007675,,,,,,,,863,,2,0
nwfsc_pacific_hake_survey,D20190806T161241_IFCB777,2019-08-06 16:12:41+00:00,777,4.648536770833333,,,,,,,,1093,,2,0
nwfsc_pacific_hake_survey,D20190806T163710_IFCB777,2019-08-06 16:37:10+00:00,777,4.626688775,,,,,,,,1077,,2,0
nwfsc_pacific_hake_survey,D20190806T170140_IFCB777,2019-08-06 17:01:40+00:00,777,4.7527415125,,,,,,,,728,,2,0
nwfsc_pacific_hake_survey,D20190806T172609_IFCB777,2019-08-06 17:26:09+00:00,777,4.8015920125,,,,,,,,584,,2,0
nwfsc_pacific_hake_survey,D20190806T175039_IFCB777,2019-08-06 17:50:39+00:00,777,4.764614383333333,,,,,,,,718,,2,0
nwfsc_pacific_hake_survey,D20190806T181508_IFCB777,2019-08-06 18:15:08+00:00,777,4.773039983333334,,,,,,,,680,,2,0
nwfsc_pacific_hake_survey,D20190806T183938_IFCB777,2019-08-06 18:39:38+00:00,777,4.778396875,,,,,,,,671,,2,0
nwfsc_pacific_hake_survey,D20190806T190407_IFCB777,2019-08-06 19:04:07+00:00,777,4.768099808333334,,,,,,,,702,,2,0
nwfsc_pacific_hake_survey,D20190806T192836_IFCB777,2019-08-06 19:28:36+00:00,777,4.738933837499999,,,,,,,,806,,2,0
nwfsc_pacific_hake_survey,D20190806T195306_IFCB777,2019-08-06 19:53:06+00:00,777,4.7069622749999995,,,,,,,,875,,2,0
nwfsc_pacific_hake_survey,D20190806T201735_IFCB777,2019-08-06 20:17:35+00:00,777,4.680011375,,,,,,,,949,,2,0
nwfsc_pacific_hake_survey,D20190806T204205_IFCB777,2019-08-06 20:42:05+00:00,777,4.4572400750000005,,,,,,,,1687,,2,0
nwfsc_pacific_hake_survey,D20190806T210634_IFCB777,2019-08-06 21:06:34+00:00,777,4.230329054166666,,,,,,,,2253,,2,0
nwfsc_pacific_hake_survey,D20190806T213104_IFCB777,2019-08-06 21:31:04+00:00,777,4.815767270833334,,,,,,,,554,,2,0
nwfsc_pacific_hake_survey,D20190806T215533_IFCB777,2019-08-06 21:55:33+00:00,777,4.909118654166667,,,,,,,,104,,2,0
nwfsc_pacific_hake_survey,D20190806T222003_IFCB777,2019-08-06 22:20:03+00:00,777,4.9169222999999995,,,,,,,,71,,2,0
nwfsc_pacific_hake_survey,D20190806T224432_IFCB777,2019-08-06 22:44:32+00:00,777,4.911213929166666,,,,,,,,73,,2,0
nwfsc_pacific_hake_survey,D20190806T230901_IFCB777,2019-08-06 23:09:01+00:00,777,4.869990270833333,,,,,,,,55,,2,0
nwfsc_pacific_hake_survey,D20190806T233331_IFCB777,2019-08-06 23:33:31+00:00,777,4.927229274999999,,,,,,,,166,,2,0
nwfsc_pacific_hake_survey,D20190806T235800_IFCB777,2019-08-06 23:58:00+00:00,777,4.943822825000001,,,,,,,,50,,2,0
nwfsc_pacific_hake_survey,D20190807T002229_IFCB777,2019-08-07 00:22:29+00:00,777,4.730665220833334,,,,,,,,51,,2,0
nwfsc_pacific_hake_survey,D20190807T004659_IFCB777,2019-08-07 00:46:59+00:00,777,4.9364520125,,,,,,,,73,,2,0
nwfsc_pacific_hake_survey,D20190807T011128_IFCB777,2019-08-07 01:11:28+00:00,777,4.629994483333333,,,,,,,,53,,2,0
nwfsc_pacific_hake_survey,D20190807T013557_IFCB777,2019-08-07 01:35:57+00:00,777,4.748428858333333,,,,,,,,52,,2,0
nwfsc_pacific_hake_survey,D20190807T020027_IFCB777,2019-08-07 02:00:27+00:00,777,4.8130781250000005,,,,,,,,50,,2,0
nwfsc_pacific_hake_survey,D20190807T022456_IFCB777,2019-08-07 02:24:56+00:00,777,4.944539920833334,,,,,,,,47,,2,0
nwfsc_pacific_hake_survey,D20190807T031403_IFCB777,2019-08-07 03:14:03+00:00,777,4.881470783333333,,,,,,,,46,,2,0
nwfsc_pacific_hake_survey,D20190807T033832_IFCB777,2019-08-07 03:38:32+00:00,777,4.922859762499999,,,,,,,,53,,2,0
nwfsc_pacific_hake_survey,D20190807T040302_IFCB777,2019-08-07 04:03:02+00:00,777,4.946202708333333,,,,,,,,62,,2,0
nwfsc_pacific_hake_survey,D20190807T042731_IFCB777,2019-08-07 04:27:31+00:00,777,4.752374604166666,,,,,,,,51,,2,0
nwfsc_pacific_hake_survey,D20190807T045200_IFCB777,2019-08-07 04:52:00+00:00,777,4.939126029166667,,,,,,,,59,,2,0
nwfsc_pacific_hake_survey,D20190807T051630_IFCB777,2019-08-07 05:16:30+00:00,777,4.776414479166666,,,,,,,,64,,2,0
nwfsc_pacific_hake_survey,D20190807T054059_IFCB777,2019-08-07 05:40:59+00:00,777,4.9405901666666665,,,,,,,,37,,2,0
nwfsc_pacific_hake_survey,D20190807T060529_IFCB777,2019-08-07 06:05:29+00:00,777,4.856987991666666,,,,,,,,34,,2,0
nwfsc_pacific_hake_survey,D20190807T062958_IFCB777,2019-08-07 06:29:58+00:00,777,4.962107120833333,,,,,,,,38,,2,0
nwfsc_pacific_hake_survey,D20190807T065427_IFCB777,2019-08-07 06:54:27+00:00,777,4.9524456375,,,,,,,,92,,2,0
nwfsc_pacific_hake_survey,D20190807T071857_IFCB777,2019-08-07 07:18:57+00:00,777,4.603023833333333,,,,,,,,102,,2,0
nwfsc_pacific_hake_survey,D20190807T074326_IFCB777,2019-08-07 07:43:26+00:00,777,4.915808350000001,,,,,,,,201,,2,0
nwfsc_pacific_hake_survey,D20190807T080755_IFCB777,2019-08-07 08:07:55+00:00,777,4.909882658333333,,,,,,,,148,,2,0
nwfsc_pacific_hake_survey,D20190807T083225_IFCB777,2019-08-07 08:32:25+00:00,777,4.872923137499999,,,,,,,,133,,2,0
nwfsc_pacific_hake_survey,D20190807T085654_IFCB777,2019-08-07 08:56:54+00:00,777,4.8426528583333335,,,,,,,,411,,2,0
nwfsc_pacific_hake_survey,D20190807T092123_IFCB777,2019-08-07 09:21:23+00:00,777,4.082168004166666,,,,,,,,3010,,2,0
nwfsc_pacific_hake_survey,D20190807T094553_IFCB777,2019-08-07 09:45:53+00:00,777,4.165253412500001,,,,,,,,2751,,2,0
nwfsc_pacific_hake_survey,D20190807T101023_IFCB777,2019-08-07 10:10:23+00:00,777,4.239720416666667,,,,,,,,2400,,2,0
nwfsc_pacific_hake_survey,D20190807T103453_IFCB777,2019-08-07 10:34:53+00:00,777,4.578140233333333,,,,,,,,1353,,2,0
nwfsc_pacific_hake_survey,D20190807T105922_IFCB777,2019-08-07 10:59:22+00:00,777,4.443971508333333,,,,,,,,1802,,2,0
nwfsc_pacific_hake_survey,D20190807T112352_IFCB777,2019-08-07 11:23:52+00:00,777,4.419721670833334,,,,,,,,1863,,2,0
nwfsc_pacific_hake_survey,D20190807T114822_IFCB777,2019-08-07 11:48:22+00:00,777,4.3238718416666675,,,,,,,,2208,,2,0
nwfsc_pacific_hake_survey,D20190807T121251_IFCB777,2019-08-07 12:12:51+00:00,777,4.414978950000001,,,,,,,,1894,,2,0
nwfsc_pacific_hake_survey,D20190807T123720_IFCB777,2019-08-07 12:37:20+00:00,777,4.794143654166667,,,,,,,,665,,2,0
nwfsc_pacific_hake_survey,D20190807T130150_IFCB777,2019-08-07 13:01:50+00:00,777,4.65892935,,,,,,,,1072,,2,0
nwfsc_pacific_hake_survey,D20190807T132619_IFCB777,2019-08-07 13:26:19+00:00,777,4.663953379166666,,,,,,,,1054,,2,0
nwfsc_pacific_hake_survey,D20190807T135049_IFCB777,2019-08-07 13:50:49+00:00,777,4.579566170833333,,,,,,,,1331,,2,0
nwfsc_pacific_hake_survey,D20190807T141519_IFCB777,2019-08-07 14:15:19+00:00,777,4.5303526708333335,,,,,,,,1531,,2,0
nwfsc_pacific_hake_survey,D20190807T143948_IFCB777,2019-08-07 14:39:48+00:00,777,4.7545909375,,,,,,,,705,,2,0
nwfsc_pacific_hake_survey,D20190807T150418_IFCB777,2019-08-07 15:04:18+00:00,777,4.467088170833334,,,,,,,,1697,,2,0
nwfsc_pacific_hake_survey,D20190807T155325_IFCB777,2019-08-07 15:53:25+00:00,777,4.864005904166667,,,,,,,,182,,2,0
nwfsc_pacific_hake_survey,D20190807T161754_IFCB777,2019-08-07 16:17:54+00:00,777,4.4571339708333335,,,,,,,,56,,2,0
nwfsc_pacific_hake_survey,D20190807T164224_IFCB777,2019-08-07 16:42:24+00:00,777,4.797331270833333,,,,,,,,61,,2,0
nwfsc_pacific_hake_survey,D20190807T170653_IFCB777,2019-08-07 17:06:53+00:00,777,4.8694124375,,,,,,,,65,,2,0
nwfsc_pacific_hake_survey,D20190807T173122_IFCB777,2019-08-07 17:31:22+00:00,777,4.896511933333333,,,,,,,,66,,2,0
nwfsc_pacific_hake_survey,D20190807T175552_IFCB777,2019-08-07 17:55:52+00:00,777,4.8355016625,,,,,,,,41,,2,0
nwfsc_pacific_hake_survey,D20190807T182021_IFCB777,2019-08-07 18:20:21+00:00,777,4.973876529166668,,,,,,,,44,,2,0
nwfsc_pacific_hake_survey,D20190807T184451_IFCB777,2019-08-07 18:44:51+00:00,777,4.9147626041666665,,,,,,,,47,,2,0
nwfsc_pacific_hake_survey,D20190807T190920_IFCB777,2019-08-07 19:09:20+00:00,777,4.6790193250000005,,,,,,,,61,,2,0
nwfsc_pacific_hake_survey,D20190807T193349_IFCB777,2019-08-07 19:33:49+00:00,777,4.7593187375,,,,,,,,37,,2,0
nwfsc_pacific_hake_survey,D20190807T195819_IFCB777,2019-08-07 19:58:19+00:00,777,4.974637008333333,,,,,,,,39,,2,0
nwfsc_pacific_hake_survey,D20190807T202248_IFCB777,2019-08-07 20:22:48+00:00,777,4.954340183333334,,,,,,,,69,,2,0
nwfsc_pacific_hake_survey,D20190807T204717_IFCB777,2019-08-07 20:47:17+00:00,777,4.953239829166667,,,,,,,,100,,2,0
nwfsc_pacific_hake_survey,D20190807T211147_IFCB777,2019-08-07 21:11:47+00:00,777,4.903726383333334,,,,,,,,55,,2,0
nwfsc_pacific_hake_survey,D20190807T213616_IFCB777,2019-08-07 21:36:16+00:00,777,4.918947625,,,,,,,,76,,2,0
nwfsc_pacific_hake_survey,D20190807T220045_IFCB777,2019-08-07 22:00:45+00:00,777,4.711033962499999,,,,,,,,53,,2,0
nwfsc_pacific_hake_survey,D20190807T222515_IFCB777,2019-08-07 22:25:15+00:00,777,4.882964520833334,,,,,,,,55,,2,0
nwfsc_pacific_hake_survey,D20190807T224944_IFCB777,2019-08-07 22:49:44+00:00,777,4.928778483333333,,,,,,,,88,,2,0
nwfsc_pacific_hake_survey,D20190807T231414_IFCB777,2019-08-07 23:14:14+00:00,777,4.871243425,,,,,,,,361,,2,0
nwfsc_pacific_hake_survey,D20190807T233843_IFCB777,2019-08-07 23:38:43+00:00,777,4.4089054,,,,,,,,1930,,2,0
nwfsc_pacific_hake_survey,D20190808T000313_IFCB777,2019-08-08 00:03:13+00:00,777,3.8892316166666663,,,,,,,,3665,,2,0
nwfsc_pacific_hake_survey,D20190808T002743_IFCB777,2019-08-08 00:27:43+00:00,777,3.9572310416666667,,,,,,,,3196,,2,0
nwfsc_pacific_hake_survey,D20190808T005213_IFCB777,2019-08-08 00:52:13+00:00,777,4.116992233333333,,,,,,,,2927,,2,0
nwfsc_pacific_hake_survey,D20190808T011643_IFCB777,2019-08-08 01:16:43+00:00,777,4.209347954166666,,,,,,,,2579,,2,0
nwfsc_pacific_hake_survey,D20190808T014112_IFCB777,2019-08-08 01:41:12+00:00,777,4.370753191666666,,,,,,,,2051,,2,0
nwfsc_pacific_hake_survey,D20190808T020542_IFCB777,2019-08-08 02:05:42+00:00,777,4.1978504625,,,,,,,,2641,,2,0
nwfsc_pacific_hake_survey,D20190808T023012_IFCB777,2019-08-08 02:30:12+00:00,777,3.8887503708333333,,,,,,,,3538,,2,0
nwfsc_pacific_hake_survey,D20190808T025442_IFCB777,2019-08-08 02:54:42+00:00,777,4.097939825,,,,,,,,2972,,2,0
nwfsc_pacific_hake_survey,D20190808T031911_IFCB777,2019-08-08 03:19:11+00:00,777,4.5199925125,,,,,,,,1548,,2,0
nwfsc_pacific_hake_survey,D20190808T034341_IFCB777,2019-08-08 03:43:41+00:00,777,4.528918383333333,,,,,,,,1533,,2,0
nwfsc_pacific_hake_survey,D20190808T043247_IFCB777,2019-08-08 04:32:47+00:00,777,4.331746375,,,,,,,,2185,,2,0
nwfsc_pacific_hake_survey,D20190808T045717_IFCB777,2019-08-08 04:57:17+00:00,777,4.159346766666667,,,,,,,,2744,,2,0
nwfsc_pacific_hake_survey,D20190808T052146_IFCB777,2019-08-08 05:21:46+00:00,777,4.791646266666667,,,,,,,,651,,2,0
nwfsc_pacific_hake_survey,D20190808T054616_IFCB777,2019-08-08 05:46:16+00:00,777,4.898389916666667,,,,,,,,277,,2,0
nwfsc_pacific_hake_survey,D20190808T061045_IFCB777,2019-08-08 06:10:45+00:00,777,4.8547968458333335,,,,,,,,439,,2,0
nwfsc_pacific_hake_survey,D20190808T063514_IFCB777,2019-08-08 06:35:14+00:00,777,4.8764803,,,,,,,,339,,2,0
nwfsc_pacific_hake_survey,D20190808T065944_IFCB777,2019-08-08 06:59:44+00:00,777,4.902497366666666,,,,,,,,249,,2,0
nwfsc_pacific_hake_survey,D20190808T072413_IFCB777,2019-08-08 07:24:13+00:00,777,4.888981691666667,,,,,,,,211,,2,0
nwfsc_pacific_hake_survey,D20190808T074842_IFCB777,2019-08-08 07:48:42+00:00,777,4.9091055500000005,,,,,,,,167,,2,0
nwfsc_pacific_hake_survey,D20190808T081312_IFCB777,2019-08-08 08:13:12+00:00,777,4.8786943125,,,,,,,,126,,2,0
nwfsc_pacific_hake_survey,D20190808T083741_IFCB777,2019-08-08 08:37:41+00:00,777,4.9370822875,,,,,,,,73,,2,0
nwfsc_pacific_hake_survey,D20190808T090211_IFCB777,2019-08-08 09:02:11+00:00,777,4.934702691666667,,,,,,,,66,,2,0
nwfsc_pacific_hake_survey,D20190808T092640_IFCB777,2019-08-08 09:26:40+00:00,777,4.9377850625,,,,,,,,66,,2,0
nwfsc_pacific_hake_survey,D20190808T095109_IFCB777,2019-08-08 09:51:09+00:00,777,4.938846625,,,,,,,,77,,2,0
nwfsc_pacific_hake_survey,D20190808T101539_IFCB777,2019-08-08 10:15:39+00:00,777,4.8284633625,,,,,,,,73,,2,0
nwfsc_pacific_hake_survey,D20190808T104008_IFCB777,2019-08-08 10:40:08+00:00,777,4.6101863708333335,,,,,,,,50,,2,0
nwfsc_pacific_hake_survey,D20190808T110437_IFCB777,2019-08-08 11:04:37+00:00,777,4.914374908333333,,,,,,,,65,,2,0
nwfsc_pacific_hake_survey,D20190808T112907_IFCB777,2019-08-08 11:29:07+00:00,777,4.944691541666667,,,,,,,,86,,2,0
nwfsc_pacific_hake_survey,D20190808T115336_IFCB777,2019-08-08 11:53:36+00:00,777,4.854029083333333,,,,,,,,47,,2,0
nwfsc_pacific_hake_survey,D20190808T121805_IFCB777,2019-08-08 12:18:05+00:00,777,4.9529184583333326,,,,,,,,52,,2,0
nwfsc_pacific_hake_survey,D20190808T124235_IFCB777,2019-08-08 12:42:35+00:00,777,4.9592441958333335,,,,,,,,31,,2,0
nwfsc_pacific_hake_survey,D20190808T130704_IFCB777,2019-08-08 13:07:04+00:00,777,4.923522425000001,,,,,,,,49,,2,0
nwfsc_pacific_hake_survey,D20190808T133134_IFCB777,2019-08-08 13:31:34+00:00,777,4.706020704166666,,,,,,,,40,,2,0
nwfsc_pacific_hake_survey,D20190808T135603_IFCB777,2019-08-08 13:56:03+00:00,777,4.7651882875,,,,,,,,53,,2,0
nwfsc_pacific_hake_survey,D20190808T142032_IFCB777,2019-08-08 14:20:32+00:00,777,4.7324849625,,,,,,,,38,,2,0
nwfsc_pacific_hake_survey,D20190808T144502_IFCB777,2019-08-08 14:45:02+00:00,777,4.847086308333333,,,,,,,,57,,2,0
nwfsc_pacific_hake_survey,D20190808T150931_IFCB777,2019-08-08 15:09:31+00:00,777,4.8220668125,,,,,,,,41,,2,0
nwfsc_pacific_hake_survey,D20190808T153400_IFCB777,2019-08-08 15:34:00+00:00,777,4.957461329166667,,,,,,,,71,,2,0
nwfsc_pacific_hake_survey,D20190808T155830_IFCB777,2019-08-08 15:58:30+00:00,777,4.892984491666667,,,,,,,,125,,2,0
nwfsc_pacific_hake_survey,D20190808T162259_IFCB777,2019-08-08 16:22:59+00:00,777,4.8930825625,,,,,,,,248,,2,0
nwfsc_pacific_hake_survey,D20190808T171206_IFCB777,2019-08-08 17:12:06+00:00,777,4.917159279166667,,,,,,,,134,,2,0
nwfsc_pacific_hake_survey,D20190808T173636_IFCB777,2019-08-08 17:36:36+00:00,777,4.890916829166667,,,,,,,,167,,2,0
nwfsc_pacific_hake_survey,D20190808T180105_IFCB777,2019-08-08 18:01:05+00:00,777,4.8984930625,,,,,,,,228,,2,0
nwfsc_pacific_hake_survey,D20190808T182535_IFCB777,2019-08-08 18:25:35+00:00,777,4.8967937458333335,,,,,,,,214,,2,0
nwfsc_pacific_hake_survey,D20190808T185004_IFCB777,2019-08-08 18:50:04+00:00,777,4.9111694041666665,,,,,,,,209,,2,0
nwfsc_pacific_hake_survey,D20190808T191433_IFCB777,2019-08-08 19:14:33+00:00,777,4.854507783333333,,,,,,,,410,,2,0
nwfsc_pacific_hake_survey,D20190808T193903_IFCB777,2019-08-08 19:39:03+00:00,777,4.829146574999999,,,,,,,,483,,2,0
nwfsc_pacific_hake_survey,D20190808T200332_IFCB777,2019-08-08 20:03:32+00:00,777,4.739514991666667,,,,,,,,802,,2,0
nwfsc_pacific_hake_survey,D20190808T202802_IFCB777,2019-08-08 20:28:02+00:00,777,4.417365858333333,,,,,,,,1896,,2,0
nwfsc_pacific_hake_survey,D20190808T205231_IFCB777,2019-08-08 20:52:31+00:00,777,4.632019758333334,,,,,,,,1151,,2,0
nwfsc_pacific_hake_survey,D20190808T211701_IFCB777,2019-08-08 21:17:01+00:00,777,4.729108875,,,,,,,,834,,2,0
nwfsc_pacific_hake_survey,D20190808T214130_IFCB777,2019-08-08 21:41:30+00:00,777,4.696295716666667,,,,,,,,877,,2,0
nwfsc_pacific_hake_survey,D20190808T220600_IFCB777,2019-08-08 22:06:00+00:00,777,4.639594529166667,,,,,,,,1098,,2,0
nwfsc_pacific_hake_survey,D20190808T223029_IFCB777,2019-08-08 22:30:29+00:00,777,4.7427415375,,,,,,,,787,,2,0
nwfsc_pacific_hake_survey,D20190808T225459_IFCB777,2019-08-08 22:54:59+00:00,777,4.861718570833333,,,,,,,,385,,2,0
nwfsc_pacific_hake_survey,D20190808T231928_IFCB777,2019-08-08 23:19:28+00:00,777,4.943409587500001,,,,,,,,131,,2,0
nwfsc_pacific_hake_survey,D20190808T234358_IFCB777,2019-08-08 23:43:58+00:00,777,4.905319845833334,,,,,,,,95,,2,0
nwfsc_pacific_hake_survey,D20190809T000827_IFCB777,2019-08-09 00:08:27+00:00,777,4.937254079166666,,,,,,,,69,,2,0
nwfsc_pacific_hake_survey,D20190809T003256_IFCB777,2019-08-09 00:32:56+00:00,777,4.9147765125,,,,,,,,76,,2,0
nwfsc_pacific_hake_survey,D20190809T005726_IFCB777,2019-08-09 00:57:26+00:00,777,4.906596949999999,,,,,,,,64,,2,0
nwfsc_pacific_hake_survey,D20190809T012155_IFCB777,2019-08-09 01:21:55+00:00,777,4.925636375,,,,,,,,103,,2,0
nwfsc_pacific_hake_survey,D20190809T014625_IFCB777,2019-08-09 01:46:25+00:00,777,4.918197916666667,,,,,,,,188,,2,0
nwfsc_pacific_hake_survey,D20190809T021054_IFCB777,2019-08-09 02:10:54+00:00,777,4.9458229083333345,,,,,,,,150,,2,0
nwfsc_pacific_hake_survey,D20190809T023523_IFCB777,2019-08-09 02:35:23+00:00,777,4.930973145833334,,,,,,,,153,,2,0
nwfsc_pacific_hake_survey,D20190809T025953_IFCB777,2019-08-09 02:59:53+00:00,777,4.802413825,,,,,,,,94,,2,0
nwfsc_pacific_hake_survey,D20190809T032422_IFCB777,2019-08-09 03:24:22+00:00,777,4.933442229166666,,,,,,,,96,,2,0
nwfsc_pacific_hake_survey,D20190809T034851_IFCB777,2019-08-09 03:48:51+00:00,777,4.927278608333333,,,,,,,,83,,2,0
nwfsc_pacific_hake_survey,D20190809T041321_IFCB777,2019-08-09 04:13:21+00:00,777,4.805680745833333,,,,,,,,116,,2,0
nwfsc_pacific_hake_survey,D20190809T043750_IFCB777,2019-08-09 04:37:50+00:00,777,4.935896279166666,,,,,,,,145,,2,0
nwfsc_pacific_hake_survey,D20190809T050220_IFCB777,2019-08-09 05:02:20+00:00,777,4.91745055,,,,,,,,132,,2,0
nwfsc_pacific_hake_survey,D20190809T055127_IFCB777,2019-08-09 05:51:27+00:00,777,4.912296845833334,,,,,,,,199,,2,0
nwfsc_pacific_hake_survey,D20190809T061556_IFCB777,2019-08-09 06:15:56+00:00,777,4.909947799999999,,,,,,,,180,,2,0
nwfsc_pacific_hake_survey,D20190809T064025_IFCB777,2019-08-09 06:40:25+00:00,777,4.8702997083333335,,,,,,,,221,,2,0
nwfsc_pacific_hake_survey,D20190809T070455_IFCB777,2019-08-09 07:04:55+00:00,777,4.897781691666667,,,,,,,,273,,2,0
nwfsc_pacific_hake_survey,D20190809T072924_IFCB777,2019-08-09 07:29:24+00:00,777,4.91267515,,,,,,,,234,,2,0
nwfsc_pacific_hake_survey,D20190809T075353_IFCB777,2019-08-09 07:53:53+00:00,777,4.820739170833334,,,,,,,,437,,2,0
nwfsc_pacific_hake_survey,D20190809T081823_IFCB777,2019-08-09 08:18:23+00:00,777,4.837906141666666,,,,,,,,429,,2,0
nwfsc_pacific_hake_survey,D20190809T084252_IFCB777,2019-08-09 08:42:52+00:00,777,4.740513899999999,,,,,,,,724,,2,0
nwfsc_pacific_hake_survey,D20190809T090722_IFCB777,2019-08-09 09:07:22+00:00,777,4.6891961875,,,,,,,,971,,2,0
nwfsc_pacific_hake_survey,D20190809T093151_IFCB777,2019-08-09 09:31:51+00:00,777,4.7706238249999995,,,,,,,,527,,2,0
nwfsc_pacific_hake_survey,D20190809T095620_IFCB777,2019-08-09 09:56:20+00:00,777,4.742762666666667,,,,,,,,750,,2,0
nwfsc_pacific_hake_survey,D20190809T102050_IFCB777,2019-08-09 10:20:50+00:00,777,4.727804858333333,,,,,,,,833,,2,0
nwfsc_pacific_hake_survey,D20190809T104519_IFCB777,2019-08-09 10:45:19+00:00,777,4.723831183333333,,,,,,,,876,,2,0
nwfsc_pacific_hake_survey,D20190809T110949_IFCB777,2019-08-09 11:09:49+00:00,777,4.7557103666666665,,,,,,,,770,,2,0
nwfsc_pacific_hake_survey,D20190809T113418_IFCB777,2019-08-09 11:34:18+00:00,777,4.731959033333333,,,,,,,,823,,2,0
nwfsc_pacific_hake_survey,D20190809T115848_IFCB777,2019-08-09 11:58:48+00:00,777,4.729128541666667,,,,,,,,828,,2,0
nwfsc_pacific_hake_survey,D20190809T122317_IFCB777,2019-08-09 12:23:17+00:00,777,4.754698416666667,,,,,,,,774,,2,0
nwfsc_pacific_hake_survey,D20190809T124746_IFCB777,2019-08-09 12:47:46+00:00,777,4.727610729166667,,,,,,,,811,,2,0
nwfsc_pacific_hake_survey,D20190809T131216_IFCB777,2019-08-09 13:12:16+00:00,777,4.685502124999999,,,,,,,,987,,2,0
nwfsc_pacific_hake_survey,D20190809T133645_IFCB777,2019-08-09 13:36:45+00:00,777,4.641021829166667,,,,,,,,1127,,2,0
nwfsc_pacific_hake_survey,D20190809T140115_IFCB777,2019-08-09 14:01:15+00:00,777,4.7896593166666666,,,,,,,,598,,2,0
nwfsc_pacific_hake_survey,D20190809T142544_IFCB777,2019-08-09 14:25:44+00:00,777,4.824874175000001,,,,,,,,512,,2,0
nwfsc_pacific_hake_survey,D20190809T145014_IFCB777,2019-08-09 14:50:14+00:00,777,4.740478325,,,,,,,,799,,2,0
nwfsc_pacific_hake_survey,D20190809T151443_IFCB777,2019-08-09 15:14:43+00:00,777,4.784841599999999,,,,,,,,615,,2,0
nwfsc_pacific_hake_survey,D20190809T153913_IFCB777,2019-08-09 15:39:13+00:00,777,4.871002833333333,,,,,,,,335,,2,0
nwfsc_pacific_hake_survey,D20190809T160342_IFCB777,2019-08-09 16:03:42+00:00,777,4.834283645833334,,,,,,,,429,,2,0
nwfsc_pacific_hake_survey,D20190809T162811_IFCB777,2019-08-09 16:28:11+00:00,777,4.904456958333332,,,,,,,,214,,2,0
nwfsc_pacific_hake_survey,D20190809T165241_IFCB777,2019-08-09 16:52:41+00:00,777,4.9072309375,,,,,,,,219,,2,0
nwfsc_pacific_hake_survey,D20190809T171710_IFCB777,2019-08-09 17:17:10+00:00,777,4.841735408333333,,,,,,,,349,,2,0
nwfsc_pacific_hake_survey,D20190809T174140_IFCB777,2019-08-09 17:41:40+00:00,777,4.894313895833333,,,,,,,,233,,2,0
nwfsc_pacific_hake_survey,D20190809T183047_IFCB777,2019-08-09 18:30:47+00:00,777,4.948552808333333,,,,,,,,111,,2,0
nwfsc_pacific_hake_survey,D20190809T185516_IFCB777,2019-08-09 18:55:16+00:00,777,4.888324491666666,,,,,,,,86,,2,0
nwfsc_pacific_hake_survey,D20190809T191945_IFCB777,2019-08-09 19:19:45+00:00,777,4.831383933333333,,,,,,,,121,,2,0
nwfsc_pacific_hake_survey,D20190809T194415_IFCB777,2019-08-09 19:44:15+00:00,777,4.941274691666666,,,,,,,,111,,2,0
nwfsc_pacific_hake_survey,D20190809T200844_IFCB777,2019-08-09 20:08:44+00:00,777,4.9050636125,,,,,,,,171,,2,0
nwfsc_pacific_hake_survey,D20190809T203314_IFCB777,2019-08-09 20:33:14+00:00,777,4.9301343125,,,,,,,,133,,2,0
nwfsc_pacific_hake_survey,D20190809T205743_IFCB777,2019-08-09 20:57:43+00:00,777,4.920725095833333,,,,,,,,86,,2,0
nwfsc_pacific_hake_survey,D20190809T212212_IFCB777,2019-08-09 21:22:12+00:00,777,4.884346570833333,,,,,,,,64,,2,0
nwfsc_pacific_hake_survey,D20190809T214642_IFCB777,2019-08-09 21:46:42+00:00,777,4.838709529166666,,,,,,,,53,,2,0
nwfsc_pacific_hake_survey,D20190809T221111_IFCB777,2019-08-09 22:11:11+00:00,777,4.8788408125,,,,,,,,65,,2,0
nwfsc_pacific_hake_survey,D20190809T223541_IFCB777,2019-08-09 22:35:41+00:00,777,4.772606475,,,,,,,,37,,2,0
nwfsc_pacific_hake_survey,D20190809T230010_IFCB777,2019-08-09 23:00:10+00:00,777,4.783852304166667,,,,,,,,57,,2,0
nwfsc_pacific_hake_survey,D20190809T232439_IFCB777,2019-08-09 23:24:39+00:00,777,4.9436415,,,,,,,,57,,2,0
nwfsc_pacific_hake_survey,D20190809T234909_IFCB777,2019-08-09 23:49:09+00:00,777,4.902135458333333,,,,,,,,158,,2,0
nwfsc_pacific_hake_survey,D20190810T001338_IFCB777,2019-08-10 00:13:38+00:00,777,4.913440825,,,,,,,,229,,2,0
nwfsc_pacific_hake_survey,D20190810T003807_IFCB777,2019-08-10 00:38:07+00:00,777,4.8747825625,,,,,,,,333,,2,0
nwfsc_pacific_hake_survey,D20190810T010237_IFCB777,2019-08-10 01:02:37+00:00,777,4.807446308333334,,,,,,,,563,,2,0
nwfsc_pacific_hake_survey,D20190810T012706_IFCB777,2019-08-10 01:27:06+00:00,777,4.739973254166667,,,,,,,,746,,2,0
nwfsc_pacific_hake_survey,D20190810T015136_IFCB777,2019-08-10 01:51:36+00:00,777,4.751406075,,,,,,,,118,,2,0
nwfsc_pacific_hake_survey,D20190810T021605_IFCB777,2019-08-10 02:16:05+00:00,777,4.8620059666666675,,,,,,,,397,,2,0
nwfsc_pacific_hake_survey,D20190810T024035_IFCB777,2019-08-10 02:40:35+00:00,777,4.8506163625,,,,,,,,455,,2,0
nwfsc_pacific_hake_survey,D20190810T030504_IFCB777,2019-08-10 03:05:04+00:00,777,4.800805870833333,,,,,,,,485,,2,0
nwfsc_pacific_hake_survey,D20190810T032933_IFCB777,2019-08-10 03:29:33+00:00,777,4.849395833333333,,,,,,,,436,,2,0
nwfsc_pacific_hake_survey,D20190810T035403_IFCB777,2019-08-10 03:54:03+00:00,777,4.673719320833333,,,,,,,,926,,2,0
nwfsc_pacific_hake_survey,D20190810T041832_IFCB777,2019-08-10 04:18:32+00:00,777,4.120352804166666,,,,,,,,2923,,2,0
nwfsc_pacific_hake_survey,D20190810T044302_IFCB777,2019-08-10 04:43:02+00:00,777,4.716779829166667,,,,,,,,845,,2,0
nwfsc_pacific_hake_survey,D20190810T050731_IFCB777,2019-08-10 05:07:31+00:00,777,4.718735795833333,,,,,,,,879,,2,0
nwfsc_pacific_hake_survey,D20190810T053201_IFCB777,2019-08-10 05:32:01+00:00,777,4.7228597375,,,,,,,,859,,2,0
nwfsc_pacific_hake_survey,D20190810T055630_IFCB777,2019-08-10 05:56:30+00:00,777,4.712136633333333,,,,,,,,845,,2,0
nwfsc_pacific_hake_survey,D20190810T062100_IFCB777,2019-08-10 06:21:00+00:00,777,4.6562998166666665,,,,,,,,1053,,2,0
nwfsc_pacific_hake_survey,D20190810T071007_IFCB777,2019-08-10 07:10:07+00:00,777,4.8547857500000005,,,,,,,,411,,2,0
nwfsc_pacific_hake_survey,D20190810T073436_IFCB777,2019-08-10 07:34:36+00:00,777,4.7088239750000005,,,,,,,,891,,2,0
nwfsc_pacific_hake_survey,D20190810T075906_IFCB777,2019-08-10 07:59:06+00:00,777,4.6845104625000005,,,,,,,,989,,2,0
nwfsc_pacific_hake_survey,D20190810T082335_IFCB777,2019-08-10 08:23:35+00:00,777,4.868599629166667,,,,,,,,404,,2,0
nwfsc_pacific_hake_survey,D20190810T084804_IFCB777,2019-08-10 08:48:04+00:00,777,4.8642761125,,,,,,,,364,,2,0
nwfsc_pacific_hake_survey,D20190810T091234_IFCB777,2019-08-10 09:12:34+00:00,777,4.900305004166667,,,,,,,,235,,2,0
nwfsc_pacific_hake_survey,D20190810T093703_IFCB777,2019-08-10 09:37:03+00:00,777,4.915382433333333,,,,,,,,126,,2,0
nwfsc_pacific_hake_survey,D20190810T100133_IFCB777,2019-08-10 10:01:33+00:00,777,4.909065591666667,,,,,,,,105,,2,0
nwfsc_pacific_hake_survey,D20190810T102602_IFCB777,2019-08-10 10:26:02+00:00,777,4.958160787500001,,,,,,,,72,,2,0
nwfsc_pacific_hake_survey,D20190810T105031_IFCB777,2019-08-10 10:50:31+00:00,777,4.888057000000001,,,,,,,,87,,2,0
nwfsc_pacific_hake_survey,D20190810T111501_IFCB777,2019-08-10 11:15:01+00:00,777,4.955134816666667,,,,,,,,83,,2,0
nwfsc_pacific_hake_survey,D20190810T113930_IFCB777,2019-08-10 11:39:30+00:00,777,4.896545545833334,,,,,,,,65,,2,0
nwfsc_pacific_hake_survey,D20190810T120359_IFCB777,2019-08-10 12:03:59+00:00,777,4.954445241666666,,,,,,,,54,,2,0
nwfsc_pacific_hake_survey,D20190810T122829_IFCB777,2019-08-10 12:28:29+00:00,777,4.810861120833334,,,,,,,,42,,2,0
nwfsc_pacific_hake_survey,D20190810T125258_IFCB777,2019-08-10 12:52:58+00:00,777,4.751898654166666,,,,,,,,46,,2,0
nwfsc_pacific_hake_survey,D20190810T131727_IFCB777,2019-08-10 13:17:27+00:00,777,4.9396688541666665,,,,,,,,77,,2,0
nwfsc_pacific_hake_survey,D20190810T134157_IFCB777,2019-08-10 13:41:57+00:00,777,4.955437091666667,,,,,,,,84,,2,0
nwfsc_pacific_hake_survey,D20190810T140626_IFCB777,2019-08-10 14:06:26+00:00,777,4.647656104166667,,,,,,,,83,,2,0
nwfsc_pacific_hake_survey,D20190810T143055_IFCB777,2019-08-10 14:30:55+00:00,777,4.904114491666666,,,,,,,,187,,2,0
nwfsc_pacific_hake_survey,D20190810T145525_IFCB777,2019-08-10 14:55:25+00:00,777,4.8792075625,,,,,,,,324,,2,0
nwfsc_pacific_hake_survey,D20190810T151954_IFCB777,2019-08-10 15:19:54+00:00,777,4.827351291666668,,,,,,,,459,,2,0
nwfsc_pacific_hake_survey,D20190810T154424_IFCB777,2019-08-10 15:44:24+00:00,777,4.844562870833333,,,,,,,,461,,2,0
nwfsc_pacific_hake_survey,D20190810T160853_IFCB777,2019-08-10 16:08:53+00:00,777,4.584073241666667,,,,,,,,1139,,2,0
nwfsc_pacific_hake_survey,D20190810T163323_IFCB777,2019-08-10 16:33:23+00:00,777,4.626705375,,,,,,,,1174,,2,0
nwfsc_pacific_hake_survey,D20190810T165752_IFCB777,2019-08-10 16:57:52+00:00,777,4.4752598375,,,,,,,,1515,,2,0
nwfsc_pacific_hake_survey,D20190810T172222_IFCB777,2019-08-10 17:22:22+00:00,777,4.551103279166666,,,,,,,,1435,,2,0
nwfsc_pacific_hake_survey,D20190810T174651_IFCB777,2019-08-10 17:46:51+00:00,777,4.644277679166667,,,,,,,,1112,,2,0
nwfsc_pacific_hake_survey,D20190810T181120_IFCB777,2019-08-10 18:11:20+00:00,777,4.631056108333334,,,,,,,,1177,,2,0
nwfsc_pacific_hake_survey,D20190810T183550_IFCB777,2019-08-10 18:35:50+00:00,777,4.52596435,,,,,,,,1549,,2,0
nwfsc_pacific_hake_survey,D20190810T190020_IFCB777,2019-08-10 19:00:20+00:00,777,4.202347920833334,,,,,,,,2640,,2,0
nwfsc_pacific_hake_survey,D20190810T194927_IFCB777,2019-08-10 19:49:27+00:00,777,4.789484683333333,,,,,,,,413,,2,0
nwfsc_pacific_hake_survey,D20190810T201357_IFCB777,2019-08-10 20:13:57+00:00,777,4.897939908333333,,,,,,,,240,,2,0
nwfsc_pacific_hake_survey,D20190810T203826_IFCB777,2019-08-10 20:38:26+00:00,777,4.8571199875,,,,,,,,385,,2,0
nwfsc_pacific_hake_survey,D20190810T210255_IFCB777,2019-08-10 21:02:55+00:00,777,4.837504916666666,,,,,,,,441,,2,0
nwfsc_pacific_hake_survey,D20190810T212725_IFCB777,2019-08-10 21:27:25+00:00,777,4.806049695833334,,,,,,,,517,,2,0
nwfsc_pacific_hake_survey,D20190810T215154_IFCB777,2019-08-10 21:51:54+00:00,777,4.802233454166667,,,,,,,,544,,2,0
nwfsc_pacific_hake_survey,D20190810T221623_IFCB777,2019-08-10 22:16:23+00:00,777,4.829308295833333,,,,,,,,498,,2,0
nwfsc_pacific_hake_survey,D20190810T224053_IFCB777,2019-08-10 22:40:53+00:00,777,4.866493062499999,,,,,,,,359,,2,0
nwfsc_pacific_hake_survey,D20190810T230522_IFCB777,2019-08-10 23:05:22+00:00,777,4.850098145833333,,,,,,,,272,,2,0
nwfsc_pacific_hake_survey,D20190810T232952_IFCB777,2019-08-10 23:29:52+00:00,777,4.830864383333333,,,,,,,,498,,2,0
nwfsc_pacific_hake_survey,D20190810T235421_IFCB777,2019-08-10 23:54:21+00:00,777,4.922803033333334,,,,,,,,175,,2,0
nwfsc_pacific_hake_survey,D20190811T001851_IFCB777,2019-08-11 00:18:51+00:00,777,4.933377079166666,,,,,,,,92,,2,0
nwfsc_pacific_hake_survey,D20190811T004320_IFCB777,2019-08-11 00:43:20+00:00,777,4.949142758333333,,,,,,,,71,,2,0
nwfsc_pacific_hake_survey,D20190811T010749_IFCB777,2019-08-11 01:07:49+00:00,777,4.964926829166667,,,,,,,,54,,2,0
nwfsc_pacific_hake_survey,D20190811T013219_IFCB777,2019-08-11 01:32:19+00:00,777,4.8226295125,,,,,,,,45,,2,0
nwfsc_pacific_hake_survey,D20190811T015648_IFCB777,2019-08-11 01:56:48+00:00,777,4.8569846375,,,,,,,,71,,2,0
nwfsc_pacific_hake_survey,D20190811T022118_IFCB777,2019-08-11 02:21:18+00:00,777,4.941656587500001,,,,,,,,78,,2,0
nwfsc_pacific_hake_survey,D20190811T024547_IFCB777,2019-08-11 02:45:47+00:00,777,4.849296475,,,,,,,,83,,2,0
nwfsc_pacific_hake_survey,D20190811T031016_IFCB777,2019-08-11 03:10:16+00:00,777,4.912040737499999,,,,,,,,75,,2,0
nwfsc_pacific_hake_survey,D20190811T033446_IFCB777,2019-08-11 03:34:46+00:00,777,4.868254404166667,,,,,,,,41,,2,0
nwfsc_pacific_hake_survey,D20190811T035915_IFCB777,2019-08-11 03:59:15+00:00,777,4.966931575,,,,,,,,38,,2,0
nwfsc_pacific_hake_survey,D20190811T042345_IFCB777,2019-08-11 04:23:45+00:00,777,4.885320829166667,,,,,,,,76,,2,0
nwfsc_pacific_hake_survey,D20190811T044814_IFCB777,2019-08-11 04:48:14+00:00,777,4.947741095833334,,,,,,,,79,,2,0
nwfsc_pacific_hake_survey,D20190811T051243_IFCB777,2019-08-11 05:12:43+00:00,777,4.960831191666667,,,,,,,,67,,2,0
nwfsc_pacific_hake_survey,D20190811T053713_IFCB777,2019-08-11 05:37:13+00:00,777,4.901423829166666,,,,,,,,104,,2,0
nwfsc_pacific_hake_survey,D20190811T060142_IFCB777,2019-08-11 06:01:42+00:00,777,4.912271058333333,,,,,,,,175,,2,0
nwfsc_pacific_hake_survey,D20190811T062611_IFCB777,2019-08-11 06:26:11+00:00,777,4.89289605,,,,,,,,165,,2,0
nwfsc_pacific_hake_survey,D20190811T065041_IFCB777,2019-08-11 06:50:41+00:00,777,4.782874654166666,,,,,,,,643,,2,0
nwfsc_pacific_hake_survey,D20190811T071510_IFCB777,2019-08-11 07:15:10+00:00,777,4.8269730625000005,,,,,,,,485,,2,0
nwfsc_pacific_hake_survey,D20190811T073939_IFCB777,2019-08-11 07:39:39+00:00,777,4.871069633333334,,,,,,,,353,,2,0
nwfsc_pacific_hake_survey,D20190811T082846_IFCB777,2019-08-11 08:28:46+00:00,777,4.858469120833334,,,,,,,,409,,2,0
nwfsc_pacific_hake_survey,D20190811T085316_IFCB777,2019-08-11 08:53:16+00:00,777,4.459157679166666,,,,,,,,1776,,2,0
nwfsc_pacific_hake_survey,D20190811T091745_IFCB777,2019-08-11 09:17:45+00:00,777,4.708954825000001,,,,,,,,858,,2,0
nwfsc_pacific_hake_survey,D20190811T094215_IFCB777,2019-08-11 09:42:15+00:00,777,4.7619193375,,,,,,,,698,,2,0
nwfsc_pacific_hake_survey,D20190811T100644_IFCB777,2019-08-11 10:06:44+00:00,777,4.811381891666667,,,,,,,,598,,2,0
nwfsc_pacific_hake_survey,D20190811T103114_IFCB777,2019-08-11 10:31:14+00:00,777,4.752368770833333,,,,,,,,736,,2,0
nwfsc_pacific_hake_survey,D20190811T105543_IFCB777,2019-08-11 10:55:43+00:00,777,4.5710734833333335,,,,,,,,1371,,2,0
nwfsc_pacific_hake_survey,D20190811T112011_IFCB777,2019-08-11 11:20:11+00:00,777,4.503108470833333,,,,,,,,1631,,2,0
nwfsc_pacific_hake_survey,D20190811T114441_IFCB777,2019-08-11 11:44:41+00:00,777,4.500370045833334,,,,,,,,1638,,2,0
nwfsc_pacific_hake_survey,D20190811T120911_IFCB777,2019-08-11 12:09:11+00:00,777,4.451681541666668,,,,,,,,1815,,2,0
nwfsc_pacific_hake_survey,D20190811T123340_IFCB777,2019-08-11 12:33:40+00:00,777,4.5127297125000005,,,,,,,,1604,,2,0
nwfsc_pacific_hake_survey,D20190811T125810_IFCB777,2019-08-11 12:58:10+00:00,777,4.5762302791666665,,,,,,,,1374,,2,0
nwfsc_pacific_hake_survey,D20190811T132239_IFCB777,2019-08-11 13:22:39+00:00,777,4.446009204166667,,,,,,,,1836,,2,0
nwfsc_pacific_hake_survey,D20190811T134709_IFCB777,2019-08-11 13:47:09+00:00,777,4.7016529333333335,,,,,,,,897,,2,0
nwfsc_pacific_hake_survey,D20190811T141138_IFCB777,2019-08-11 14:11:38+00:00,777,4.723762033333333,,,,,,,,837,,2,0
nwfsc_pacific_hake_survey,D20190811T143608_IFCB777,2019-08-11 14:36:08+00:00,777,4.872368241666667,,,,,,,,287,,2,0
nwfsc_pacific_hake_survey,D20190811T150037_IFCB777,2019-08-11 15:00:37+00:00,777,4.87760525,,,,,,,,219,,2,0
nwfsc_pacific_hake_survey,D20190811T152506_IFCB777,2019-08-11 15:25:06+00:00,777,4.896688133333333,,,,,,,,273,,2,0
nwfsc_pacific_hake_survey,D20190811T154936_IFCB777,2019-08-11 15:49:36+00:00,777,4.778006220833333,,,,,,,,408,,2,0
nwfsc_pacific_hake_survey,D20190811T161405_IFCB777,2019-08-11 16:14:05+00:00,777,4.697362125,,,,,,,,902,,2,0
nwfsc_pacific_hake_survey,D20190811T163835_IFCB777,2019-08-11 16:38:35+00:00,777,4.670828433333333,,,,,,,,1020,,2,0
nwfsc_pacific_hake_survey,D20190811T170304_IFCB777,2019-08-11 17:03:04+00:00,777,4.666171258333334,,,,,,,,960,,2,0
nwfsc_pacific_hake_survey,D20190811T172734_IFCB777,2019-08-11 17:27:34+00:00,777,4.886135170833333,,,,,,,,271,,2,0
nwfsc_pacific_hake_survey,D20190811T175203_IFCB777,2019-08-11 17:52:03+00:00,777,4.879430058333332,,,,,,,,329,,2,0
nwfsc_pacific_hake_survey,D20190811T181632_IFCB777,2019-08-11 18:16:32+00:00,777,4.8591724166666665,,,,,,,,363,,2,0
nwfsc_pacific_hake_survey,D20190811T184102_IFCB777,2019-08-11 18:41:02+00:00,777,3.7759630416666665,,,,,,,,107,,2,0
nwfsc_pacific_hake_survey,D20190811T193529_IFCB777,2019-08-11 19:35:29+00:00,777,4.770787708333333,,,,,,,,105,,2,0
nwfsc_pacific_hake_survey,D20190811T195959_IFCB777,2019-08-11 19:59:59+00:00,777,4.8641314375,,,,,,,,53,,2,0
nwfsc_pacific_hake_survey,D20190811T202428_IFCB777,2019-08-11 20:24:28+00:00,777,4.870527670833334,,,,,,,,29,,2,0
nwfsc_pacific_hake_survey,D20190811T204857_IFCB777,2019-08-11 20:48:57+00:00,777,4.881060004166667,,,,,,,,45,,2,0
nwfsc_pacific_hake_survey,D20190811T211327_IFCB777,2019-08-11 21:13:27+00:00,777,4.737785183333333,,,,,,,,42,,2,0
nwfsc_pacific_hake_survey,D20190811T213756_IFCB777,2019-08-11 21:37:56+00:00,777,4.713233904166667,,,,,,,,45,,2,0
nwfsc_pacific_hake_survey,D20190811T220226_IFCB777,2019-08-11 22:02:26+00:00,777,4.762761374999999,,,,,,,,40,,2,0
nwfsc_pacific_hake_survey,D20190811T222655_IFCB777,2019-08-11 22:26:55+00:00,777,4.936993120833334,,,,,,,,43,,2,0
nwfsc_pacific_hake_survey,D20190811T225124_IFCB777,2019-08-11 22:51:24+00:00,777,4.955312350000001,,,,,,,,96,,2,0
nwfsc_pacific_hake_survey,D20190811T231554_IFCB777,2019-08-11 23:15:54+00:00,777,4.895059641666666,,,,,,,,103,,2,0
nwfsc_pacific_hake_survey,D20190811T234023_IFCB777,2019-08-11 23:40:23+00:00,777,4.712520408333333,,,,,,,,69,,2,0
nwfsc_pacific_hake_survey,D20190812T000452_IFCB777,2019-08-12 00:04:52+00:00,777,4.933117612499999,,,,,,,,80,,2,0
nwfsc_pacific_hake_survey,D20190812T002922_IFCB777,2019-08-12 00:29:22+00:00,777,4.859790004166666,,,,,,,,56,,2,0
nwfsc_pacific_hake_survey,D20190812T005351_IFCB777,2019-08-12 00:53:51+00:00,777,4.911792083333333,,,,,,,,67,,2,0
nwfsc_pacific_hake_survey,D20190812T011820_IFCB777,2019-08-12 01:18:20+00:00,777,4.868380541666667,,,,,,,,65,,2,0
nwfsc_pacific_hake_survey,D20190812T014250_IFCB777,2019-08-12 01:42:50+00:00,777,4.9315071625,,,,,,,,63,,2,0
nwfsc_pacific_hake_survey,D20190812T020719_IFCB777,2019-08-12 02:07:19+00:00,777,4.899610933333334,,,,,,,,68,,2,0
nwfsc_pacific_hake_survey,D20190812T023149_IFCB777,2019-08-12 02:31:49+00:00,777,4.9560492625000006,,,,,,,,64,,2,0
nwfsc_pacific_hake_survey,D20190812T025618_IFCB777,2019-08-12 02:56:18+00:00,777,4.9264749875,,,,,,,,124,,2,0
nwfsc_pacific_hake_survey,D20190812T032047_IFCB777,2019-08-12 03:20:47+00:00,777,4.7893816,,,,,,,,614,,2,0
nwfsc_pacific_hake_survey,D20190812T034517_IFCB777,2019-08-12 03:45:17+00:00,777,4.670300579166667,,,,,,,,949,,2,0
nwfsc_pacific_hake_survey,D20190812T040946_IFCB777,2019-08-12 04:09:46+00:00,777,4.49858125,,,,,,,,1598,,2,0
nwfsc_pacific_hake_survey,D20190812T043416_IFCB777,2019-08-12 04:34:16+00:00,777,4.455373129166667,,,,,,,,1763,,2,0
nwfsc_pacific_hake_survey,D20190812T045845_IFCB777,2019-08-12 04:58:45+00:00,777,4.356086229166666,,,,,,,,2076,,2,0
nwfsc_pacific_hake_survey,D20190812T052315_IFCB777,2019-08-12 05:23:15+00:00,777,4.6652247375,,,,,,,,1060,,2,0
nwfsc_pacific_hake_survey,D20190812T054744_IFCB777,2019-08-12 05:47:44+00:00,777,4.584015641666666,,,,,,,,1337,,2,0
nwfsc_pacific_hake_survey,D20190812T061214_IFCB777,2019-08-12 06:12:14+00:00,777,4.588625741666666,,,,,,,,1300,,2,0
nwfsc_pacific_hake_survey,D20190812T063643_IFCB777,2019-08-12 06:36:43+00:00,777,4.845095937500001,,,,,,,,472,,2,0
nwfsc_pacific_hake_survey,D20190812T070113_IFCB777,2019-08-12 07:01:13+00:00,777,4.850560925,,,,,,,,402,,2,0
nwfsc_pacific_hake_survey,D20190812T072542_IFCB777,2019-08-12 07:25:42+00:00,777,4.898214979166666,,,,,,,,164,,2,0
nwfsc_pacific_hake_survey,D20190812T081449_IFCB777,2019-08-12 08:14:49+00:00,777,4.9507620249999995,,,,,,,,123,,2,0
nwfsc_pacific_hake_survey,D20190812T083919_IFCB777,2019-08-12 08:39:19+00:00,777,4.820295754166667,,,,,,,,149,,2,0
nwfsc_pacific_hake_survey,D20190812T090348_IFCB777,2019-08-12 09:03:48+00:00,777,4.874328833333334,,,,,,,,134,,2,0
nwfsc_pacific_hake_survey,D20190812T092817_IFCB777,2019-08-12 09:28:17+00:00,777,4.878344491666666,,,,,,,,108,,2,0
nwfsc_pacific_hake_survey,D20190812T095247_IFCB777,2019-08-12 09:52:47+00:00,777,4.961858670833333,,,,,,,,50,,2,0
nwfsc_pacific_hake_survey,D20190812T101716_IFCB777,2019-08-12 10:17:16+00:00,777,4.884878879166666,,,,,,,,86,,2,0
nwfsc_pacific_hake_survey,D20190812T104145_IFCB777,2019-08-12 10:41:45+00:00,777,4.795970704166666,,,,,,,,558,,2,0
nwfsc_pacific_hake_survey,D20190812T110615_IFCB777,2019-08-12 11:06:15+00:00,777,4.916750199999999,,,,,,,,184,,2,0
nwfsc_pacific_hake_survey,D20190812T113044_IFCB777,2019-08-12 11:30:44+00:00,777,4.837822291666667,,,,,,,,437,,2,0
nwfsc_pacific_hake_survey,D20190812T115514_IFCB777,2019-08-12 11:55:14+00:00,777,4.740702245833333,,,,,,,,793,,2,0
nwfsc_pacific_hake_survey,D20190812T121943_IFCB777,2019-08-12 12:19:43+00:00,777,4.675036225,,,,,,,,1034,,2,0
nwfsc_pacific_hake_survey,D20190812T124413_IFCB777,2019-08-12 12:44:13+00:00,777,4.80468965,,,,,,,,493,,2,0
nwfsc_pacific_hake_survey,D20190812T130842_IFCB777,2019-08-12 13:08:42+00:00,777,4.848438483333334,,,,,,,,451,,2,0
nwfsc_pacific_hake_survey,D20190812T133311_IFCB777,2019-08-12 13:33:11+00:00,777,4.714725008333333,,,,,,,,868,,2,0
nwfsc_pacific_hake_survey,D20190812T135741_IFCB777,2019-08-12 13:57:41+00:00,777,4.273017354166667,,,,,,,,2428,,2,0
nwfsc_pacific_hake_survey,D20190812T142210_IFCB777,2019-08-12 14:22:10+00:00,777,4.129347766666666,,,,,,,,2871,,2,0
nwfsc_pacific_hake_survey,D20190812T144640_IFCB777,2019-08-12 14:46:40+00:00,777,4.249766758333334,,,,,,,,2451,,2,0
nwfsc_pacific_hake_survey,D20190812T151110_IFCB777,2019-08-12 15:11:10+00:00,777,4.121095637500001,,,,,,,,2910,,2,0
nwfsc_pacific_hake_survey,D20190812T153539_IFCB777,2019-08-12 15:35:39+00:00,777,4.189948525,,,,,,,,2665,,2,0
nwfsc_pacific_hake_survey,D20190812T160009_IFCB777,2019-08-12 16:00:09+00:00,777,4.251094537499999,,,,,,,,2398,,2,0
nwfsc_pacific_hake_survey,D20190812T162439_IFCB777,2019-08-12 16:24:39+00:00,777,4.6737602875,,,,,,,,1035,,2,0
nwfsc_pacific_hake_survey,D20190812T164908_IFCB777,2019-08-12 16:49:08+00:00,777,4.6972481375,,,,,,,,942,,2,0
nwfsc_pacific_hake_survey,D20190812T171338_IFCB777,2019-08-12 17:13:38+00:00,777,4.787823974999999,,,,,,,,657,,2,0
nwfsc_pacific_hake_survey,D20190812T173807_IFCB777,2019-08-12 17:38:07+00:00,777,4.803670045833333,,,,,,,,597,,2,0
nwfsc_pacific_hake_survey,D20190812T180237_IFCB777,2019-08-12 18:02:37+00:00,777,4.696472375,,,,,,,,938,,2,0
nwfsc_pacific_hake_survey,D20190812T182706_IFCB777,2019-08-12 18:27:06+00:00,777,4.754043429166667,,,,,,,,762,,2,0
nwfsc_pacific_hake_survey,D20190812T185135_IFCB777,2019-08-12 18:51:35+00:00,777,4.892194283333334,,,,,,,,171,,2,0
nwfsc_pacific_hake_survey,D20190812T191605_IFCB777,2019-08-12 19:16:05+00:00,777,4.883928970833333,,,,,,,,218,,2,0
nwfsc_pacific_hake_survey,D20190812T194034_IFCB777,2019-08-12 19:40:34+00:00,777,4.889983008333334,,,,,,,,305,,2,0
nwfsc_pacific_hake_survey,D20190812T200504_IFCB777,2019-08-12 20:05:04+00:00,777,4.884876870833334,,,,,,,,247,,2,0
nwfsc_pacific_hake_survey,D20190812T205410_IFCB777,2019-08-12 20:54:10+00:00,777,4.893329354166667,,,,,,,,186,,2,0
nwfsc_pacific_hake_survey,D20190812T211840_IFCB777,2019-08-12 21:18:40+00:00,777,4.902800983333333,,,,,,,,176,,2,0
nwfsc_pacific_hake_survey,D20190812T214309_IFCB777,2019-08-12 21:43:09+00:00,777,4.9220267625,,,,,,,,182,,2,0
nwfsc_pacific_hake_survey,D20190812T220739_IFCB777,2019-08-12 22:07:39+00:00,777,4.9122119291666655,,,,,,,,179,,2,0
nwfsc_pacific_hake_survey,D20190812T223208_IFCB777,2019-08-12 22:32:08+00:00,777,4.928803020833333,,,,,,,,138,,2,0
nwfsc_pacific_hake_survey,D20190812T225637_IFCB777,2019-08-12 22:56:37+00:00,777,4.856053641666667,,,,,,,,420,,2,0
nwfsc_pacific_hake_survey,D20190812T232107_IFCB777,2019-08-12 23:21:07+00:00,777,4.9169215375,,,,,,,,225,,2,0
nwfsc_pacific_hake_survey,D20190812T234536_IFCB777,2019-08-12 23:45:36+00:00,777,4.9186747875,,,,,,,,224,,2,0
nwfsc_pacific_hake_survey,D20190813T001006_IFCB777,2019-08-13 00:10:06+00:00,777,4.9058083625,,,,,,,,199,,2,0
nwfsc_pacific_hake_survey,D20190813T003435_IFCB777,2019-08-13 00:34:35+00:00,777,4.889216762499999,,,,,,,,239,,2,0
nwfsc_pacific_hake_survey,D20190813T005904_IFCB777,2019-08-13 00:59:04+00:00,777,4.805122179166667,,,,,,,,494,,2,0
nwfsc_pacific_hake_survey,D20190813T012334_IFCB777,2019-08-13 01:23:34+00:00,777,4.903572770833334,,,,,,,,268,,2,0
nwfsc_pacific_hake_survey,D20190813T014803_IFCB777,2019-08-13 01:48:03+00:00,777,4.890864383333334,,,,,,,,294,,2,0
nwfsc_pacific_hake_survey,D20190813T021233_IFCB777,2019-08-13 02:12:33+00:00,777,4.834848270833333,,,,,,,,459,,2,0
nwfsc_pacific_hake_survey,D20190813T023702_IFCB777,2019-08-13 02:37:02+00:00,777,4.826096995833334,,,,,,,,483,,2,0
nwfsc_pacific_hake_survey,D20190813T030131_IFCB777,2019-08-13 03:01:31+00:00,777,4.8625643625,,,,,,,,369,,2,0
nwfsc_pacific_hake_survey,D20190813T032601_IFCB777,2019-08-13 03:26:01+00:00,777,4.8578579375,,,,,,,,383,,2,0
nwfsc_pacific_hake_survey,D20190813T035030_IFCB777,2019-08-13 03:50:30+00:00,777,4.900167316666666,,,,,,,,295,,2,0
nwfsc_pacific_hake_survey,D20190813T041500_IFCB777,2019-08-13 04:15:00+00:00,777,4.808236029166667,,,,,,,,151,,2,0
nwfsc_pacific_hake_survey,D20190813T043929_IFCB777,2019-08-13 04:39:29+00:00,777,4.847440933333333,,,,,,,,223,,2,0
nwfsc_pacific_hake_survey,D20190813T050358_IFCB777,2019-08-13 05:03:58+00:00,777,4.886725416666666,,,,,,,,89,,2,0
nwfsc_pacific_hake_survey,D20190813T052828_IFCB777,2019-08-13 05:28:28+00:00,777,4.88451795,,,,,,,,66,,2,0
nwfsc_pacific_hake_survey,D20190813T055257_IFCB777,2019-08-13 05:52:57+00:00,777,4.908254808333334,,,,,,,,72,,2,0
nwfsc_pacific_hake_survey,D20190813T061726_IFCB777,2019-08-13 06:17:26+00:00,777,4.844484120833333,,,,,,,,59,,2,0
nwfsc_pacific_hake_survey,D20190813T064156_IFCB777,2019-08-13 06:41:56+00:00,777,4.858914354166667,,,,,,,,54,,2,0
nwfsc_pacific_hake_survey,D20190813T070625_IFCB777,2019-08-13 07:06:25+00:00,777,4.950723904166667,,,,,,,,48,,2,0
nwfsc_pacific_hake_survey,D20190813T073054_IFCB777,2019-08-13 07:30:54+00:00,777,4.970947770833333,,,,,,,,32,,2,0
nwfsc_pacific_hake_survey,D20190813T075524_IFCB777,2019-08-13 07:55:24+00:00,777,4.664249420833333,,,,,,,,47,,2,0
nwfsc_pacific_hake_survey,D20190813T081953_IFCB777,2019-08-13 08:19:53+00:00,777,4.578962545833334,,,,,,,,31,,2,0
nwfsc_pacific_hake_survey,D20190813T084422_IFCB777,2019-08-13 08:44:22+00:00,777,4.9426241583333335,,,,,,,,32,,2,0
nwfsc_pacific_hake_survey,D20190813T093329_IFCB777,2019-08-13 09:33:29+00:00,777,4.502171545833333,,,,,,,,8,,2,0
nwfsc_pacific_hake_survey,D20190813T095759_IFCB777,2019-08-13 09:57:59+00:00,777,4.586922516666666,,,,,,,,15,,2,0
nwfsc_pacific_hake_survey,D20190813T102228_IFCB777,2019-08-13 10:22:28+00:00,777,4.89504875,,,,,,,,20,,2,0
nwfsc_pacific_hake_survey,D20190813T104658_IFCB777,2019-08-13 10:46:58+00:00,777,4.508426091666666,,,,,,,,16,,2,0
nwfsc_pacific_hake_survey,D20190813T111127_IFCB777,2019-08-13 11:11:27+00:00,777,3.578690883333334,,,,,,,,11,,2,0
nwfsc_pacific_hake_survey,D20190813T113556_IFCB777,2019-08-13 11:35:56+00:00,777,4.376791295833333,,,,,,,,7,,2,0
nwfsc_pacific_hake_survey,D20190813T120026_IFCB777,2019-08-13 12:00:26+00:00,777,4.788930808333333,,,,,,,,14,,2,0
nwfsc_pacific_hake_survey,D20190813T122455_IFCB777,2019-08-13 12:24:55+00:00,777,3.7382693125000004,,,,,,,,6,,2,0
nwfsc_pacific_hake_survey,D20190813T124924_IFCB777,2019-08-13 12:49:24+00:00,777,4.91425935,,,,,,,,6,,2,0
nwfsc_pacific_hake_survey,D20190813T131354_IFCB777,2019-08-13 13:13:54+00:00,777,4.562561604166667,,,,,,,,8,,2,0
nwfsc_pacific_hake_survey,D20190813T133823_IFCB777,2019-08-13 13:38:23+00:00,777,4.802378979166667,,,,,,,,6,,2,0
nwfsc_pacific_hake_survey,D20190813T140253_IFCB777,2019-08-13 14:02:53+00:00,777,3.4726666458333337,,,,,,,,7,,2,0
nwfsc_pacific_hake_survey,D20190813T142722_IFCB777,2019-08-13 14:27:22+00:00,777,4.4949561083333345,,,,,,,,6,,2,0
nwfsc_pacific_hake_survey,D20190813T145151_IFCB777,2019-08-13 14:51:51+00:00,777,4.855983283333333,,,,,,,,7,,2,0
nwfsc_pacific_hake_survey,D20190813T151621_IFCB777,2019-08-13 15:16:21+00:00,777,3.499521058333334,,,,,,,,4,,2,0
nwfsc_pacific_hake_survey,D20190813T154050_IFCB777,2019-08-13 15:40:50+00:00,777,4.932251845833334,,,,,,,,7,,2,0
nwfsc_pacific_hake_survey,D20190813T160519_IFCB777,2019-08-13 16:05:19+00:00,777,4.093519079166667,,,,,,,,7,,2,0
nwfsc_pacific_hake_survey,D20190813T162949_IFCB777,2019-08-13 16:29:49+00:00,777,2.1680905875000005,,,,,,,,5,,2,0
nwfsc_pacific_hake_survey,D20190813T165418_IFCB777,2019-08-13 16:54:18+00:00,777,4.8376003249999995,,,,,,,,3,,2,0
nwfsc_pacific_hake_survey,D20190813T171848_IFCB777,2019-08-13 17:18:48+00:00,777,4.989368245833334,,,,,,,,5,,2,0
nwfsc_pacific_hake_survey,D20190813T174317_IFCB777,2019-08-13 17:43:17+00:00,777,3.1872686999999997,,,,,,,,9,,2,0
nwfsc_pacific_hake_survey,D20190813T180746_IFCB777,2019-08-13 18:07:46+00:00,777,4.581426420833333,,,,,,,,9,,2,0
nwfsc_pacific_hake_survey,D20190813T183216_IFCB777,2019-08-13 18:32:16+00:00,777,4.706804166666667,,,,,,,,7,,2,0
nwfsc_pacific_hake_survey,D20190813T185645_IFCB777,2019-08-13 18:56:45+00:00,777,4.964616320833334,,,,,,,,9,,2,0
nwfsc_pacific_hake_survey,D20190813T192115_IFCB777,2019-08-13 19:21:15+00:00,777,4.927537733333334,,,,,,,,12,,2,0
nwfsc_pacific_hake_survey,D20190813T194544_IFCB777,2019-08-13 19:45:44+00:00,777,4.7621294999999995,,,,,,,,6,,2,0
nwfsc_pacific_hake_survey,D20190813T201013_IFCB777,2019-08-13 20:10:13+00:00,777,4.8175195041666665,,,,,,,,528,,2,0
nwfsc_pacific_hake_survey,D20190813T203443_IFCB777,2019-08-13 20:34:43+00:00,777,4.625146383333333,,,,,,,,1085,,2,0
nwfsc_pacific_hake_survey,D20190813T205912_IFCB777,2019-08-13 20:59:12+00:00,777,4.595427329166667,,,,,,,,1273,,2,0
nwfsc_pacific_hake_survey,D20190813T212342_IFCB777,2019-08-13 21:23:42+00:00,777,4.7443158458333325,,,,,,,,739,,2,0
nwfsc_pacific_hake_survey,D20190813T221249_IFCB777,2019-08-13 22:12:49+00:00,777,4.854420829166667,,,,,,,,336,,2,0
nwfsc_pacific_hake_survey,D20190813T223719_IFCB777,2019-08-13 22:37:19+00:00,777,4.871210004166667,,,,,,,,338,,2,0
nwfsc_pacific_hake_survey,D20190813T230148_IFCB777,2019-08-13 23:01:48+00:00,777,4.879108045833334,,,,,,,,228,,2,0
nwfsc_pacific_hake_survey,D20190813T232617_IFCB777,2019-08-13 23:26:17+00:00,777,4.857808241666667,,,,,,,,286,,2,0
nwfsc_pacific_hake_survey,D20190813T235047_IFCB777,2019-08-13 23:50:47+00:00,777,4.80621355,,,,,,,,557,,2,0
nwfsc_pacific_hake_survey,D20190814T001516_IFCB777,2019-08-14 00:15:16+00:00,777,4.818602229166667,,,,,,,,462,,2,0
nwfsc_pacific_hake_survey,D20190814T003946_IFCB777,2019-08-14 00:39:46+00:00,777,4.483501700000001,,,,,,,,1691,,2,0
nwfsc_pacific_hake_survey,D20190814T010415_IFCB777,2019-08-14 01:04:15+00:00,777,4.364278770833334,,,,,,,,2079,,2,0
nwfsc_pacific_hake_survey,D20190814T012845_IFCB777,2019-08-14 01:28:45+00:00,777,4.360699,,,,,,,,2064,,2,0
nwfsc_pacific_hake_survey,D20190814T015314_IFCB777,2019-08-14 01:53:14+00:00,777,4.321477704166667,,,,,,,,2234,,2,0
nwfsc_pacific_hake_survey,D20190814T021744_IFCB777,2019-08-14 02:17:44+00:00,777,4.4196700875,,,,,,,,1901,,2,0
nwfsc_pacific_hake_survey,D20190814T024213_IFCB777,2019-08-14 02:42:13+00:00,777,4.400888075,,,,,,,,1944,,2,0
nwfsc_pacific_hake_survey,D20190814T030643_IFCB777,2019-08-14 03:06:43+00:00,777,4.686653554166666,,,,,,,,981,,2,0
nwfsc_pacific_hake_survey,D20190814T033112_IFCB777,2019-08-14 03:31:12+00:00,777,4.5359354375,,,,,,,,1438,,2,0
nwfsc_pacific_hake_survey,D20190814T035542_IFCB777,2019-08-14 03:55:42+00:00,777,4.927227358333334,,,,,,,,191,,2,0
nwfsc_pacific_hake_survey,D20190814T042011_IFCB777,2019-08-14 04:20:11+00:00,777,4.920191379166667,,,,,,,,130,,2,0
nwfsc_pacific_hake_survey,D20190814T044441_IFCB777,2019-08-14 04:44:41+00:00,777,4.847037137499999,,,,,,,,133,,2,0
nwfsc_pacific_hake_survey,D20190814T050910_IFCB777,2019-08-14 05:09:10+00:00,777,4.9389700625,,,,,,,,124,,2,0
nwfsc_pacific_hake_survey,D20190814T053340_IFCB777,2019-08-14 05:33:40+00:00,777,4.8957484375,,,,,,,,127,,2,0
nwfsc_pacific_hake_survey,D20190814T055809_IFCB777,2019-08-14 05:58:09+00:00,777,4.9094483958333335,,,,,,,,101,,2,0
nwfsc_pacific_hake_survey,D20190814T062238_IFCB777,2019-08-14 06:22:38+00:00,777,4.949126629166667,,,,,,,,82,,2,0
nwfsc_pacific_hake_survey,D20190814T064708_IFCB777,2019-08-14 06:47:08+00:00,777,4.8432372125,,,,,,,,57,,2,0
nwfsc_pacific_hake_survey,D20190814T071137_IFCB777,2019-08-14 07:11:37+00:00,777,4.944703179166667,,,,,,,,71,,2,0
nwfsc_pacific_hake_survey,D20190814T073606_IFCB777,2019-08-14 07:36:06+00:00,777,4.946965425,,,,,,,,58,,2,0
nwfsc_pacific_hake_survey,D20190814T080036_IFCB777,2019-08-14 08:00:36+00:00,777,4.967856770833334,,,,,,,,66,,2,0
nwfsc_pacific_hake_survey,D20190814T082505_IFCB777,2019-08-14 08:25:05+00:00,777,4.936946316666667,,,,,,,,115,,2,0
nwfsc_pacific_hake_survey,D20190814T084935_IFCB777,2019-08-14 08:49:35+00:00,777,4.901245179166667,,,,,,,,120,,2,0
nwfsc_pacific_hake_survey,D20190814T091404_IFCB777,2019-08-14 09:14:04+00:00,777,4.938227729166667,,,,,,,,131,,2,0
nwfsc_pacific_hake_survey,D20190814T093833_IFCB777,2019-08-14 09:38:33+00:00,777,4.927754133333334,,,,,,,,120,,2,0
nwfsc_pacific_hake_survey,D20190814T100303_IFCB777,2019-08-14 10:03:03+00:00,777,4.934233066666667,,,,,,,,135,,2,0
nwfsc_pacific_hake_survey,D20190814T105210_IFCB777,2019-08-14 10:52:10+00:00,777,4.941851108333334,,,,,,,,68,,2,0
nwfsc_pacific_hake_survey,D20190814T111639_IFCB777,2019-08-14 11:16:39+00:00,777,4.829484412499999,,,,,,,,66,,2,0
nwfsc_pacific_hake_survey,D20190814T114108_IFCB777,2019-08-14 11:41:08+00:00,777,4.967119049999999,,,,,,,,59,,2,0
nwfsc_pacific_hake_survey,D20190814T120538_IFCB777,2019-08-14 12:05:38+00:00,777,4.7635965,,,,,,,,50,,2,0
nwfsc_pacific_hake_survey,D20190814T123007_IFCB777,2019-08-14 12:30:07+00:00,777,4.880537091666667,,,,,,,,65,,2,0
nwfsc_pacific_hake_survey,D20190814T125436_IFCB777,2019-08-14 12:54:36+00:00,777,4.9367306125,,,,,,,,58,,2,0
nwfsc_pacific_hake_survey,D20190814T131906_IFCB777,2019-08-14 13:19:06+00:00,777,4.928466745833333,,,,,,,,54,,2,0
nwfsc_pacific_hake_survey,D20190814T134335_IFCB777,2019-08-14 13:43:35+00:00,777,4.895958333333334,,,,,,,,55,,2,0
nwfsc_pacific_hake_survey,D20190814T140804_IFCB777,2019-08-14 14:08:04+00:00,777,4.946009554166666,,,,,,,,73,,2,0
nwfsc_pacific_hake_survey,D20190814T143234_IFCB777,2019-08-14 14:32:34+00:00,777,4.892558883333333,,,,,,,,81,,2,0
nwfsc_pacific_hake_survey,D20190814T145703_IFCB777,2019-08-14 14:57:03+00:00,777,4.9544779708333335,,,,,,,,43,,2,0
nwfsc_pacific_hake_survey,D20190814T152133_IFCB777,2019-08-14 15:21:33+00:00,777,4.936044175000001,,,,,,,,53,,2,0
nwfsc_pacific_hake_survey,D20190814T154602_IFCB777,2019-08-14 15:46:02+00:00,777,4.960337320833333,,,,,,,,39,,2,0
nwfsc_pacific_hake_survey,D20190814T161031_IFCB777,2019-08-14 16:10:31+00:00,777,4.812542245833333,,,,,,,,145,,2,0
nwfsc_pacific_hake_survey,D20190814T163501_IFCB777,2019-08-14 16:35:01+00:00,777,4.8621106166666666,,,,,,,,347,,2,0
nwfsc_pacific_hake_survey,D20190814T165930_IFCB777,2019-08-14 16:59:30+00:00,777,4.960363733333334,,,,,,,,76,,2,0
nwfsc_pacific_hake_survey,D20190814T172400_IFCB777,2019-08-14 17:24:00+00:00,777,4.920701325,,,,,,,,89,,2,0
nwfsc_pacific_hake_survey,D20190814T174829_IFCB777,2019-08-14 17:48:29+00:00,777,4.923842249999999,,,,,,,,82,,2,0
nwfsc_pacific_hake_survey,D20190814T181258_IFCB777,2019-08-14 18:12:58+00:00,777,4.810222429166666,,,,,,,,559,,2,0
nwfsc_pacific_hake_survey,D20190814T183728_IFCB777,2019-08-14 18:37:28+00:00,777,4.776318829166667,,,,,,,,662,,2,0
nwfsc_pacific_hake_survey,D20190814T190157_IFCB777,2019-08-14 19:01:57+00:00,777,4.502767195833333,,,,,,,,1603,,2,0
nwfsc_pacific_hake_survey,D20190814T192627_IFCB777,2019-08-14 19:26:27+00:00,777,4.7298280166666675,,,,,,,,883,,2,0
nwfsc_pacific_hake_survey,D20190814T195056_IFCB777,2019-08-14 19:50:56+00:00,777,4.839374404166666,,,,,,,,505,,2,0
nwfsc_pacific_hake_survey,D20190814T201526_IFCB777,2019-08-14 20:15:26+00:00,777,4.4599367875,,,,,,,,1728,,2,0
nwfsc_pacific_hake_survey,D20190814T203956_IFCB777,2019-08-14 20:39:56+00:00,777,4.586349745833333,,,,,,,,971,,2,0
nwfsc_pacific_hake_survey,D20190814T210425_IFCB777,2019-08-14 21:04:25+00:00,777,4.651546170833333,,,,,,,,876,,2,0
nwfsc_pacific_hake_survey,D20190814T212855_IFCB777,2019-08-14 21:28:55+00:00,777,4.780049416666667,,,,,,,,616,,2,0
nwfsc_pacific_hake_survey,D20190814T215324_IFCB777,2019-08-14 21:53:24+00:00,777,4.757081416666667,,,,,,,,761,,2,0
nwfsc_pacific_hake_survey,D20190814T221753_IFCB777,2019-08-14 22:17:53+00:00,777,4.667461558333333,,,,,,,,1026,,2,0
nwfsc_pacific_hake_survey,D20190814T224223_IFCB777,2019-08-14 22:42:23+00:00,777,4.392838504166666,,,,,,,,1994,,2,0
nwfsc_pacific_hake_survey,D20190814T233130_IFCB777,2019-08-14 23:31:30+00:00,777,4.915417308333333,,,,,,,,156,,2,0
nwfsc_pacific_hake_survey,D20190814T235600_IFCB777,2019-08-14 23:56:00+00:00,777,4.897333649999999,,,,,,,,86,,2,0
nwfsc_pacific_hake_survey,D20190815T002029_IFCB777,2019-08-15 00:20:29+00:00,777,4.7967331458333335,,,,,,,,68,,2,0
nwfsc_pacific_hake_survey,D20190815T004458_IFCB777,2019-08-15 00:44:58+00:00,777,4.947176620833333,,,,,,,,78,,2,0
nwfsc_pacific_hake_survey,D20190815T010928_IFCB777,2019-08-15 01:09:28+00:00,777,4.924618654166666,,,,,,,,71,,2,0
nwfsc_pacific_hake_survey,D20190815T013357_IFCB777,2019-08-15 01:33:57+00:00,777,4.945286804166667,,,,,,,,73,,2,0
nwfsc_pacific_hake_survey,D20190815T015827_IFCB777,2019-08-15 01:58:27+00:00,777,4.889855025,,,,,,,,77,,2,0
nwfsc_pacific_hake_survey,D20190815T022256_IFCB777,2019-08-15 02:22:56+00:00,777,4.924553783333334,,,,,,,,64,,2,0
nwfsc_pacific_hake_survey,D20190815T024725_IFCB777,2019-08-15 02:47:25+00:00,777,4.943585429166666,,,,,,,,73,,2,0
nwfsc_pacific_hake_survey,D20190815T031155_IFCB777,2019-08-15 03:11:55+00:00,777,4.9477642500000005,,,,,,,,74,,2,0
nwfsc_pacific_hake_survey,D20190815T033624_IFCB777,2019-08-15 03:36:24+00:00,777,4.8353474125,,,,,,,,76,,2,0
nwfsc_pacific_hake_survey,D20190815T040053_IFCB777,2019-08-15 04:00:53+00:00,777,4.958047625000001,,,,,,,,91,,2,0
nwfsc_pacific_hake_survey,D20190815T042523_IFCB777,2019-08-15 04:25:23+00:00,777,4.918221916666667,,,,,,,,88,,2,0
nwfsc_pacific_hake_survey,D20190815T044952_IFCB777,2019-08-15 04:49:52+00:00,777,4.928547716666667,,,,,,,,80,,2,0
nwfsc_pacific_hake_survey,D20190815T051422_IFCB777,2019-08-15 05:14:22+00:00,777,4.920082320833333,,,,,,,,86,,2,0
nwfsc_pacific_hake_survey,D20190815T053851_IFCB777,2019-08-15 05:38:51+00:00,777,4.8480538541666665,,,,,,,,89,,2,0
nwfsc_pacific_hake_survey,D20190815T060320_IFCB777,2019-08-15 06:03:20+00:00,777,4.7989063583333325,,,,,,,,73,,2,0
nwfsc_pacific_hake_survey,D20190815T062750_IFCB777,2019-08-15 06:27:50+00:00,777,4.951956083333332,,,,,,,,78,,2,0
nwfsc_pacific_hake_survey,D20190815T065219_IFCB777,2019-08-15 06:52:19+00:00,777,4.906407325,,,,,,,,86,,2,0
nwfsc_pacific_hake_survey,D20190815T071648_IFCB777,2019-08-15 07:16:48+00:00,777,4.8390740291666665,,,,,,,,79,,2,0
nwfsc_pacific_hake_survey,D20190815T074118_IFCB777,2019-08-15 07:41:18+00:00,777,4.960270733333333,,,,,,,,67,,2,0
nwfsc_pacific_hake_survey,D20190815T080547_IFCB777,2019-08-15 08:05:47+00:00,777,4.91151125,,,,,,,,65,,2,0
nwfsc_pacific_hake_survey,D20190815T083016_IFCB777,2019-08-15 08:30:16+00:00,777,4.961805174999999,,,,,,,,39,,2,0
nwfsc_pacific_hake_survey,D20190815T085446_IFCB777,2019-08-15 08:54:46+00:00,777,4.916409641666666,,,,,,,,36,,2,0
nwfsc_pacific_hake_survey,D20190815T091915_IFCB777,2019-08-15 09:19:15+00:00,777,4.939591895833334,,,,,,,,47,,2,0
nwfsc_pacific_hake_survey,D20190815T094345_IFCB777,2019-08-15 09:43:45+00:00,777,4.7966388375,,,,,,,,46,,2,0
nwfsc_pacific_hake_survey,D20190815T100814_IFCB777,2019-08-15 10:08:14+00:00,777,4.889788366666667,,,,,,,,57,,2,0
nwfsc_pacific_hake_survey,D20190815T103243_IFCB777,2019-08-15 10:32:43+00:00,777,4.599537558333333,,,,,,,,49,,2,0
nwfsc_pacific_hake_survey,D20190815T105713_IFCB777,2019-08-15 10:57:13+00:00,777,4.824987529166666,,,,,,,,507,,2,0
nwfsc_pacific_hake_survey,D20190815T112142_IFCB777,2019-08-15 11:21:42+00:00,777,4.8565046625,,,,,,,,410,,2,0
nwfsc_pacific_hake_survey,D20190815T121049_IFCB777,2019-08-15 12:10:49+00:00,777,4.255628579166666,,,,,,,,2452,,2,0
nwfsc_pacific_hake_survey,D20190815T123519_IFCB777,2019-08-15 12:35:19+00:00,777,4.234402958333333,,,,,,,,2493,,2,0
nwfsc_pacific_hake_survey,D20190815T125949_IFCB777,2019-08-15 12:59:49+00:00,777,4.904448154166667,,,,,,,,183,,2,0
nwfsc_pacific_hake_survey,D20190815T132418_IFCB777,2019-08-15 13:24:18+00:00,777,4.947410075,,,,,,,,85,,2,0
nwfsc_pacific_hake_survey,D20190815T134848_IFCB777,2019-08-15 13:48:48+00:00,777,4.8661606625,,,,,,,,72,,2,0
nwfsc_pacific_hake_survey,D20190815T141317_IFCB777,2019-08-15 14:13:17+00:00,777,4.854732904166667,,,,,,,,73,,2,0
nwfsc_pacific_hake_survey,D20190815T143746_IFCB777,2019-08-15 14:37:46+00:00,777,4.8376521375,,,,,,,,57,,2,0
nwfsc_pacific_hake_survey,D20190815T150216_IFCB777,2019-08-15 15:02:16+00:00,777,4.869493858333333,,,,,,,,39,,2,0
nwfsc_pacific_hake_survey,D20190815T152645_IFCB777,2019-08-15 15:26:45+00:00,777,4.9659152041666665,,,,,,,,37,,2,0
nwfsc_pacific_hake_survey,D20190815T155115_IFCB777,2019-08-15 15:51:15+00:00,777,4.640887379166667,,,,,,,,39,,2,0
nwfsc_pacific_hake_survey,D20190815T161544_IFCB777,2019-08-15 16:15:44+00:00,777,4.866615758333333,,,,,,,,44,,2,0
nwfsc_pacific_hake_survey,D20190815T164013_IFCB777,2019-08-15 16:40:13+00:00,777,4.701898841666666,,,,,,,,30,,2,0
nwfsc_pacific_hake_survey,D20190815T170443_IFCB777,2019-08-15 17:04:43+00:00,777,4.579925737500001,,,,,,,,41,,2,0
nwfsc_pacific_hake_survey,D20190815T172912_IFCB777,2019-08-15 17:29:12+00:00,777,4.972023904166667,,,,,,,,33,,2,0
nwfsc_pacific_hake_survey,D20190815T175341_IFCB777,2019-08-15 17:53:41+00:00,777,4.973498679166666,,,,,,,,62,,2,0
nwfsc_pacific_hake_survey,D20190815T181811_IFCB777,2019-08-15 18:18:11+00:00,777,4.8129862291666665,,,,,,,,42,,2,0
nwfsc_pacific_hake_survey,D20190815T184240_IFCB777,2019-08-15 18:42:40+00:00,777,4.901014629166666,,,,,,,,51,,2,0
nwfsc_pacific_hake_survey,D20190815T190710_IFCB777,2019-08-15 19:07:10+00:00,777,4.8590116750000005,,,,,,,,39,,2,0
nwfsc_pacific_hake_survey,D20190815T193139_IFCB777,2019-08-15 19:31:39+00:00,777,4.917432162500001,,,,,,,,40,,2,0
nwfsc_pacific_hake_survey,D20190815T195608_IFCB777,2019-08-15 19:56:08+00:00,777,4.975965550000001,,,,,,,,25,,2,0
nwfsc_pacific_hake_survey,D20190815T202038_IFCB777,2019-08-15 20:20:38+00:00,777,4.963189804166666,,,,,,,,30,,2,0
nwfsc_pacific_hake_survey,D20190815T204507_IFCB777,2019-08-15 20:45:07+00:00,777,4.852231354166666,,,,,,,,48,,2,0
nwfsc_pacific_hake_survey,D20190815T210937_IFCB777,2019-08-15 21:09:37+00:00,777,4.640050366666667,,,,,,,,984,,2,0
nwfsc_pacific_hake_survey,D20190815T213406_IFCB777,2019-08-15 21:34:06+00:00,777,3.898286945833333,,,,,,,,3712,,2,0
nwfsc_pacific_hake_survey,D20190815T215836_IFCB777,2019-08-15 21:58:36+00:00,777,4.0004416166666665,,,,,,,,3359,,2,0
nwfsc_pacific_hake_survey,D20190815T222306_IFCB777,2019-08-15 22:23:06+00:00,777,4.066039362500001,,,,,,,,3113,,2,0
nwfsc_pacific_hake_survey,D20190815T224736_IFCB777,2019-08-15 22:47:36+00:00,777,3.6843992333333335,,,,,,,,4329,,2,0
nwfsc_pacific_hake_survey,D20190815T231206_IFCB777,2019-08-15 23:12:06+00:00,777,3.8049971874999993,,,,,,,,3955,,2,0
nwfsc_pacific_hake_survey,D20190815T233636_IFCB777,2019-08-15 23:36:36+00:00,777,3.7730083916666666,,,,,,,,4141,,2,0
nwfsc_pacific_hake_survey,D20190816T000106_IFCB777,2019-08-16 00:01:06+00:00,777,3.2732676500000006,,,,,,,,5880,,2,0
nwfsc_pacific_hake_survey,D20190816T005014_IFCB777,2019-08-16 00:50:14+00:00,777,3.213989158333333,,,,,,,,3594,,2,0
nwfsc_pacific_hake_survey,D20190816T011443_IFCB777,2019-08-16 01:14:43+00:00,777,3.277774458333333,,,,,,,,5766,,2,0
nwfsc_pacific_hake_survey,D20190816T013914_IFCB777,2019-08-16 01:39:14+00:00,777,4.187127429166667,,,,,,,,2673,,2,0
nwfsc_pacific_hake_survey,D20190816T020344_IFCB777,2019-08-16 02:03:44+00:00,777,4.4572341875,,,,,,,,1721,,2,0
nwfsc_pacific_hake_survey,D20190816T022813_IFCB777,2019-08-16 02:28:13+00:00,777,4.159821325,,,,,,,,2877,,2,0
nwfsc_pacific_hake_survey,D20190816T025243_IFCB777,2019-08-16 02:52:43+00:00,777,3.403610975,,,,,,,,5425,,2,0
nwfsc_pacific_hake_survey,D20190816T031713_IFCB777,2019-08-16 03:17:13+00:00,777,3.5067021666666665,,,,,,,,4997,,2,0
nwfsc_pacific_hake_survey,D20190816T034143_IFCB777,2019-08-16 03:41:43+00:00,777,4.592815179166666,,,,,,,,1294,,2,0
nwfsc_pacific_hake_survey,D20190816T040612_IFCB777,2019-08-16 04:06:12+00:00,777,4.844010625,,,,,,,,344,,2,0
nwfsc_pacific_hake_survey,D20190816T043042_IFCB777,2019-08-16 04:30:42+00:00,777,4.914375470833333,,,,,,,,223,,2,0
nwfsc_pacific_hake_survey,D20190816T045511_IFCB777,2019-08-16 04:55:11+00:00,777,4.861605179166667,,,,,,,,189,,2,0
nwfsc_pacific_hake_survey,D20190816T051940_IFCB777,2019-08-16 05:19:40+00:00,777,4.936603304166667,,,,,,,,133,,2,0
nwfsc_pacific_hake_survey,D20190816T054410_IFCB777,2019-08-16 05:44:10+00:00,777,4.931847979166667,,,,,,,,111,,2,0
nwfsc_pacific_hake_survey,D20190816T060839_IFCB777,2019-08-16 06:08:39+00:00,777,4.89466305,,,,,,,,100,,2,0
nwfsc_pacific_hake_survey,D20190816T063309_IFCB777,2019-08-16 06:33:09+00:00,777,4.941836983333333,,,,,,,,121,,2,0
nwfsc_pacific_hake_survey,D20190816T065738_IFCB777,2019-08-16 06:57:38+00:00,777,4.936278675,,,,,,,,135,,2,0
nwfsc_pacific_hake_survey,D20190816T072207_IFCB777,2019-08-16 07:22:07+00:00,777,4.934666975,,,,,,,,94,,2,0
nwfsc_pacific_hake_survey,D20190816T074637_IFCB777,2019-08-16 07:46:37+00:00,777,4.835006058333334,,,,,,,,86,,2,0
nwfsc_pacific_hake_survey,D20190816T081106_IFCB777,2019-08-16 08:11:06+00:00,777,4.862341425,,,,,,,,99,,2,0
nwfsc_pacific_hake_survey,D20190816T083535_IFCB777,2019-08-16 08:35:35+00:00,777,4.968030275,,,,,,,,75,,2,0
nwfsc_pacific_hake_survey,D20190816T090005_IFCB777,2019-08-16 09:00:05+00:00,777,4.560522479166667,,,,,,,,1458,,2,0
nwfsc_pacific_hake_survey,D20190816T092434_IFCB777,2019-08-16 09:24:34+00:00,777,4.934481529166667,,,,,,,,159,,2,0
nwfsc_pacific_hake_survey,D20190816T094904_IFCB777,2019-08-16 09:49:04+00:00,777,4.8343261208333335,,,,,,,,73,,2,0
nwfsc_pacific_hake_survey,D20190816T101333_IFCB777,2019-08-16 10:13:33+00:00,777,4.945198579166667,,,,,,,,71,,2,0
nwfsc_pacific_hake_survey,D20190816T103803_IFCB777,2019-08-16 10:38:03+00:00,777,4.9514902874999995,,,,,,,,51,,2,0
nwfsc_pacific_hake_survey,D20190816T110232_IFCB777,2019-08-16 11:02:32+00:00,777,4.915263791666667,,,,,,,,48,,2,0
nwfsc_pacific_hake_survey,D20190816T112702_IFCB777,2019-08-16 11:27:02+00:00,777,4.9192424416666665,,,,,,,,48,,2,0
nwfsc_pacific_hake_survey,D20190816T115131_IFCB777,2019-08-16 11:51:31+00:00,777,4.524936304166667,,,,,,,,48,,2,0
nwfsc_pacific_hake_survey,D20190816T121600_IFCB777,2019-08-16 12:16:00+00:00,777,4.903028979166666,,,,,,,,54,,2,0
nwfsc_pacific_hake_survey,D20190816T124030_IFCB777,2019-08-16 12:40:30+00:00,777,4.852396104166667,,,,,,,,57,,2,0
nwfsc_pacific_hake_survey,D20190816T132937_IFCB777,2019-08-16 13:29:37+00:00,777,4.907369320833333,,,,,,,,48,,2,0
nwfsc_pacific_hake_survey,D20190816T135406_IFCB777,2019-08-16 13:54:06+00:00,777,4.8430525,,,,,,,,51,,2,0
nwfsc_pacific_hake_survey,D20190816T141835_IFCB777,2019-08-16 14:18:35+00:00,777,4.8794601,,,,,,,,68,,2,0
nwfsc_pacific_hake_survey,D20190816T144305_IFCB777,2019-08-16 14:43:05+00:00,777,4.9208248625,,,,,,,,192,,2,0
nwfsc_pacific_hake_survey,D20190816T150734_IFCB777,2019-08-16 15:07:34+00:00,777,4.897144433333334,,,,,,,,184,,2,0
nwfsc_pacific_hake_survey,D20190816T153204_IFCB777,2019-08-16 15:32:04+00:00,777,3.5360853333333337,,,,,,,,4935,,2,0
nwfsc_pacific_hake_survey,D20190816T155634_IFCB777,2019-08-16 15:56:34+00:00,777,2.9505888416666672,,,,,,,,7097,,2,0
nwfsc_pacific_hake_survey,D20190816T162104_IFCB777,2019-08-16 16:21:04+00:00,777,4.532425291666667,,,,,,,,962,,2,0
nwfsc_pacific_hake_survey,D20190816T164534_IFCB777,2019-08-16 16:45:34+00:00,777,3.7407995416666666,,,,,,,,4217,,2,0
nwfsc_pacific_hake_survey,D20190816T171004_IFCB777,2019-08-16 17:10:04+00:00,777,4.140281283333334,,,,,,,,2785,,2,0
nwfsc_pacific_hake_survey,D20190816T173434_IFCB777,2019-08-16 17:34:34+00:00,777,3.689939670833333,,,,,,,,4460,,2,0
nwfsc_pacific_hake_survey,D20190816T175904_IFCB777,2019-08-16 17:59:04+00:00,777,3.2668540375000004,,,,,,,,5911,,2,0
nwfsc_pacific_hake_survey,D20190816T182334_IFCB777,2019-08-16 18:23:34+00:00,777,3.0337360208333335,,,,,,,,6995,,2,0
nwfsc_pacific_hake_survey,D20190816T184804_IFCB777,2019-08-16 18:48:04+00:00,777,3.6185340500000005,,,,,,,,4373,,2,0
nwfsc_pacific_hake_survey,D20190816T191234_IFCB777,2019-08-16 19:12:34+00:00,777,3.2444484749999996,,,,,,,,6034,,2,0
nwfsc_pacific_hake_survey,D20190816T193705_IFCB777,2019-08-16 19:37:05+00:00,777,4.7462557125,,,,,,,,784,,2,0
nwfsc_pacific_hake_survey,D20190816T200134_IFCB777,2019-08-16 20:01:34+00:00,777,4.873627125,,,,,,,,312,,2,0
nwfsc_pacific_hake_survey,D20190816T202604_IFCB777,2019-08-16 20:26:04+00:00,777,4.882269070833333,,,,,,,,264,,2,0
nwfsc_pacific_hake_survey,D20190816T205033_IFCB777,2019-08-16 20:50:33+00:00,777,4.810599020833333,,,,,,,,146,,2,0
nwfsc_pacific_hake_survey,D20190816T211503_IFCB777,2019-08-16 21:15:03+00:00,777,4.796073308333333,,,,,,,,122,,2,0
nwfsc_pacific_hake_survey,D20190816T213932_IFCB777,2019-08-16 21:39:32+00:00,777,4.861183054166667,,,,,,,,105,,2,0
nwfsc_pacific_hake_survey,D20190816T220402_IFCB777,2019-08-16 22:04:02+00:00,777,4.882058241666667,,,,,,,,122,,2,0
nwfsc_pacific_hake_survey,D20190816T222831_IFCB777,2019-08-16 22:28:31+00:00,777,4.8346163375,,,,,,,,103,,2,0
nwfsc_pacific_hake_survey,D20190816T225300_IFCB777,2019-08-16 22:53:00+00:00,777,4.944805654166667,,,,,,,,104,,2,0
nwfsc_pacific_hake_survey,D20190816T231730_IFCB777,2019-08-16 23:17:30+00:00,777,4.900269904166667,,,,,,,,85,,2,0
nwfsc_pacific_hake_survey,D20190816T234159_IFCB777,2019-08-16 23:41:59+00:00,777,4.916454129166667,,,,,,,,96,,2,0
nwfsc_pacific_hake_survey,D20190817T000629_IFCB777,2019-08-17 00:06:29+00:00,777,4.94785235,,,,,,,,66,,2,0
nwfsc_pacific_hake_survey,D20190817T003058_IFCB777,2019-08-17 00:30:58+00:00,777,4.944645287499999,,,,,,,,73,,2,0
nwfsc_pacific_hake_survey,D20190817T005527_IFCB777,2019-08-17 00:55:27+00:00,777,4.9502412,,,,,,,,103,,2,0
nwfsc_pacific_hake_survey,D20190817T011957_IFCB777,2019-08-17 01:19:57+00:00,777,4.952208920833333,,,,,,,,79,,2,0
nwfsc_pacific_hake_survey,D20190817T020904_IFCB777,2019-08-17 02:09:04+00:00,777,4.887995008333333,,,,,,,,75,,2,0
nwfsc_pacific_hake_survey,D20190817T023333_IFCB777,2019-08-17 02:33:33+00:00,777,4.910686804166668,,,,,,,,60,,2,0
nwfsc_pacific_hake_survey,D20190817T025803_IFCB777,2019-08-17 02:58:03+00:00,777,4.8489655,,,,,,,,93,,2,0
nwfsc_pacific_hake_survey,D20190817T032232_IFCB777,2019-08-17 03:22:32+00:00,777,4.807686408333334,,,,,,,,524,,2,0
nwfsc_pacific_hake_survey,D20190817T034702_IFCB777,2019-08-17 03:47:02+00:00,777,4.700567879166667,,,,,,,,929,,2,0
nwfsc_pacific_hake_survey,D20190817T041131_IFCB777,2019-08-17 04:11:31+00:00,777,4.072681008333333,,,,,,,,3108,,2,0
nwfsc_pacific_hake_survey,D20190817T043601_IFCB777,2019-08-17 04:36:01+00:00,777,4.0845729083333335,,,,,,,,2996,,2,0
nwfsc_pacific_hake_survey,D20190817T050030_IFCB777,2019-08-17 05:00:30+00:00,777,3.9529518791666667,,,,,,,,3480,,2,0
nwfsc_pacific_hake_survey,D20190817T052500_IFCB777,2019-08-17 05:25:00+00:00,777,4.1306458500000005,,,,,,,,2841,,2,0
nwfsc_pacific_hake_survey,D20190817T054930_IFCB777,2019-08-17 05:49:30+00:00,777,4.471211679166666,,,,,,,,1738,,2,0
nwfsc_pacific_hake_survey,D20190817T061359_IFCB777,2019-08-17 06:13:59+00:00,777,4.479078341666667,,,,,,,,1677,,2,0
nwfsc_pacific_hake_survey,D20190817T063829_IFCB777,2019-08-17 06:38:29+00:00,777,4.448819145833332,,,,,,,,1804,,2,0
nwfsc_pacific_hake_survey,D20190817T070259_IFCB777,2019-08-17 07:02:59+00:00,777,4.519705108333333,,,,,,,,1581,,2,0
nwfsc_pacific_hake_survey,D20190817T072728_IFCB777,2019-08-17 07:27:28+00:00,777,4.577421045833334,,,,,,,,1342,,2,0
nwfsc_pacific_hake_survey,D20190817T075157_IFCB777,2019-08-17 07:51:57+00:00,777,4.596474216666667,,,,,,,,1292,,2,0
nwfsc_pacific_hake_survey,D20190817T081626_IFCB777,2019-08-17 08:16:26+00:00,777,4.5117149874999996,,,,,,,,1556,,2,0
nwfsc_pacific_hake_survey,D20190817T084056_IFCB777,2019-08-17 08:40:56+00:00,777,4.540908454166667,,,,,,,,1492,,2,0
nwfsc_pacific_hake_survey,D20190817T090526_IFCB777,2019-08-17 09:05:26+00:00,777,4.471241970833334,,,,,,,,1740,,2,0
nwfsc_pacific_hake_survey,D20190817T092954_IFCB777,2019-08-17 09:29:54+00:00,777,4.305887587499999,,,,,,,,2251,,2,0
nwfsc_pacific_hake_survey,D20190817T095424_IFCB777,2019-08-17 09:54:24+00:00,777,4.487838245833333,,,,,,,,1669,,2,0
nwfsc_pacific_hake_survey,D20190817T101854_IFCB777,2019-08-17 10:18:54+00:00,777,4.0777553625,,,,,,,,3021,,2,0
nwfsc_pacific_hake_survey,D20190817T104323_IFCB777,2019-08-17 10:43:23+00:00,777,3.9913501416666666,,,,,,,,3333,,2,0
nwfsc_pacific_hake_survey,D20190817T110753_IFCB777,2019-08-17 11:07:53+00:00,777,4.325502258333333,,,,,,,,2216,,2,0
nwfsc_pacific_hake_survey,D20190817T113222_IFCB777,2019-08-17 11:32:22+00:00,777,3.764923633333333,,,,,,,,4171,,2,0
nwfsc_pacific_hake_survey,D20190817T115652_IFCB777,2019-08-17 11:56:52+00:00,777,4.549015191666666,,,,,,,,1467,,2,0
nwfsc_pacific_hake_survey,D20190817T122122_IFCB777,2019-08-17 12:21:22+00:00,777,4.0169878375,,,,,,,,3233,,2,0
nwfsc_pacific_hake_survey,D20190817T124552_IFCB777,2019-08-17 12:45:52+00:00,777,3.0378172916666673,,,,,,,,6824,,2,0
nwfsc_pacific_hake_survey,D20190817T131022_IFCB777,2019-08-17 13:10:22+00:00,777,4.562097729166667,,,,,,,,1419,,2,0
nwfsc_pacific_hake_survey,D20190817T133452_IFCB777,2019-08-17 13:34:52+00:00,777,4.599106841666667,,,,,,,,1284,,2,0
nwfsc_pacific_hake_survey,D20190817T135921_IFCB777,2019-08-17 13:59:21+00:00,777,4.188440891666667,,,,,,,,2655,,2,0
nwfsc_pacific_hake_survey,D20190817T144829_IFCB777,2019-08-17 14:48:29+00:00,777,4.188622920833334,,,,,,,,2690,,2,0
nwfsc_pacific_hake_survey,D20190817T151259_IFCB777,2019-08-17 15:12:59+00:00,777,4.405539379166667,,,,,,,,1910,,2,0
nwfsc_pacific_hake_survey,D20190817T153728_IFCB777,2019-08-17 15:37:28+00:00,777,4.104653908333334,,,,,,,,2914,,2,0
nwfsc_pacific_hake_survey,D20190817T160158_IFCB777,2019-08-17 16:01:58+00:00,777,4.470701491666667,,,,,,,,1702,,2,0
nwfsc_pacific_hake_survey,D20190817T162627_IFCB777,2019-08-17 16:26:27+00:00,777,4.373678558333333,,,,,,,,2091,,2,0
nwfsc_pacific_hake_survey,D20190817T165057_IFCB777,2019-08-17 16:50:57+00:00,777,4.2234310875,,,,,,,,2532,,2,0
nwfsc_pacific_hake_survey,D20190817T171527_IFCB777,2019-08-17 17:15:27+00:00,777,4.3321221875,,,,,,,,2161,,2,0
nwfsc_pacific_hake_survey,D20190817T173956_IFCB777,2019-08-17 17:39:56+00:00,777,3.7983357416666665,,,,,,,,4010,,2,0
nwfsc_pacific_hake_survey,D20190817T180426_IFCB777,2019-08-17 18:04:26+00:00,777,4.036689183333333,,,,,,,,3163,,2,0
nwfsc_pacific_hake_survey,D20190817T182855_IFCB777,2019-08-17 18:28:55+00:00,777,4.627596716666667,,,,,,,,1098,,2,0
nwfsc_pacific_hake_survey,D20190817T185324_IFCB777,2019-08-17 18:53:24+00:00,777,4.527171991666666,,,,,,,,1467,,2,0
nwfsc_pacific_hake_survey,D20190817T191754_IFCB777,2019-08-17 19:17:54+00:00,777,4.740827404166667,,,,,,,,798,,2,0
nwfsc_pacific_hake_survey,D20190817T194223_IFCB777,2019-08-17 19:42:23+00:00,777,4.550836974999999,,,,,,,,1465,,2,0
nwfsc_pacific_hake_survey,D20190817T200653_IFCB777,2019-08-17 20:06:53+00:00,777,4.560994879166667,,,,,,,,1386,,2,0
nwfsc_pacific_hake_survey,D20190817T203121_IFCB777,2019-08-17 20:31:21+00:00,777,3.770101816666666,,,,,,,,4078,,2,0
nwfsc_pacific_hake_survey,D20190817T205551_IFCB777,2019-08-17 20:55:51+00:00,777,4.3067136125,,,,,,,,2303,,2,0
nwfsc_pacific_hake_survey,D20190817T212021_IFCB777,2019-08-17 21:20:21+00:00,777,3.846611083333334,,,,,,,,3820,,2,0
nwfsc_pacific_hake_survey,D20190817T214451_IFCB777,2019-08-17 21:44:51+00:00,777,4.383261399999999,,,,,,,,1935,,2,0
nwfsc_pacific_hake_survey,D20190817T220920_IFCB777,2019-08-17 22:09:20+00:00,777,4.318213200000001,,,,,,,,2281,,2,0
nwfsc_pacific_hake_survey,D20190817T223350_IFCB777,2019-08-17 22:33:50+00:00,777,4.2937240999999995,,,,,,,,2328,,2,0
nwfsc_pacific_hake_survey,D20190817T225819_IFCB777,2019-08-17 22:58:19+00:00,777,4.379295545833333,,,,,,,,2004,,2,0
nwfsc_pacific_hake_survey,D20190817T232249_IFCB777,2019-08-17 23:22:49+00:00,777,4.382350904166667,,,,,,,,2040,,2,0
nwfsc_pacific_hake_survey,D20190817T234718_IFCB777,2019-08-17 23:47:18+00:00,777,4.127726841666667,,,,,,,,2743,,2,0
nwfsc_pacific_hake_survey,D20190818T001148_IFCB777,2019-08-18 00:11:48+00:00,777,3.978394820833333,,,,,,,,3361,,2,0
nwfsc_pacific_hake_survey,D20190818T003617_IFCB777,2019-08-18 00:36:17+00:00,777,2.9682740166666663,,,,,,,,6888,,2,0
nwfsc_pacific_hake_survey,D20190818T010048_IFCB777,2019-08-18 01:00:48+00:00,777,4.364303141666667,,,,,,,,2097,,2,0
nwfsc_pacific_hake_survey,D20190818T012518_IFCB777,2019-08-18 01:25:18+00:00,777,4.564073279166667,,,,,,,,1341,,2,0
nwfsc_pacific_hake_survey,D20190818T014947_IFCB777,2019-08-18 01:49:47+00:00,777,4.558876108333333,,,,,,,,1250,,2,0
nwfsc_pacific_hake_survey,D20190818T021417_IFCB777,2019-08-18 02:14:17+00:00,777,4.8899348875,,,,,,,,283,,2,0
nwfsc_pacific_hake_survey,D20190818T023846_IFCB777,2019-08-18 02:38:46+00:00,777,4.892915129166666,,,,,,,,221,,2,0
nwfsc_pacific_hake_survey,D20190818T032753_IFCB777,2019-08-18 03:27:53+00:00,777,4.94614475,,,,,,,,115,,2,0
nwfsc_pacific_hake_survey,D20190818T035222_IFCB777,2019-08-18 03:52:22+00:00,777,4.943388258333333,,,,,,,,94,,2,0
nwfsc_pacific_hake_survey,D20190818T041652_IFCB777,2019-08-18 04:16:52+00:00,777,4.846230575000001,,,,,,,,85,,2,0
nwfsc_pacific_hake_survey,D20190818T044121_IFCB777,2019-08-18 04:41:21+00:00,777,4.8608804125,,,,,,,,61,,2,0
nwfsc_pacific_hake_survey,D20190818T050550_IFCB777,2019-08-18 05:05:50+00:00,777,4.95624615,,,,,,,,66,,2,0
nwfsc_pacific_hake_survey,D20190818T053020_IFCB777,2019-08-18 05:30:20+00:00,777,4.8146696958333335,,,,,,,,69,,2,0
nwfsc_pacific_hake_survey,D20190818T055449_IFCB777,2019-08-18 05:54:49+00:00,777,4.911390179166667,,,,,,,,101,,2,0
nwfsc_pacific_hake_survey,D20190818T061919_IFCB777,2019-08-18 06:19:19+00:00,777,4.9225230125,,,,,,,,82,,2,0
nwfsc_pacific_hake_survey,D20190818T064348_IFCB777,2019-08-18 06:43:48+00:00,777,4.773471816666667,,,,,,,,70,,2,0
nwfsc_pacific_hake_survey,D20190818T070818_IFCB777,2019-08-18 07:08:18+00:00,777,4.829905654166667,,,,,,,,121,,2,0
nwfsc_pacific_hake_survey,D20190818T073247_IFCB777,2019-08-18 07:32:47+00:00,777,4.918346075,,,,,,,,101,,2,0
nwfsc_pacific_hake_survey,D20190818T075716_IFCB777,2019-08-18 07:57:16+00:00,777,4.7817956666666666,,,,,,,,607,,2,0
nwfsc_pacific_hake_survey,D20190818T082146_IFCB777,2019-08-18 08:21:46+00:00,777,4.615855045833333,,,,,,,,1192,,2,0
nwfsc_pacific_hake_survey,D20190818T084615_IFCB777,2019-08-18 08:46:15+00:00,777,4.641686966666667,,,,,,,,1133,,2,0
nwfsc_pacific_hake_survey,D20190818T091045_IFCB777,2019-08-18 09:10:45+00:00,777,4.865579091666667,,,,,,,,109,,2,0
nwfsc_pacific_hake_survey,D20190818T093514_IFCB777,2019-08-18 09:35:14+00:00,777,4.558042433333333,,,,,,,,91,,2,0
nwfsc_pacific_hake_survey,D20190818T095944_IFCB777,2019-08-18 09:59:44+00:00,777,4.9382667375,,,,,,,,95,,2,0
nwfsc_pacific_hake_survey,D20190818T102413_IFCB777,2019-08-18 10:24:13+00:00,777,4.9082990083333335,,,,,,,,78,,2,0
nwfsc_pacific_hake_survey,D20190818T104842_IFCB777,2019-08-18 10:48:42+00:00,777,4.895856912499999,,,,,,,,64,,2,0
nwfsc_pacific_hake_survey,D20190818T111312_IFCB777,2019-08-18 11:13:12+00:00,777,4.95479525,,,,,,,,80,,2,0
nwfsc_pacific_hake_survey,D20190818T113741_IFCB777,2019-08-18 11:37:41+00:00,777,4.942459320833334,,,,,,,,63,,2,0
nwfsc_pacific_hake_survey,D20190818T120210_IFCB777,2019-08-18 12:02:10+00:00,777,4.854746337500001,,,,,,,,57,,2,0
nwfsc_pacific_hake_survey,D20190818T122640_IFCB777,2019-08-18 12:26:40+00:00,777,4.8317173208333335,,,,,,,,75,,2,0
nwfsc_pacific_hake_survey,D20190818T125109_IFCB777,2019-08-18 12:51:09+00:00,777,4.906877604166667,,,,,,,,56,,2,0
nwfsc_pacific_hake_survey,D20190818T131539_IFCB777,2019-08-18 13:15:39+00:00,777,4.5177163,,,,,,,,57,,2,0
nwfsc_pacific_hake_survey,D20190818T134008_IFCB777,2019-08-18 13:40:08+00:00,777,4.930291891666667,,,,,,,,49,,2,0
nwfsc_pacific_hake_survey,D20190818T140437_IFCB777,2019-08-18 14:04:37+00:00,777,4.921937400000001,,,,,,,,64,,2,0
nwfsc_pacific_hake_survey,D20190818T142907_IFCB777,2019-08-18 14:29:07+00:00,777,4.796559841666666,,,,,,,,43,,2,0
nwfsc_pacific_hake_survey,D20190818T145336_IFCB777,2019-08-18 14:53:36+00:00,777,4.9662006125,,,,,,,,48,,2,0
nwfsc_pacific_hake_survey,D20190818T151806_IFCB777,2019-08-18 15:18:06+00:00,777,4.9165074749999995,,,,,,,,70,,2,0
nwfsc_pacific_hake_survey,D20190818T160712_IFCB777,2019-08-18 16:07:12+00:00,777,4.948925408333333,,,,,,,,87,,2,0
nwfsc_pacific_hake_survey,D20190818T163142_IFCB777,2019-08-18 16:31:42+00:00,777,4.960994691666667,,,,,,,,65,,2,0
nwfsc_pacific_hake_survey,D20190818T165611_IFCB777,2019-08-18 16:56:11+00:00,777,4.827518637500001,,,,,,,,75,,2,0
nwfsc_pacific_hake_survey,D20190818T172041_IFCB777,2019-08-18 17:20:41+00:00,777,4.9149130874999996,,,,,,,,80,,2,0
nwfsc_pacific_hake_survey,D20190818T174510_IFCB777,2019-08-18 17:45:10+00:00,777,4.909070150000001,,,,,,,,118,,2,0
nwfsc_pacific_hake_survey,D20190818T180940_IFCB777,2019-08-18 18:09:40+00:00,777,4.920246187499999,,,,,,,,106,,2,0
nwfsc_pacific_hake_survey,D20190818T183409_IFCB777,2019-08-18 18:34:09+00:00,777,4.672012249999999,,,,,,,,997,,2,0
nwfsc_pacific_hake_survey,D20190818T185838_IFCB777,2019-08-18 18:58:38+00:00,777,4.8051278375,,,,,,,,589,,2,0
nwfsc_pacific_hake_survey,D20190818T192308_IFCB777,2019-08-18 19:23:08+00:00,777,4.148917904166667,,,,,,,,2812,,2,0
nwfsc_pacific_hake_survey,D20190818T194738_IFCB777,2019-08-18 19:47:38+00:00,777,4.78852815,,,,,,,,651,,2,0
nwfsc_pacific_hake_survey,D20190818T201207_IFCB777,2019-08-18 20:12:07+00:00,777,4.812018525,,,,,,,,575,,2,0
nwfsc_pacific_hake_survey,D20190818T203637_IFCB777,2019-08-18 20:36:37+00:00,777,4.788009395833333,,,,,,,,640,,2,0
nwfsc_pacific_hake_survey,D20190818T210106_IFCB777,2019-08-18 21:01:06+00:00,777,4.761672179166667,,,,,,,,687,,2,0
nwfsc_pacific_hake_survey,D20190818T212536_IFCB777,2019-08-18 21:25:36+00:00,777,3.6714019916666674,,,,,,,,4404,,2,0
nwfsc_pacific_hake_survey,D20190818T215006_IFCB777,2019-08-18 21:50:06+00:00,777,3.8468268875,,,,,,,,3749,,2,0
nwfsc_pacific_hake_survey,D20190818T221435_IFCB777,2019-08-18 22:14:35+00:00,777,3.309429695833333,,,,,,,,5686,,2,0
nwfsc_pacific_hake_survey,D20190818T223906_IFCB777,2019-08-18 22:39:06+00:00,777,3.486437566666667,,,,,,,,5127,,2,0
nwfsc_pacific_hake_survey,D20190818T230336_IFCB777,2019-08-18 23:03:36+00:00,777,3.23947195,,,,,,,,5976,,2,0
nwfsc_pacific_hake_survey,D20190818T232806_IFCB777,2019-08-18 23:28:06+00:00,777,3.2148935375000005,,,,,,,,6077,,2,0
nwfsc_pacific_hake_survey,D20190818T235237_IFCB777,2019-08-18 23:52:37+00:00,777,3.499446895833333,,,,,,,,5075,,2,0
nwfsc_pacific_hake_survey,D20190819T001707_IFCB777,2019-08-19 00:17:07+00:00,777,3.6094431250000003,,,,,,,,4762,,2,0
nwfsc_pacific_hake_survey,D20190819T004137_IFCB777,2019-08-19 00:41:37+00:00,777,3.854964129166666,,,,,,,,3505,,2,0
nwfsc_pacific_hake_survey,D20190819T010607_IFCB777,2019-08-19 01:06:07+00:00,777,4.43743345,,,,,,,,1843,,2,0
nwfsc_pacific_hake_survey,D20190819T013037_IFCB777,2019-08-19 01:30:37+00:00,777,3.6230927625,,,,,,,,4569,,2,0
nwfsc_pacific_hake_survey,D20190819T015507_IFCB777,2019-08-19 01:55:07+00:00,777,4.083108904166667,,,,,,,,2999,,2,0
nwfsc_pacific_hake_survey,D20190819T021936_IFCB777,2019-08-19 02:19:36+00:00,777,3.462209058333334,,,,,,,,5099,,2,0
nwfsc_pacific_hake_survey,D20190819T024406_IFCB777,2019-08-19 02:44:06+00:00,777,4.606042345833333,,,,,,,,1255,,2,0
nwfsc_pacific_hake_survey,D20190819T030836_IFCB777,2019-08-19 03:08:36+00:00,777,4.832748445833333,,,,,,,,518,,2,0
nwfsc_pacific_hake_survey,D20190819T033305_IFCB777,2019-08-19 03:33:05+00:00,777,4.857997875,,,,,,,,387,,2,0
nwfsc_pacific_hake_survey,D20190819T035734_IFCB777,2019-08-19 03:57:34+00:00,777,4.879286491666666,,,,,,,,288,,2,0
nwfsc_pacific_hake_survey,D20190819T044641_IFCB777,2019-08-19 04:46:41+00:00,777,4.933747929166667,,,,,,,,130,,2,0
nwfsc_pacific_hake_survey,D20190819T051111_IFCB777,2019-08-19 05:11:11+00:00,777,4.932686729166666,,,,,,,,126,,2,0
nwfsc_pacific_hake_survey,D20190819T053540_IFCB777,2019-08-19 05:35:40+00:00,777,4.8776942625,,,,,,,,122,,2,0
nwfsc_pacific_hake_survey,D20190819T060009_IFCB777,2019-08-19 06:00:09+00:00,777,4.809709075,,,,,,,,86,,2,0
nwfsc_pacific_hake_survey,D20190819T062439_IFCB777,2019-08-19 06:24:39+00:00,777,4.827975070833333,,,,,,,,102,,2,0
nwfsc_pacific_hake_survey,D20190819T064908_IFCB777,2019-08-19 06:49:08+00:00,777,4.89769815,,,,,,,,103,,2,0
nwfsc_pacific_hake_survey,D20190819T071337_IFCB777,2019-08-19 07:13:37+00:00,777,4.936219879166667,,,,,,,,98,,2,0
nwfsc_pacific_hake_survey,D20190819T073807_IFCB777,2019-08-19 07:38:07+00:00,777,4.956826941666667,,,,,,,,77,,2,0
nwfsc_pacific_hake_survey,D20190819T080236_IFCB777,2019-08-19 08:02:36+00:00,777,4.893497033333333,,,,,,,,95,,2,0
nwfsc_pacific_hake_survey,D20190819T082706_IFCB777,2019-08-19 08:27:06+00:00,777,4.952774125,,,,,,,,81,,2,0
nwfsc_pacific_hake_survey,D20190819T085135_IFCB777,2019-08-19 08:51:35+00:00,777,4.889134970833333,,,,,,,,89,,2,0
nwfsc_pacific_hake_survey,D20190819T091604_IFCB777,2019-08-19 09:16:04+00:00,777,4.9597852541666665,,,,,,,,82,,2,0
nwfsc_pacific_hake_survey,D20190819T094034_IFCB777,2019-08-19 09:40:34+00:00,777,4.785703262499999,,,,,,,,84,,2,0
nwfsc_pacific_hake_survey,D20190819T100503_IFCB777,2019-08-19 10:05:03+00:00,777,4.951480804166666,,,,,,,,63,,2,0
nwfsc_pacific_hake_survey,D20190819T102933_IFCB777,2019-08-19 10:29:33+00:00,777,4.887041525,,,,,,,,74,,2,0
nwfsc_pacific_hake_survey,D20190819T105402_IFCB777,2019-08-19 10:54:02+00:00,777,4.640944858333333,,,,,,,,67,,2,0
nwfsc_pacific_hake_survey,D20190819T111831_IFCB777,2019-08-19 11:18:31+00:00,777,4.9288562208333335,,,,,,,,62,,2,0
nwfsc_pacific_hake_survey,D20190819T114301_IFCB777,2019-08-19 11:43:01+00:00,777,4.924528275,,,,,,,,60,,2,0
nwfsc_pacific_hake_survey,D20190819T120730_IFCB777,2019-08-19 12:07:30+00:00,777,4.8894499625,,,,,,,,60,,2,0
nwfsc_pacific_hake_survey,D20190819T123159_IFCB777,2019-08-19 12:31:59+00:00,777,4.942991591666667,,,,,,,,94,,2,0
nwfsc_pacific_hake_survey,D20190819T125629_IFCB777,2019-08-19 12:56:29+00:00,777,4.855187716666666,,,,,,,,69,,2,0
nwfsc_pacific_hake_survey,D20190819T132058_IFCB777,2019-08-19 13:20:58+00:00,777,4.898317145833333,,,,,,,,53,,2,0
nwfsc_pacific_hake_survey,D20190819T134528_IFCB777,2019-08-19 13:45:28+00:00,777,4.886714304166666,,,,,,,,63,,2,0
nwfsc_pacific_hake_survey,D20190819T140957_IFCB777,2019-08-19 14:09:57+00:00,777,4.942730375,,,,,,,,122,,2,0
nwfsc_pacific_hake_survey,D20190819T143426_IFCB777,2019-08-19 14:34:26+00:00,777,4.871042904166667,,,,,,,,74,,2,0
nwfsc_pacific_hake_survey,D20190819T145856_IFCB777,2019-08-19 14:58:56+00:00,777,4.9007416458333335,,,,,,,,86,,2,0
nwfsc_pacific_hake_survey,D20190819T152325_IFCB777,2019-08-19 15:23:25+00:00,777,4.907012129166666,,,,,,,,79,,2,0
nwfsc_pacific_hake_survey,D20190819T154754_IFCB777,2019-08-19 15:47:54+00:00,777,4.933866633333333,,,,,,,,132,,2,0
nwfsc_pacific_hake_survey,D20190819T161224_IFCB777,2019-08-19 16:12:24+00:00,777,4.928857395833333,,,,,,,,72,,2,0
nwfsc_pacific_hake_survey,D20190819T163653_IFCB777,2019-08-19 16:36:53+00:00,777,4.9249359875000005,,,,,,,,54,,2,0
nwfsc_pacific_hake_survey,D20190819T172600_IFCB777,2019-08-19 17:26:00+00:00,777,4.882740308333334,,,,,,,,43,,2,0
nwfsc_pacific_hake_survey,D20190819T175029_IFCB777,2019-08-19 17:50:29+00:00,777,4.904515054166667,,,,,,,,49,,2,0
nwfsc_pacific_hake_survey,D20190819T181459_IFCB777,2019-08-19 18:14:59+00:00,777,4.8955866875,,,,,,,,58,,2,0
nwfsc_pacific_hake_survey,D20190819T183928_IFCB777,2019-08-19 18:39:28+00:00,777,4.863113541666666,,,,,,,,212,,2,0
nwfsc_pacific_hake_survey,D20190819T190358_IFCB777,2019-08-19 19:03:58+00:00,777,4.898564479166667,,,,,,,,199,,2,0
nwfsc_pacific_hake_survey,D20190819T192827_IFCB777,2019-08-19 19:28:27+00:00,777,4.861193120833334,,,,,,,,376,,2,0
nwfsc_pacific_hake_survey,D20190819T195256_IFCB777,2019-08-19 19:52:56+00:00,777,4.866378229166667,,,,,,,,292,,2,0
nwfsc_pacific_hake_survey,D20190819T201726_IFCB777,2019-08-19 20:17:26+00:00,777,4.904275554166667,,,,,,,,262,,2,0
nwfsc_pacific_hake_survey,D20190819T204155_IFCB777,2019-08-19 20:41:55+00:00,777,4.825481979166667,,,,,,,,447,,2,0
nwfsc_pacific_hake_survey,D20190819T210624_IFCB777,2019-08-19 21:06:24+00:00,777,4.872019416666666,,,,,,,,347,,2,0
nwfsc_pacific_hake_survey,D20190819T213054_IFCB777,2019-08-19 21:30:54+00:00,777,4.857375308333333,,,,,,,,319,,2,0
nwfsc_pacific_hake_survey,D20190819T215523_IFCB777,2019-08-19 21:55:23+00:00,777,4.3931262124999995,,,,,,,,1928,,2,0
nwfsc_pacific_hake_survey,D20190819T221953_IFCB777,2019-08-19 22:19:53+00:00,777,4.681999904166667,,,,,,,,994,,2,0
nwfsc_pacific_hake_survey,D20190819T224422_IFCB777,2019-08-19 22:44:22+00:00,777,4.355895241666667,,,,,,,,2133,,2,0
nwfsc_pacific_hake_survey,D20190819T230852_IFCB777,2019-08-19 23:08:52+00:00,777,4.341841970833333,,,,,,,,2213,,2,0
nwfsc_pacific_hake_survey,D20190819T233321_IFCB777,2019-08-19 23:33:21+00:00,777,4.425179858333333,,,,,,,,1667,,2,0
nwfsc_pacific_hake_survey,D20190819T235751_IFCB777,2019-08-19 23:57:51+00:00,777,4.785666216666667,,,,,,,,636,,2,0
nwfsc_pacific_hake_survey,D20190820T002220_IFCB777,2019-08-20 00:22:20+00:00,777,4.443976491666667,,,,,,,,1819,,2,0
nwfsc_pacific_hake_survey,D20190820T004650_IFCB777,2019-08-20 00:46:50+00:00,777,4.390190925,,,,,,,,2004,,2,0
nwfsc_pacific_hake_survey,D20190820T011119_IFCB777,2019-08-20 01:11:19+00:00,777,4.311272420833333,,,,,,,,2244,,2,0
nwfsc_pacific_hake_survey,D20190820T013549_IFCB777,2019-08-20 01:35:49+00:00,777,4.0843040875,,,,,,,,3026,,2,0
nwfsc_pacific_hake_survey,D20190820T020018_IFCB777,2019-08-20 02:00:18+00:00,777,4.322609708333332,,,,,,,,2206,,2,0
nwfsc_pacific_hake_survey,D20190820T022448_IFCB777,2019-08-20 02:24:48+00:00,777,4.314286945833333,,,,,,,,2207,,2,0
nwfsc_pacific_hake_survey,D20190820T024917_IFCB777,2019-08-20 02:49:17+00:00,777,4.0630134625,,,,,,,,3125,,2,0
nwfsc_pacific_hake_survey,D20190820T031347_IFCB777,2019-08-20 03:13:47+00:00,777,4.390293799999999,,,,,,,,1995,,2,0
nwfsc_pacific_hake_survey,D20190820T033817_IFCB777,2019-08-20 03:38:17+00:00,777,4.683185483333333,,,,,,,,976,,2,0
nwfsc_pacific_hake_survey,D20190820T040246_IFCB777,2019-08-20 04:02:46+00:00,777,4.7156150708333335,,,,,,,,893,,2,0
nwfsc_pacific_hake_survey,D20190820T042716_IFCB777,2019-08-20 04:27:16+00:00,777,4.549365516666667,,,,,,,,1439,,2,0
nwfsc_pacific_hake_survey,D20190820T045145_IFCB777,2019-08-20 04:51:45+00:00,777,4.367908420833333,,,,,,,,2042,,2,0
nwfsc_pacific_hake_survey,D20190820T051615_IFCB777,2019-08-20 05:16:15+00:00,777,4.603590858333334,,,,,,,,1253,,2,0
nwfsc_pacific_hake_survey,D20190820T060521_IFCB777,2019-08-20 06:05:21+00:00,777,4.604896545833332,,,,,,,,1241,,2,0
nwfsc_pacific_hake_survey,D20190820T062951_IFCB777,2019-08-20 06:29:51+00:00,777,4.6334847,,,,,,,,1172,,2,0
nwfsc_pacific_hake_survey,D20190820T065421_IFCB777,2019-08-20 06:54:21+00:00,777,4.6563614625000005,,,,,,,,1099,,2,0
nwfsc_pacific_hake_survey,D20190820T071850_IFCB777,2019-08-20 07:18:50+00:00,777,4.635847279166667,,,,,,,,1143,,2,0
nwfsc_pacific_hake_survey,D20190820T074320_IFCB777,2019-08-20 07:43:20+00:00,777,4.5440486125,,,,,,,,1463,,2,0
nwfsc_pacific_hake_survey,D20190820T080749_IFCB777,2019-08-20 08:07:49+00:00,777,4.333219645833333,,,,,,,,2151,,2,0
nwfsc_pacific_hake_survey,D20190820T083218_IFCB777,2019-08-20 08:32:18+00:00,777,4.330537429166666,,,,,,,,2193,,2,0
nwfsc_pacific_hake_survey,D20190820T085647_IFCB777,2019-08-20 08:56:47+00:00,777,4.337818258333334,,,,,,,,2160,,2,0
nwfsc_pacific_hake_survey,D20190820T092117_IFCB777,2019-08-20 09:21:17+00:00,777,4.340663825000001,,,,,,,,2137,,2,0
nwfsc_pacific_hake_survey,D20190820T094546_IFCB777,2019-08-20 09:45:46+00:00,777,4.2243982749999995,,,,,,,,2506,,2,0
nwfsc_pacific_hake_survey,D20190820T101016_IFCB777,2019-08-20 10:10:16+00:00,777,4.4521227125000005,,,,,,,,1746,,2,0
nwfsc_pacific_hake_survey,D20190820T103446_IFCB777,2019-08-20 10:34:46+00:00,777,4.335489791666666,,,,,,,,2172,,2,0
nwfsc_pacific_hake_survey,D20190820T105915_IFCB777,2019-08-20 10:59:15+00:00,777,4.466127279166667,,,,,,,,1726,,2,0
nwfsc_pacific_hake_survey,D20190820T112345_IFCB777,2019-08-20 11:23:45+00:00,777,4.840345741666667,,,,,,,,494,,2,0
nwfsc_pacific_hake_survey,D20190820T114814_IFCB777,2019-08-20 11:48:14+00:00,777,4.818762141666666,,,,,,,,541,,2,0
nwfsc_pacific_hake_survey,D20190820T121243_IFCB777,2019-08-20 12:12:43+00:00,777,4.803958241666666,,,,,,,,600,,2,0
nwfsc_pacific_hake_survey,D20190820T123713_IFCB777,2019-08-20 12:37:13+00:00,777,4.794936470833333,,,,,,,,618,,2,0
nwfsc_pacific_hake_survey,D20190820T130142_IFCB777,2019-08-20 13:01:42+00:00,777,4.794956695833333,,,,,,,,630,,2,0
nwfsc_pacific_hake_survey,D20190820T132612_IFCB777,2019-08-20 13:26:12+00:00,777,4.790002633333333,,,,,,,,626,,2,0
nwfsc_pacific_hake_survey,D20210618T174446_IFCB117,2021-06-18 17:44:46+00:00,117,2.102133183333333,,,,,,,,106,,2,0
nwfsc_pacific_hake_survey,D20210628T160400_IFCB117,2021-06-28 16:04:00+00:00,117,4.1028437958333335,,,,,,,,30,,2,0
nwfsc_pacific_hake_survey,D20210628T162448_IFCB117,2021-06-28 16:24:48+00:00,117,4.9064344166666665,,,,,,,,18,,2,0
nwfsc_pacific_hake_survey,D20210628T164830_IFCB117,2021-06-28 16:48:30+00:00,117,3.725589304166667,,,,,,,,12,,2,0
nwfsc_pacific_hake_survey,D20210628T171212_IFCB117,2021-06-28 17:12:12+00:00,117,4.357159758333333,,,,,,,,14,,2,0
nwfsc_pacific_hake_survey,D20210628T173554_IFCB117,2021-06-28 17:35:54+00:00,117,4.7484876,,,,,,,,15,,2,0
nwfsc_pacific_hake_survey,D20210628T175937_IFCB117,2021-06-28 17:59:37+00:00,117,1.3928530541666668,,,,,,,,2,,2,0
nwfsc_pacific_hake_survey,D20210628T182319_IFCB117,2021-06-28 18:23:19+00:00,117,4.6907223375000004,,,,,,,,11,,2,0
nwfsc_pacific_hake_survey,D20210628T184701_IFCB117,2021-06-28 18:47:01+00:00,117,4.797430820833333,,,,,,,,14,,2,0
nwfsc_pacific_hake_survey,D20210628T191043_IFCB117,2021-06-28 19:10:43+00:00,117,3.9733640500000003,,,,,,,,8,,2,0
nwfsc_pacific_hake_survey,D20210628T193425_IFCB117,2021-06-28 19:34:25+00:00,117,4.695155029166667,,,,,,,,8,,2,0
nwfsc_pacific_hake_survey,D20210628T195807_IFCB117,2021-06-28 19:58:07+00:00,117,4.938947275,,,,,,,,12,,2,0
nwfsc_pacific_hake_survey,D20210628T202150_IFCB117,2021-06-28 20:21:50+00:00,117,4.646443470833333,,,,,,,,81,,2,0
nwfsc_pacific_hake_survey,D20210628T204533_IFCB117,2021-06-28 20:45:33+00:00,117,4.8173023375,,,,,,,,58,,2,0
nwfsc_pacific_hake_survey,D20210628T210914_IFCB117,2021-06-28 21:09:14+00:00,117,4.871823820833333,,,,,,,,40,,2,0
nwfsc_pacific_hake_survey,D20210628T213256_IFCB117,2021-06-28 21:32:56+00:00,117,4.8515968625,,,,,,,,28,,2,0
nwfsc_pacific_hake_survey,D20210628T215638_IFCB117,2021-06-28 21:56:38+00:00,117,4.522769758333333,,,,,,,,24,,2,0
nwfsc_pacific_hake_survey,D20210628T222020_IFCB117,2021-06-28 22:20:20+00:00,117,4.756192075,,,,,,,,52,,2,0
nwfsc_pacific_hake_survey,D20210628T224402_IFCB117,2021-06-28 22:44:02+00:00,117,4.622115720833333,,,,,,,,33,,2,0
nwfsc_pacific_hake_survey,D20210628T230744_IFCB117,2021-06-28 23:07:44+00:00,117,4.537582829166666,,,,,,,,46,,2,0
nwfsc_pacific_hake_survey,D20210628T233126_IFCB117,2021-06-28 23:31:26+00:00,117,4.510822808333333,,,,,,,,14,,2,0
nwfsc_pacific_hake_survey,D20210628T235507_IFCB117,2021-06-28 23:55:07+00:00,117,4.479725958333333,,,,,,,,8,,2,0
nwfsc_pacific_hake_survey,D20210629T001849_IFCB117,2021-06-29 00:18:49+00:00,117,4.805778645833334,,,,,,,,25,,2,0
nwfsc_pacific_hake_survey,D20210629T004231_IFCB117,2021-06-29 00:42:31+00:00,117,4.550378070833333,,,,,,,,17,,2,0
nwfsc_pacific_hake_survey,D20210629T010613_IFCB117,2021-06-29 01:06:13+00:00,117,4.683383154166666,,,,,,,,24,,2,0
nwfsc_pacific_hake_survey,D20210629T012955_IFCB117,2021-06-29 01:29:55+00:00,117,4.7906077625,,,,,,,,22,,2,0
nwfsc_pacific_hake_survey,D20210629T015337_IFCB117,2021-06-29 01:53:37+00:00,117,4.737829008333334,,,,,,,,15,,2,0
nwfsc_pacific_hake_survey,D20210629T021720_IFCB117,2021-06-29 02:17:20+00:00,117,4.88889265,,,,,,,,23,,2,0
nwfsc_pacific_hake_survey,D20210629T024101_IFCB117,2021-06-29 02:41:01+00:00,117,4.8532143375,,,,,,,,22,,2,0
nwfsc_pacific_hake_survey,D20210629T030443_IFCB117,2021-06-29 03:04:43+00:00,117,4.955430529166666,,,,,,,,20,,2,0
nwfsc_pacific_hake_survey,D20210629T032825_IFCB117,2021-06-29 03:28:25+00:00,117,4.816333858333334,,,,,,,,29,,2,0
nwfsc_pacific_hake_survey,D20210629T035207_IFCB117,2021-06-29 03:52:07+00:00,117,4.8406729083333335,,,,,,,,33,,2,0
nwfsc_pacific_hake_survey,D20210629T041549_IFCB117,2021-06-29 04:15:49+00:00,117,4.598804245833334,,,,,,,,14,,2,0
nwfsc_pacific_hake_survey,D20210629T043930_IFCB117,2021-06-29 04:39:30+00:00,117,4.924232545833334,,,,,,,,20,,2,0
nwfsc_pacific_hake_survey,D20210629T050312_IFCB117,2021-06-29 05:03:12+00:00,117,4.915634795833333,,,,,,,,21,,2,0
nwfsc_pacific_hake_survey,D20210629T052654_IFCB117,2021-06-29 05:26:54+00:00,117,4.941671070833333,,,,,,,,22,,2,0
nwfsc_pacific_hake_survey,D20210629T055036_IFCB117,2021-06-29 05:50:36+00:00,117,4.592144458333333,,,,,,,,15,,2,0
nwfsc_pacific_hake_survey,D20210629T061418_IFCB117,2021-06-29 06:14:18+00:00,117,4.113518066666667,,,,,,,,80,,2,0
nwfsc_pacific_hake_survey,D20210629T063800_IFCB117,2021-06-29 06:38:00+00:00,117,4.7944463625000004,,,,,,,,42,,2,0
nwfsc_pacific_hake_survey,D20210629T070142_IFCB117,2021-06-29 07:01:42+00:00,117,4.473915754166667,,,,,,,,738,,2,0
nwfsc_pacific_hake_survey,D20210629T072524_IFCB117,2021-06-29 07:25:24+00:00,117,4.740051279166666,,,,,,,,323,,2,0
nwfsc_pacific_hake_survey,D20210629T081510_IFCB117,2021-06-29 08:15:10+00:00,117,4.768287404166667,,,,,,,,52,,2,0
nwfsc_pacific_hake_survey,D20210629T083853_IFCB117,2021-06-29 08:38:53+00:00,117,4.771016283333334,,,,,,,,20,,2,0
nwfsc_pacific_hake_survey,D20210629T090235_IFCB117,2021-06-29 09:02:35+00:00,117,4.655419470833333,,,,,,,,26,,2,0
nwfsc_pacific_hake_survey,D20210629T092617_IFCB117,2021-06-29 09:26:17+00:00,117,4.812166016666667,,,,,,,,28,,2,0
nwfsc_pacific_hake_survey,D20210629T094959_IFCB117,2021-06-29 09:49:59+00:00,117,4.893398166666667,,,,,,,,21,,2,0
nwfsc_pacific_hake_survey,D20210629T101341_IFCB117,2021-06-29 10:13:41+00:00,117,3.8459094333333335,,,,,,,,17,,2,0
nwfsc_pacific_hake_survey,D20210629T103723_IFCB117,2021-06-29 10:37:23+00:00,117,4.692156341666666,,,,,,,,29,,2,0
nwfsc_pacific_hake_survey,D20210629T110105_IFCB117,2021-06-29 11:01:05+00:00,117,3.9860836333333336,,,,,,,,16,,2,0
nwfsc_pacific_hake_survey,D20210629T112447_IFCB117,2021-06-29 11:24:47+00:00,117,4.9593417875,,,,,,,,25,,2,0
nwfsc_pacific_hake_survey,D20210629T114829_IFCB117,2021-06-29 11:48:29+00:00,117,4.8798448458333334,,,,,,,,39,,2,0
nwfsc_pacific_hake_survey,D20210629T121211_IFCB117,2021-06-29 12:12:11+00:00,117,3.963346958333333,,,,,,,,41,,2,0
nwfsc_pacific_hake_survey,D20210629T123553_IFCB117,2021-06-29 12:35:53+00:00,117,4.922574329166667,,,,,,,,57,,2,0
nwfsc_pacific_hake_survey,D20210629T125934_IFCB117,2021-06-29 12:59:34+00:00,117,4.958640670833334,,,,,,,,33,,2,0
nwfsc_pacific_hake_survey,D20210629T132316_IFCB117,2021-06-29 13:23:16+00:00,117,4.3698076625,,,,,,,,26,,2,0
nwfsc_pacific_hake_survey,D20210629T134658_IFCB117,2021-06-29 13:46:58+00:00,117,3.457623145833333,,,,,,,,10,,2,0
nwfsc_pacific_hake_survey,D20210629T141041_IFCB117,2021-06-29 14:10:41+00:00,117,4.519670775,,,,,,,,25,,2,0
nwfsc_pacific_hake_survey,D20210629T143423_IFCB117,2021-06-29 14:34:23+00:00,117,4.939851029166666,,,,,,,,32,,2,0
nwfsc_pacific_hake_survey,D20210629T145804_IFCB117,2021-06-29 14:58:04+00:00,117,4.727570425,,,,,,,,46,,2,0
nwfsc_pacific_hake_survey,D20210629T152147_IFCB117,2021-06-29 15:21:47+00:00,117,4.385656466666666,,,,,,,,63,,2,0
nwfsc_pacific_hake_survey,D20210629T154529_IFCB117,2021-06-29 15:45:29+00:00,117,4.605139704166666,,,,,,,,63,,2,0
nwfsc_pacific_hake_survey,D20210629T160911_IFCB117,2021-06-29 16:09:11+00:00,117,4.633889420833333,,,,,,,,74,,2,0
nwfsc_pacific_hake_survey,D20210629T163253_IFCB117,2021-06-29 16:32:53+00:00,117,4.866759149999999,,,,,,,,48,,2,0
nwfsc_pacific_hake_survey,D20210629T165634_IFCB117,2021-06-29 16:56:34+00:00,117,4.815524820833334,,,,,,,,37,,2,0
nwfsc_pacific_hake_survey,D20210629T172016_IFCB117,2021-06-29 17:20:16+00:00,117,4.766565829166666,,,,,,,,95,,2,0
nwfsc_pacific_hake_survey,D20210629T174358_IFCB117,2021-06-29 17:43:58+00:00,117,4.768562216666666,,,,,,,,282,,2,0
nwfsc_pacific_hake_survey,D20210629T180740_IFCB117,2021-06-29 18:07:40+00:00,117,4.857102666666666,,,,,,,,132,,2,0
nwfsc_pacific_hake_survey,D20210629T183122_IFCB117,2021-06-29 18:31:22+00:00,117,4.820039325,,,,,,,,92,,2,0
nwfsc_pacific_hake_survey,D20210629T185505_IFCB117,2021-06-29 18:55:05+00:00,117,4.913528154166666,,,,,,,,41,,2,0
nwfsc_pacific_hake_survey,D20210629T191847_IFCB117,2021-06-29 19:18:47+00:00,117,4.864011175000001,,,,,,,,35,,2,0
nwfsc_pacific_hake_survey,D20210629T194229_IFCB117,2021-06-29 19:42:29+00:00,117,4.950343695833334,,,,,,,,28,,2,0
nwfsc_pacific_hake_survey,D20210629T200611_IFCB117,2021-06-29 20:06:11+00:00,117,4.9048220125,,,,,,,,24,,2,0
nwfsc_pacific_hake_survey,D20210629T202953_IFCB117,2021-06-29 20:29:53+00:00,117,4.893370233333333,,,,,,,,31,,2,0
nwfsc_pacific_hake_survey,D20210629T205335_IFCB117,2021-06-29 20:53:35+00:00,117,4.585878537499999,,,,,,,,22,,2,0
nwfsc_pacific_hake_survey,D20210629T211717_IFCB117,2021-06-29 21:17:17+00:00,117,4.89046705,,,,,,,,16,,2,0
nwfsc_pacific_hake_survey,D20210629T214059_IFCB117,2021-06-29 21:40:59+00:00,117,4.894288929166667,,,,,,,,29,,2,0
nwfsc_pacific_hake_survey,D20210629T220442_IFCB117,2021-06-29 22:04:42+00:00,117,4.9686098833333325,,,,,,,,22,,2,0
nwfsc_pacific_hake_survey,D20210629T222824_IFCB117,2021-06-29 22:28:24+00:00,117,4.947664658333333,,,,,,,,19,,2,0
nwfsc_pacific_hake_survey,D20210629T225206_IFCB117,2021-06-29 22:52:06+00:00,117,4.7799050375,,,,,,,,18,,2,0
nwfsc_pacific_hake_survey,D20210629T231548_IFCB117,2021-06-29 23:15:48+00:00,117,4.9534637875,,,,,,,,16,,2,0
nwfsc_pacific_hake_survey,D20210629T233930_IFCB117,2021-06-29 23:39:30+00:00,117,4.921749583333333,,,,,,,,17,,2,0
nwfsc_pacific_hake_survey,D20210630T002854_IFCB117,2021-06-30 00:28:54+00:00,117,4.8141173625,,,,,,,,5,,2,0
nwfsc_pacific_hake_survey,D20210630T005236_IFCB117,2021-06-30 00:52:36+00:00,117,4.697000625,,,,,,,,15,,2,0
nwfsc_pacific_hake_survey,D20210630T011619_IFCB117,2021-06-30 01:16:19+00:00,117,4.835313395833333,,,,,,,,10,,2,0
nwfsc_pacific_hake_survey,D20210630T014001_IFCB117,2021-06-30 01:40:01+00:00,117,4.617945820833333,,,,,,,,15,,2,0
nwfsc_pacific_hake_survey,D20210630T020343_IFCB117,2021-06-30 02:03:43+00:00,117,4.946093741666667,,,,,,,,19,,2,0
nwfsc_pacific_hake_survey,D20210630T022725_IFCB117,2021-06-30 02:27:25+00:00,117,4.6873405833333335,,,,,,,,20,,2,0
nwfsc_pacific_hake_survey,D20210630T025107_IFCB117,2021-06-30 02:51:07+00:00,117,4.813230070833333,,,,,,,,23,,2,0
nwfsc_pacific_hake_survey,D20210630T031449_IFCB117,2021-06-30 03:14:49+00:00,117,4.962165329166667,,,,,,,,22,,2,0
nwfsc_pacific_hake_survey,D20210630T033831_IFCB117,2021-06-30 03:38:31+00:00,117,4.514918783333333,,,,,,,,22,,2,0
nwfsc_pacific_hake_survey,D20210630T040213_IFCB117,2021-06-30 04:02:13+00:00,117,4.693678458333334,,,,,,,,16,,2,0
nwfsc_pacific_hake_survey,D20210630T042555_IFCB117,2021-06-30 04:25:55+00:00,117,4.416373804166667,,,,,,,,17,,2,0
nwfsc_pacific_hake_survey,D20210630T044937_IFCB117,2021-06-30 04:49:37+00:00,117,2.7571904458333334,,,,,,,,21,,2,0
nwfsc_pacific_hake_survey,D20210630T051321_IFCB117,2021-06-30 05:13:21+00:00,117,4.935904937499999,,,,,,,,28,,2,0
nwfsc_pacific_hake_survey,D20210630T053703_IFCB117,2021-06-30 05:37:03+00:00,117,4.380408458333334,,,,,,,,16,,2,0
nwfsc_pacific_hake_survey,D20210630T060045_IFCB117,2021-06-30 06:00:45+00:00,117,4.9661748625,,,,,,,,18,,2,0
nwfsc_pacific_hake_survey,D20210630T062427_IFCB117,2021-06-30 06:24:27+00:00,117,4.416917125,,,,,,,,11,,2,0
nwfsc_pacific_hake_survey,D20210630T064809_IFCB117,2021-06-30 06:48:09+00:00,117,4.8707922375,,,,,,,,18,,2,0
nwfsc_pacific_hake_survey,D20210630T071152_IFCB117,2021-06-30 07:11:52+00:00,117,4.9591237125,,,,,,,,24,,2,0
nwfsc_pacific_hake_survey,D20210630T073533_IFCB117,2021-06-30 07:35:33+00:00,117,4.700550229166667,,,,,,,,70,,2,0
nwfsc_pacific_hake_survey,D20210630T075916_IFCB117,2021-06-30 07:59:16+00:00,117,4.777037491666666,,,,,,,,126,,2,0
nwfsc_pacific_hake_survey,D20210630T082258_IFCB117,2021-06-30 08:22:58+00:00,117,4.7726762875,,,,,,,,65,,2,0
nwfsc_pacific_hake_survey,D20210630T084641_IFCB117,2021-06-30 08:46:41+00:00,117,4.841528491666666,,,,,,,,36,,2,0
nwfsc_pacific_hake_survey,D20210630T091023_IFCB117,2021-06-30 09:10:23+00:00,117,4.644300554166667,,,,,,,,21,,2,0
nwfsc_pacific_hake_survey,D20210630T093405_IFCB117,2021-06-30 09:34:05+00:00,117,4.779071245833333,,,,,,,,26,,2,0
nwfsc_pacific_hake_survey,D20210630T095747_IFCB117,2021-06-30 09:57:47+00:00,117,4.469275662499999,,,,,,,,17,,2,0
nwfsc_pacific_hake_survey,D20210630T102129_IFCB117,2021-06-30 10:21:29+00:00,117,4.1013304125,,,,,,,,12,,2,0
nwfsc_pacific_hake_survey,D20210630T104511_IFCB117,2021-06-30 10:45:11+00:00,117,4.649718008333334,,,,,,,,12,,2,0
nwfsc_pacific_hake_survey,D20210630T110853_IFCB117,2021-06-30 11:08:53+00:00,117,4.798065737499999,,,,,,,,15,,2,0
nwfsc_pacific_hake_survey,D20210630T113234_IFCB117,2021-06-30 11:32:34+00:00,117,4.719375333333334,,,,,,,,42,,2,0
nwfsc_pacific_hake_survey,D20210630T115616_IFCB117,2021-06-30 11:56:16+00:00,117,4.817975883333333,,,,,,,,230,,2,0
nwfsc_pacific_hake_survey,D20210630T121958_IFCB117,2021-06-30 12:19:58+00:00,117,4.415954950000001,,,,,,,,893,,2,0
nwfsc_pacific_hake_survey,D20210630T124341_IFCB117,2021-06-30 12:43:41+00:00,117,3.883401366666667,,,,,,,,1731,,2,0
nwfsc_pacific_hake_survey,D20210630T130723_IFCB117,2021-06-30 13:07:23+00:00,117,3.9257617791666672,,,,,,,,1683,,2,0
nwfsc_pacific_hake_survey,D20210630T133105_IFCB117,2021-06-30 13:31:05+00:00,117,3.7957439125,,,,,,,,1883,,2,0
nwfsc_pacific_hake_survey,D20210630T135447_IFCB117,2021-06-30 13:54:47+00:00,117,3.6789034750000003,,,,,,,,2071,,2,0
nwfsc_pacific_hake_survey,D20210630T141830_IFCB117,2021-06-30 14:18:30+00:00,117,3.862490958333333,,,,,,,,1766,,2,0
nwfsc_pacific_hake_survey,D20210630T144212_IFCB117,2021-06-30 14:42:12+00:00,117,4.1196476791666665,,,,,,,,1361,,2,0
nwfsc_pacific_hake_survey,D20210630T150554_IFCB117,2021-06-30 15:05:54+00:00,117,4.025639479166666,,,,,,,,1510,,2,0
nwfsc_pacific_hake_survey,D20210630T152935_IFCB117,2021-06-30 15:29:35+00:00,117,4.043005516666667,,,,,,,,1481,,2,0
nwfsc_pacific_hake_survey,D20210630T155318_IFCB117,2021-06-30 15:53:18+00:00,117,4.032963929166667,,,,,,,,1505,,2,0
nwfsc_pacific_hake_survey,D20210630T164304_IFCB117,2021-06-30 16:43:04+00:00,117,4.073609195833333,,,,,,,,1401,,2,0
nwfsc_pacific_hake_survey,D20210630T170646_IFCB117,2021-06-30 17:06:46+00:00,117,3.9639134999999994,,,,,,,,1581,,2,0
nwfsc_pacific_hake_survey,D20210630T173028_IFCB117,2021-06-30 17:30:28+00:00,117,3.9210856375,,,,,,,,1661,,2,0
nwfsc_pacific_hake_survey,D20210630T175411_IFCB117,2021-06-30 17:54:11+00:00,117,3.8301884416666665,,,,,,,,1796,,2,0
nwfsc_pacific_hake_survey,D20210630T181753_IFCB117,2021-06-30 18:17:53+00:00,117,3.72514765,,,,,,,,1965,,2,0
nwfsc_pacific_hake_survey,D20210630T184135_IFCB117,2021-06-30 18:41:35+00:00,117,3.768951554166667,,,,,,,,1914,,2,0
nwfsc_pacific_hake_survey,D20210630T190517_IFCB117,2021-06-30 19:05:17+00:00,117,2.2582500625000006,,,,,,,,1426,,2,0
nwfsc_pacific_hake_survey,D20210630T192419_IFCB117,2021-06-30 19:24:19+00:00,117,3.992432316666666,,,,,,,,2030,,2,0
nwfsc_pacific_hake_survey,D20210630T194801_IFCB117,2021-06-30 19:48:01+00:00,117,3.9683224125,,,,,,,,2115,,2,0
nwfsc_pacific_hake_survey,D20210630T201144_IFCB117,2021-06-30 20:11:44+00:00,117,3.8051426874999996,,,,,,,,2096,,2,0
nwfsc_pacific_hake_survey,D20210630T203526_IFCB117,2021-06-30 20:35:26+00:00,117,3.6788064124999997,,,,,,,,2038,,2,0
nwfsc_pacific_hake_survey,D20210630T205908_IFCB117,2021-06-30 20:59:08+00:00,117,3.6503628833333335,,,,,,,,2068,,2,0
nwfsc_pacific_hake_survey,D20210630T212250_IFCB117,2021-06-30 21:22:50+00:00,117,3.6622801666666667,,,,,,,,2072,,2,0
nwfsc_pacific_hake_survey,D20210630T214632_IFCB117,2021-06-30 21:46:32+00:00,117,3.5658617625,,,,,,,,2213,,2,0
nwfsc_pacific_hake_survey,D20210630T221014_IFCB117,2021-06-30 22:10:14+00:00,117,3.5025623,,,,,,,,2323,,2,0
nwfsc_pacific_hake_survey,D20210630T223356_IFCB117,2021-06-30 22:33:56+00:00,117,3.348349295833334,,,,,,,,2581,,2,0
nwfsc_pacific_hake_survey,D20210630T225738_IFCB117,2021-06-30 22:57:38+00:00,117,3.212416395833334,,,,,,,,2800,,2,0
nwfsc_pacific_hake_survey,D20210630T232120_IFCB117,2021-06-30 23:21:20+00:00,117,3.1479979000000005,,,,,,,,2903,,2,0
nwfsc_pacific_hake_survey,D20210630T234502_IFCB117,2021-06-30 23:45:02+00:00,117,3.1339381125,,,,,,,,2921,,2,0
nwfsc_pacific_hake_survey,D20210701T000845_IFCB117,2021-07-01 00:08:45+00:00,117,3.395624820833333,,,,,,,,2478,,2,0
nwfsc_pacific_hake_survey,D20210701T003226_IFCB117,2021-07-01 00:32:26+00:00,117,3.8003944958333333,,,,,,,,1829,,2,0
nwfsc_pacific_hake_survey,D20210701T005608_IFCB117,2021-07-01 00:56:08+00:00,117,3.5514813375000003,,,,,,,,2207,,2,0
nwfsc_pacific_hake_survey,D20210701T011951_IFCB117,2021-07-01 01:19:51+00:00,117,3.6852031958333327,,,,,,,,2023,,2,0
nwfsc_pacific_hake_survey,D20210701T014332_IFCB117,2021-07-01 01:43:32+00:00,117,2.985321983333333,,,,,,,,3141,,2,0
nwfsc_pacific_hake_survey,D20210701T020715_IFCB117,2021-07-01 02:07:15+00:00,117,3.0534956416666668,,,,,,,,3018,,2,0
nwfsc_pacific_hake_survey,D20210701T023057_IFCB117,2021-07-01 02:30:57+00:00,117,4.810691008333333,,,,,,,,121,,2,0
nwfsc_pacific_hake_survey,D20210701T025438_IFCB117,2021-07-01 02:54:38+00:00,117,4.7729511958333335,,,,,,,,305,,2,0
nwfsc_pacific_hake_survey,D20210701T031820_IFCB117,2021-07-01 03:18:20+00:00,117,4.3085492625,,,,,,,,1040,,2,0
nwfsc_pacific_hake_survey,D20210701T034203_IFCB117,2021-07-01 03:42:03+00:00,117,4.409349862499999,,,,,,,,899,,2,0
nwfsc_pacific_hake_survey,D20210701T040545_IFCB117,2021-07-01 04:05:45+00:00,117,4.879234341666666,,,,,,,,162,,2,0
nwfsc_pacific_hake_survey,D20210701T042926_IFCB117,2021-07-01 04:29:26+00:00,117,4.7765219708333335,,,,,,,,197,,2,0
nwfsc_pacific_hake_survey,D20210701T045308_IFCB117,2021-07-01 04:53:08+00:00,117,4.917459329166666,,,,,,,,89,,2,0
nwfsc_pacific_hake_survey,D20210701T051652_IFCB117,2021-07-01 05:16:52+00:00,117,4.868534854166667,,,,,,,,139,,2,0
nwfsc_pacific_hake_survey,D20210701T054034_IFCB117,2021-07-01 05:40:34+00:00,117,4.85904765,,,,,,,,190,,2,0
nwfsc_pacific_hake_survey,D20210701T060416_IFCB117,2021-07-01 06:04:16+00:00,117,4.770015870833333,,,,,,,,187,,2,0
nwfsc_pacific_hake_survey,D20210701T062758_IFCB117,2021-07-01 06:27:58+00:00,117,4.8712656999999995,,,,,,,,142,,2,0
nwfsc_pacific_hake_survey,D20210701T065140_IFCB117,2021-07-01 06:51:40+00:00,117,4.887057400000001,,,,,,,,101,,2,0
nwfsc_pacific_hake_survey,D20210701T071522_IFCB117,2021-07-01 07:15:22+00:00,117,4.868681750000001,,,,,,,,85,,2,0
nwfsc_pacific_hake_survey,D20210701T073904_IFCB117,2021-07-01 07:39:04+00:00,117,4.9204942125,,,,,,,,62,,2,0
nwfsc_pacific_hake_survey,D20210701T080246_IFCB117,2021-07-01 08:02:46+00:00,117,4.818481266666667,,,,,,,,108,,2,0
nwfsc_pacific_hake_survey,D20210701T085211_IFCB117,2021-07-01 08:52:11+00:00,117,4.937874604166667,,,,,,,,26,,2,0
nwfsc_pacific_hake_survey,D20210701T091553_IFCB117,2021-07-01 09:15:53+00:00,117,4.765972170833334,,,,,,,,28,,2,0
nwfsc_pacific_hake_survey,D20210701T093935_IFCB117,2021-07-01 09:39:35+00:00,117,4.954902666666667,,,,,,,,47,,2,0
nwfsc_pacific_hake_survey,D20210701T100317_IFCB117,2021-07-01 10:03:17+00:00,117,4.743927554166666,,,,,,,,359,,2,0
nwfsc_pacific_hake_survey,D20210701T102659_IFCB117,2021-07-01 10:26:59+00:00,117,4.824329533333333,,,,,,,,132,,2,0
nwfsc_pacific_hake_survey,D20210701T105041_IFCB117,2021-07-01 10:50:41+00:00,117,4.9502161041666675,,,,,,,,51,,2,0
nwfsc_pacific_hake_survey,D20210701T111423_IFCB117,2021-07-01 11:14:23+00:00,117,4.7858127999999995,,,,,,,,50,,2,0
nwfsc_pacific_hake_survey,D20210701T113805_IFCB117,2021-07-01 11:38:05+00:00,117,4.844897054166666,,,,,,,,91,,2,0
nwfsc_pacific_hake_survey,D20210701T120147_IFCB117,2021-07-01 12:01:47+00:00,117,4.826319658333333,,,,,,,,118,,2,0
nwfsc_pacific_hake_survey,D20210701T122529_IFCB117,2021-07-01 12:25:29+00:00,117,4.8537652,,,,,,,,192,,2,0
nwfsc_pacific_hake_survey,D20210701T124911_IFCB117,2021-07-01 12:49:11+00:00,117,4.8548569624999995,,,,,,,,161,,2,0
nwfsc_pacific_hake_survey,D20210701T131253_IFCB117,2021-07-01 13:12:53+00:00,117,4.775481345833334,,,,,,,,285,,2,0
nwfsc_pacific_hake_survey,D20210701T133635_IFCB117,2021-07-01 13:36:35+00:00,117,4.104961270833333,,,,,,,,1305,,2,0
nwfsc_pacific_hake_survey,D20210701T140017_IFCB117,2021-07-01 14:00:17+00:00,117,4.717063133333332,,,,,,,,380,,2,0
nwfsc_pacific_hake_survey,D20210701T142400_IFCB117,2021-07-01 14:24:00+00:00,117,4.7963953833333335,,,,,,,,264,,2,0
nwfsc_pacific_hake_survey,D20210701T144742_IFCB117,2021-07-01 14:47:42+00:00,117,4.7594411,,,,,,,,299,,2,0
nwfsc_pacific_hake_survey,D20210701T151123_IFCB117,2021-07-01 15:11:23+00:00,117,4.7698958875,,,,,,,,306,,2,0
nwfsc_pacific_hake_survey,D20210701T153505_IFCB117,2021-07-01 15:35:05+00:00,117,4.627780579166667,,,,,,,,304,,2,0
nwfsc_pacific_hake_survey,D20210701T155847_IFCB117,2021-07-01 15:58:47+00:00,117,4.7519556666666665,,,,,,,,297,,2,0
nwfsc_pacific_hake_survey,D20210701T162229_IFCB117,2021-07-01 16:22:29+00:00,117,4.697720395833333,,,,,,,,310,,2,0
nwfsc_pacific_hake_survey,D20210701T164611_IFCB117,2021-07-01 16:46:11+00:00,117,4.796836408333333,,,,,,,,263,,2,0
nwfsc_pacific_hake_survey,D20210701T170952_IFCB117,2021-07-01 17:09:52+00:00,117,4.781444641666666,,,,,,,,231,,2,0
nwfsc_pacific_hake_survey,D20210701T173334_IFCB117,2021-07-01 17:33:34+00:00,117,4.7600118375000005,,,,,,,,261,,2,0
nwfsc_pacific_hake_survey,D20210701T175716_IFCB117,2021-07-01 17:57:16+00:00,117,3.7931464499999996,,,,,,,,1738,,2,0
nwfsc_pacific_hake_survey,D20210701T182058_IFCB117,2021-07-01 18:20:58+00:00,117,3.7699830999999997,,,,,,,,1769,,2,0
nwfsc_pacific_hake_survey,D20210701T184440_IFCB117,2021-07-01 18:44:40+00:00,117,4.858563054166666,,,,,,,,131,,2,0
nwfsc_pacific_hake_survey,D20210701T190822_IFCB117,2021-07-01 19:08:22+00:00,117,4.897028291666667,,,,,,,,136,,2,0
nwfsc_pacific_hake_survey,D20210701T193204_IFCB117,2021-07-01 19:32:04+00:00,117,4.881074266666667,,,,,,,,117,,2,0
nwfsc_pacific_hake_survey,D20210701T195546_IFCB117,2021-07-01 19:55:46+00:00,117,4.8922462541666665,,,,,,,,113,,2,0
nwfsc_pacific_hake_survey,D20210701T201929_IFCB117,2021-07-01 20:19:29+00:00,117,4.534307116666667,,,,,,,,648,,2,0
nwfsc_pacific_hake_survey,D20210701T204312_IFCB117,2021-07-01 20:43:12+00:00,117,4.600663295833334,,,,,,,,537,,2,0
nwfsc_pacific_hake_survey,D20210701T210653_IFCB117,2021-07-01 21:06:53+00:00,117,4.669506145833334,,,,,,,,426,,2,0
nwfsc_pacific_hake_survey,D20210701T213035_IFCB117,2021-07-01 21:30:35+00:00,117,4.813005704166667,,,,,,,,168,,2,0
nwfsc_pacific_hake_survey,D20210701T215417_IFCB117,2021-07-01 21:54:17+00:00,117,4.628792795833333,,,,,,,,518,,2,0
nwfsc_pacific_hake_survey,D20210701T221759_IFCB117,2021-07-01 22:17:59+00:00,117,4.570855895833333,,,,,,,,598,,2,0
nwfsc_pacific_hake_survey,D20210701T224141_IFCB117,2021-07-01 22:41:41+00:00,117,4.368697220833334,,,,,,,,804,,2,0
nwfsc_pacific_hake_survey,D20210701T230523_IFCB117,2021-07-01 23:05:23+00:00,117,4.446011475000001,,,,,,,,784,,2,0
nwfsc_pacific_hake_survey,D20210701T232905_IFCB117,2021-07-01 23:29:05+00:00,117,4.3941433625,,,,,,,,854,,2,0
nwfsc_pacific_hake_survey,D20210701T235247_IFCB117,2021-07-01 23:52:47+00:00,117,4.377211654166667,,,,,,,,910,,2,0
nwfsc_pacific_hake_survey,D20210702T001629_IFCB117,2021-07-02 00:16:29+00:00,117,4.385612575000001,,,,,,,,820,,2,0
nwfsc_pacific_hake_survey,D20210702T010532_IFCB117,2021-07-02 01:05:32+00:00,117,4.1729127041666665,,,,,,,,1202,,2,0
nwfsc_pacific_hake_survey,D20210702T012914_IFCB117,2021-07-02 01:29:14+00:00,117,4.4138517625,,,,,,,,821,,2,0
nwfsc_pacific_hake_survey,D20210702T015256_IFCB117,2021-07-02 01:52:56+00:00,117,4.3125290375,,,,,,,,1004,,2,0
nwfsc_pacific_hake_survey,D20210702T021639_IFCB117,2021-07-02 02:16:39+00:00,117,4.0938136375,,,,,,,,1310,,2,0
nwfsc_pacific_hake_survey,D20210702T024022_IFCB117,2021-07-02 02:40:22+00:00,117,3.7592174583333335,,,,,,,,1772,,2,0
nwfsc_pacific_hake_survey,D20210702T030405_IFCB117,2021-07-02 03:04:05+00:00,117,4.165056008333333,,,,,,,,1213,,2,0
nwfsc_pacific_hake_survey,D20210702T032747_IFCB117,2021-07-02 03:27:47+00:00,117,3.5618706541666665,,,,,,,,2083,,2,0
nwfsc_pacific_hake_survey,D20210702T035129_IFCB117,2021-07-02 03:51:29+00:00,117,4.178440645833334,,,,,,,,1194,,2,0
nwfsc_pacific_hake_survey,D20210702T041513_IFCB117,2021-07-02 04:15:13+00:00,117,4.721657191666666,,,,,,,,373,,2,0
nwfsc_pacific_hake_survey,D20210702T043855_IFCB117,2021-07-02 04:38:55+00:00,117,4.543363691666667,,,,,,,,663,,2,0
nwfsc_pacific_hake_survey,D20210702T050237_IFCB117,2021-07-02 05:02:37+00:00,117,4.495282091666667,,,,,,,,730,,2,0
nwfsc_pacific_hake_survey,D20210702T052618_IFCB117,2021-07-02 05:26:18+00:00,117,4.181714483333334,,,,,,,,1184,,2,0
nwfsc_pacific_hake_survey,D20210702T055000_IFCB117,2021-07-02 05:50:00+00:00,117,4.251337299999999,,,,,,,,1047,,2,0
nwfsc_pacific_hake_survey,D20210702T061342_IFCB117,2021-07-02 06:13:42+00:00,117,4.477283320833333,,,,,,,,741,,2,0
nwfsc_pacific_hake_survey,D20210702T063725_IFCB117,2021-07-02 06:37:25+00:00,117,4.394078233333333,,,,,,,,838,,2,0
nwfsc_pacific_hake_survey,D20210702T070106_IFCB117,2021-07-02 07:01:06+00:00,117,4.412310508333333,,,,,,,,836,,2,0
nwfsc_pacific_hake_survey,D20210702T072448_IFCB117,2021-07-02 07:24:48+00:00,117,4.2658987,,,,,,,,1046,,2,0
nwfsc_pacific_hake_survey,D20210702T074830_IFCB117,2021-07-02 07:48:30+00:00,117,4.244169137499999,,,,,,,,1060,,2,0
nwfsc_pacific_hake_survey,D20210702T081212_IFCB117,2021-07-02 08:12:12+00:00,117,4.2869086125,,,,,,,,1011,,2,0
nwfsc_pacific_hake_survey,D20210702T083554_IFCB117,2021-07-02 08:35:54+00:00,117,4.283566662500001,,,,,,,,1020,,2,0
nwfsc_pacific_hake_survey,D20210702T085936_IFCB117,2021-07-02 08:59:36+00:00,117,4.3360923125,,,,,,,,944,,2,0
nwfsc_pacific_hake_survey,D20210702T092318_IFCB117,2021-07-02 09:23:18+00:00,117,4.393911325,,,,,,,,885,,2,0
nwfsc_pacific_hake_survey,D20210702T094700_IFCB117,2021-07-02 09:47:00+00:00,117,4.468303875,,,,,,,,775,,2,0
nwfsc_pacific_hake_survey,D20210702T101043_IFCB117,2021-07-02 10:10:43+00:00,117,4.579543245833333,,,,,,,,604,,2,0
nwfsc_pacific_hake_survey,D20210702T103425_IFCB117,2021-07-02 10:34:25+00:00,117,4.575155716666667,,,,,,,,616,,2,0
nwfsc_pacific_hake_survey,D20210702T105808_IFCB117,2021-07-02 10:58:08+00:00,117,4.742139641666667,,,,,,,,347,,2,0
nwfsc_pacific_hake_survey,D20210702T112150_IFCB117,2021-07-02 11:21:50+00:00,117,4.867033395833333,,,,,,,,159,,2,0
nwfsc_pacific_hake_survey,D20210702T114532_IFCB117,2021-07-02 11:45:32+00:00,117,4.731289116666667,,,,,,,,198,,2,0
nwfsc_pacific_hake_survey,D20210702T120914_IFCB117,2021-07-02 12:09:14+00:00,117,4.473902016666667,,,,,,,,744,,2,0
nwfsc_pacific_hake_survey,D20210702T123256_IFCB117,2021-07-02 12:32:56+00:00,117,4.7246517375,,,,,,,,372,,2,0
nwfsc_pacific_hake_survey,D20210702T125638_IFCB117,2021-07-02 12:56:38+00:00,117,4.600856408333333,,,,,,,,572,,2,0
nwfsc_pacific_hake_survey,D20210702T132020_IFCB117,2021-07-02 13:20:20+00:00,117,4.363753533333334,,,,,,,,910,,2,0
nwfsc_pacific_hake_survey,D20210702T134402_IFCB117,2021-07-02 13:44:02+00:00,117,4.5469730083333335,,,,,,,,638,,2,0
nwfsc_pacific_hake_survey,D20210702T140744_IFCB117,2021-07-02 14:07:44+00:00,117,3.9920485583333334,,,,,,,,1684,,2,0
nwfsc_pacific_hake_survey,D20210702T143126_IFCB117,2021-07-02 14:31:26+00:00,117,4.4766880874999995,,,,,,,,741,,2,0
nwfsc_pacific_hake_survey,D20210702T145508_IFCB117,2021-07-02 14:55:08+00:00,117,4.7174396875,,,,,,,,339,,2,0
nwfsc_pacific_hake_survey,D20210702T151849_IFCB117,2021-07-02 15:18:49+00:00,117,4.571153366666666,,,,,,,,616,,2,0
nwfsc_pacific_hake_survey,D20210702T154231_IFCB117,2021-07-02 15:42:31+00:00,117,4.66527415,,,,,,,,464,,2,0
nwfsc_pacific_hake_survey,D20210702T160613_IFCB117,2021-07-02 16:06:13+00:00,117,4.5764500791666665,,,,,,,,596,,2,0
nwfsc_pacific_hake_survey,D20210702T162955_IFCB117,2021-07-02 16:29:55+00:00,117,4.845567083333333,,,,,,,,162,,2,0
nwfsc_pacific_hake_survey,D20210702T171920_IFCB117,2021-07-02 17:19:20+00:00,117,4.861891575,,,,,,,,51,,2,0
nwfsc_pacific_hake_survey,D20210702T174302_IFCB117,2021-07-02 17:43:02+00:00,117,4.401534145833334,,,,,,,,857,,2,0
nwfsc_pacific_hake_survey,D20210702T180644_IFCB117,2021-07-02 18:06:44+00:00,117,4.853864183333332,,,,,,,,152,,2,0
nwfsc_pacific_hake_survey,D20210702T183025_IFCB117,2021-07-02 18:30:25+00:00,117,4.837081866666667,,,,,,,,218,,2,0
nwfsc_pacific_hake_survey,D20210702T185407_IFCB117,2021-07-02 18:54:07+00:00,117,4.0790578,,,,,,,,1350,,2,0
nwfsc_pacific_hake_survey,D20210702T191749_IFCB117,2021-07-02 19:17:49+00:00,117,4.302814054166666,,,,,,,,970,,2,0
nwfsc_pacific_hake_survey,D20210702T194132_IFCB117,2021-07-02 19:41:32+00:00,117,4.811475658333334,,,,,,,,172,,2,0
nwfsc_pacific_hake_survey,D20210702T200515_IFCB117,2021-07-02 20:05:15+00:00,117,4.806993825,,,,,,,,183,,2,0
nwfsc_pacific_hake_survey,D20210702T202857_IFCB117,2021-07-02 20:28:57+00:00,117,3.9303872333333327,,,,,,,,1549,,2,0
nwfsc_pacific_hake_survey,D20210702T205238_IFCB117,2021-07-02 20:52:38+00:00,117,4.769327691666667,,,,,,,,247,,2,0
nwfsc_pacific_hake_survey,D20210702T211620_IFCB117,2021-07-02 21:16:20+00:00,117,4.688338941666667,,,,,,,,287,,2,0
nwfsc_pacific_hake_survey,D20210702T214002_IFCB117,2021-07-02 21:40:02+00:00,117,3.6767445666666663,,,,,,,,1917,,2,0
nwfsc_pacific_hake_survey,D20210702T220344_IFCB117,2021-07-02 22:03:44+00:00,117,3.6350981458333327,,,,,,,,1982,,2,0
nwfsc_pacific_hake_survey,D20210702T222726_IFCB117,2021-07-02 22:27:26+00:00,117,3.9092638958333334,,,,,,,,1581,,2,0
nwfsc_pacific_hake_survey,D20210702T225108_IFCB117,2021-07-02 22:51:08+00:00,117,4.636109854166666,,,,,,,,381,,2,0
nwfsc_pacific_hake_survey,D20210702T231451_IFCB117,2021-07-02 23:14:51+00:00,117,4.738578095833334,,,,,,,,327,,2,0
nwfsc_pacific_hake_survey,D20210702T233832_IFCB117,2021-07-02 23:38:32+00:00,117,4.621639233333334,,,,,,,,498,,2,0
nwfsc_pacific_hake_survey,D20210703T000215_IFCB117,2021-07-03 00:02:15+00:00,117,4.5887909,,,,,,,,582,,2,0
nwfsc_pacific_hake_survey,D20210703T002556_IFCB117,2021-07-03 00:25:56+00:00,117,4.549307879166666,,,,,,,,574,,2,0
nwfsc_pacific_hake_survey,D20210703T004938_IFCB117,2021-07-03 00:49:38+00:00,117,4.702669995833333,,,,,,,,426,,2,0
nwfsc_pacific_hake_survey,D20210703T011320_IFCB117,2021-07-03 01:13:20+00:00,117,4.7344388041666665,,,,,,,,375,,2,0
nwfsc_pacific_hake_survey,D20210703T013702_IFCB117,2021-07-03 01:37:02+00:00,117,4.570215287500001,,,,,,,,601,,2,0
nwfsc_pacific_hake_survey,D20210703T020044_IFCB117,2021-07-03 02:00:44+00:00,117,4.522717229166667,,,,,,,,676,,2,0
nwfsc_pacific_hake_survey,D20210703T022426_IFCB117,2021-07-03 02:24:26+00:00,117,4.310964104166667,,,,,,,,983,,2,0
nwfsc_pacific_hake_survey,D20210703T024808_IFCB117,2021-07-03 02:48:08+00:00,117,4.282016862500001,,,,,,,,1018,,2,0
nwfsc_pacific_hake_survey,D20210703T031150_IFCB117,2021-07-03 03:11:50+00:00,117,4.693570041666666,,,,,,,,444,,2,0
nwfsc_pacific_hake_survey,D20210703T033532_IFCB117,2021-07-03 03:35:32+00:00,117,4.457539208333333,,,,,,,,761,,2,0
nwfsc_pacific_hake_survey,D20210703T035914_IFCB117,2021-07-03 03:59:14+00:00,117,4.555809741666667,,,,,,,,615,,2,0
nwfsc_pacific_hake_survey,D20210703T042257_IFCB117,2021-07-03 04:22:57+00:00,117,4.67287705,,,,,,,,467,,2,0
nwfsc_pacific_hake_survey,D20210703T044639_IFCB117,2021-07-03 04:46:39+00:00,117,4.805763654166666,,,,,,,,261,,2,0
nwfsc_pacific_hake_survey,D20210703T051021_IFCB117,2021-07-03 05:10:21+00:00,117,3.8194266666666663,,,,,,,,1717,,2,0
nwfsc_pacific_hake_survey,D20210703T053403_IFCB117,2021-07-03 05:34:03+00:00,117,3.9917036875,,,,,,,,1459,,2,0
nwfsc_pacific_hake_survey,D20210703T055745_IFCB117,2021-07-03 05:57:45+00:00,117,4.016488229166667,,,,,,,,1420,,2,0
nwfsc_pacific_hake_survey,D20210703T062127_IFCB117,2021-07-03 06:21:27+00:00,117,4.018956749999999,,,,,,,,1398,,2,0
nwfsc_pacific_hake_survey,D20210703T064509_IFCB117,2021-07-03 06:45:09+00:00,117,4.0430955375,,,,,,,,1391,,2,0
nwfsc_pacific_hake_survey,D20210703T070851_IFCB117,2021-07-03 07:08:51+00:00,117,4.023484016666667,,,,,,,,1408,,2,0
nwfsc_pacific_hake_survey,D20210703T073233_IFCB117,2021-07-03 07:32:33+00:00,117,3.998023383333333,,,,,,,,1448,,2,0
nwfsc_pacific_hake_survey,D20210703T075615_IFCB117,2021-07-03 07:56:15+00:00,117,3.9786924458333335,,,,,,,,1478,,2,0
nwfsc_pacific_hake_survey,D20210703T081957_IFCB117,2021-07-03 08:19:57+00:00,117,3.995611916666667,,,,,,,,1449,,2,0
nwfsc_pacific_hake_survey,D20210703T084339_IFCB117,2021-07-03 08:43:39+00:00,117,4.143123245833333,,,,,,,,1237,,2,0
nwfsc_pacific_hake_survey,D20210703T093324_IFCB117,2021-07-03 09:33:24+00:00,117,4.691955050000001,,,,,,,,423,,2,0
nwfsc_pacific_hake_survey,D20210703T095706_IFCB117,2021-07-03 09:57:06+00:00,117,4.42936595,,,,,,,,795,,2,0
nwfsc_pacific_hake_survey,D20210703T102048_IFCB117,2021-07-03 10:20:48+00:00,117,4.682755145833334,,,,,,,,436,,2,0
nwfsc_pacific_hake_survey,D20210703T104430_IFCB117,2021-07-03 10:44:30+00:00,117,4.812169304166667,,,,,,,,253,,2,0
nwfsc_pacific_hake_survey,D20210703T110811_IFCB117,2021-07-03 11:08:11+00:00,117,4.718937562500001,,,,,,,,309,,2,0
nwfsc_pacific_hake_survey,D20210703T113154_IFCB117,2021-07-03 11:31:54+00:00,117,4.755915691666667,,,,,,,,310,,2,0
nwfsc_pacific_hake_survey,D20210703T115536_IFCB117,2021-07-03 11:55:36+00:00,117,4.737113916666667,,,,,,,,341,,2,0
nwfsc_pacific_hake_survey,D20210703T121918_IFCB117,2021-07-03 12:19:18+00:00,117,4.691461308333333,,,,,,,,414,,2,0
nwfsc_pacific_hake_survey,D20210703T124259_IFCB117,2021-07-03 12:42:59+00:00,117,4.8101765375,,,,,,,,234,,2,0
nwfsc_pacific_hake_survey,D20210703T130641_IFCB117,2021-07-03 13:06:41+00:00,117,4.748712079166667,,,,,,,,220,,2,0
nwfsc_pacific_hake_survey,D20210703T133022_IFCB117,2021-07-03 13:30:22+00:00,117,4.7887417375000005,,,,,,,,290,,2,0
nwfsc_pacific_hake_survey,D20210703T135404_IFCB117,2021-07-03 13:54:04+00:00,117,4.838020229166665,,,,,,,,194,,2,0
nwfsc_pacific_hake_survey,D20210703T141745_IFCB117,2021-07-03 14:17:45+00:00,117,4.8177353875,,,,,,,,242,,2,0
nwfsc_pacific_hake_survey,D20210703T144128_IFCB117,2021-07-03 14:41:28+00:00,117,4.787698991666668,,,,,,,,300,,2,0
nwfsc_pacific_hake_survey,D20210703T150510_IFCB117,2021-07-03 15:05:10+00:00,117,4.734359729166667,,,,,,,,366,,2,0
nwfsc_pacific_hake_survey,D20210703T152852_IFCB117,2021-07-03 15:28:52+00:00,117,4.766744366666667,,,,,,,,208,,2,0
nwfsc_pacific_hake_survey,D20210703T155234_IFCB117,2021-07-03 15:52:34+00:00,117,4.722225466666667,,,,,,,,375,,2,0
nwfsc_pacific_hake_survey,D20210703T161616_IFCB117,2021-07-03 16:16:16+00:00,117,4.858407133333333,,,,,,,,89,,2,0
nwfsc_pacific_hake_survey,D20210703T163958_IFCB117,2021-07-03 16:39:58+00:00,117,4.835331133333333,,,,,,,,211,,2,0
nwfsc_pacific_hake_survey,D20210703T170340_IFCB117,2021-07-03 17:03:40+00:00,117,4.713193158333334,,,,,,,,351,,2,0
nwfsc_pacific_hake_survey,D20210703T172722_IFCB117,2021-07-03 17:27:22+00:00,117,4.797754583333333,,,,,,,,242,,2,0
nwfsc_pacific_hake_survey,D20210703T175104_IFCB117,2021-07-03 17:51:04+00:00,117,4.8254166875,,,,,,,,102,,2,0
nwfsc_pacific_hake_survey,D20210703T181446_IFCB117,2021-07-03 18:14:46+00:00,117,4.7509750875,,,,,,,,336,,2,0
nwfsc_pacific_hake_survey,D20210703T183827_IFCB117,2021-07-03 18:38:27+00:00,117,4.7425137875,,,,,,,,334,,2,0
nwfsc_pacific_hake_survey,D20210703T190209_IFCB117,2021-07-03 19:02:09+00:00,117,4.878169099999999,,,,,,,,93,,2,0
nwfsc_pacific_hake_survey,D20210703T192551_IFCB117,2021-07-03 19:25:51+00:00,117,4.536100466666666,,,,,,,,55,,2,0
nwfsc_pacific_hake_survey,D20210703T194933_IFCB117,2021-07-03 19:49:33+00:00,117,4.686924929166667,,,,,,,,43,,2,0
nwfsc_pacific_hake_survey,D20210703T201315_IFCB117,2021-07-03 20:13:15+00:00,117,4.798474320833333,,,,,,,,274,,2,0
nwfsc_pacific_hake_survey,D20210703T203659_IFCB117,2021-07-03 20:36:59+00:00,117,4.840833079166667,,,,,,,,214,,2,0
nwfsc_pacific_hake_survey,D20210703T210041_IFCB117,2021-07-03 21:00:41+00:00,117,4.855308079166666,,,,,,,,88,,2,0
nwfsc_pacific_hake_survey,D20210703T212423_IFCB117,2021-07-03 21:24:23+00:00,117,4.8301561416666665,,,,,,,,80,,2,0
nwfsc_pacific_hake_survey,D20210703T214804_IFCB117,2021-07-03 21:48:04+00:00,117,4.8816876166666665,,,,,,,,52,,2,0
nwfsc_pacific_hake_survey,D20210703T221146_IFCB117,2021-07-03 22:11:46+00:00,117,4.8753013874999995,,,,,,,,57,,2,0
nwfsc_pacific_hake_survey,D20210703T223529_IFCB117,2021-07-03 22:35:29+00:00,117,4.9166010125,,,,,,,,101,,2,0
nwfsc_pacific_hake_survey,D20210703T225911_IFCB117,2021-07-03 22:59:11+00:00,117,4.846980983333334,,,,,,,,147,,2,0
nwfsc_pacific_hake_survey,D20210703T232253_IFCB117,2021-07-03 23:22:53+00:00,117,4.884310558333334,,,,,,,,99,,2,0
nwfsc_pacific_hake_survey,D20210703T234635_IFCB117,2021-07-03 23:46:35+00:00,117,4.881670145833334,,,,,,,,73,,2,0
nwfsc_pacific_hake_survey,D20210704T001016_IFCB117,2021-07-04 00:10:16+00:00,117,4.6941103166666664,,,,,,,,397,,2,0
nwfsc_pacific_hake_survey,D20210704T003400_IFCB117,2021-07-04 00:34:00+00:00,117,4.638355975,,,,,,,,487,,2,0
nwfsc_pacific_hake_survey,D20210704T005741_IFCB117,2021-07-04 00:57:41+00:00,117,4.477723470833333,,,,,,,,725,,2,0
nwfsc_pacific_hake_survey,D20210704T014705_IFCB117,2021-07-04 01:47:05+00:00,117,4.739326566666666,,,,,,,,366,,2,0
nwfsc_pacific_hake_survey,D20210704T021047_IFCB117,2021-07-04 02:10:47+00:00,117,4.610253608333333,,,,,,,,553,,2,0
nwfsc_pacific_hake_survey,D20210704T023428_IFCB117,2021-07-04 02:34:28+00:00,117,4.6085131666666665,,,,,,,,563,,2,0
nwfsc_pacific_hake_survey,D20210704T025810_IFCB117,2021-07-04 02:58:10+00:00,117,4.825142333333333,,,,,,,,238,,2,0
nwfsc_pacific_hake_survey,D20210704T032152_IFCB117,2021-07-04 03:21:52+00:00,117,4.842496829166667,,,,,,,,181,,2,0
nwfsc_pacific_hake_survey,D20210704T034534_IFCB117,2021-07-04 03:45:34+00:00,117,4.8607339125,,,,,,,,157,,2,0
nwfsc_pacific_hake_survey,D20210704T040916_IFCB117,2021-07-04 04:09:16+00:00,117,4.7941773375,,,,,,,,220,,2,0
nwfsc_pacific_hake_survey,D20210704T043258_IFCB117,2021-07-04 04:32:58+00:00,117,4.854513229166667,,,,,,,,145,,2,0
nwfsc_pacific_hake_survey,D20210704T045640_IFCB117,2021-07-04 04:56:40+00:00,117,4.757059979166667,,,,,,,,138,,2,0
nwfsc_pacific_hake_survey,D20210704T052022_IFCB117,2021-07-04 05:20:22+00:00,117,4.729377758333333,,,,,,,,119,,2,0
nwfsc_pacific_hake_survey,D20210704T054403_IFCB117,2021-07-04 05:44:03+00:00,117,4.857216879166667,,,,,,,,141,,2,0
nwfsc_pacific_hake_survey,D20210704T060745_IFCB117,2021-07-04 06:07:45+00:00,117,4.487907558333333,,,,,,,,692,,2,0
nwfsc_pacific_hake_survey,D20210704T063127_IFCB117,2021-07-04 06:31:27+00:00,117,4.542314533333334,,,,,,,,637,,2,0
nwfsc_pacific_hake_survey,D20210704T065510_IFCB117,2021-07-04 06:55:10+00:00,117,4.5231840375,,,,,,,,674,,2,0
nwfsc_pacific_hake_survey,D20210704T071852_IFCB117,2021-07-04 07:18:52+00:00,117,4.79931395,,,,,,,,270,,2,0
nwfsc_pacific_hake_survey,D20210704T074234_IFCB117,2021-07-04 07:42:34+00:00,117,4.855440150000001,,,,,,,,176,,2,0
nwfsc_pacific_hake_survey,D20210704T080616_IFCB117,2021-07-04 08:06:16+00:00,117,4.817490716666667,,,,,,,,202,,2,0
nwfsc_pacific_hake_survey,D20210704T082958_IFCB117,2021-07-04 08:29:58+00:00,117,4.883624891666667,,,,,,,,91,,2,0
nwfsc_pacific_hake_survey,D20210704T085341_IFCB117,2021-07-04 08:53:41+00:00,117,4.6970612166666665,,,,,,,,279,,2,0
nwfsc_pacific_hake_survey,D20210704T091723_IFCB117,2021-07-04 09:17:23+00:00,117,4.810327229166666,,,,,,,,253,,2,0
nwfsc_pacific_hake_survey,D20210704T094105_IFCB117,2021-07-04 09:41:05+00:00,117,4.712825866666666,,,,,,,,360,,2,0
nwfsc_pacific_hake_survey,D20210704T100447_IFCB117,2021-07-04 10:04:47+00:00,117,4.825131629166667,,,,,,,,211,,2,0
nwfsc_pacific_hake_survey,D20210704T102829_IFCB117,2021-07-04 10:28:29+00:00,117,4.796758725,,,,,,,,206,,2,0
nwfsc_pacific_hake_survey,D20210704T105211_IFCB117,2021-07-04 10:52:11+00:00,117,4.8083756583333335,,,,,,,,262,,2,0
nwfsc_pacific_hake_survey,D20210704T111552_IFCB117,2021-07-04 11:15:52+00:00,117,4.589003625,,,,,,,,540,,2,0
nwfsc_pacific_hake_survey,D20210704T113934_IFCB117,2021-07-04 11:39:34+00:00,117,4.627294533333333,,,,,,,,511,,2,0
nwfsc_pacific_hake_survey,D20210704T120316_IFCB117,2021-07-04 12:03:16+00:00,117,4.586939995833333,,,,,,,,579,,2,0
nwfsc_pacific_hake_survey,D20210704T122658_IFCB117,2021-07-04 12:26:58+00:00,117,4.579562808333334,,,,,,,,596,,2,0
nwfsc_pacific_hake_survey,D20210704T125040_IFCB117,2021-07-04 12:50:40+00:00,117,4.6052850874999995,,,,,,,,559,,2,0
nwfsc_pacific_hake_survey,D20210704T131423_IFCB117,2021-07-04 13:14:23+00:00,117,4.6889237208333325,,,,,,,,351,,2,0
nwfsc_pacific_hake_survey,D20210704T133805_IFCB117,2021-07-04 13:38:05+00:00,117,4.501590908333333,,,,,,,,740,,2,0
nwfsc_pacific_hake_survey,D20210704T140147_IFCB117,2021-07-04 14:01:47+00:00,117,4.727244249999999,,,,,,,,382,,2,0
nwfsc_pacific_hake_survey,D20210704T142529_IFCB117,2021-07-04 14:25:29+00:00,117,4.686214958333333,,,,,,,,397,,2,0
nwfsc_pacific_hake_survey,D20210704T144911_IFCB117,2021-07-04 14:49:11+00:00,117,4.702783875,,,,,,,,444,,2,0
nwfsc_pacific_hake_survey,D20210704T151253_IFCB117,2021-07-04 15:12:53+00:00,117,4.819921820833333,,,,,,,,267,,2,0
nwfsc_pacific_hake_survey,D20210704T153635_IFCB117,2021-07-04 15:36:35+00:00,117,4.634460041666666,,,,,,,,664,,2,0
nwfsc_pacific_hake_survey,D20210704T160017_IFCB117,2021-07-04 16:00:17+00:00,117,4.796591733333333,,,,,,,,289,,2,0
nwfsc_pacific_hake_survey,D20210704T162400_IFCB117,2021-07-04 16:24:00+00:00,117,4.691373183333332,,,,,,,,547,,2,0
nwfsc_pacific_hake_survey,D20210704T164742_IFCB117,2021-07-04 16:47:42+00:00,117,4.873399341666667,,,,,,,,151,,2,0
nwfsc_pacific_hake_survey,D20210704T171124_IFCB117,2021-07-04 17:11:24+00:00,117,4.879718566666666,,,,,,,,116,,2,0
nwfsc_pacific_hake_survey,D20210704T180048_IFCB117,2021-07-04 18:00:48+00:00,117,4.7472083666666665,,,,,,,,307,,2,0
nwfsc_pacific_hake_survey,D20210704T182430_IFCB117,2021-07-04 18:24:30+00:00,117,4.7409190458333335,,,,,,,,327,,2,0
nwfsc_pacific_hake_survey,D20210704T184812_IFCB117,2021-07-04 18:48:12+00:00,117,4.679530308333333,,,,,,,,456,,2,0
nwfsc_pacific_hake_survey,D20210704T191153_IFCB117,2021-07-04 19:11:53+00:00,117,4.903276179166666,,,,,,,,55,,2,0
nwfsc_pacific_hake_survey,D20210704T193535_IFCB117,2021-07-04 19:35:35+00:00,117,4.750523120833333,,,,,,,,51,,2,0
nwfsc_pacific_hake_survey,D20210704T195917_IFCB117,2021-07-04 19:59:17+00:00,117,4.8027388250000005,,,,,,,,244,,2,0
nwfsc_pacific_hake_survey,D20210704T202259_IFCB117,2021-07-04 20:22:59+00:00,117,4.874747420833334,,,,,,,,154,,2,0
nwfsc_pacific_hake_survey,D20210704T204641_IFCB117,2021-07-04 20:46:41+00:00,117,4.515260516666666,,,,,,,,703,,2,0
nwfsc_pacific_hake_survey,D20210704T211023_IFCB117,2021-07-04 21:10:23+00:00,117,4.626768454166666,,,,,,,,538,,2,0
nwfsc_pacific_hake_survey,D20210704T213404_IFCB117,2021-07-04 21:34:04+00:00,117,4.829376791666666,,,,,,,,167,,2,0
nwfsc_pacific_hake_survey,D20210704T215746_IFCB117,2021-07-04 21:57:46+00:00,117,4.868532733333334,,,,,,,,163,,2,0
nwfsc_pacific_hake_survey,D20210704T222128_IFCB117,2021-07-04 22:21:28+00:00,117,4.860850433333334,,,,,,,,50,,2,0
nwfsc_pacific_hake_survey,D20210704T224510_IFCB117,2021-07-04 22:45:10+00:00,117,4.945414825,,,,,,,,32,,2,0
nwfsc_pacific_hake_survey,D20210704T230851_IFCB117,2021-07-04 23:08:51+00:00,117,4.910758470833333,,,,,,,,44,,2,0
nwfsc_pacific_hake_survey,D20210704T233233_IFCB117,2021-07-04 23:32:33+00:00,117,4.874878375,,,,,,,,52,,2,0
nwfsc_pacific_hake_survey,D20210704T235615_IFCB117,2021-07-04 23:56:15+00:00,117,4.842774224999999,,,,,,,,58,,2,0
nwfsc_pacific_hake_survey,D20210705T001957_IFCB117,2021-07-05 00:19:57+00:00,117,4.385775508333334,,,,,,,,868,,2,0
nwfsc_pacific_hake_survey,D20210705T004338_IFCB117,2021-07-05 00:43:38+00:00,117,4.534274512500001,,,,,,,,676,,2,0
nwfsc_pacific_hake_survey,D20210705T010721_IFCB117,2021-07-05 01:07:21+00:00,117,4.4008692499999995,,,,,,,,873,,2,0
nwfsc_pacific_hake_survey,D20210705T013103_IFCB117,2021-07-05 01:31:03+00:00,117,4.837916699999999,,,,,,,,81,,2,0
nwfsc_pacific_hake_survey,D20210705T015446_IFCB117,2021-07-05 01:54:46+00:00,117,4.899860095833333,,,,,,,,133,,2,0
nwfsc_pacific_hake_survey,D20210705T021828_IFCB117,2021-07-05 02:18:28+00:00,117,4.739473066666666,,,,,,,,376,,2,0
nwfsc_pacific_hake_survey,D20210705T024210_IFCB117,2021-07-05 02:42:10+00:00,117,4.551810970833333,,,,,,,,660,,2,0
nwfsc_pacific_hake_survey,D20210705T030552_IFCB117,2021-07-05 03:05:52+00:00,117,4.521596879166667,,,,,,,,710,,2,0
nwfsc_pacific_hake_survey,D20210705T032934_IFCB117,2021-07-05 03:29:34+00:00,117,4.755646475,,,,,,,,341,,2,0
nwfsc_pacific_hake_survey,D20210705T035316_IFCB117,2021-07-05 03:53:16+00:00,117,4.7981361125,,,,,,,,211,,2,0
nwfsc_pacific_hake_survey,D20210705T041658_IFCB117,2021-07-05 04:16:58+00:00,117,4.831490741666666,,,,,,,,220,,2,0
nwfsc_pacific_hake_survey,D20210705T044041_IFCB117,2021-07-05 04:40:41+00:00,117,4.807553808333333,,,,,,,,263,,2,0
nwfsc_pacific_hake_survey,D20210705T050423_IFCB117,2021-07-05 05:04:23+00:00,117,4.7724398500000005,,,,,,,,230,,2,0
nwfsc_pacific_hake_survey,D20210705T052804_IFCB117,2021-07-05 05:28:04+00:00,117,4.766658229166667,,,,,,,,278,,2,0
nwfsc_pacific_hake_survey,D20210705T055146_IFCB117,2021-07-05 05:51:46+00:00,117,4.804130949999999,,,,,,,,265,,2,0
nwfsc_pacific_hake_survey,D20210705T061528_IFCB117,2021-07-05 06:15:28+00:00,117,4.590717979166667,,,,,,,,574,,2,0
nwfsc_pacific_hake_survey,D20210705T063910_IFCB117,2021-07-05 06:39:10+00:00,117,4.5629361458333335,,,,,,,,589,,2,0
nwfsc_pacific_hake_survey,D20210705T070252_IFCB117,2021-07-05 07:02:52+00:00,117,4.672728341666667,,,,,,,,463,,2,0
nwfsc_pacific_hake_survey,D20210705T072635_IFCB117,2021-07-05 07:26:35+00:00,117,4.5927851125,,,,,,,,561,,2,0
nwfsc_pacific_hake_survey,D20210705T075018_IFCB117,2021-07-05 07:50:18+00:00,117,4.60514765,,,,,,,,564,,2,0
nwfsc_pacific_hake_survey,D20210705T081401_IFCB117,2021-07-05 08:14:01+00:00,117,4.804057083333333,,,,,,,,218,,2,0
nwfsc_pacific_hake_survey,D20210705T083744_IFCB117,2021-07-05 08:37:44+00:00,117,4.7879153625,,,,,,,,290,,2,0
nwfsc_pacific_hake_survey,D20210705T090126_IFCB117,2021-07-05 09:01:26+00:00,117,4.776322662499999,,,,,,,,305,,2,0
nwfsc_pacific_hake_survey,D20210705T092508_IFCB117,2021-07-05 09:25:08+00:00,117,4.574124141666666,,,,,,,,607,,2,0
nwfsc_pacific_hake_survey,D20210705T101411_IFCB117,2021-07-05 10:14:11+00:00,117,4.839491654166666,,,,,,,,102,,2,0
nwfsc_pacific_hake_survey,D20210705T103753_IFCB117,2021-07-05 10:37:53+00:00,117,4.628439591666666,,,,,,,,528,,2,0
nwfsc_pacific_hake_survey,D20210705T110135_IFCB117,2021-07-05 11:01:35+00:00,117,4.814168891666666,,,,,,,,250,,2,0
nwfsc_pacific_hake_survey,D20210705T112517_IFCB117,2021-07-05 11:25:17+00:00,117,4.875152154166667,,,,,,,,161,,2,0
nwfsc_pacific_hake_survey,D20210705T114858_IFCB117,2021-07-05 11:48:58+00:00,117,4.640662533333333,,,,,,,,484,,2,0
nwfsc_pacific_hake_survey,D20210705T121240_IFCB117,2021-07-05 12:12:40+00:00,117,4.672540970833333,,,,,,,,459,,2,0
nwfsc_pacific_hake_survey,D20210705T123622_IFCB117,2021-07-05 12:36:22+00:00,117,4.882632470833333,,,,,,,,125,,2,0
nwfsc_pacific_hake_survey,D20210705T130005_IFCB117,2021-07-05 13:00:05+00:00,117,4.647377495833334,,,,,,,,484,,2,0
nwfsc_pacific_hake_survey,D20210705T132347_IFCB117,2021-07-05 13:23:47+00:00,117,4.816774533333333,,,,,,,,248,,2,0
nwfsc_pacific_hake_survey,D20210705T134729_IFCB117,2021-07-05 13:47:29+00:00,117,4.696115070833333,,,,,,,,409,,2,0
nwfsc_pacific_hake_survey,D20210705T141111_IFCB117,2021-07-05 14:11:11+00:00,117,4.6832217875,,,,,,,,439,,2,0
nwfsc_pacific_hake_survey,D20210705T143453_IFCB117,2021-07-05 14:34:53+00:00,117,4.858777291666667,,,,,,,,207,,2,0
nwfsc_pacific_hake_survey,D20210705T145836_IFCB117,2021-07-05 14:58:36+00:00,117,4.736118145833333,,,,,,,,460,,2,0
nwfsc_pacific_hake_survey,D20210705T152218_IFCB117,2021-07-05 15:22:18+00:00,117,4.827986383333334,,,,,,,,277,,2,0
nwfsc_pacific_hake_survey,D20210705T154600_IFCB117,2021-07-05 15:46:00+00:00,117,4.6791792375,,,,,,,,584,,2,0
nwfsc_pacific_hake_survey,D20210705T160942_IFCB117,2021-07-05 16:09:42+00:00,117,4.733579225,,,,,,,,440,,2,0
nwfsc_pacific_hake_survey,D20210705T163324_IFCB117,2021-07-05 16:33:24+00:00,117,4.7325326125,,,,,,,,472,,2,0
nwfsc_pacific_hake_survey,D20210705T165706_IFCB117,2021-07-05 16:57:06+00:00,117,4.822695212499999,,,,,,,,310,,2,0
nwfsc_pacific_hake_survey,D20210705T172048_IFCB117,2021-07-05 17:20:48+00:00,117,4.892506808333334,,,,,,,,158,,2,0
nwfsc_pacific_hake_survey,D20210705T174431_IFCB117,2021-07-05 17:44:31+00:00,117,4.911528245833334,,,,,,,,151,,2,0
nwfsc_pacific_hake_survey,D20210705T180813_IFCB117,2021-07-05 18:08:13+00:00,117,4.748132579166667,,,,,,,,427,,2,0
nwfsc_pacific_hake_survey,D20210705T183155_IFCB117,2021-07-05 18:31:55+00:00,117,4.669886383333333,,,,,,,,560,,2,0
nwfsc_pacific_hake_survey,D20210705T185538_IFCB117,2021-07-05 18:55:38+00:00,117,4.736721145833333,,,,,,,,496,,2,0
nwfsc_pacific_hake_survey,D20210705T191920_IFCB117,2021-07-05 19:19:20+00:00,117,4.759386004166667,,,,,,,,439,,2,0
nwfsc_pacific_hake_survey,D20210705T194302_IFCB117,2021-07-05 19:43:02+00:00,117,4.74983355,,,,,,,,396,,2,0
nwfsc_pacific_hake_survey,D20210705T200645_IFCB117,2021-07-05 20:06:45+00:00,117,4.781272891666666,,,,,,,,400,,2,0
nwfsc_pacific_hake_survey,D20210705T203027_IFCB117,2021-07-05 20:30:27+00:00,117,4.761615133333334,,,,,,,,445,,2,0
nwfsc_pacific_hake_survey,D20210705T205409_IFCB117,2021-07-05 20:54:09+00:00,117,4.820411537499999,,,,,,,,283,,2,0
nwfsc_pacific_hake_survey,D20210705T211752_IFCB117,2021-07-05 21:17:52+00:00,117,4.760725779166667,,,,,,,,422,,2,0
nwfsc_pacific_hake_survey,D20210705T214134_IFCB117,2021-07-05 21:41:34+00:00,117,4.79708825,,,,,,,,376,,2,0
nwfsc_pacific_hake_survey,D20210705T220516_IFCB117,2021-07-05 22:05:16+00:00,117,4.770074645833334,,,,,,,,417,,2,0
nwfsc_pacific_hake_survey,D20210705T222859_IFCB117,2021-07-05 22:28:59+00:00,117,4.73018845,,,,,,,,436,,2,0
nwfsc_pacific_hake_survey,D20210705T225241_IFCB117,2021-07-05 22:52:41+00:00,117,4.780483895833332,,,,,,,,369,,2,0
nwfsc_pacific_hake_survey,D20210705T231623_IFCB117,2021-07-05 23:16:23+00:00,117,4.658499591666667,,,,,,,,435,,2,0
nwfsc_pacific_hake_survey,D20210705T234004_IFCB117,2021-07-05 23:40:04+00:00,117,4.585444383333334,,,,,,,,592,,2,0
nwfsc_pacific_hake_survey,D20210706T000346_IFCB117,2021-07-06 00:03:46+00:00,117,4.643250595833334,,,,,,,,449,,2,0
nwfsc_pacific_hake_survey,D20210706T002728_IFCB117,2021-07-06 00:27:28+00:00,117,4.620222933333333,,,,,,,,530,,2,0
nwfsc_pacific_hake_survey,D20210706T005110_IFCB117,2021-07-06 00:51:10+00:00,117,4.689798233333334,,,,,,,,448,,2,0
nwfsc_pacific_hake_survey,D20210706T011451_IFCB117,2021-07-06 01:14:51+00:00,117,4.379229266666667,,,,,,,,918,,2,0
nwfsc_pacific_hake_survey,D20210706T013833_IFCB117,2021-07-06 01:38:33+00:00,117,4.472916858333334,,,,,,,,760,,2,0
nwfsc_pacific_hake_survey,D20210706T022757_IFCB117,2021-07-06 02:27:57+00:00,117,4.733053466666667,,,,,,,,42,,2,0
nwfsc_pacific_hake_survey,D20210706T025139_IFCB117,2021-07-06 02:51:39+00:00,117,4.505251258333333,,,,,,,,20,,2,0
nwfsc_pacific_hake_survey,D20210706T031521_IFCB117,2021-07-06 03:15:21+00:00,117,4.870238850000001,,,,,,,,33,,2,0
nwfsc_pacific_hake_survey,D20210706T033903_IFCB117,2021-07-06 03:39:03+00:00,117,4.2979698625,,,,,,,,28,,2,0
nwfsc_pacific_hake_survey,D20210706T040244_IFCB117,2021-07-06 04:02:44+00:00,117,3.8423427083333332,,,,,,,,32,,2,0
nwfsc_pacific_hake_survey,D20210706T042626_IFCB117,2021-07-06 04:26:26+00:00,117,4.935981166666667,,,,,,,,25,,2,0
nwfsc_pacific_hake_survey,D20210706T045008_IFCB117,2021-07-06 04:50:08+00:00,117,4.9553853624999995,,,,,,,,34,,2,0
nwfsc_pacific_hake_survey,D20210706T051350_IFCB117,2021-07-06 05:13:50+00:00,117,4.714287570833334,,,,,,,,29,,2,0
nwfsc_pacific_hake_survey,D20210706T053732_IFCB117,2021-07-06 05:37:32+00:00,117,4.890964445833333,,,,,,,,34,,2,0
nwfsc_pacific_hake_survey,D20210706T060114_IFCB117,2021-07-06 06:01:14+00:00,117,4.958999029166667,,,,,,,,32,,2,0
nwfsc_pacific_hake_survey,D20210706T062455_IFCB117,2021-07-06 06:24:55+00:00,117,4.786338920833333,,,,,,,,90,,2,0
nwfsc_pacific_hake_survey,D20210706T064837_IFCB117,2021-07-06 06:48:37+00:00,117,4.7017403875,,,,,,,,167,,2,0
nwfsc_pacific_hake_survey,D20210706T071219_IFCB117,2021-07-06 07:12:19+00:00,117,4.952734554166667,,,,,,,,43,,2,0
nwfsc_pacific_hake_survey,D20210706T073601_IFCB117,2021-07-06 07:36:01+00:00,117,4.4608603166666665,,,,,,,,82,,2,0
nwfsc_pacific_hake_survey,D20210706T075943_IFCB117,2021-07-06 07:59:43+00:00,117,4.886704841666667,,,,,,,,34,,2,0
nwfsc_pacific_hake_survey,D20210706T082325_IFCB117,2021-07-06 08:23:25+00:00,117,4.7463208791666665,,,,,,,,33,,2,0
nwfsc_pacific_hake_survey,D20210706T084706_IFCB117,2021-07-06 08:47:06+00:00,117,4.7404605124999994,,,,,,,,375,,2,0
nwfsc_pacific_hake_survey,D20210706T091048_IFCB117,2021-07-06 09:10:48+00:00,117,4.4484234208333335,,,,,,,,805,,2,0
nwfsc_pacific_hake_survey,D20210706T093430_IFCB117,2021-07-06 09:34:30+00:00,117,4.4276804125,,,,,,,,833,,2,0
nwfsc_pacific_hake_survey,D20210706T095812_IFCB117,2021-07-06 09:58:12+00:00,117,4.438097945833333,,,,,,,,834,,2,0
nwfsc_pacific_hake_survey,D20210706T102154_IFCB117,2021-07-06 10:21:54+00:00,117,4.449875645833333,,,,,,,,759,,2,0
nwfsc_pacific_hake_survey,D20210706T104536_IFCB117,2021-07-06 10:45:36+00:00,117,4.473573420833333,,,,,,,,748,,2,0
nwfsc_pacific_hake_survey,D20210706T110918_IFCB117,2021-07-06 11:09:18+00:00,117,4.553408970833333,,,,,,,,638,,2,0
nwfsc_pacific_hake_survey,D20210706T113300_IFCB117,2021-07-06 11:33:00+00:00,117,4.519059429166666,,,,,,,,660,,2,0
nwfsc_pacific_hake_survey,D20210706T115642_IFCB117,2021-07-06 11:56:42+00:00,117,4.518055254166667,,,,,,,,702,,2,0
nwfsc_pacific_hake_survey,D20210706T122023_IFCB117,2021-07-06 12:20:23+00:00,117,4.675484754166666,,,,,,,,449,,2,0
nwfsc_pacific_hake_survey,D20210706T124405_IFCB117,2021-07-06 12:44:05+00:00,117,4.6517055958333335,,,,,,,,480,,2,0
nwfsc_pacific_hake_survey,D20210706T130747_IFCB117,2021-07-06 13:07:47+00:00,117,4.670853070833333,,,,,,,,467,,2,0
nwfsc_pacific_hake_survey,D20210706T133129_IFCB117,2021-07-06 13:31:29+00:00,117,4.5749958416666665,,,,,,,,614,,2,0
nwfsc_pacific_hake_survey,D20210706T135510_IFCB117,2021-07-06 13:55:10+00:00,117,4.485344316666667,,,,,,,,746,,2,0
nwfsc_pacific_hake_survey,D20210706T141852_IFCB117,2021-07-06 14:18:52+00:00,117,4.562398358333334,,,,,,,,592,,2,0
nwfsc_pacific_hake_survey,D20210706T144234_IFCB117,2021-07-06 14:42:34+00:00,117,4.620602141666666,,,,,,,,502,,2,0
nwfsc_pacific_hake_survey,D20210706T150616_IFCB117,2021-07-06 15:06:16+00:00,117,4.871785108333333,,,,,,,,51,,2,0
nwfsc_pacific_hake_survey,D20210706T152957_IFCB117,2021-07-06 15:29:57+00:00,117,4.749029929166666,,,,,,,,42,,2,0
nwfsc_pacific_hake_survey,D20210706T155339_IFCB117,2021-07-06 15:53:39+00:00,117,4.819921070833333,,,,,,,,46,,2,0
nwfsc_pacific_hake_survey,D20210706T161721_IFCB117,2021-07-06 16:17:21+00:00,117,4.884605379166667,,,,,,,,60,,2,0
nwfsc_pacific_hake_survey,D20210706T164103_IFCB117,2021-07-06 16:41:03+00:00,117,4.752286629166666,,,,,,,,198,,2,0
nwfsc_pacific_hake_survey,D20210706T170445_IFCB117,2021-07-06 17:04:45+00:00,117,4.8170118125,,,,,,,,128,,2,0
nwfsc_pacific_hake_survey,D20210706T172826_IFCB117,2021-07-06 17:28:26+00:00,117,4.772992325000001,,,,,,,,56,,2,0
nwfsc_pacific_hake_survey,D20210706T175208_IFCB117,2021-07-06 17:52:08+00:00,117,4.7417286625,,,,,,,,130,,2,0
nwfsc_pacific_hake_survey,D20210706T184110_IFCB117,2021-07-06 18:41:10+00:00,117,4.003566395833333,,,,,,,,18,,2,0
nwfsc_pacific_hake_survey,D20210706T190452_IFCB117,2021-07-06 19:04:52+00:00,117,4.6049545375,,,,,,,,31,,2,0
nwfsc_pacific_hake_survey,D20210706T192834_IFCB117,2021-07-06 19:28:34+00:00,117,4.857498008333334,,,,,,,,38,,2,0
nwfsc_pacific_hake_survey,D20210706T195215_IFCB117,2021-07-06 19:52:15+00:00,117,4.725392391666666,,,,,,,,17,,2,0
nwfsc_pacific_hake_survey,D20210706T201558_IFCB117,2021-07-06 20:15:58+00:00,117,4.838704399999999,,,,,,,,23,,2,0
nwfsc_pacific_hake_survey,D20210706T203940_IFCB117,2021-07-06 20:39:40+00:00,117,4.951104237500001,,,,,,,,51,,2,0
nwfsc_pacific_hake_survey,D20210706T210323_IFCB117,2021-07-06 21:03:23+00:00,117,4.962452708333333,,,,,,,,35,,2,0
nwfsc_pacific_hake_survey,D20210706T212704_IFCB117,2021-07-06 21:27:04+00:00,117,4.7937510125,,,,,,,,21,,2,0
nwfsc_pacific_hake_survey,D20210706T215046_IFCB117,2021-07-06 21:50:46+00:00,117,4.50593675,,,,,,,,25,,2,0
nwfsc_pacific_hake_survey,D20210706T221428_IFCB117,2021-07-06 22:14:28+00:00,117,4.8674577,,,,,,,,38,,2,0
nwfsc_pacific_hake_survey,D20210706T223810_IFCB117,2021-07-06 22:38:10+00:00,117,4.8975794875,,,,,,,,44,,2,0
nwfsc_pacific_hake_survey,D20210706T230152_IFCB117,2021-07-06 23:01:52+00:00,117,4.9424815875,,,,,,,,67,,2,0
nwfsc_pacific_hake_survey,D20210706T232534_IFCB117,2021-07-06 23:25:34+00:00,117,4.909449941666667,,,,,,,,56,,2,0
nwfsc_pacific_hake_survey,D20210706T234916_IFCB117,2021-07-06 23:49:16+00:00,117,4.533675658333333,,,,,,,,698,,2,0
nwfsc_pacific_hake_survey,D20210707T001300_IFCB117,2021-07-07 00:13:00+00:00,117,4.534765220833333,,,,,,,,685,,2,0
nwfsc_pacific_hake_survey,D20210707T003642_IFCB117,2021-07-07 00:36:42+00:00,117,4.609558591666667,,,,,,,,550,,2,0
nwfsc_pacific_hake_survey,D20210707T010024_IFCB117,2021-07-07 01:00:24+00:00,117,4.483446995833334,,,,,,,,744,,2,0
nwfsc_pacific_hake_survey,D20210707T012407_IFCB117,2021-07-07 01:24:07+00:00,117,4.611231075000001,,,,,,,,571,,2,0
nwfsc_pacific_hake_survey,D20210707T014749_IFCB117,2021-07-07 01:47:49+00:00,117,4.632621345833333,,,,,,,,539,,2,0
nwfsc_pacific_hake_survey,D20210707T021132_IFCB117,2021-07-07 02:11:32+00:00,117,4.682117466666667,,,,,,,,455,,2,0
nwfsc_pacific_hake_survey,D20210707T023515_IFCB117,2021-07-07 02:35:15+00:00,117,4.829626708333333,,,,,,,,202,,2,0
nwfsc_pacific_hake_survey,D20210707T025856_IFCB117,2021-07-07 02:58:56+00:00,117,4.7039381166666665,,,,,,,,361,,2,0
nwfsc_pacific_hake_survey,D20210707T032239_IFCB117,2021-07-07 03:22:39+00:00,117,4.586622758333334,,,,,,,,613,,2,0
nwfsc_pacific_hake_survey,D20210707T034621_IFCB117,2021-07-07 03:46:21+00:00,117,4.5149151750000005,,,,,,,,732,,2,0
nwfsc_pacific_hake_survey,D20210707T041003_IFCB117,2021-07-07 04:10:03+00:00,117,4.583444170833333,,,,,,,,622,,2,0
nwfsc_pacific_hake_survey,D20210707T043345_IFCB117,2021-07-07 04:33:45+00:00,117,4.7863036291666665,,,,,,,,301,,2,0
nwfsc_pacific_hake_survey,D20210707T045727_IFCB117,2021-07-07 04:57:27+00:00,117,4.8588393375,,,,,,,,194,,2,0
nwfsc_pacific_hake_survey,D20210707T052109_IFCB117,2021-07-07 05:21:09+00:00,117,4.74694815,,,,,,,,190,,2,0
nwfsc_pacific_hake_survey,D20210707T054451_IFCB117,2021-07-07 05:44:51+00:00,117,4.801084670833333,,,,,,,,194,,2,0
nwfsc_pacific_hake_survey,D20210707T060833_IFCB117,2021-07-07 06:08:33+00:00,117,4.804971954166667,,,,,,,,147,,2,0
nwfsc_pacific_hake_survey,D20210707T063215_IFCB117,2021-07-07 06:32:15+00:00,117,4.821649504166667,,,,,,,,143,,2,0
nwfsc_pacific_hake_survey,D20210707T065557_IFCB117,2021-07-07 06:55:57+00:00,117,4.8785679375,,,,,,,,119,,2,0
nwfsc_pacific_hake_survey,D20210707T071939_IFCB117,2021-07-07 07:19:39+00:00,117,4.899418116666666,,,,,,,,121,,2,0
nwfsc_pacific_hake_survey,D20210707T074321_IFCB117,2021-07-07 07:43:21+00:00,117,4.909607816666666,,,,,,,,104,,2,0
nwfsc_pacific_hake_survey,D20210707T080703_IFCB117,2021-07-07 08:07:03+00:00,117,4.702918720833334,,,,,,,,113,,2,0
nwfsc_pacific_hake_survey,D20210707T083045_IFCB117,2021-07-07 08:30:45+00:00,117,4.882084454166667,,,,,,,,147,,2,0
nwfsc_pacific_hake_survey,D20210707T085427_IFCB117,2021-07-07 08:54:27+00:00,117,4.8919962125000005,,,,,,,,126,,2,0
nwfsc_pacific_hake_survey,D20210707T091809_IFCB117,2021-07-07 09:18:09+00:00,117,4.899856991666667,,,,,,,,132,,2,0
nwfsc_pacific_hake_survey,D20210707T094151_IFCB117,2021-07-07 09:41:51+00:00,117,4.8187667916666665,,,,,,,,148,,2,0
nwfsc_pacific_hake_survey,D20210707T100532_IFCB117,2021-07-07 10:05:32+00:00,117,4.817481637499999,,,,,,,,132,,2,0
nwfsc_pacific_hake_survey,D20210707T105518_IFCB117,2021-07-07 10:55:18+00:00,117,4.733325566666666,,,,,,,,59,,2,0
nwfsc_pacific_hake_survey,D20210707T111900_IFCB117,2021-07-07 11:19:00+00:00,117,4.877250579166667,,,,,,,,120,,2,0
nwfsc_pacific_hake_survey,D20210707T114244_IFCB117,2021-07-07 11:42:44+00:00,117,4.932211908333333,,,,,,,,84,,2,0
nwfsc_pacific_hake_survey,D20210707T120626_IFCB117,2021-07-07 12:06:26+00:00,117,4.768392029166667,,,,,,,,81,,2,0
nwfsc_pacific_hake_survey,D20210707T123008_IFCB117,2021-07-07 12:30:08+00:00,117,4.905524633333333,,,,,,,,84,,2,0
nwfsc_pacific_hake_survey,D20210707T125350_IFCB117,2021-07-07 12:53:50+00:00,117,4.805013841666667,,,,,,,,96,,2,0
nwfsc_pacific_hake_survey,D20210707T131732_IFCB117,2021-07-07 13:17:32+00:00,117,4.781771629166667,,,,,,,,230,,2,0
nwfsc_pacific_hake_survey,D20210707T134114_IFCB117,2021-07-07 13:41:14+00:00,117,4.7206777875,,,,,,,,374,,2,0
nwfsc_pacific_hake_survey,D20210707T140457_IFCB117,2021-07-07 14:04:57+00:00,117,4.7683603041666665,,,,,,,,322,,2,0
nwfsc_pacific_hake_survey,D20210707T142839_IFCB117,2021-07-07 14:28:39+00:00,117,4.813517133333333,,,,,,,,181,,2,0
nwfsc_pacific_hake_survey,D20210707T145221_IFCB117,2021-07-07 14:52:21+00:00,117,4.7353379,,,,,,,,359,,2,0
nwfsc_pacific_hake_survey,D20210707T151603_IFCB117,2021-07-07 15:16:03+00:00,117,4.7742651458333345,,,,,,,,302,,2,0
nwfsc_pacific_hake_survey,D20210707T153945_IFCB117,2021-07-07 15:39:45+00:00,117,4.881378804166667,,,,,,,,122,,2,0
nwfsc_pacific_hake_survey,D20210707T160327_IFCB117,2021-07-07 16:03:27+00:00,117,4.906220258333333,,,,,,,,91,,2,0
nwfsc_pacific_hake_survey,D20210707T162709_IFCB117,2021-07-07 16:27:09+00:00,117,4.724001908333334,,,,,,,,388,,2,0
nwfsc_pacific_hake_survey,D20210707T165051_IFCB117,2021-07-07 16:50:51+00:00,117,4.704636166666666,,,,,,,,356,,2,0
nwfsc_pacific_hake_survey,D20210707T171434_IFCB117,2021-07-07 17:14:34+00:00,117,4.806044479166667,,,,,,,,256,,2,0
nwfsc_pacific_hake_survey,D20210707T173816_IFCB117,2021-07-07 17:38:16+00:00,117,4.7935681875,,,,,,,,287,,2,0
nwfsc_pacific_hake_survey,D20210707T180158_IFCB117,2021-07-07 18:01:58+00:00,117,4.806668766666666,,,,,,,,256,,2,0
nwfsc_pacific_hake_survey,D20210707T182540_IFCB117,2021-07-07 18:25:40+00:00,117,4.815804208333334,,,,,,,,249,,2,0
nwfsc_pacific_hake_survey,D20210707T184923_IFCB117,2021-07-07 18:49:23+00:00,117,4.790133858333333,,,,,,,,192,,2,0
nwfsc_pacific_hake_survey,D20210707T191305_IFCB117,2021-07-07 19:13:05+00:00,117,0.7229617,,,,,,,,39,,2,0
nwfsc_pacific_hake_survey,D20210707T192303_IFCB117,2021-07-07 19:23:03+00:00,117,4.806038520833334,,,,,,,,239,,2,0
nwfsc_pacific_hake_survey,D20210707T194645_IFCB117,2021-07-07 19:46:45+00:00,117,4.8476819,,,,,,,,273,,2,0
nwfsc_pacific_hake_survey,D20210707T201027_IFCB117,2021-07-07 20:10:27+00:00,117,4.779379720833334,,,,,,,,370,,2,0
nwfsc_pacific_hake_survey,D20210707T203410_IFCB117,2021-07-07 20:34:10+00:00,117,4.7641184,,,,,,,,412,,2,0
nwfsc_pacific_hake_survey,D20210707T205752_IFCB117,2021-07-07 20:57:52+00:00,117,4.691532075,,,,,,,,445,,2,0
nwfsc_pacific_hake_survey,D20210707T212134_IFCB117,2021-07-07 21:21:34+00:00,117,4.699623400000001,,,,,,,,425,,2,0
nwfsc_pacific_hake_survey,D20210707T214516_IFCB117,2021-07-07 21:45:16+00:00,117,4.526048783333334,,,,,,,,699,,2,0
nwfsc_pacific_hake_survey,D20210707T220858_IFCB117,2021-07-07 22:08:58+00:00,117,4.5430430875,,,,,,,,648,,2,0
nwfsc_pacific_hake_survey,D20210707T223240_IFCB117,2021-07-07 22:32:40+00:00,117,4.679950095833334,,,,,,,,435,,2,0
nwfsc_pacific_hake_survey,D20210707T225622_IFCB117,2021-07-07 22:56:22+00:00,117,4.629231941666666,,,,,,,,533,,2,0
nwfsc_pacific_hake_survey,D20210707T232004_IFCB117,2021-07-07 23:20:04+00:00,117,4.561772816666666,,,,,,,,638,,2,0
nwfsc_pacific_hake_survey,D20210707T234347_IFCB117,2021-07-07 23:43:47+00:00,117,4.559908350000001,,,,,,,,591,,2,0
nwfsc_pacific_hake_survey,D20210708T000729_IFCB117,2021-07-08 00:07:29+00:00,117,4.733294079166667,,,,,,,,353,,2,0
nwfsc_pacific_hake_survey,D20210708T003111_IFCB117,2021-07-08 00:31:11+00:00,117,4.926920091666667,,,,,,,,88,,2,0
nwfsc_pacific_hake_survey,D20210708T005453_IFCB117,2021-07-08 00:54:53+00:00,117,4.61923245,,,,,,,,36,,2,0
nwfsc_pacific_hake_survey,D20210708T011835_IFCB117,2021-07-08 01:18:35+00:00,117,4.832321216666667,,,,,,,,33,,2,0
nwfsc_pacific_hake_survey,D20210708T014217_IFCB117,2021-07-08 01:42:17+00:00,117,4.866609133333333,,,,,,,,29,,2,0
nwfsc_pacific_hake_survey,D20210708T020600_IFCB117,2021-07-08 02:06:00+00:00,117,4.934402479166667,,,,,,,,56,,2,0
nwfsc_pacific_hake_survey,D20210708T025524_IFCB117,2021-07-08 02:55:24+00:00,117,4.861071833333333,,,,,,,,153,,2,0
nwfsc_pacific_hake_survey,D20210708T031906_IFCB117,2021-07-08 03:19:06+00:00,117,4.1322499625,,,,,,,,1259,,2,0
nwfsc_pacific_hake_survey,D20210708T034249_IFCB117,2021-07-08 03:42:49+00:00,117,4.091545841666667,,,,,,,,1344,,2,0
nwfsc_pacific_hake_survey,D20210708T040631_IFCB117,2021-07-08 04:06:31+00:00,117,4.0732415374999995,,,,,,,,1376,,2,0
nwfsc_pacific_hake_survey,D20210708T043013_IFCB117,2021-07-08 04:30:13+00:00,117,4.088083720833333,,,,,,,,1352,,2,0
nwfsc_pacific_hake_survey,D20210708T045355_IFCB117,2021-07-08 04:53:55+00:00,117,4.030581274999999,,,,,,,,1434,,2,0
nwfsc_pacific_hake_survey,D20210708T051738_IFCB117,2021-07-08 05:17:38+00:00,117,4.0931155875,,,,,,,,1339,,2,0
nwfsc_pacific_hake_survey,D20210708T054120_IFCB117,2021-07-08 05:41:20+00:00,117,3.9212592666666666,,,,,,,,1594,,2,0
nwfsc_pacific_hake_survey,D20210708T060502_IFCB117,2021-07-08 06:05:02+00:00,117,3.9514682333333337,,,,,,,,1552,,2,0
nwfsc_pacific_hake_survey,D20210708T062845_IFCB117,2021-07-08 06:28:45+00:00,117,3.9544298041666663,,,,,,,,1525,,2,0
nwfsc_pacific_hake_survey,D20210708T065228_IFCB117,2021-07-08 06:52:28+00:00,117,3.9944871583333335,,,,,,,,1513,,2,0
nwfsc_pacific_hake_survey,D20210708T071610_IFCB117,2021-07-08 07:16:10+00:00,117,4.100557870833334,,,,,,,,1359,,2,0
nwfsc_pacific_hake_survey,D20210708T073952_IFCB117,2021-07-08 07:39:52+00:00,117,4.1298883625,,,,,,,,1340,,2,0
nwfsc_pacific_hake_survey,D20210708T080334_IFCB117,2021-07-08 08:03:34+00:00,117,4.169981020833333,,,,,,,,1275,,2,0
nwfsc_pacific_hake_survey,D20210708T082716_IFCB117,2021-07-08 08:27:16+00:00,117,4.219808495833333,,,,,,,,1194,,2,0
nwfsc_pacific_hake_survey,D20210708T085058_IFCB117,2021-07-08 08:50:58+00:00,117,4.231217820833333,,,,,,,,1176,,2,0
nwfsc_pacific_hake_survey,D20210708T091441_IFCB117,2021-07-08 09:14:41+00:00,117,4.321262208333334,,,,,,,,1019,,2,0
nwfsc_pacific_hake_survey,D20210708T093823_IFCB117,2021-07-08 09:38:23+00:00,117,4.3242379375,,,,,,,,1030,,2,0
nwfsc_pacific_hake_survey,D20210708T100205_IFCB117,2021-07-08 10:02:05+00:00,117,4.312350641666666,,,,,,,,1050,,2,0
nwfsc_pacific_hake_survey,D20210708T102547_IFCB117,2021-07-08 10:25:47+00:00,117,4.2667037500000005,,,,,,,,1096,,2,0
nwfsc_pacific_hake_survey,D20210708T104929_IFCB117,2021-07-08 10:49:29+00:00,117,4.1385388,,,,,,,,1313,,2,0
nwfsc_pacific_hake_survey,D20210708T111311_IFCB117,2021-07-08 11:13:11+00:00,117,4.017655491666667,,,,,,,,1472,,2,0
nwfsc_pacific_hake_survey,D20210708T113653_IFCB117,2021-07-08 11:36:53+00:00,117,4.0604819625,,,,,,,,1397,,2,0
nwfsc_pacific_hake_survey,D20210708T120035_IFCB117,2021-07-08 12:00:35+00:00,117,3.9879119750000003,,,,,,,,1528,,2,0
nwfsc_pacific_hake_survey,D20210708T122417_IFCB117,2021-07-08 12:24:17+00:00,117,4.167169495833333,,,,,,,,1250,,2,0
nwfsc_pacific_hake_survey,D20210708T124759_IFCB117,2021-07-08 12:47:59+00:00,117,4.3265357375,,,,,,,,1023,,2,0
nwfsc_pacific_hake_survey,D20210708T131141_IFCB117,2021-07-08 13:11:41+00:00,117,4.1101977625,,,,,,,,1331,,2,0
nwfsc_pacific_hake_survey,D20210708T133523_IFCB117,2021-07-08 13:35:23+00:00,117,3.921124675,,,,,,,,1621,,2,0
nwfsc_pacific_hake_survey,D20210708T135905_IFCB117,2021-07-08 13:59:05+00:00,117,4.1763101208333335,,,,,,,,1218,,2,0
nwfsc_pacific_hake_survey,D20210708T142248_IFCB117,2021-07-08 14:22:48+00:00,117,4.417020408333333,,,,,,,,850,,2,0
nwfsc_pacific_hake_survey,D20210708T144631_IFCB117,2021-07-08 14:46:31+00:00,117,4.737762529166668,,,,,,,,357,,2,0
nwfsc_pacific_hake_survey,D20210708T151013_IFCB117,2021-07-08 15:10:13+00:00,117,4.7547786,,,,,,,,245,,2,0
nwfsc_pacific_hake_survey,D20210708T153355_IFCB117,2021-07-08 15:33:55+00:00,117,4.846633329166667,,,,,,,,168,,2,0
nwfsc_pacific_hake_survey,D20210708T155737_IFCB117,2021-07-08 15:57:37+00:00,117,4.845123004166667,,,,,,,,161,,2,0
nwfsc_pacific_hake_survey,D20210708T162119_IFCB117,2021-07-08 16:21:19+00:00,117,4.8645869500000005,,,,,,,,163,,2,0
nwfsc_pacific_hake_survey,D20210708T164501_IFCB117,2021-07-08 16:45:01+00:00,117,4.849152849999999,,,,,,,,195,,2,0
nwfsc_pacific_hake_survey,D20210708T170842_IFCB117,2021-07-08 17:08:42+00:00,117,4.749255545833334,,,,,,,,282,,2,0
nwfsc_pacific_hake_survey,D20210708T173224_IFCB117,2021-07-08 17:32:24+00:00,117,4.7775792458333335,,,,,,,,307,,2,0
nwfsc_pacific_hake_survey,D20210708T175606_IFCB117,2021-07-08 17:56:06+00:00,117,4.89158465,,,,,,,,95,,2,0
nwfsc_pacific_hake_survey,D20210708T181948_IFCB117,2021-07-08 18:19:48+00:00,117,4.903744879166667,,,,,,,,26,,2,0
nwfsc_pacific_hake_survey,D20210708T190935_IFCB117,2021-07-08 19:09:35+00:00,117,4.803953379166667,,,,,,,,28,,2,0
nwfsc_pacific_hake_survey,D20210708T193317_IFCB117,2021-07-08 19:33:17+00:00,117,4.863762983333333,,,,,,,,150,,2,0
nwfsc_pacific_hake_survey,D20210708T195659_IFCB117,2021-07-08 19:56:59+00:00,117,4.727938766666666,,,,,,,,384,,2,0
nwfsc_pacific_hake_survey,D20210708T202041_IFCB117,2021-07-08 20:20:41+00:00,117,4.514664795833332,,,,,,,,703,,2,0
nwfsc_pacific_hake_survey,D20210708T204423_IFCB117,2021-07-08 20:44:23+00:00,117,4.151242704166666,,,,,,,,1243,,2,0
nwfsc_pacific_hake_survey,D20210708T210805_IFCB117,2021-07-08 21:08:05+00:00,117,4.275756591666666,,,,,,,,1059,,2,0
nwfsc_pacific_hake_survey,D20210708T213147_IFCB117,2021-07-08 21:31:47+00:00,117,4.0195675875,,,,,,,,1441,,2,0
nwfsc_pacific_hake_survey,D20210708T215530_IFCB117,2021-07-08 21:55:30+00:00,117,4.342883066666667,,,,,,,,960,,2,0
nwfsc_pacific_hake_survey,D20210708T221912_IFCB117,2021-07-08 22:19:12+00:00,117,4.163065925000001,,,,,,,,1222,,2,0
nwfsc_pacific_hake_survey,D20210708T224254_IFCB117,2021-07-08 22:42:54+00:00,117,4.363308641666666,,,,,,,,944,,2,0
nwfsc_pacific_hake_survey,D20210708T230636_IFCB117,2021-07-08 23:06:36+00:00,117,4.051987820833333,,,,,,,,1396,,2,0
nwfsc_pacific_hake_survey,D20210708T233018_IFCB117,2021-07-08 23:30:18+00:00,117,4.025328033333333,,,,,,,,1437,,2,0
nwfsc_pacific_hake_survey,D20210708T235401_IFCB117,2021-07-08 23:54:01+00:00,117,4.0575615208333335,,,,,,,,1382,,2,0
nwfsc_pacific_hake_survey,D20210709T001743_IFCB117,2021-07-09 00:17:43+00:00,117,4.202356004166666,,,,,,,,1157,,2,0
nwfsc_pacific_hake_survey,D20210709T004125_IFCB117,2021-07-09 00:41:25+00:00,117,4.116622595833333,,,,,,,,1299,,2,0
nwfsc_pacific_hake_survey,D20210709T010507_IFCB117,2021-07-09 01:05:07+00:00,117,4.0533975416666665,,,,,,,,1378,,2,0
nwfsc_pacific_hake_survey,D20210709T012849_IFCB117,2021-07-09 01:28:49+00:00,117,3.9997642333333334,,,,,,,,1463,,2,0
nwfsc_pacific_hake_survey,D20210709T015231_IFCB117,2021-07-09 01:52:31+00:00,117,4.140274766666667,,,,,,,,1260,,2,0
nwfsc_pacific_hake_survey,D20210709T021613_IFCB117,2021-07-09 02:16:13+00:00,117,4.071737025,,,,,,,,1366,,2,0
nwfsc_pacific_hake_survey,D20210709T023955_IFCB117,2021-07-09 02:39:55+00:00,117,4.132155183333333,,,,,,,,1273,,2,0
nwfsc_pacific_hake_survey,D20210709T030338_IFCB117,2021-07-09 03:03:38+00:00,117,4.2403266083333335,,,,,,,,1079,,2,0
nwfsc_pacific_hake_survey,D20210709T032720_IFCB117,2021-07-09 03:27:20+00:00,117,4.478261408333334,,,,,,,,757,,2,0
nwfsc_pacific_hake_survey,D20210709T035102_IFCB117,2021-07-09 03:51:02+00:00,117,4.341479158333333,,,,,,,,947,,2,0
nwfsc_pacific_hake_survey,D20210709T041444_IFCB117,2021-07-09 04:14:44+00:00,117,3.9699355916666668,,,,,,,,1500,,2,0
nwfsc_pacific_hake_survey,D20210709T043826_IFCB117,2021-07-09 04:38:26+00:00,117,3.8593844791666667,,,,,,,,1677,,2,0
nwfsc_pacific_hake_survey,D20210709T050209_IFCB117,2021-07-09 05:02:09+00:00,117,3.991178375,,,,,,,,1479,,2,0
nwfsc_pacific_hake_survey,D20210709T052551_IFCB117,2021-07-09 05:25:51+00:00,117,4.073682770833334,,,,,,,,1366,,2,0
nwfsc_pacific_hake_survey,D20210709T054933_IFCB117,2021-07-09 05:49:33+00:00,117,4.274630654166668,,,,,,,,1068,,2,0
nwfsc_pacific_hake_survey,D20210709T061316_IFCB117,2021-07-09 06:13:16+00:00,117,4.2214540750000005,,,,,,,,1159,,2,0
nwfsc_pacific_hake_survey,D20210709T063658_IFCB117,2021-07-09 06:36:58+00:00,117,4.3788589375,,,,,,,,921,,2,0
nwfsc_pacific_hake_survey,D20210709T070040_IFCB117,2021-07-09 07:00:40+00:00,117,4.353953108333333,,,,,,,,955,,2,0
nwfsc_pacific_hake_survey,D20210709T072423_IFCB117,2021-07-09 07:24:23+00:00,117,4.1393858125,,,,,,,,1282,,2,0
nwfsc_pacific_hake_survey,D20210709T074805_IFCB117,2021-07-09 07:48:05+00:00,117,4.3174985291666665,,,,,,,,1015,,2,0
nwfsc_pacific_hake_survey,D20210709T081147_IFCB117,2021-07-09 08:11:47+00:00,117,4.530647624999999,,,,,,,,686,,2,0
nwfsc_pacific_hake_survey,D20210709T083529_IFCB117,2021-07-09 08:35:29+00:00,117,4.5552605958333325,,,,,,,,618,,2,0
nwfsc_pacific_hake_survey,D20210709T085911_IFCB117,2021-07-09 08:59:11+00:00,117,4.420780633333334,,,,,,,,846,,2,0
nwfsc_pacific_hake_survey,D20210709T092253_IFCB117,2021-07-09 09:22:53+00:00,117,4.354517016666667,,,,,,,,951,,2,0
nwfsc_pacific_hake_survey,D20210709T094635_IFCB117,2021-07-09 09:46:35+00:00,117,4.3241727,,,,,,,,981,,2,0
nwfsc_pacific_hake_survey,D20210709T101017_IFCB117,2021-07-09 10:10:17+00:00,117,4.33755555,,,,,,,,980,,2,0
nwfsc_pacific_hake_survey,D20210709T103359_IFCB117,2021-07-09 10:33:59+00:00,117,4.447469816666667,,,,,,,,813,,2,0
nwfsc_pacific_hake_survey,D20210709T112301_IFCB117,2021-07-09 11:23:01+00:00,117,4.5668083125,,,,,,,,635,,2,0
nwfsc_pacific_hake_survey,D20210709T114643_IFCB117,2021-07-09 11:46:43+00:00,117,4.432323366666667,,,,,,,,841,,2,0
nwfsc_pacific_hake_survey,D20210709T121025_IFCB117,2021-07-09 12:10:25+00:00,117,4.4528896875,,,,,,,,786,,2,0
nwfsc_pacific_hake_survey,D20210709T123407_IFCB117,2021-07-09 12:34:07+00:00,117,4.0524267125,,,,,,,,1430,,2,0
nwfsc_pacific_hake_survey,D20210709T125750_IFCB117,2021-07-09 12:57:50+00:00,117,4.408494979166667,,,,,,,,881,,2,0
nwfsc_pacific_hake_survey,D20210709T132132_IFCB117,2021-07-09 13:21:32+00:00,117,4.4288300000000005,,,,,,,,832,,2,0
nwfsc_pacific_hake_survey,D20210709T134514_IFCB117,2021-07-09 13:45:14+00:00,117,4.457995449999999,,,,,,,,796,,2,0
nwfsc_pacific_hake_survey,D20210709T140856_IFCB117,2021-07-09 14:08:56+00:00,117,4.3768274375,,,,,,,,919,,2,0
nwfsc_pacific_hake_survey,D20210709T143238_IFCB117,2021-07-09 14:32:38+00:00,117,4.5259289833333325,,,,,,,,684,,2,0
nwfsc_pacific_hake_survey,D20210709T145620_IFCB117,2021-07-09 14:56:20+00:00,117,4.772134574999999,,,,,,,,220,,2,0
nwfsc_pacific_hake_survey,D20210709T152002_IFCB117,2021-07-09 15:20:02+00:00,117,4.445020483333334,,,,,,,,801,,2,0
nwfsc_pacific_hake_survey,D20210709T154344_IFCB117,2021-07-09 15:43:44+00:00,117,4.565656095833334,,,,,,,,591,,2,0
nwfsc_pacific_hake_survey,D20210709T160726_IFCB117,2021-07-09 16:07:26+00:00,117,4.717001766666667,,,,,,,,360,,2,0
nwfsc_pacific_hake_survey,D20210709T163108_IFCB117,2021-07-09 16:31:08+00:00,117,4.4201167375,,,,,,,,852,,2,0
nwfsc_pacific_hake_survey,D20210709T165450_IFCB117,2021-07-09 16:54:50+00:00,117,4.766308475000001,,,,,,,,324,,2,0
nwfsc_pacific_hake_survey,D20210709T171832_IFCB117,2021-07-09 17:18:32+00:00,117,4.7529154333333326,,,,,,,,294,,2,0
nwfsc_pacific_hake_survey,D20210709T174214_IFCB117,2021-07-09 17:42:14+00:00,117,4.735712375,,,,,,,,370,,2,0
nwfsc_pacific_hake_survey,D20210709T180556_IFCB117,2021-07-09 18:05:56+00:00,117,4.673627983333334,,,,,,,,476,,2,0
nwfsc_pacific_hake_survey,D20210709T182938_IFCB117,2021-07-09 18:29:38+00:00,117,4.782971283333334,,,,,,,,309,,2,0
nwfsc_pacific_hake_survey,D20210709T185320_IFCB117,2021-07-09 18:53:20+00:00,117,4.797179779166666,,,,,,,,279,,2,0
nwfsc_pacific_hake_survey,D20210709T191702_IFCB117,2021-07-09 19:17:02+00:00,117,4.792133445833334,,,,,,,,283,,2,0
nwfsc_pacific_hake_survey,D20210709T194044_IFCB117,2021-07-09 19:40:44+00:00,117,4.704926125,,,,,,,,264,,2,0
nwfsc_pacific_hake_survey,D20210709T200427_IFCB117,2021-07-09 20:04:27+00:00,117,4.7937908625,,,,,,,,371,,2,0
nwfsc_pacific_hake_survey,D20210709T202809_IFCB117,2021-07-09 20:28:09+00:00,117,4.815521095833334,,,,,,,,300,,2,0
nwfsc_pacific_hake_survey,D20210709T205151_IFCB117,2021-07-09 20:51:51+00:00,117,4.811112304166667,,,,,,,,267,,2,0
nwfsc_pacific_hake_survey,D20210709T211533_IFCB117,2021-07-09 21:15:33+00:00,117,4.740416645833333,,,,,,,,422,,2,0
nwfsc_pacific_hake_survey,D20210709T213916_IFCB117,2021-07-09 21:39:16+00:00,117,4.791366545833332,,,,,,,,306,,2,0
nwfsc_pacific_hake_survey,D20210709T220258_IFCB117,2021-07-09 22:02:58+00:00,117,4.756086608333333,,,,,,,,343,,2,0
nwfsc_pacific_hake_survey,D20210709T222641_IFCB117,2021-07-09 22:26:41+00:00,117,4.817322987500001,,,,,,,,305,,2,0
nwfsc_pacific_hake_survey,D20210709T225023_IFCB117,2021-07-09 22:50:23+00:00,117,4.850068458333334,,,,,,,,246,,2,0
nwfsc_pacific_hake_survey,D20210709T231406_IFCB117,2021-07-09 23:14:06+00:00,117,4.829427279166667,,,,,,,,280,,2,0
nwfsc_pacific_hake_survey,D20210709T233748_IFCB117,2021-07-09 23:37:48+00:00,117,4.870165304166666,,,,,,,,187,,2,0
nwfsc_pacific_hake_survey,D20210710T000131_IFCB117,2021-07-10 00:01:31+00:00,117,4.895135600000001,,,,,,,,154,,2,0
nwfsc_pacific_hake_survey,D20210710T002513_IFCB117,2021-07-10 00:25:13+00:00,117,4.849544037499999,,,,,,,,112,,2,0
nwfsc_pacific_hake_survey,D20210710T004856_IFCB117,2021-07-10 00:48:56+00:00,117,4.599963566666667,,,,,,,,102,,2,0
nwfsc_pacific_hake_survey,D20210710T011238_IFCB117,2021-07-10 01:12:38+00:00,117,4.816710799999999,,,,,,,,59,,2,0
nwfsc_pacific_hake_survey,D20210710T013621_IFCB117,2021-07-10 01:36:21+00:00,117,4.795915383333333,,,,,,,,42,,2,0
nwfsc_pacific_hake_survey,D20210710T020003_IFCB117,2021-07-10 02:00:03+00:00,117,4.8888343,,,,,,,,74,,2,0
nwfsc_pacific_hake_survey,D20210710T022346_IFCB117,2021-07-10 02:23:46+00:00,117,4.8516540458333335,,,,,,,,63,,2,0
nwfsc_pacific_hake_survey,D20210710T024728_IFCB117,2021-07-10 02:47:28+00:00,117,4.728825575,,,,,,,,66,,2,0
nwfsc_pacific_hake_survey,D20210710T033653_IFCB117,2021-07-10 03:36:53+00:00,117,4.721991345833334,,,,,,,,517,,2,0
nwfsc_pacific_hake_survey,D20210710T040035_IFCB117,2021-07-10 04:00:35+00:00,117,4.172342908333333,,,,,,,,1678,,2,0
nwfsc_pacific_hake_survey,D20210710T042418_IFCB117,2021-07-10 04:24:18+00:00,117,4.1211666125,,,,,,,,1783,,2,0
nwfsc_pacific_hake_survey,D20210710T044800_IFCB117,2021-07-10 04:48:00+00:00,117,4.101748833333333,,,,,,,,1820,,2,0
nwfsc_pacific_hake_survey,D20210710T051143_IFCB117,2021-07-10 05:11:43+00:00,117,4.503417391666667,,,,,,,,976,,2,0
nwfsc_pacific_hake_survey,D20210710T053525_IFCB117,2021-07-10 05:35:25+00:00,117,4.173325070833333,,,,,,,,1655,,2,0
nwfsc_pacific_hake_survey,D20210710T055908_IFCB117,2021-07-10 05:59:08+00:00,117,4.250750958333334,,,,,,,,1487,,2,0
nwfsc_pacific_hake_survey,D20210710T062251_IFCB117,2021-07-10 06:22:51+00:00,117,4.260633383333333,,,,,,,,1483,,2,0
nwfsc_pacific_hake_survey,D20210710T064633_IFCB117,2021-07-10 06:46:33+00:00,117,3.5951275250000005,,,,,,,,2852,,2,0
nwfsc_pacific_hake_survey,D20210710T071016_IFCB117,2021-07-10 07:10:16+00:00,117,3.7037349249999996,,,,,,,,2637,,2,0
nwfsc_pacific_hake_survey,D20210710T073358_IFCB117,2021-07-10 07:33:58+00:00,117,3.8013045958333334,,,,,,,,2449,,2,0
nwfsc_pacific_hake_survey,D20210710T075740_IFCB117,2021-07-10 07:57:40+00:00,117,3.817719095833333,,,,,,,,2406,,2,0
nwfsc_pacific_hake_survey,D20210710T082123_IFCB117,2021-07-10 08:21:23+00:00,117,3.639566233333333,,,,,,,,2778,,2,0
nwfsc_pacific_hake_survey,D20210710T084505_IFCB117,2021-07-10 08:45:05+00:00,117,3.651592566666667,,,,,,,,2742,,2,0
nwfsc_pacific_hake_survey,D20210710T090848_IFCB117,2021-07-10 09:08:48+00:00,117,3.5544950416666667,,,,,,,,2969,,2,0
nwfsc_pacific_hake_survey,D20210710T093231_IFCB117,2021-07-10 09:32:31+00:00,117,3.8301505333333328,,,,,,,,2349,,2,0
nwfsc_pacific_hake_survey,D20210710T095614_IFCB117,2021-07-10 09:56:14+00:00,117,3.865159141666666,,,,,,,,2288,,2,0
nwfsc_pacific_hake_survey,D20210710T101956_IFCB117,2021-07-10 10:19:56+00:00,117,3.853808883333334,,,,,,,,2291,,2,0
nwfsc_pacific_hake_survey,D20210710T104339_IFCB117,2021-07-10 10:43:39+00:00,117,4.0793265708333335,,,,,,,,1834,,2,0
nwfsc_pacific_hake_survey,D20210710T110722_IFCB117,2021-07-10 11:07:22+00:00,117,4.0996355541666665,,,,,,,,1778,,2,0
nwfsc_pacific_hake_survey,D20210710T113104_IFCB117,2021-07-10 11:31:04+00:00,117,4.086734529166666,,,,,,,,1805,,2,0
nwfsc_pacific_hake_survey,D20210710T115447_IFCB117,2021-07-10 11:54:47+00:00,117,3.9465897083333337,,,,,,,,2108,,2,0
nwfsc_pacific_hake_survey,D20210710T121829_IFCB117,2021-07-10 12:18:29+00:00,117,3.8939644291666666,,,,,,,,2164,,2,0
nwfsc_pacific_hake_survey,D20210710T124212_IFCB117,2021-07-10 12:42:12+00:00,117,3.2321853833333325,,,,,,,,3598,,2,0
nwfsc_pacific_hake_survey,D20210710T130555_IFCB117,2021-07-10 13:05:55+00:00,117,3.643101433333333,,,,,,,,2748,,2,0
nwfsc_pacific_hake_survey,D20210710T132937_IFCB117,2021-07-10 13:29:37+00:00,117,3.981573758333333,,,,,,,,2040,,2,0
nwfsc_pacific_hake_survey,D20210710T135320_IFCB117,2021-07-10 13:53:20+00:00,117,3.8187306125,,,,,,,,2360,,2,0
nwfsc_pacific_hake_survey,D20210710T141702_IFCB117,2021-07-10 14:17:02+00:00,117,3.6663327208333336,,,,,,,,2716,,2,0
nwfsc_pacific_hake_survey,D20210710T144045_IFCB117,2021-07-10 14:40:45+00:00,117,3.572909095833334,,,,,,,,2745,,2,0
nwfsc_pacific_hake_survey,D20210710T150427_IFCB117,2021-07-10 15:04:27+00:00,117,3.5080285375,,,,,,,,2286,,2,0
nwfsc_pacific_hake_survey,D20210710T152810_IFCB117,2021-07-10 15:28:10+00:00,117,3.449499241666667,,,,,,,,2362,,2,0
nwfsc_pacific_hake_survey,D20210710T155152_IFCB117,2021-07-10 15:51:52+00:00,117,3.5844973083333334,,,,,,,,2147,,2,0
nwfsc_pacific_hake_survey,D20210710T161534_IFCB117,2021-07-10 16:15:34+00:00,117,2.7154518875,,,,,,,,3538,,2,0
nwfsc_pacific_hake_survey,D20210710T163916_IFCB117,2021-07-10 16:39:16+00:00,117,3.2841954291666666,,,,,,,,2587,,2,0
nwfsc_pacific_hake_survey,D20210710T170259_IFCB117,2021-07-10 17:02:59+00:00,117,3.5348471333333333,,,,,,,,2208,,2,0
nwfsc_pacific_hake_survey,D20210710T172641_IFCB117,2021-07-10 17:26:41+00:00,117,3.578978275,,,,,,,,2108,,2,0
nwfsc_pacific_hake_survey,D20210710T175023_IFCB117,2021-07-10 17:50:23+00:00,117,4.413689579166666,,,,,,,,870,,2,0
nwfsc_pacific_hake_survey,D20210710T181405_IFCB117,2021-07-10 18:14:05+00:00,117,4.576403066666667,,,,,,,,631,,2,0
nwfsc_pacific_hake_survey,D20210710T183748_IFCB117,2021-07-10 18:37:48+00:00,117,4.251714375,,,,,,,,1123,,2,0
nwfsc_pacific_hake_survey,D20210710T190130_IFCB117,2021-07-10 19:01:30+00:00,117,4.8133303375,,,,,,,,259,,2,0
nwfsc_pacific_hake_survey,D20210710T195055_IFCB117,2021-07-10 19:50:55+00:00,117,4.235046866666666,,,,,,,,1158,,2,0
nwfsc_pacific_hake_survey,D20210710T201437_IFCB117,2021-07-10 20:14:37+00:00,117,3.8688688541666676,,,,,,,,1709,,2,0
nwfsc_pacific_hake_survey,D20210710T203819_IFCB117,2021-07-10 20:38:19+00:00,117,3.3413865208333333,,,,,,,,2555,,2,0
nwfsc_pacific_hake_survey,D20210710T210202_IFCB117,2021-07-10 21:02:02+00:00,117,3.8704382166666673,,,,,,,,1697,,2,0
nwfsc_pacific_hake_survey,D20210710T212544_IFCB117,2021-07-10 21:25:44+00:00,117,4.466715529166666,,,,,,,,779,,2,0
nwfsc_pacific_hake_survey,D20210710T214926_IFCB117,2021-07-10 21:49:26+00:00,117,3.2923389375,,,,,,,,2615,,2,0
nwfsc_pacific_hake_survey,D20210710T221308_IFCB117,2021-07-10 22:13:08+00:00,117,3.7593885208333337,,,,,,,,1913,,2,0
nwfsc_pacific_hake_survey,D20210710T223651_IFCB117,2021-07-10 22:36:51+00:00,117,4.102419279166667,,,,,,,,1383,,2,0
nwfsc_pacific_hake_survey,D20210710T230033_IFCB117,2021-07-10 23:00:33+00:00,117,4.463565320833334,,,,,,,,811,,2,0
nwfsc_pacific_hake_survey,D20210710T232414_IFCB117,2021-07-10 23:24:14+00:00,117,4.4040369375,,,,,,,,874,,2,0
nwfsc_pacific_hake_survey,D20210710T234756_IFCB117,2021-07-10 23:47:56+00:00,117,4.420938704166668,,,,,,,,852,,2,0
nwfsc_pacific_hake_survey,D20210711T001138_IFCB117,2021-07-11 00:11:38+00:00,117,4.372644204166667,,,,,,,,915,,2,0
nwfsc_pacific_hake_survey,D20210711T003521_IFCB117,2021-07-11 00:35:21+00:00,117,3.6582376125,,,,,,,,2055,,2,0
nwfsc_pacific_hake_survey,D20210711T005903_IFCB117,2021-07-11 00:59:03+00:00,117,4.170877645833333,,,,,,,,1264,,2,0
nwfsc_pacific_hake_survey,D20210711T012244_IFCB117,2021-07-11 01:22:44+00:00,117,4.4263793583333335,,,,,,,,859,,2,0
nwfsc_pacific_hake_survey,D20210711T014626_IFCB117,2021-07-11 01:46:26+00:00,117,4.462836408333333,,,,,,,,815,,2,0
nwfsc_pacific_hake_survey,D20210711T021008_IFCB117,2021-07-11 02:10:08+00:00,117,3.8810865916666666,,,,,,,,1693,,2,0
nwfsc_pacific_hake_survey,D20210711T023350_IFCB117,2021-07-11 02:33:50+00:00,117,3.5394177250000003,,,,,,,,2235,,2,0
nwfsc_pacific_hake_survey,D20210711T025732_IFCB117,2021-07-11 02:57:32+00:00,117,3.7936591416666667,,,,,,,,1847,,2,0
nwfsc_pacific_hake_survey,D20210711T032114_IFCB117,2021-07-11 03:21:14+00:00,117,4.5390699083333335,,,,,,,,672,,2,0
nwfsc_pacific_hake_survey,D20210711T034456_IFCB117,2021-07-11 03:44:56+00:00,117,4.679443099999999,,,,,,,,352,,2,0
nwfsc_pacific_hake_survey,D20210711T040837_IFCB117,2021-07-11 04:08:37+00:00,117,4.644795554166666,,,,,,,,515,,2,0
nwfsc_pacific_hake_survey,D20210711T043219_IFCB117,2021-07-11 04:32:19+00:00,117,3.829131954166667,,,,,,,,1774,,2,0
nwfsc_pacific_hake_survey,D20210711T045601_IFCB117,2021-07-11 04:56:01+00:00,117,3.5256107666666665,,,,,,,,2257,,2,0
nwfsc_pacific_hake_survey,D20210711T051943_IFCB117,2021-07-11 05:19:43+00:00,117,3.5977750208333332,,,,,,,,2129,,2,0
nwfsc_pacific_hake_survey,D20210711T054326_IFCB117,2021-07-11 05:43:26+00:00,117,4.212814904166667,,,,,,,,1187,,2,0
nwfsc_pacific_hake_survey,D20210711T060709_IFCB117,2021-07-11 06:07:09+00:00,117,4.2556569458333335,,,,,,,,1129,,2,0
nwfsc_pacific_hake_survey,D20210711T063051_IFCB117,2021-07-11 06:30:51+00:00,117,3.7513312333333326,,,,,,,,1848,,2,0
nwfsc_pacific_hake_survey,D20210711T065433_IFCB117,2021-07-11 06:54:33+00:00,117,3.5676408333333334,,,,,,,,2122,,2,0
nwfsc_pacific_hake_survey,D20210711T071815_IFCB117,2021-07-11 07:18:15+00:00,117,3.6195638375000008,,,,,,,,2056,,2,0
nwfsc_pacific_hake_survey,D20210711T074157_IFCB117,2021-07-11 07:41:57+00:00,117,3.3930323875,,,,,,,,2398,,2,0
nwfsc_pacific_hake_survey,D20210711T080539_IFCB117,2021-07-11 08:05:39+00:00,117,3.3491885208333327,,,,,,,,2451,,2,0
nwfsc_pacific_hake_survey,D20210711T082921_IFCB117,2021-07-11 08:29:21+00:00,117,3.4102205500000005,,,,,,,,2357,,2,0
nwfsc_pacific_hake_survey,D20210711T085303_IFCB117,2021-07-11 08:53:03+00:00,117,4.154376591666666,,,,,,,,1259,,2,0
nwfsc_pacific_hake_survey,D20210711T091645_IFCB117,2021-07-11 09:16:45+00:00,117,4.457370912499999,,,,,,,,794,,2,0
nwfsc_pacific_hake_survey,D20210711T094027_IFCB117,2021-07-11 09:40:27+00:00,117,4.4452860124999996,,,,,,,,812,,2,0
nwfsc_pacific_hake_survey,D20210711T100409_IFCB117,2021-07-11 10:04:09+00:00,117,4.518491600000001,,,,,,,,705,,2,0
nwfsc_pacific_hake_survey,D20210711T102751_IFCB117,2021-07-11 10:27:51+00:00,117,4.206930041666666,,,,,,,,1175,,2,0
nwfsc_pacific_hake_survey,D20210711T105132_IFCB117,2021-07-11 10:51:32+00:00,117,4.2392802125,,,,,,,,1121,,2,0
nwfsc_pacific_hake_survey,D20210711T111514_IFCB117,2021-07-11 11:15:14+00:00,117,4.250139712499999,,,,,,,,1113,,2,0
nwfsc_pacific_hake_survey,D20210711T120439_IFCB117,2021-07-11 12:04:39+00:00,117,4.4081989083333335,,,,,,,,871,,2,0
nwfsc_pacific_hake_survey,D20210711T122821_IFCB117,2021-07-11 12:28:21+00:00,117,3.9820993375000007,,,,,,,,1457,,2,0
nwfsc_pacific_hake_survey,D20210711T125203_IFCB117,2021-07-11 12:52:03+00:00,117,4.393654783333334,,,,,,,,880,,2,0
nwfsc_pacific_hake_survey,D20210711T131544_IFCB117,2021-07-11 13:15:44+00:00,117,4.221764983333333,,,,,,,,1159,,2,0
nwfsc_pacific_hake_survey,D20210711T133926_IFCB117,2021-07-11 13:39:26+00:00,117,4.7486333458333325,,,,,,,,352,,2,0
nwfsc_pacific_hake_survey,D20210711T140308_IFCB117,2021-07-11 14:03:08+00:00,117,4.186106462500001,,,,,,,,1228,,2,0
nwfsc_pacific_hake_survey,D20210711T142650_IFCB117,2021-07-11 14:26:50+00:00,117,4.825635670833333,,,,,,,,244,,2,0
nwfsc_pacific_hake_survey,D20210711T145032_IFCB117,2021-07-11 14:50:32+00:00,117,4.410609775,,,,,,,,874,,2,0
nwfsc_pacific_hake_survey,D20210711T151414_IFCB117,2021-07-11 15:14:14+00:00,117,3.837054395833334,,,,,,,,1682,,2,0
nwfsc_pacific_hake_survey,D20210711T153756_IFCB117,2021-07-11 15:37:56+00:00,117,3.661408729166667,,,,,,,,1947,,2,0
nwfsc_pacific_hake_survey,D20210711T160138_IFCB117,2021-07-11 16:01:38+00:00,117,4.099762566666667,,,,,,,,1330,,2,0
nwfsc_pacific_hake_survey,D20210711T162520_IFCB117,2021-07-11 16:25:20+00:00,117,3.7708470250000006,,,,,,,,1888,,2,0
nwfsc_pacific_hake_survey,D20210711T164902_IFCB117,2021-07-11 16:49:02+00:00,117,4.243795329166667,,,,,,,,1159,,2,0
nwfsc_pacific_hake_survey,D20210711T171244_IFCB117,2021-07-11 17:12:44+00:00,117,3.8527841708333335,,,,,,,,1683,,2,0
nwfsc_pacific_hake_survey,D20210711T173625_IFCB117,2021-07-11 17:36:25+00:00,117,3.6879070291666665,,,,,,,,1927,,2,0
nwfsc_pacific_hake_survey,D20210711T180007_IFCB117,2021-07-11 18:00:07+00:00,117,3.56195725,,,,,,,,2102,,2,0
nwfsc_pacific_hake_survey,D20210711T182349_IFCB117,2021-07-11 18:23:49+00:00,117,3.8960315375000003,,,,,,,,1625,,2,0
nwfsc_pacific_hake_survey,D20210711T184731_IFCB117,2021-07-11 18:47:31+00:00,117,3.4769653875,,,,,,,,2334,,2,0
nwfsc_pacific_hake_survey,D20210711T191113_IFCB117,2021-07-11 19:11:13+00:00,117,2.726929516666667,,,,,,,,3537,,2,0
nwfsc_pacific_hake_survey,D20210711T193456_IFCB117,2021-07-11 19:34:56+00:00,117,3.089363445833334,,,,,,,,2958,,2,0
nwfsc_pacific_hake_survey,D20210711T195838_IFCB117,2021-07-11 19:58:38+00:00,117,3.317734575,,,,,,,,2588,,2,0
nwfsc_pacific_hake_survey,D20210711T202220_IFCB117,2021-07-11 20:22:20+00:00,117,3.555648583333333,,,,,,,,2385,,2,0
nwfsc_pacific_hake_survey,D20210711T204602_IFCB117,2021-07-11 20:46:02+00:00,117,2.7845399583333332,,,,,,,,4602,,2,0
nwfsc_pacific_hake_survey,D20210711T210945_IFCB117,2021-07-11 21:09:45+00:00,117,3.4084376083333328,,,,,,,,3283,,2,0
nwfsc_pacific_hake_survey,D20210711T213328_IFCB117,2021-07-11 21:33:28+00:00,117,3.4445775625,,,,,,,,2450,,2,0
nwfsc_pacific_hake_survey,D20210711T215710_IFCB117,2021-07-11 21:57:10+00:00,117,2.8212992874999996,,,,,,,,3389,,2,0
nwfsc_pacific_hake_survey,D20210711T222053_IFCB117,2021-07-11 22:20:53+00:00,117,2.828322591666667,,,,,,,,3354,,2,0
nwfsc_pacific_hake_survey,D20210711T224436_IFCB117,2021-07-11 22:44:36+00:00,117,3.356470783333333,,,,,,,,2503,,2,0
nwfsc_pacific_hake_survey,D20210711T230818_IFCB117,2021-07-11 23:08:18+00:00,117,3.1992540958333335,,,,,,,,2707,,2,0
nwfsc_pacific_hake_survey,D20210711T233200_IFCB117,2021-07-11 23:32:00+00:00,117,3.222324420833333,,,,,,,,2613,,2,0
nwfsc_pacific_hake_survey,D20210711T235542_IFCB117,2021-07-11 23:55:42+00:00,117,3.6767283500000003,,,,,,,,1995,,2,0
nwfsc_pacific_hake_survey,D20210712T001924_IFCB117,2021-07-12 00:19:24+00:00,117,4.0511231375,,,,,,,,1433,,2,0
nwfsc_pacific_hake_survey,D20210712T004306_IFCB117,2021-07-12 00:43:06+00:00,117,3.985172825,,,,,,,,1536,,2,0
nwfsc_pacific_hake_survey,D20210712T010647_IFCB117,2021-07-12 01:06:47+00:00,117,4.036257141666666,,,,,,,,1450,,2,0
nwfsc_pacific_hake_survey,D20210712T013030_IFCB117,2021-07-12 01:30:30+00:00,117,3.9255567541666663,,,,,,,,1592,,2,0
nwfsc_pacific_hake_survey,D20210712T015412_IFCB117,2021-07-12 01:54:12+00:00,117,3.9724928624999998,,,,,,,,1529,,2,0
nwfsc_pacific_hake_survey,D20210712T021754_IFCB117,2021-07-12 02:17:54+00:00,117,4.064733766666667,,,,,,,,1400,,2,0
nwfsc_pacific_hake_survey,D20210712T024136_IFCB117,2021-07-12 02:41:36+00:00,117,4.018477675000001,,,,,,,,1481,,2,0
nwfsc_pacific_hake_survey,D20210712T030518_IFCB117,2021-07-12 03:05:18+00:00,117,4.396503670833334,,,,,,,,893,,2,0
nwfsc_pacific_hake_survey,D20210712T032900_IFCB117,2021-07-12 03:29:00+00:00,117,4.4566001166666664,,,,,,,,781,,2,0
nwfsc_pacific_hake_survey,D20210712T041845_IFCB117,2021-07-12 04:18:45+00:00,117,4.5996111375,,,,,,,,543,,2,0
nwfsc_pacific_hake_survey,D20210712T044226_IFCB117,2021-07-12 04:42:26+00:00,117,4.7767047541666665,,,,,,,,319,,2,0
nwfsc_pacific_hake_survey,D20210712T050608_IFCB117,2021-07-12 05:06:08+00:00,117,4.307195083333334,,,,,,,,1023,,2,0
nwfsc_pacific_hake_survey,D20210712T052950_IFCB117,2021-07-12 05:29:50+00:00,117,4.364512091666667,,,,,,,,929,,2,0
nwfsc_pacific_hake_survey,D20210712T055332_IFCB117,2021-07-12 05:53:32+00:00,117,4.761501329166667,,,,,,,,343,,2,0
nwfsc_pacific_hake_survey,D20210712T061714_IFCB117,2021-07-12 06:17:14+00:00,117,4.62444635,,,,,,,,534,,2,0
nwfsc_pacific_hake_survey,D20210712T064059_IFCB117,2021-07-12 06:40:59+00:00,117,4.806746320833333,,,,,,,,249,,2,0
nwfsc_pacific_hake_survey,D20210712T070441_IFCB117,2021-07-12 07:04:41+00:00,117,4.857763516666667,,,,,,,,195,,2,0
nwfsc_pacific_hake_survey,D20210712T072823_IFCB117,2021-07-12 07:28:23+00:00,117,4.840816458333333,,,,,,,,204,,2,0
nwfsc_pacific_hake_survey,D20210712T075205_IFCB117,2021-07-12 07:52:05+00:00,117,4.8311606625,,,,,,,,204,,2,0
nwfsc_pacific_hake_survey,D20210712T081546_IFCB117,2021-07-12 08:15:46+00:00,117,4.797345108333333,,,,,,,,245,,2,0
nwfsc_pacific_hake_survey,D20210712T083929_IFCB117,2021-07-12 08:39:29+00:00,117,4.880972174999999,,,,,,,,152,,2,0
nwfsc_pacific_hake_survey,D20210712T090311_IFCB117,2021-07-12 09:03:11+00:00,117,4.756457891666667,,,,,,,,213,,2,0
nwfsc_pacific_hake_survey,D20210712T092653_IFCB117,2021-07-12 09:26:53+00:00,117,4.704434833333333,,,,,,,,406,,2,0
nwfsc_pacific_hake_survey,D20210712T095035_IFCB117,2021-07-12 09:50:35+00:00,117,4.703830220833334,,,,,,,,403,,2,0
nwfsc_pacific_hake_survey,D20210712T101418_IFCB117,2021-07-12 10:14:18+00:00,117,4.698757629166667,,,,,,,,404,,2,0
nwfsc_pacific_hake_survey,D20210712T103800_IFCB117,2021-07-12 10:38:00+00:00,117,4.723501745833333,,,,,,,,366,,2,0
nwfsc_pacific_hake_survey,D20210712T110142_IFCB117,2021-07-12 11:01:42+00:00,117,4.814597033333333,,,,,,,,248,,2,0
nwfsc_pacific_hake_survey,D20210712T112523_IFCB117,2021-07-12 11:25:23+00:00,117,4.797692275,,,,,,,,221,,2,0
nwfsc_pacific_hake_survey,D20210712T114905_IFCB117,2021-07-12 11:49:05+00:00,117,4.859330316666667,,,,,,,,182,,2,0
nwfsc_pacific_hake_survey,D20210712T121247_IFCB117,2021-07-12 12:12:47+00:00,117,4.798071833333333,,,,,,,,266,,2,0
nwfsc_pacific_hake_survey,D20210712T123629_IFCB117,2021-07-12 12:36:29+00:00,117,4.646257116666667,,,,,,,,485,,2,0
nwfsc_pacific_hake_survey,D20210712T130011_IFCB117,2021-07-12 13:00:11+00:00,117,4.681908620833332,,,,,,,,450,,2,0
nwfsc_pacific_hake_survey,D20210712T132353_IFCB117,2021-07-12 13:23:53+00:00,117,4.7659165875000005,,,,,,,,308,,2,0
nwfsc_pacific_hake_survey,D20210712T134735_IFCB117,2021-07-12 13:47:35+00:00,117,4.791709129166667,,,,,,,,261,,2,0
nwfsc_pacific_hake_survey,D20210712T141116_IFCB117,2021-07-12 14:11:16+00:00,117,4.7249141625,,,,,,,,368,,2,0
nwfsc_pacific_hake_survey,D20210712T143458_IFCB117,2021-07-12 14:34:58+00:00,117,4.767288908333333,,,,,,,,273,,2,0
nwfsc_pacific_hake_survey,D20210712T145840_IFCB117,2021-07-12 14:58:40+00:00,117,4.7302838375,,,,,,,,344,,2,0
nwfsc_pacific_hake_survey,D20210712T152222_IFCB117,2021-07-12 15:22:22+00:00,117,4.667777133333333,,,,,,,,421,,2,0
nwfsc_pacific_hake_survey,D20210712T154604_IFCB117,2021-07-12 15:46:04+00:00,117,4.649131954166666,,,,,,,,466,,2,0
nwfsc_pacific_hake_survey,D20210712T160946_IFCB117,2021-07-12 16:09:46+00:00,117,4.705855333333333,,,,,,,,432,,2,0
nwfsc_pacific_hake_survey,D20210712T163328_IFCB117,2021-07-12 16:33:28+00:00,117,4.775265633333333,,,,,,,,355,,2,0
nwfsc_pacific_hake_survey,D20210712T165709_IFCB117,2021-07-12 16:57:09+00:00,117,4.7095252375,,,,,,,,499,,2,0
nwfsc_pacific_hake_survey,D20210712T172052_IFCB117,2021-07-12 17:20:52+00:00,117,4.617238275,,,,,,,,709,,2,0
nwfsc_pacific_hake_survey,D20210712T174434_IFCB117,2021-07-12 17:44:34+00:00,117,4.446246337500001,,,,,,,,1089,,2,0
nwfsc_pacific_hake_survey,D20210712T180816_IFCB117,2021-07-12 18:08:16+00:00,117,4.318076983333333,,,,,,,,1272,,2,0
nwfsc_pacific_hake_survey,D20210712T183158_IFCB117,2021-07-12 18:31:58+00:00,117,4.269754095833334,,,,,,,,1103,,2,0
nwfsc_pacific_hake_survey,D20210712T185540_IFCB117,2021-07-12 18:55:40+00:00,117,4.495093541666667,,,,,,,,730,,2,0
nwfsc_pacific_hake_survey,D20210712T191921_IFCB117,2021-07-12 19:19:21+00:00,117,4.458505304166666,,,,,,,,778,,2,0
nwfsc_pacific_hake_survey,D20210712T194303_IFCB117,2021-07-12 19:43:03+00:00,117,4.725535166666666,,,,,,,,382,,2,0
nwfsc_pacific_hake_survey,D20210712T203249_IFCB117,2021-07-12 20:32:49+00:00,117,4.801496020833333,,,,,,,,127,,2,0
nwfsc_pacific_hake_survey,D20210712T205630_IFCB117,2021-07-12 20:56:30+00:00,117,4.775366683333333,,,,,,,,283,,2,0
nwfsc_pacific_hake_survey,D20210712T212012_IFCB117,2021-07-12 21:20:12+00:00,117,4.849248508333333,,,,,,,,166,,2,0
nwfsc_pacific_hake_survey,D20210712T214354_IFCB117,2021-07-12 21:43:54+00:00,117,4.805158954166667,,,,,,,,176,,2,0
nwfsc_pacific_hake_survey,D20210712T220736_IFCB117,2021-07-12 22:07:36+00:00,117,4.82954345,,,,,,,,192,,2,0
nwfsc_pacific_hake_survey,D20210712T223117_IFCB117,2021-07-12 22:31:17+00:00,117,4.848333758333334,,,,,,,,199,,2,0
nwfsc_pacific_hake_survey,D20210712T225459_IFCB117,2021-07-12 22:54:59+00:00,117,4.827708675,,,,,,,,185,,2,0
nwfsc_pacific_hake_survey,D20210712T231842_IFCB117,2021-07-12 23:18:42+00:00,117,4.804102229166667,,,,,,,,180,,2,0
nwfsc_pacific_hake_survey,D20210712T234224_IFCB117,2021-07-12 23:42:24+00:00,117,4.834763245833333,,,,,,,,162,,2,0
nwfsc_pacific_hake_survey,D20210713T000606_IFCB117,2021-07-13 00:06:06+00:00,117,4.8216279375,,,,,,,,109,,2,0
nwfsc_pacific_hake_survey,D20210713T002948_IFCB117,2021-07-13 00:29:48+00:00,117,4.87394335,,,,,,,,87,,2,0
nwfsc_pacific_hake_survey,D20210713T005330_IFCB117,2021-07-13 00:53:30+00:00,117,4.827165445833333,,,,,,,,214,,2,0
nwfsc_pacific_hake_survey,D20210713T011713_IFCB117,2021-07-13 01:17:13+00:00,117,4.6984023875,,,,,,,,358,,2,0
nwfsc_pacific_hake_survey,D20210713T014055_IFCB117,2021-07-13 01:40:55+00:00,117,4.692828241666667,,,,,,,,242,,2,0
nwfsc_pacific_hake_survey,D20210713T020437_IFCB117,2021-07-13 02:04:37+00:00,117,4.829387733333333,,,,,,,,232,,2,0
nwfsc_pacific_hake_survey,D20210713T022819_IFCB117,2021-07-13 02:28:19+00:00,117,4.166150545833333,,,,,,,,143,,2,0
nwfsc_pacific_hake_survey,D20210720T195155_IFCB117,2021-07-20 19:51:55+00:00,117,3.7140107791666668,,,,,,,,1780,,2,0
nwfsc_pacific_hake_survey,D20210722T205011_IFCB117,2021-07-22 20:50:11+00:00,117,3.9113513458333338,,,,,,,,2034,,2,0
nwfsc_pacific_hake_survey,D20210722T213957_IFCB117,2021-07-22 21:39:57+00:00,117,3.7089708666666668,,,,,,,,2384,,2,0
nwfsc_pacific_hake_survey,D20210722T220341_IFCB117,2021-07-22 22:03:41+00:00,117,3.1059776125,,,,,,,,3416,,2,0
nwfsc_pacific_hake_survey,D20210722T222724_IFCB117,2021-07-22 22:27:24+00:00,117,3.131574491666666,,,,,,,,3366,,2,0
nwfsc_pacific_hake_survey,D20210722T225106_IFCB117,2021-07-22 22:51:06+00:00,117,3.1087401958333336,,,,,,,,3418,,2,0
nwfsc_pacific_hake_survey,D20210722T231449_IFCB117,2021-07-22 23:14:49+00:00,117,3.240803545833333,,,,,,,,3158,,2,0
nwfsc_pacific_hake_survey,D20210722T233832_IFCB117,2021-07-22 23:38:32+00:00,117,3.661466833333334,,,,,,,,2385,,2,0
nwfsc_pacific_hake_survey,D20210723T000215_IFCB117,2021-07-23 00:02:15+00:00,117,4.210398329166667,,,,,,,,1420,,2,0
nwfsc_pacific_hake_survey,D20210723T002556_IFCB117,2021-07-23 00:25:56+00:00,117,3.4047307583333333,,,,,,,,2948,,2,0
nwfsc_pacific_hake_survey,D20210723T004939_IFCB117,2021-07-23 00:49:39+00:00,117,3.6411651541666665,,,,,,,,2505,,2,0
nwfsc_pacific_hake_survey,D20210723T011322_IFCB117,2021-07-23 01:13:22+00:00,117,4.649186020833333,,,,,,,,607,,2,0
nwfsc_pacific_hake_survey,D20210723T013705_IFCB117,2021-07-23 01:37:05+00:00,117,4.649459425000001,,,,,,,,608,,2,0
nwfsc_pacific_hake_survey,D20210723T020047_IFCB117,2021-07-23 02:00:47+00:00,117,4.719429987500001,,,,,,,,363,,2,0
nwfsc_pacific_hake_survey,D20210723T022429_IFCB117,2021-07-23 02:24:29+00:00,117,4.758886395833333,,,,,,,,431,,2,0
nwfsc_pacific_hake_survey,D20210723T024812_IFCB117,2021-07-23 02:48:12+00:00,117,4.777336208333334,,,,,,,,363,,2,0
nwfsc_pacific_hake_survey,D20210723T031154_IFCB117,2021-07-23 03:11:54+00:00,117,4.84416105,,,,,,,,178,,2,0
nwfsc_pacific_hake_survey,D20210723T033536_IFCB117,2021-07-23 03:35:36+00:00,117,4.820029979166667,,,,,,,,248,,2,0
nwfsc_pacific_hake_survey,D20210723T035919_IFCB117,2021-07-23 03:59:19+00:00,117,4.815284783333333,,,,,,,,333,,2,0
nwfsc_pacific_hake_survey,D20210723T042301_IFCB117,2021-07-23 04:23:01+00:00,117,4.823113325,,,,,,,,290,,2,0
nwfsc_pacific_hake_survey,D20210723T044643_IFCB117,2021-07-23 04:46:43+00:00,117,4.625069833333333,,,,,,,,692,,2,0
nwfsc_pacific_hake_survey,D20210723T051025_IFCB117,2021-07-23 05:10:25+00:00,117,4.773851183333333,,,,,,,,353,,2,0
nwfsc_pacific_hake_survey,D20210723T053408_IFCB117,2021-07-23 05:34:08+00:00,117,4.8226962875,,,,,,,,307,,2,0
nwfsc_pacific_hake_survey,D20210723T055750_IFCB117,2021-07-23 05:57:50+00:00,117,4.802573195833333,,,,,,,,278,,2,0
nwfsc_pacific_hake_survey,D20210723T062133_IFCB117,2021-07-23 06:21:33+00:00,117,4.711975908333333,,,,,,,,499,,2,0
nwfsc_pacific_hake_survey,D20210723T064515_IFCB117,2021-07-23 06:45:15+00:00,117,4.830596904166667,,,,,,,,299,,2,0
nwfsc_pacific_hake_survey,D20210723T070858_IFCB117,2021-07-23 07:08:58+00:00,117,4.765562425,,,,,,,,429,,2,0
nwfsc_pacific_hake_survey,D20210723T073240_IFCB117,2021-07-23 07:32:40+00:00,117,4.447573466666667,,,,,,,,1025,,2,0
nwfsc_pacific_hake_survey,D20210723T075623_IFCB117,2021-07-23 07:56:23+00:00,117,3.8752042624999996,,,,,,,,2032,,2,0
nwfsc_pacific_hake_survey,D20210723T082005_IFCB117,2021-07-23 08:20:05+00:00,117,4.376729716666667,,,,,,,,1190,,2,0
nwfsc_pacific_hake_survey,D20210723T084347_IFCB117,2021-07-23 08:43:47+00:00,117,4.3974074875,,,,,,,,1084,,2,0
nwfsc_pacific_hake_survey,D20210723T090730_IFCB117,2021-07-23 09:07:30+00:00,117,4.658484458333334,,,,,,,,588,,2,0
nwfsc_pacific_hake_survey,D20210723T093112_IFCB117,2021-07-23 09:31:12+00:00,117,4.6625599875,,,,,,,,603,,2,0
nwfsc_pacific_hake_survey,D20210723T095454_IFCB117,2021-07-23 09:54:54+00:00,117,4.556255766666666,,,,,,,,756,,2,0
nwfsc_pacific_hake_survey,D20210723T101836_IFCB117,2021-07-23 10:18:36+00:00,117,4.6426412375,,,,,,,,595,,2,0
nwfsc_pacific_hake_survey,D20210723T104218_IFCB117,2021-07-23 10:42:18+00:00,117,4.829374204166667,,,,,,,,271,,2,0
nwfsc_pacific_hake_survey,D20210723T110601_IFCB117,2021-07-23 11:06:01+00:00,117,4.852323558333334,,,,,,,,223,,2,0
nwfsc_pacific_hake_survey,D20210723T112943_IFCB117,2021-07-23 11:29:43+00:00,117,4.8660096625,,,,,,,,220,,2,0
nwfsc_pacific_hake_survey,D20210723T115326_IFCB117,2021-07-23 11:53:26+00:00,117,4.888146845833333,,,,,,,,126,,2,0
nwfsc_pacific_hake_survey,D20210723T121708_IFCB117,2021-07-23 12:17:08+00:00,117,4.838209808333334,,,,,,,,126,,2,0
nwfsc_pacific_hake_survey,D20210723T124051_IFCB117,2021-07-23 12:40:51+00:00,117,4.8433408625,,,,,,,,203,,2,0
nwfsc_pacific_hake_survey,D20210723T130433_IFCB117,2021-07-23 13:04:33+00:00,117,4.846991620833334,,,,,,,,240,,2,0
nwfsc_pacific_hake_survey,D20210723T135417_IFCB117,2021-07-23 13:54:17+00:00,117,4.705980333333333,,,,,,,,186,,2,0
nwfsc_pacific_hake_survey,D20210723T141800_IFCB117,2021-07-23 14:18:00+00:00,117,4.795755883333333,,,,,,,,86,,2,0
nwfsc_pacific_hake_survey,D20210723T144142_IFCB117,2021-07-23 14:41:42+00:00,117,4.863086758333334,,,,,,,,210,,2,0
nwfsc_pacific_hake_survey,D20210723T150524_IFCB117,2021-07-23 15:05:24+00:00,117,4.851003058333334,,,,,,,,221,,2,0
nwfsc_pacific_hake_survey,D20210723T152906_IFCB117,2021-07-23 15:29:06+00:00,117,4.791795500000001,,,,,,,,144,,2,0
nwfsc_pacific_hake_survey,D20210723T155249_IFCB117,2021-07-23 15:52:49+00:00,117,4.8719711375,,,,,,,,150,,2,0
nwfsc_pacific_hake_survey,D20210723T161631_IFCB117,2021-07-23 16:16:31+00:00,117,4.8711858291666665,,,,,,,,174,,2,0
nwfsc_pacific_hake_survey,D20210723T164013_IFCB117,2021-07-23 16:40:13+00:00,117,4.876561649999999,,,,,,,,204,,2,0
nwfsc_pacific_hake_survey,D20210723T170356_IFCB117,2021-07-23 17:03:56+00:00,117,4.8601617374999995,,,,,,,,184,,2,0
nwfsc_pacific_hake_survey,D20210723T172739_IFCB117,2021-07-23 17:27:39+00:00,117,4.6902805333333335,,,,,,,,98,,2,0
nwfsc_pacific_hake_survey,D20210723T175120_IFCB117,2021-07-23 17:51:20+00:00,117,4.474237404166667,,,,,,,,887,,2,0
nwfsc_pacific_hake_survey,D20210723T181503_IFCB117,2021-07-23 18:15:03+00:00,117,4.467388204166666,,,,,,,,905,,2,0
nwfsc_pacific_hake_survey,D20210723T183845_IFCB117,2021-07-23 18:38:45+00:00,117,4.664135633333333,,,,,,,,567,,2,0
nwfsc_pacific_hake_survey,D20210723T190227_IFCB117,2021-07-23 19:02:27+00:00,117,4.793612266666667,,,,,,,,340,,2,0
nwfsc_pacific_hake_survey,D20210723T192610_IFCB117,2021-07-23 19:26:10+00:00,117,4.618772441666667,,,,,,,,594,,2,0
nwfsc_pacific_hake_survey,D20210723T194952_IFCB117,2021-07-23 19:49:52+00:00,117,4.413778320833334,,,,,,,,819,,2,0
nwfsc_pacific_hake_survey,D20210723T201334_IFCB117,2021-07-23 20:13:34+00:00,117,4.819353795833334,,,,,,,,232,,2,0
nwfsc_pacific_hake_survey,D20210723T203715_IFCB117,2021-07-23 20:37:15+00:00,117,4.800326425,,,,,,,,100,,2,0
nwfsc_pacific_hake_survey,D20210723T210058_IFCB117,2021-07-23 21:00:58+00:00,117,4.749023654166667,,,,,,,,120,,2,0
nwfsc_pacific_hake_survey,D20210723T212440_IFCB117,2021-07-23 21:24:40+00:00,117,4.78485895,,,,,,,,78,,2,0
nwfsc_pacific_hake_survey,D20210723T214821_IFCB117,2021-07-23 21:48:21+00:00,117,4.891782725,,,,,,,,105,,2,0
nwfsc_pacific_hake_survey,D20210723T221203_IFCB117,2021-07-23 22:12:03+00:00,117,4.883412825,,,,,,,,112,,2,0
nwfsc_pacific_hake_survey,D20210723T223545_IFCB117,2021-07-23 22:35:45+00:00,117,4.886642504166667,,,,,,,,104,,2,0
nwfsc_pacific_hake_survey,D20210723T225927_IFCB117,2021-07-23 22:59:27+00:00,117,4.8810256,,,,,,,,144,,2,0
nwfsc_pacific_hake_survey,D20210723T232308_IFCB117,2021-07-23 23:23:08+00:00,117,4.851707908333334,,,,,,,,140,,2,0
nwfsc_pacific_hake_survey,D20210723T234651_IFCB117,2021-07-23 23:46:51+00:00,117,4.860771358333333,,,,,,,,174,,2,0
nwfsc_pacific_hake_survey,D20210724T001033_IFCB117,2021-07-24 00:10:33+00:00,117,4.8251288500000005,,,,,,,,146,,2,0
nwfsc_pacific_hake_survey,D20210724T003415_IFCB117,2021-07-24 00:34:15+00:00,117,4.816236470833333,,,,,,,,192,,2,0
nwfsc_pacific_hake_survey,D20210724T005758_IFCB117,2021-07-24 00:57:58+00:00,117,4.820067774999999,,,,,,,,198,,2,0
nwfsc_pacific_hake_survey,D20210724T012138_IFCB117,2021-07-24 01:21:38+00:00,117,4.820109233333333,,,,,,,,150,,2,0
nwfsc_pacific_hake_survey,D20210724T014520_IFCB117,2021-07-24 01:45:20+00:00,117,4.740485312500001,,,,,,,,248,,2,0
nwfsc_pacific_hake_survey,D20210724T020904_IFCB117,2021-07-24 02:09:04+00:00,117,4.805515958333333,,,,,,,,250,,2,0
nwfsc_pacific_hake_survey,D20210724T023245_IFCB117,2021-07-24 02:32:45+00:00,117,4.875686270833333,,,,,,,,173,,2,0
nwfsc_pacific_hake_survey,D20210724T025627_IFCB117,2021-07-24 02:56:27+00:00,117,4.911809008333333,,,,,,,,117,,2,0
nwfsc_pacific_hake_survey,D20210724T032009_IFCB117,2021-07-24 03:20:09+00:00,117,4.8989801375,,,,,,,,127,,2,0
nwfsc_pacific_hake_survey,D20210724T034351_IFCB117,2021-07-24 03:43:51+00:00,117,4.91041925,,,,,,,,122,,2,0
nwfsc_pacific_hake_survey,D20210724T040733_IFCB117,2021-07-24 04:07:33+00:00,117,4.816702679166667,,,,,,,,148,,2,0
nwfsc_pacific_hake_survey,D20210724T043116_IFCB117,2021-07-24 04:31:16+00:00,117,4.808717920833333,,,,,,,,179,,2,0
nwfsc_pacific_hake_survey,D20210724T045458_IFCB117,2021-07-24 04:54:58+00:00,117,4.851204270833334,,,,,,,,255,,2,0
nwfsc_pacific_hake_survey,D20210724T051841_IFCB117,2021-07-24 05:18:41+00:00,117,4.506721179166666,,,,,,,,883,,2,0
nwfsc_pacific_hake_survey,D20210724T060805_IFCB117,2021-07-24 06:08:05+00:00,117,4.683224058333333,,,,,,,,462,,2,0
nwfsc_pacific_hake_survey,D20210724T063147_IFCB117,2021-07-24 06:31:47+00:00,117,4.330717324999999,,,,,,,,1227,,2,0
nwfsc_pacific_hake_survey,D20210724T065529_IFCB117,2021-07-24 06:55:29+00:00,117,4.579871708333333,,,,,,,,750,,2,0
nwfsc_pacific_hake_survey,D20210724T071911_IFCB117,2021-07-24 07:19:11+00:00,117,4.436312004166667,,,,,,,,1028,,2,0
nwfsc_pacific_hake_survey,D20210724T074253_IFCB117,2021-07-24 07:42:53+00:00,117,4.8869491625000006,,,,,,,,161,,2,0
nwfsc_pacific_hake_survey,D20210724T080635_IFCB117,2021-07-24 08:06:35+00:00,117,4.8191488,,,,,,,,107,,2,0
nwfsc_pacific_hake_survey,D20210724T083018_IFCB117,2021-07-24 08:30:18+00:00,117,4.848685429166666,,,,,,,,218,,2,0
nwfsc_pacific_hake_survey,D20210724T085400_IFCB117,2021-07-24 08:54:00+00:00,117,4.720356591666667,,,,,,,,512,,2,0
nwfsc_pacific_hake_survey,D20210724T091742_IFCB117,2021-07-24 09:17:42+00:00,117,4.7743701625,,,,,,,,330,,2,0
nwfsc_pacific_hake_survey,D20210724T094125_IFCB117,2021-07-24 09:41:25+00:00,117,4.779851045833333,,,,,,,,406,,2,0
nwfsc_pacific_hake_survey,D20210724T100507_IFCB117,2021-07-24 10:05:07+00:00,117,4.731095191666666,,,,,,,,496,,2,0
nwfsc_pacific_hake_survey,D20210724T102850_IFCB117,2021-07-24 10:28:50+00:00,117,4.7933548375,,,,,,,,366,,2,0
nwfsc_pacific_hake_survey,D20210724T105233_IFCB117,2021-07-24 10:52:33+00:00,117,4.8170052708333335,,,,,,,,264,,2,0
nwfsc_pacific_hake_survey,D20210724T111615_IFCB117,2021-07-24 11:16:15+00:00,117,4.7814290999999995,,,,,,,,351,,2,0
nwfsc_pacific_hake_survey,D20210724T113956_IFCB117,2021-07-24 11:39:56+00:00,117,4.792084029166667,,,,,,,,328,,2,0
nwfsc_pacific_hake_survey,D20210724T120338_IFCB117,2021-07-24 12:03:38+00:00,117,4.797160545833333,,,,,,,,317,,2,0
nwfsc_pacific_hake_survey,D20210724T122721_IFCB117,2021-07-24 12:27:21+00:00,117,4.8852776958333335,,,,,,,,115,,2,0
nwfsc_pacific_hake_survey,D20210724T125103_IFCB117,2021-07-24 12:51:03+00:00,117,4.931364020833333,,,,,,,,76,,2,0
nwfsc_pacific_hake_survey,D20210724T131445_IFCB117,2021-07-24 13:14:45+00:00,117,4.881647,,,,,,,,91,,2,0
nwfsc_pacific_hake_survey,D20210724T133828_IFCB117,2021-07-24 13:38:28+00:00,117,4.826766220833333,,,,,,,,268,,2,0
nwfsc_pacific_hake_survey,D20210724T140210_IFCB117,2021-07-24 14:02:10+00:00,117,4.7666709625,,,,,,,,316,,2,0
nwfsc_pacific_hake_survey,D20210724T142551_IFCB117,2021-07-24 14:25:51+00:00,117,4.715764125000001,,,,,,,,412,,2,0
nwfsc_pacific_hake_survey,D20210724T144933_IFCB117,2021-07-24 14:49:33+00:00,117,4.6859077791666675,,,,,,,,430,,2,0
nwfsc_pacific_hake_survey,D20210724T151314_IFCB117,2021-07-24 15:13:14+00:00,117,4.7196562875,,,,,,,,381,,2,0
nwfsc_pacific_hake_survey,D20210724T153656_IFCB117,2021-07-24 15:36:56+00:00,117,4.724385291666667,,,,,,,,380,,2,0
nwfsc_pacific_hake_survey,D20210724T160038_IFCB117,2021-07-24 16:00:38+00:00,117,4.781789533333334,,,,,,,,300,,2,0
nwfsc_pacific_hake_survey,D20210724T162421_IFCB117,2021-07-24 16:24:21+00:00,117,4.693051216666666,,,,,,,,376,,2,0
nwfsc_pacific_hake_survey,D20210724T164804_IFCB117,2021-07-24 16:48:04+00:00,117,4.759067329166667,,,,,,,,335,,2,0
nwfsc_pacific_hake_survey,D20210724T171146_IFCB117,2021-07-24 17:11:46+00:00,117,4.771554170833332,,,,,,,,287,,2,0
nwfsc_pacific_hake_survey,D20210724T173528_IFCB117,2021-07-24 17:35:28+00:00,117,4.671927229166667,,,,,,,,422,,2,0
nwfsc_pacific_hake_survey,D20210724T175911_IFCB117,2021-07-24 17:59:11+00:00,117,4.7272006541666665,,,,,,,,375,,2,0
nwfsc_pacific_hake_survey,D20210724T182254_IFCB117,2021-07-24 18:22:54+00:00,117,4.67103105,,,,,,,,484,,2,0
nwfsc_pacific_hake_survey,D20210724T184636_IFCB117,2021-07-24 18:46:36+00:00,117,4.703770083333334,,,,,,,,415,,2,0
nwfsc_pacific_hake_survey,D20210724T191018_IFCB117,2021-07-24 19:10:18+00:00,117,3.140224629166667,,,,,,,,2905,,2,0
nwfsc_pacific_hake_survey,D20210724T193400_IFCB117,2021-07-24 19:34:00+00:00,117,3.3013169875,,,,,,,,2643,,2,0
nwfsc_pacific_hake_survey,D20210724T195743_IFCB117,2021-07-24 19:57:43+00:00,117,3.1418609374999997,,,,,,,,2909,,2,0
nwfsc_pacific_hake_survey,D20210724T202125_IFCB117,2021-07-24 20:21:25+00:00,117,3.9263383958333335,,,,,,,,1641,,2,0
nwfsc_pacific_hake_survey,D20210724T204507_IFCB117,2021-07-24 20:45:07+00:00,117,4.261715379166667,,,,,,,,1122,,2,0
nwfsc_pacific_hake_survey,D20210724T210850_IFCB117,2021-07-24 21:08:50+00:00,117,3.3163819,,,,,,,,2623,,2,0
nwfsc_pacific_hake_survey,D20210724T213233_IFCB117,2021-07-24 21:32:33+00:00,117,2.8710020374999994,,,,,,,,3318,,2,0
nwfsc_pacific_hake_survey,D20210724T222156_IFCB117,2021-07-24 22:21:56+00:00,117,3.9567066500000005,,,,,,,,1625,,2,0
nwfsc_pacific_hake_survey,D20210724T224538_IFCB117,2021-07-24 22:45:38+00:00,117,3.6104209000000007,,,,,,,,2159,,2,0
nwfsc_pacific_hake_survey,D20210724T230920_IFCB117,2021-07-24 23:09:20+00:00,117,4.486356554166666,,,,,,,,770,,2,0
nwfsc_pacific_hake_survey,D20210724T233302_IFCB117,2021-07-24 23:33:02+00:00,117,4.538694866666666,,,,,,,,749,,2,0
nwfsc_pacific_hake_survey,D20210724T235645_IFCB117,2021-07-24 23:56:45+00:00,117,4.882857858333334,,,,,,,,187,,2,0
nwfsc_pacific_hake_survey,D20210725T002027_IFCB117,2021-07-25 00:20:27+00:00,117,4.722936000000001,,,,,,,,499,,2,0
nwfsc_pacific_hake_survey,D20210725T004409_IFCB117,2021-07-25 00:44:09+00:00,117,4.545647870833333,,,,,,,,847,,2,0
nwfsc_pacific_hake_survey,D20210725T010750_IFCB117,2021-07-25 01:07:50+00:00,117,4.428880945833333,,,,,,,,1071,,2,0
nwfsc_pacific_hake_survey,D20210725T013132_IFCB117,2021-07-25 01:31:32+00:00,117,4.5755747499999995,,,,,,,,768,,2,0
nwfsc_pacific_hake_survey,D20210725T015515_IFCB117,2021-07-25 01:55:15+00:00,117,4.618400633333334,,,,,,,,691,,2,0
nwfsc_pacific_hake_survey,D20210725T021859_IFCB117,2021-07-25 02:18:59+00:00,117,4.649255470833333,,,,,,,,621,,2,0
nwfsc_pacific_hake_survey,D20210725T024241_IFCB117,2021-07-25 02:42:41+00:00,117,4.570004475000001,,,,,,,,801,,2,0
nwfsc_pacific_hake_survey,D20210725T030623_IFCB117,2021-07-25 03:06:23+00:00,117,4.5862780125,,,,,,,,735,,2,0
nwfsc_pacific_hake_survey,D20210725T033005_IFCB117,2021-07-25 03:30:05+00:00,117,4.595650695833333,,,,,,,,739,,2,0
nwfsc_pacific_hake_survey,D20210725T035346_IFCB117,2021-07-25 03:53:46+00:00,117,4.3434477375,,,,,,,,1195,,2,0
nwfsc_pacific_hake_survey,D20210725T041729_IFCB117,2021-07-25 04:17:29+00:00,117,4.3994521375,,,,,,,,1117,,2,0
nwfsc_pacific_hake_survey,D20210725T044112_IFCB117,2021-07-25 04:41:12+00:00,117,4.376772237500001,,,,,,,,1160,,2,0
nwfsc_pacific_hake_survey,D20210725T050454_IFCB117,2021-07-25 05:04:54+00:00,117,4.395150816666667,,,,,,,,1103,,2,0
nwfsc_pacific_hake_survey,D20210725T052836_IFCB117,2021-07-25 05:28:36+00:00,117,4.450112412500001,,,,,,,,1017,,2,0
nwfsc_pacific_hake_survey,D20210725T055217_IFCB117,2021-07-25 05:52:17+00:00,117,4.425681062500001,,,,,,,,1054,,2,0
nwfsc_pacific_hake_survey,D20210725T061600_IFCB117,2021-07-25 06:16:00+00:00,117,4.416513158333333,,,,,,,,1045,,2,0
nwfsc_pacific_hake_survey,D20210725T063942_IFCB117,2021-07-25 06:39:42+00:00,117,4.316131166666667,,,,,,,,1272,,2,0
nwfsc_pacific_hake_survey,D20210725T070325_IFCB117,2021-07-25 07:03:25+00:00,117,4.778474475,,,,,,,,395,,2,0
nwfsc_pacific_hake_survey,D20210725T072708_IFCB117,2021-07-25 07:27:08+00:00,117,4.848467983333333,,,,,,,,233,,2,0
nwfsc_pacific_hake_survey,D20210725T075050_IFCB117,2021-07-25 07:50:50+00:00,117,4.813752025,,,,,,,,340,,2,0
nwfsc_pacific_hake_survey,D20210725T081432_IFCB117,2021-07-25 08:14:32+00:00,117,4.563667129166666,,,,,,,,847,,2,0
nwfsc_pacific_hake_survey,D20210725T083814_IFCB117,2021-07-25 08:38:14+00:00,117,4.285782125,,,,,,,,1428,,2,0
nwfsc_pacific_hake_survey,D20210725T090157_IFCB117,2021-07-25 09:01:57+00:00,117,3.61815335,,,,,,,,2843,,2,0
nwfsc_pacific_hake_survey,D20210725T092539_IFCB117,2021-07-25 09:25:39+00:00,117,4.019730091666667,,,,,,,,1976,,2,0
nwfsc_pacific_hake_survey,D20210725T094922_IFCB117,2021-07-25 09:49:22+00:00,117,4.595583266666666,,,,,,,,768,,2,0
nwfsc_pacific_hake_survey,D20210725T101304_IFCB117,2021-07-25 10:13:04+00:00,117,4.565890283333333,,,,,,,,833,,2,0
nwfsc_pacific_hake_survey,D20210725T103647_IFCB117,2021-07-25 10:36:47+00:00,117,4.526232070833333,,,,,,,,912,,2,0
nwfsc_pacific_hake_survey,D20210725T110029_IFCB117,2021-07-25 11:00:29+00:00,117,4.6873001875,,,,,,,,573,,2,0
nwfsc_pacific_hake_survey,D20210725T112412_IFCB117,2021-07-25 11:24:12+00:00,117,4.786519620833333,,,,,,,,398,,2,0
nwfsc_pacific_hake_survey,D20210725T114755_IFCB117,2021-07-25 11:47:55+00:00,117,4.858782858333332,,,,,,,,251,,2,0
nwfsc_pacific_hake_survey,D20210725T121137_IFCB117,2021-07-25 12:11:37+00:00,117,4.835430941666667,,,,,,,,191,,2,0
nwfsc_pacific_hake_survey,D20210725T123520_IFCB117,2021-07-25 12:35:20+00:00,117,4.7922151333333325,,,,,,,,272,,2,0
nwfsc_pacific_hake_survey,D20210725T125902_IFCB117,2021-07-25 12:59:02+00:00,117,4.830801483333333,,,,,,,,304,,2,0
nwfsc_pacific_hake_survey,D20210725T132244_IFCB117,2021-07-25 13:22:44+00:00,117,4.880871308333334,,,,,,,,192,,2,0
nwfsc_pacific_hake_survey,D20210725T134627_IFCB117,2021-07-25 13:46:27+00:00,117,4.7892638875,,,,,,,,354,,2,0
nwfsc_pacific_hake_survey,D20210725T143552_IFCB117,2021-07-25 14:35:52+00:00,117,4.740732033333333,,,,,,,,293,,2,0
nwfsc_pacific_hake_survey,D20210725T145933_IFCB117,2021-07-25 14:59:33+00:00,117,4.466078475000001,,,,,,,,745,,2,0
nwfsc_pacific_hake_survey,D20210725T152315_IFCB117,2021-07-25 15:23:15+00:00,117,4.6627984583333335,,,,,,,,461,,2,0
nwfsc_pacific_hake_survey,D20210725T154657_IFCB117,2021-07-25 15:46:57+00:00,117,4.700018366666667,,,,,,,,407,,2,0
nwfsc_pacific_hake_survey,D20210725T161039_IFCB117,2021-07-25 16:10:39+00:00,117,4.621600208333333,,,,,,,,520,,2,0
nwfsc_pacific_hake_survey,D20210725T163422_IFCB117,2021-07-25 16:34:22+00:00,117,4.57875605,,,,,,,,585,,2,0
nwfsc_pacific_hake_survey,D20210725T165804_IFCB117,2021-07-25 16:58:04+00:00,117,4.687583454166667,,,,,,,,432,,2,0
nwfsc_pacific_hake_survey,D20210725T172145_IFCB117,2021-07-25 17:21:45+00:00,117,4.704029116666667,,,,,,,,407,,2,0
nwfsc_pacific_hake_survey,D20210725T174527_IFCB117,2021-07-25 17:45:27+00:00,117,4.718581479166667,,,,,,,,384,,2,0
nwfsc_pacific_hake_survey,D20210725T180910_IFCB117,2021-07-25 18:09:10+00:00,117,4.178389449999999,,,,,,,,1181,,2,0
nwfsc_pacific_hake_survey,D20210725T183251_IFCB117,2021-07-25 18:32:51+00:00,117,4.479882304166667,,,,,,,,730,,2,0
nwfsc_pacific_hake_survey,D20210725T185633_IFCB117,2021-07-25 18:56:33+00:00,117,4.730925908333334,,,,,,,,353,,2,0
nwfsc_pacific_hake_survey,D20210725T192016_IFCB117,2021-07-25 19:20:16+00:00,117,4.816959608333334,,,,,,,,243,,2,0
nwfsc_pacific_hake_survey,D20210725T194358_IFCB117,2021-07-25 19:43:58+00:00,117,4.828541108333334,,,,,,,,147,,2,0
nwfsc_pacific_hake_survey,D20210725T200740_IFCB117,2021-07-25 20:07:40+00:00,117,4.8158139375,,,,,,,,110,,2,0
nwfsc_pacific_hake_survey,D20210725T203122_IFCB117,2021-07-25 20:31:22+00:00,117,4.898463670833334,,,,,,,,67,,2,0
nwfsc_pacific_hake_survey,D20210725T205504_IFCB117,2021-07-25 20:55:04+00:00,117,4.9007418708333335,,,,,,,,77,,2,0
nwfsc_pacific_hake_survey,D20210725T211846_IFCB117,2021-07-25 21:18:46+00:00,117,4.935873816666667,,,,,,,,68,,2,0
nwfsc_pacific_hake_survey,D20210725T214228_IFCB117,2021-07-25 21:42:28+00:00,117,4.7589704875,,,,,,,,109,,2,0
nwfsc_pacific_hake_survey,D20210725T220610_IFCB117,2021-07-25 22:06:10+00:00,117,4.782397724999999,,,,,,,,67,,2,0
nwfsc_pacific_hake_survey,D20210725T222952_IFCB117,2021-07-25 22:29:52+00:00,117,4.9020319375,,,,,,,,115,,2,0
nwfsc_pacific_hake_survey,D20210725T225334_IFCB117,2021-07-25 22:53:34+00:00,117,4.8486302875,,,,,,,,115,,2,0
nwfsc_pacific_hake_survey,D20210725T231716_IFCB117,2021-07-25 23:17:16+00:00,117,4.893854287500001,,,,,,,,91,,2,0
nwfsc_pacific_hake_survey,D20210725T234058_IFCB117,2021-07-25 23:40:58+00:00,117,4.841190870833333,,,,,,,,112,,2,0
nwfsc_pacific_hake_survey,D20210726T000440_IFCB117,2021-07-26 00:04:40+00:00,117,4.910159587500001,,,,,,,,111,,2,0
nwfsc_pacific_hake_survey,D20210726T002822_IFCB117,2021-07-26 00:28:22+00:00,117,4.832793737499999,,,,,,,,121,,2,0
nwfsc_pacific_hake_survey,D20210726T005204_IFCB117,2021-07-26 00:52:04+00:00,117,4.906417833333333,,,,,,,,120,,2,0
nwfsc_pacific_hake_survey,D20210726T011547_IFCB117,2021-07-26 01:15:47+00:00,117,4.879493470833333,,,,,,,,158,,2,0
nwfsc_pacific_hake_survey,D20210726T013929_IFCB117,2021-07-26 01:39:29+00:00,117,4.886703691666667,,,,,,,,145,,2,0
nwfsc_pacific_hake_survey,D20210726T020311_IFCB117,2021-07-26 02:03:11+00:00,117,4.782241158333333,,,,,,,,302,,2,0
nwfsc_pacific_hake_survey,D20210726T022652_IFCB117,2021-07-26 02:26:52+00:00,117,4.761358854166667,,,,,,,,340,,2,0
nwfsc_pacific_hake_survey,D20210726T025035_IFCB117,2021-07-26 02:50:35+00:00,117,4.789665045833334,,,,,,,,246,,2,0
nwfsc_pacific_hake_survey,D20210726T031417_IFCB117,2021-07-26 03:14:17+00:00,117,4.751451995833333,,,,,,,,183,,2,0
nwfsc_pacific_hake_survey,D20210726T033759_IFCB117,2021-07-26 03:37:59+00:00,117,4.860062545833332,,,,,,,,177,,2,0
nwfsc_pacific_hake_survey,D20210726T040142_IFCB117,2021-07-26 04:01:42+00:00,117,4.9106775625,,,,,,,,114,,2,0
nwfsc_pacific_hake_survey,D20210726T042524_IFCB117,2021-07-26 04:25:24+00:00,117,4.82923745,,,,,,,,133,,2,0
nwfsc_pacific_hake_survey,D20210726T044906_IFCB117,2021-07-26 04:49:06+00:00,117,4.835991791666667,,,,,,,,190,,2,0
nwfsc_pacific_hake_survey,D20210726T051248_IFCB117,2021-07-26 05:12:48+00:00,117,4.837695854166667,,,,,,,,127,,2,0
nwfsc_pacific_hake_survey,D20210726T053630_IFCB117,2021-07-26 05:36:30+00:00,117,4.897055683333334,,,,,,,,137,,2,0
nwfsc_pacific_hake_survey,D20210726T060013_IFCB117,2021-07-26 06:00:13+00:00,117,4.738475745833332,,,,,,,,120,,2,0
nwfsc_pacific_hake_survey,D20210726T064959_IFCB117,2021-07-26 06:49:59+00:00,117,4.8719961125,,,,,,,,49,,2,0
nwfsc_pacific_hake_survey,D20210726T071341_IFCB117,2021-07-26 07:13:41+00:00,117,4.916920645833333,,,,,,,,73,,2,0
nwfsc_pacific_hake_survey,D20210726T073723_IFCB117,2021-07-26 07:37:23+00:00,117,4.862963579166666,,,,,,,,73,,2,0
nwfsc_pacific_hake_survey,D20210726T080105_IFCB117,2021-07-26 08:01:05+00:00,117,4.913902570833334,,,,,,,,65,,2,0
nwfsc_pacific_hake_survey,D20210726T082447_IFCB117,2021-07-26 08:24:47+00:00,117,4.9115057,,,,,,,,87,,2,0
nwfsc_pacific_hake_survey,D20210726T084829_IFCB117,2021-07-26 08:48:29+00:00,117,4.920167733333333,,,,,,,,78,,2,0
nwfsc_pacific_hake_survey,D20210726T091211_IFCB117,2021-07-26 09:12:11+00:00,117,4.8821039375,,,,,,,,103,,2,0
nwfsc_pacific_hake_survey,D20210726T093553_IFCB117,2021-07-26 09:35:53+00:00,117,4.890980375,,,,,,,,142,,2,0
nwfsc_pacific_hake_survey,D20210726T095935_IFCB117,2021-07-26 09:59:35+00:00,117,4.654375779166666,,,,,,,,75,,2,0
nwfsc_pacific_hake_survey,D20210726T102317_IFCB117,2021-07-26 10:23:17+00:00,117,4.901949591666666,,,,,,,,120,,2,0
nwfsc_pacific_hake_survey,D20210726T104659_IFCB117,2021-07-26 10:46:59+00:00,117,4.8353803875,,,,,,,,125,,2,0
nwfsc_pacific_hake_survey,D20210726T111041_IFCB117,2021-07-26 11:10:41+00:00,117,4.784296375,,,,,,,,101,,2,0
nwfsc_pacific_hake_survey,D20210726T113423_IFCB117,2021-07-26 11:34:23+00:00,117,4.651544229166666,,,,,,,,75,,2,0
nwfsc_pacific_hake_survey,D20210726T115805_IFCB117,2021-07-26 11:58:05+00:00,117,4.781775158333333,,,,,,,,122,,2,0
nwfsc_pacific_hake_survey,D20210726T122146_IFCB117,2021-07-26 12:21:46+00:00,117,4.839691804166667,,,,,,,,85,,2,0
nwfsc_pacific_hake_survey,D20210726T124529_IFCB117,2021-07-26 12:45:29+00:00,117,4.903876429166667,,,,,,,,90,,2,0
nwfsc_pacific_hake_survey,D20210726T130911_IFCB117,2021-07-26 13:09:11+00:00,117,4.837635645833333,,,,,,,,179,,2,0
nwfsc_pacific_hake_survey,D20210726T133253_IFCB117,2021-07-26 13:32:53+00:00,117,4.9035887291666675,,,,,,,,116,,2,0
nwfsc_pacific_hake_survey,D20210726T135635_IFCB117,2021-07-26 13:56:35+00:00,117,4.471105333333333,,,,,,,,86,,2,0
nwfsc_pacific_hake_survey,D20210726T142017_IFCB117,2021-07-26 14:20:17+00:00,117,4.743414016666666,,,,,,,,84,,2,0
nwfsc_pacific_hake_survey,D20210726T144400_IFCB117,2021-07-26 14:44:00+00:00,117,4.775282308333334,,,,,,,,77,,2,0
nwfsc_pacific_hake_survey,D20210726T150741_IFCB117,2021-07-26 15:07:41+00:00,117,4.842434895833333,,,,,,,,90,,2,0
nwfsc_pacific_hake_survey,D20210726T153123_IFCB117,2021-07-26 15:31:23+00:00,117,4.726961904166667,,,,,,,,108,,2,0
nwfsc_pacific_hake_survey,D20210726T155505_IFCB117,2021-07-26 15:55:05+00:00,117,4.878771212499999,,,,,,,,147,,2,0
nwfsc_pacific_hake_survey,D20210726T161847_IFCB117,2021-07-26 16:18:47+00:00,117,4.827253708333333,,,,,,,,144,,2,0
nwfsc_pacific_hake_survey,D20210726T164229_IFCB117,2021-07-26 16:42:29+00:00,117,4.5613232875,,,,,,,,78,,2,0
nwfsc_pacific_hake_survey,D20210726T170611_IFCB117,2021-07-26 17:06:11+00:00,117,4.917141020833333,,,,,,,,61,,2,0
nwfsc_pacific_hake_survey,D20210726T172953_IFCB117,2021-07-26 17:29:53+00:00,117,4.882887770833333,,,,,,,,75,,2,0
nwfsc_pacific_hake_survey,D20210726T175335_IFCB117,2021-07-26 17:53:35+00:00,117,4.674015016666667,,,,,,,,452,,2,0
nwfsc_pacific_hake_survey,D20210726T181718_IFCB117,2021-07-26 18:17:18+00:00,117,4.7998047125,,,,,,,,160,,2,0
nwfsc_pacific_hake_survey,D20210726T184100_IFCB117,2021-07-26 18:41:00+00:00,117,4.805882741666667,,,,,,,,138,,2,0
nwfsc_pacific_hake_survey,D20210726T190443_IFCB117,2021-07-26 19:04:43+00:00,117,4.7780015208333335,,,,,,,,265,,2,0
nwfsc_pacific_hake_survey,D20210726T192825_IFCB117,2021-07-26 19:28:25+00:00,117,4.8996995708333335,,,,,,,,128,,2,0
nwfsc_pacific_hake_survey,D20210726T195207_IFCB117,2021-07-26 19:52:07+00:00,117,4.804166583333332,,,,,,,,207,,2,0
nwfsc_pacific_hake_survey,D20210726T201549_IFCB117,2021-07-26 20:15:49+00:00,117,4.820781983333334,,,,,,,,189,,2,0
nwfsc_pacific_hake_survey,D20210726T203930_IFCB117,2021-07-26 20:39:30+00:00,117,4.825692066666666,,,,,,,,236,,2,0
nwfsc_pacific_hake_survey,D20210726T210312_IFCB117,2021-07-26 21:03:12+00:00,117,4.845462287499999,,,,,,,,189,,2,0
nwfsc_pacific_hake_survey,D20210726T212653_IFCB117,2021-07-26 21:26:53+00:00,117,4.771905733333333,,,,,,,,260,,2,0
nwfsc_pacific_hake_survey,D20210726T215035_IFCB117,2021-07-26 21:50:35+00:00,117,4.8146750208333335,,,,,,,,222,,2,0
nwfsc_pacific_hake_survey,D20210726T221417_IFCB117,2021-07-26 22:14:17+00:00,117,4.7360322,,,,,,,,210,,2,0
nwfsc_pacific_hake_survey,D20210726T230342_IFCB117,2021-07-26 23:03:42+00:00,117,4.840715070833332,,,,,,,,38,,2,0
nwfsc_pacific_hake_survey,D20210726T232724_IFCB117,2021-07-26 23:27:24+00:00,117,4.8138394125,,,,,,,,147,,2,0
nwfsc_pacific_hake_survey,D20210726T235106_IFCB117,2021-07-26 23:51:06+00:00,117,4.847770687500001,,,,,,,,202,,2,0
nwfsc_pacific_hake_survey,D20210727T001447_IFCB117,2021-07-27 00:14:47+00:00,117,4.814869645833332,,,,,,,,206,,2,0
nwfsc_pacific_hake_survey,D20210727T003829_IFCB117,2021-07-27 00:38:29+00:00,117,4.871490641666666,,,,,,,,121,,2,0
nwfsc_pacific_hake_survey,D20210727T010211_IFCB117,2021-07-27 01:02:11+00:00,117,4.897404775,,,,,,,,114,,2,0
nwfsc_pacific_hake_survey,D20210727T012553_IFCB117,2021-07-27 01:25:53+00:00,117,4.750000541666667,,,,,,,,141,,2,0
nwfsc_pacific_hake_survey,D20210727T014934_IFCB117,2021-07-27 01:49:34+00:00,117,4.888441724999999,,,,,,,,129,,2,0
nwfsc_pacific_hake_survey,D20210727T021317_IFCB117,2021-07-27 02:13:17+00:00,117,4.863237920833333,,,,,,,,95,,2,0
nwfsc_pacific_hake_survey,D20210727T023659_IFCB117,2021-07-27 02:36:59+00:00,117,4.788080366666667,,,,,,,,89,,2,0
nwfsc_pacific_hake_survey,D20210727T030041_IFCB117,2021-07-27 03:00:41+00:00,117,4.913898745833333,,,,,,,,95,,2,0
nwfsc_pacific_hake_survey,D20210727T032422_IFCB117,2021-07-27 03:24:22+00:00,117,4.840491370833333,,,,,,,,90,,2,0
nwfsc_pacific_hake_survey,D20210727T034803_IFCB117,2021-07-27 03:48:03+00:00,117,4.855290345833334,,,,,,,,136,,2,0
nwfsc_pacific_hake_survey,D20210727T041146_IFCB117,2021-07-27 04:11:46+00:00,117,4.81989825,,,,,,,,96,,2,0
nwfsc_pacific_hake_survey,D20210727T043527_IFCB117,2021-07-27 04:35:27+00:00,117,4.863312054166666,,,,,,,,124,,2,0
nwfsc_pacific_hake_survey,D20210727T045910_IFCB117,2021-07-27 04:59:10+00:00,117,4.873471591666667,,,,,,,,117,,2,0
nwfsc_pacific_hake_survey,D20210727T052254_IFCB117,2021-07-27 05:22:54+00:00,117,4.9135383458333335,,,,,,,,86,,2,0
nwfsc_pacific_hake_survey,D20210727T054635_IFCB117,2021-07-27 05:46:35+00:00,117,4.886727845833333,,,,,,,,131,,2,0
nwfsc_pacific_hake_survey,D20210727T061018_IFCB117,2021-07-27 06:10:18+00:00,117,4.8080689625,,,,,,,,84,,2,0
nwfsc_pacific_hake_survey,D20210727T063400_IFCB117,2021-07-27 06:34:00+00:00,117,4.5560889,,,,,,,,633,,2,0
nwfsc_pacific_hake_survey,D20210727T065742_IFCB117,2021-07-27 06:57:42+00:00,117,4.154142866666666,,,,,,,,1237,,2,0
nwfsc_pacific_hake_survey,D20210727T072123_IFCB117,2021-07-27 07:21:23+00:00,117,3.918111266666666,,,,,,,,1562,,2,0
nwfsc_pacific_hake_survey,D20210727T074505_IFCB117,2021-07-27 07:45:05+00:00,117,4.4712957375,,,,,,,,760,,2,0
nwfsc_pacific_hake_survey,D20210727T080847_IFCB117,2021-07-27 08:08:47+00:00,117,3.9861261291666668,,,,,,,,1446,,2,0
nwfsc_pacific_hake_survey,D20210727T083230_IFCB117,2021-07-27 08:32:30+00:00,117,3.822252258333334,,,,,,,,1706,,2,0
nwfsc_pacific_hake_survey,D20210727T085612_IFCB117,2021-07-27 08:56:12+00:00,117,3.4527568541666667,,,,,,,,2225,,2,0
nwfsc_pacific_hake_survey,D20210727T091955_IFCB117,2021-07-27 09:19:55+00:00,117,3.3740994125000006,,,,,,,,2315,,2,0
nwfsc_pacific_hake_survey,D20210727T094336_IFCB117,2021-07-27 09:43:36+00:00,117,4.681920266666666,,,,,,,,454,,2,0
nwfsc_pacific_hake_survey,D20210727T100718_IFCB117,2021-07-27 10:07:18+00:00,117,4.5212611208333335,,,,,,,,679,,2,0
nwfsc_pacific_hake_survey,D20210727T103100_IFCB117,2021-07-27 10:31:00+00:00,117,4.498546675,,,,,,,,718,,2,0
nwfsc_pacific_hake_survey,D20210727T105442_IFCB117,2021-07-27 10:54:42+00:00,117,4.7311720375,,,,,,,,376,,2,0
nwfsc_pacific_hake_survey,D20210727T111824_IFCB117,2021-07-27 11:18:24+00:00,117,4.6514710375,,,,,,,,455,,2,0
nwfsc_pacific_hake_survey,D20210727T114206_IFCB117,2021-07-27 11:42:06+00:00,117,3.5137150041666674,,,,,,,,2150,,2,0
nwfsc_pacific_hake_survey,D20210727T120548_IFCB117,2021-07-27 12:05:48+00:00,117,3.49717485,,,,,,,,2167,,2,0
nwfsc_pacific_hake_survey,D20210727T122931_IFCB117,2021-07-27 12:29:31+00:00,117,3.657233279166667,,,,,,,,1890,,2,0
nwfsc_pacific_hake_survey,D20210727T125312_IFCB117,2021-07-27 12:53:12+00:00,117,3.5367433541666666,,,,,,,,2091,,2,0
nwfsc_pacific_hake_survey,D20210727T131655_IFCB117,2021-07-27 13:16:55+00:00,117,3.0898927125,,,,,,,,2739,,2,0
nwfsc_pacific_hake_survey,D20210727T134037_IFCB117,2021-07-27 13:40:37+00:00,117,3.077048004166667,,,,,,,,2750,,2,0
nwfsc_pacific_hake_survey,D20210727T140420_IFCB117,2021-07-27 14:04:20+00:00,117,4.510710854166666,,,,,,,,700,,2,0
nwfsc_pacific_hake_survey,D20210727T142802_IFCB117,2021-07-27 14:28:02+00:00,117,4.183905166666667,,,,,,,,1154,,2,0
nwfsc_pacific_hake_survey,D20210727T151704_IFCB117,2021-07-27 15:17:04+00:00,117,4.520942345833333,,,,,,,,111,,2,0
nwfsc_pacific_hake_survey,D20210727T154047_IFCB117,2021-07-27 15:40:47+00:00,117,4.691466700000001,,,,,,,,440,,2,0
nwfsc_pacific_hake_survey,D20210727T160428_IFCB117,2021-07-27 16:04:28+00:00,117,4.656543183333333,,,,,,,,373,,2,0
nwfsc_pacific_hake_survey,D20210727T162810_IFCB117,2021-07-27 16:28:10+00:00,117,4.7743239541666656,,,,,,,,316,,2,0
nwfsc_pacific_hake_survey,D20210727T165152_IFCB117,2021-07-27 16:51:52+00:00,117,4.436191233333334,,,,,,,,806,,2,0
nwfsc_pacific_hake_survey,D20210727T171534_IFCB117,2021-07-27 17:15:34+00:00,117,4.779330204166667,,,,,,,,293,,2,0
nwfsc_pacific_hake_survey,D20210727T173917_IFCB117,2021-07-27 17:39:17+00:00,117,4.725246429166666,,,,,,,,347,,2,0
nwfsc_pacific_hake_survey,D20210727T180259_IFCB117,2021-07-27 18:02:59+00:00,117,4.805185745833333,,,,,,,,266,,2,0
nwfsc_pacific_hake_survey,D20210727T182641_IFCB117,2021-07-27 18:26:41+00:00,117,4.780313270833334,,,,,,,,243,,2,0
nwfsc_pacific_hake_survey,D20210727T185023_IFCB117,2021-07-27 18:50:23+00:00,117,4.8142699916666665,,,,,,,,248,,2,0
nwfsc_pacific_hake_survey,D20210727T191404_IFCB117,2021-07-27 19:14:04+00:00,117,4.809449166666666,,,,,,,,230,,2,0
nwfsc_pacific_hake_survey,D20210727T193746_IFCB117,2021-07-27 19:37:46+00:00,117,4.822241329166667,,,,,,,,233,,2,0
nwfsc_pacific_hake_survey,D20210727T200128_IFCB117,2021-07-27 20:01:28+00:00,117,4.7553528375,,,,,,,,303,,2,0
nwfsc_pacific_hake_survey,D20210727T203148_IFCB117,2021-07-27 20:31:48+00:00,117,4.714513904166666,,,,,,,,76,,2,0
nwfsc_pacific_hake_survey,D20210727T205530_IFCB117,2021-07-27 20:55:30+00:00,117,4.880401033333333,,,,,,,,147,,2,0
nwfsc_pacific_hake_survey,D20210727T211912_IFCB117,2021-07-27 21:19:12+00:00,117,3.989196470833333,,,,,,,,1438,,2,0
nwfsc_pacific_hake_survey,D20210727T214254_IFCB117,2021-07-27 21:42:54+00:00,117,4.234601308333333,,,,,,,,1056,,2,0
nwfsc_pacific_hake_survey,D20210727T220636_IFCB117,2021-07-27 22:06:36+00:00,117,4.883226470833334,,,,,,,,83,,2,0
nwfsc_pacific_hake_survey,D20210727T223019_IFCB117,2021-07-27 22:30:19+00:00,117,4.6998636,,,,,,,,79,,2,0
nwfsc_pacific_hake_survey,D20210727T225401_IFCB117,2021-07-27 22:54:01+00:00,117,4.842881366666666,,,,,,,,91,,2,0
nwfsc_pacific_hake_survey,D20210727T231742_IFCB117,2021-07-27 23:17:42+00:00,117,4.8328424583333325,,,,,,,,66,,2,0
nwfsc_pacific_hake_survey,D20210727T234124_IFCB117,2021-07-27 23:41:24+00:00,117,4.8680606541666664,,,,,,,,87,,2,0
nwfsc_pacific_hake_survey,D20210728T000505_IFCB117,2021-07-28 00:05:05+00:00,117,4.905778191666667,,,,,,,,81,,2,0
nwfsc_pacific_hake_survey,D20210728T002847_IFCB117,2021-07-28 00:28:47+00:00,117,4.6507482,,,,,,,,481,,2,0
nwfsc_pacific_hake_survey,D20210728T005229_IFCB117,2021-07-28 00:52:29+00:00,117,4.149802104166667,,,,,,,,1170,,2,0
nwfsc_pacific_hake_survey,D20210728T011610_IFCB117,2021-07-28 01:16:10+00:00,117,4.215720849999999,,,,,,,,1092,,2,0
nwfsc_pacific_hake_survey,D20210728T013953_IFCB117,2021-07-28 01:39:53+00:00,117,4.576820908333333,,,,,,,,546,,2,0
nwfsc_pacific_hake_survey,D20210728T020335_IFCB117,2021-07-28 02:03:35+00:00,117,4.5443403875,,,,,,,,653,,2,0
nwfsc_pacific_hake_survey,D20210728T022717_IFCB117,2021-07-28 02:27:17+00:00,117,4.645353,,,,,,,,509,,2,0
nwfsc_pacific_hake_survey,D20210728T025059_IFCB117,2021-07-28 02:50:59+00:00,117,4.769819133333333,,,,,,,,315,,2,0
nwfsc_pacific_hake_survey,D20210728T031440_IFCB117,2021-07-28 03:14:40+00:00,117,4.802924254166666,,,,,,,,224,,2,0
nwfsc_pacific_hake_survey,D20210728T033822_IFCB117,2021-07-28 03:38:22+00:00,117,4.72824425,,,,,,,,383,,2,0
nwfsc_pacific_hake_survey,D20210728T040203_IFCB117,2021-07-28 04:02:03+00:00,117,4.602937262500001,,,,,,,,560,,2,0
nwfsc_pacific_hake_survey,D20210728T042545_IFCB117,2021-07-28 04:25:45+00:00,117,4.604969925,,,,,,,,570,,2,0
nwfsc_pacific_hake_survey,D20210728T044927_IFCB117,2021-07-28 04:49:27+00:00,117,4.6525119916666675,,,,,,,,511,,2,0
nwfsc_pacific_hake_survey,D20210728T051309_IFCB117,2021-07-28 05:13:09+00:00,117,4.6341226749999995,,,,,,,,533,,2,0
nwfsc_pacific_hake_survey,D20210728T053651_IFCB117,2021-07-28 05:36:51+00:00,117,4.757561758333334,,,,,,,,351,,2,0
nwfsc_pacific_hake_survey,D20210728T060033_IFCB117,2021-07-28 06:00:33+00:00,117,4.7260447208333325,,,,,,,,390,,2,0
nwfsc_pacific_hake_survey,D20210728T062415_IFCB117,2021-07-28 06:24:15+00:00,117,4.707317916666667,,,,,,,,416,,2,0
nwfsc_pacific_hake_survey,D20210728T071336_IFCB117,2021-07-28 07:13:36+00:00,117,4.884418591666667,,,,,,,,88,,2,0
nwfsc_pacific_hake_survey,D20210728T073718_IFCB117,2021-07-28 07:37:18+00:00,117,4.654568758333334,,,,,,,,506,,2,0
nwfsc_pacific_hake_survey,D20210728T080101_IFCB117,2021-07-28 08:01:01+00:00,117,4.814315129166666,,,,,,,,243,,2,0
nwfsc_pacific_hake_survey,D20210728T082443_IFCB117,2021-07-28 08:24:43+00:00,117,4.752273845833334,,,,,,,,224,,2,0
nwfsc_pacific_hake_survey,D20210728T084825_IFCB117,2021-07-28 08:48:25+00:00,117,4.656669733333334,,,,,,,,442,,2,0
nwfsc_pacific_hake_survey,D20210728T091207_IFCB117,2021-07-28 09:12:07+00:00,117,4.7577511291666665,,,,,,,,304,,2,0
nwfsc_pacific_hake_survey,D20210728T093549_IFCB117,2021-07-28 09:35:49+00:00,117,4.650096325000001,,,,,,,,480,,2,0
nwfsc_pacific_hake_survey,D20210728T095931_IFCB117,2021-07-28 09:59:31+00:00,117,4.612091579166667,,,,,,,,532,,2,0
nwfsc_pacific_hake_survey,D20210728T102314_IFCB117,2021-07-28 10:23:14+00:00,117,4.583166095833334,,,,,,,,525,,2,0
nwfsc_pacific_hake_survey,D20210728T104656_IFCB117,2021-07-28 10:46:56+00:00,117,4.629627583333333,,,,,,,,498,,2,0
nwfsc_pacific_hake_survey,D20210728T111038_IFCB117,2021-07-28 11:10:38+00:00,117,4.676692575000001,,,,,,,,421,,2,0
nwfsc_pacific_hake_survey,D20210728T113420_IFCB117,2021-07-28 11:34:20+00:00,117,4.6832862125,,,,,,,,408,,2,0
nwfsc_pacific_hake_survey,D20210728T115801_IFCB117,2021-07-28 11:58:01+00:00,117,4.651250741666667,,,,,,,,455,,2,0
nwfsc_pacific_hake_survey,D20210728T122143_IFCB117,2021-07-28 12:21:43+00:00,117,4.673402,,,,,,,,429,,2,0
nwfsc_pacific_hake_survey,D20210728T124525_IFCB117,2021-07-28 12:45:25+00:00,117,4.649903475,,,,,,,,465,,2,0
nwfsc_pacific_hake_survey,D20210728T130907_IFCB117,2021-07-28 13:09:07+00:00,117,4.600754708333333,,,,,,,,547,,2,0
nwfsc_pacific_hake_survey,D20210728T133250_IFCB117,2021-07-28 13:32:50+00:00,117,4.613287329166667,,,,,,,,483,,2,0
nwfsc_pacific_hake_survey,D20210728T135631_IFCB117,2021-07-28 13:56:31+00:00,117,4.675762570833333,,,,,,,,417,,2,0
nwfsc_pacific_hake_survey,D20210728T142013_IFCB117,2021-07-28 14:20:13+00:00,117,4.662875316666667,,,,,,,,466,,2,0
nwfsc_pacific_hake_survey,D20210728T144356_IFCB117,2021-07-28 14:43:56+00:00,117,4.633446270833333,,,,,,,,506,,2,0
nwfsc_pacific_hake_survey,D20210728T150737_IFCB117,2021-07-28 15:07:37+00:00,117,4.4630581750000005,,,,,,,,749,,2,0
nwfsc_pacific_hake_survey,D20210728T153119_IFCB117,2021-07-28 15:31:19+00:00,117,4.338797808333334,,,,,,,,914,,2,0
nwfsc_pacific_hake_survey,D20210728T155501_IFCB117,2021-07-28 15:55:01+00:00,117,3.9714077041666664,,,,,,,,1434,,2,0
nwfsc_pacific_hake_survey,D20210728T161844_IFCB117,2021-07-28 16:18:44+00:00,117,3.9710715333333337,,,,,,,,1421,,2,0
nwfsc_pacific_hake_survey,D20210728T164226_IFCB117,2021-07-28 16:42:26+00:00,117,4.789989104166667,,,,,,,,234,,2,0
nwfsc_pacific_hake_survey,D20210728T170607_IFCB117,2021-07-28 17:06:07+00:00,117,4.756016833333333,,,,,,,,305,,2,0
nwfsc_pacific_hake_survey,D20210728T172949_IFCB117,2021-07-28 17:29:49+00:00,117,4.588891791666667,,,,,,,,550,,2,0
nwfsc_pacific_hake_survey,D20210728T175331_IFCB117,2021-07-28 17:53:31+00:00,117,4.54018295,,,,,,,,599,,2,0
nwfsc_pacific_hake_survey,D20210728T181712_IFCB117,2021-07-28 18:17:12+00:00,117,4.8553218125,,,,,,,,153,,2,0
nwfsc_pacific_hake_survey,D20210728T184054_IFCB117,2021-07-28 18:40:54+00:00,117,4.7709291,,,,,,,,304,,2,0
nwfsc_pacific_hake_survey,D20210728T190436_IFCB117,2021-07-28 19:04:36+00:00,117,4.757566841666667,,,,,,,,318,,2,0
nwfsc_pacific_hake_survey,D20210728T192817_IFCB117,2021-07-28 19:28:17+00:00,117,4.8695370625,,,,,,,,102,,2,0
nwfsc_pacific_hake_survey,D20210728T195159_IFCB117,2021-07-28 19:51:59+00:00,117,4.7604540125,,,,,,,,142,,2,0
nwfsc_pacific_hake_survey,D20210728T201541_IFCB117,2021-07-28 20:15:41+00:00,117,4.723830654166666,,,,,,,,357,,2,0
nwfsc_pacific_hake_survey,D20210728T203922_IFCB117,2021-07-28 20:39:22+00:00,117,4.710267079166667,,,,,,,,387,,2,0
nwfsc_pacific_hake_survey,D20210728T210304_IFCB117,2021-07-28 21:03:04+00:00,117,4.272526120833334,,,,,,,,1001,,2,0
nwfsc_pacific_hake_survey,D20210728T212647_IFCB117,2021-07-28 21:26:47+00:00,117,4.9046441625,,,,,,,,100,,2,0
nwfsc_pacific_hake_survey,D20210728T215029_IFCB117,2021-07-28 21:50:29+00:00,117,4.949883941666667,,,,,,,,55,,2,0
nwfsc_pacific_hake_survey,D20210728T221411_IFCB117,2021-07-28 22:14:11+00:00,117,4.9517678375,,,,,,,,34,,2,0
nwfsc_pacific_hake_survey,D20210728T223753_IFCB117,2021-07-28 22:37:53+00:00,117,4.889908583333334,,,,,,,,29,,2,0
nwfsc_pacific_hake_survey,D20210728T232718_IFCB117,2021-07-28 23:27:18+00:00,117,4.425993758333333,,,,,,,,34,,2,0
nwfsc_pacific_hake_survey,D20210728T235100_IFCB117,2021-07-28 23:51:00+00:00,117,4.784309654166666,,,,,,,,71,,2,0
nwfsc_pacific_hake_survey,D20210729T001441_IFCB117,2021-07-29 00:14:41+00:00,117,4.946805149999999,,,,,,,,34,,2,0
nwfsc_pacific_hake_survey,D20210729T003823_IFCB117,2021-07-29 00:38:23+00:00,117,4.8342941625,,,,,,,,59,,2,0
nwfsc_pacific_hake_survey,D20210729T010206_IFCB117,2021-07-29 01:02:06+00:00,117,4.7743203,,,,,,,,90,,2,0
nwfsc_pacific_hake_survey,D20210729T012548_IFCB117,2021-07-29 01:25:48+00:00,117,4.642199191666666,,,,,,,,33,,2,0
nwfsc_pacific_hake_survey,D20210729T014930_IFCB117,2021-07-29 01:49:30+00:00,117,4.593502070833334,,,,,,,,104,,2,0
nwfsc_pacific_hake_survey,D20210729T021312_IFCB117,2021-07-29 02:13:12+00:00,117,4.4359392458333335,,,,,,,,784,,2,0
nwfsc_pacific_hake_survey,D20210729T023652_IFCB117,2021-07-29 02:36:52+00:00,117,3.9071634458333335,,,,,,,,1509,,2,0
nwfsc_pacific_hake_survey,D20210729T030034_IFCB117,2021-07-29 03:00:34+00:00,117,3.400273229166666,,,,,,,,2252,,2,0
nwfsc_pacific_hake_survey,D20210729T032416_IFCB117,2021-07-29 03:24:16+00:00,117,3.6590551041666672,,,,,,,,1884,,2,0
nwfsc_pacific_hake_survey,D20210729T034758_IFCB117,2021-07-29 03:47:58+00:00,117,4.648211750000001,,,,,,,,465,,2,0
nwfsc_pacific_hake_survey,D20210729T041140_IFCB117,2021-07-29 04:11:40+00:00,117,3.379496145833334,,,,,,,,2265,,2,0
nwfsc_pacific_hake_survey,D20210729T043522_IFCB117,2021-07-29 04:35:22+00:00,117,3.1225910999999997,,,,,,,,2670,,2,0
nwfsc_pacific_hake_survey,D20210729T045905_IFCB117,2021-07-29 04:59:05+00:00,117,4.290789270833333,,,,,,,,978,,2,0
nwfsc_pacific_hake_survey,D20210729T052250_IFCB117,2021-07-29 05:22:50+00:00,117,4.1624114875,,,,,,,,1132,,2,0
nwfsc_pacific_hake_survey,D20210729T054632_IFCB117,2021-07-29 05:46:32+00:00,117,4.1481835125,,,,,,,,1181,,2,0
nwfsc_pacific_hake_survey,D20210729T061014_IFCB117,2021-07-29 06:10:14+00:00,117,4.766373370833334,,,,,,,,106,,2,0
nwfsc_pacific_hake_survey,D20210729T063356_IFCB117,2021-07-29 06:33:56+00:00,117,4.896019512500001,,,,,,,,91,,2,0
nwfsc_pacific_hake_survey,D20210729T065738_IFCB117,2021-07-29 06:57:38+00:00,117,4.89799385,,,,,,,,95,,2,0
nwfsc_pacific_hake_survey,D20210729T072120_IFCB117,2021-07-29 07:21:20+00:00,117,4.818660120833333,,,,,,,,119,,2,0
nwfsc_pacific_hake_survey,D20210729T074502_IFCB117,2021-07-29 07:45:02+00:00,117,4.841907433333334,,,,,,,,154,,2,0
nwfsc_pacific_hake_survey,D20210729T080844_IFCB117,2021-07-29 08:08:44+00:00,117,4.461202979166667,,,,,,,,105,,2,0
nwfsc_pacific_hake_survey,D20210729T083226_IFCB117,2021-07-29 08:32:26+00:00,117,4.6765784875,,,,,,,,265,,2,0
nwfsc_pacific_hake_survey,D20210729T085606_IFCB117,2021-07-29 08:56:06+00:00,117,4.683559083333334,,,,,,,,357,,2,0
nwfsc_pacific_hake_survey,D20210729T091949_IFCB117,2021-07-29 09:19:49+00:00,117,4.720618308333333,,,,,,,,357,,2,0
nwfsc_pacific_hake_survey,D20210729T094331_IFCB117,2021-07-29 09:43:31+00:00,117,4.763634837499999,,,,,,,,138,,2,0
nwfsc_pacific_hake_survey,D20210729T100712_IFCB117,2021-07-29 10:07:12+00:00,117,4.841948633333333,,,,,,,,196,,2,0
nwfsc_pacific_hake_survey,D20210729T103055_IFCB117,2021-07-29 10:30:55+00:00,117,4.821566154166666,,,,,,,,242,,2,0
nwfsc_pacific_hake_survey,D20210729T105435_IFCB117,2021-07-29 10:54:35+00:00,117,4.807648516666666,,,,,,,,251,,2,0
nwfsc_pacific_hake_survey,D20210729T111818_IFCB117,2021-07-29 11:18:18+00:00,117,4.779257525,,,,,,,,209,,2,0
nwfsc_pacific_hake_survey,D20210729T114159_IFCB117,2021-07-29 11:41:59+00:00,117,4.730778158333333,,,,,,,,373,,2,0
nwfsc_pacific_hake_survey,D20210729T120542_IFCB117,2021-07-29 12:05:42+00:00,117,4.856912670833333,,,,,,,,178,,2,0
nwfsc_pacific_hake_survey,D20210729T122924_IFCB117,2021-07-29 12:29:24+00:00,117,4.897893804166667,,,,,,,,115,,2,0
nwfsc_pacific_hake_survey,D20210729T125307_IFCB117,2021-07-29 12:53:07+00:00,117,4.887600141666667,,,,,,,,121,,2,0
nwfsc_pacific_hake_survey,D20210729T131649_IFCB117,2021-07-29 13:16:49+00:00,117,4.8671669500000005,,,,,,,,157,,2,0
nwfsc_pacific_hake_survey,D20210729T134031_IFCB117,2021-07-29 13:40:31+00:00,117,4.742318395833334,,,,,,,,287,,2,0
nwfsc_pacific_hake_survey,D20210729T140413_IFCB117,2021-07-29 14:04:13+00:00,117,4.836251329166667,,,,,,,,125,,2,0
nwfsc_pacific_hake_survey,D20210729T142756_IFCB117,2021-07-29 14:27:56+00:00,117,4.778244704166666,,,,,,,,263,,2,0
nwfsc_pacific_hake_survey,D20210729T145138_IFCB117,2021-07-29 14:51:38+00:00,117,4.8744708375,,,,,,,,149,,2,0
nwfsc_pacific_hake_survey,D20210729T154103_IFCB117,2021-07-29 15:41:03+00:00,117,4.8452345375000005,,,,,,,,115,,2,0
nwfsc_pacific_hake_survey,D20210729T160444_IFCB117,2021-07-29 16:04:44+00:00,117,4.7662069375,,,,,,,,256,,2,0
nwfsc_pacific_hake_survey,D20210729T162826_IFCB117,2021-07-29 16:28:26+00:00,117,4.774260554166665,,,,,,,,260,,2,0
nwfsc_pacific_hake_survey,D20210729T165209_IFCB117,2021-07-29 16:52:09+00:00,117,4.762208920833333,,,,,,,,275,,2,0
nwfsc_pacific_hake_survey,D20210729T171551_IFCB117,2021-07-29 17:15:51+00:00,117,4.807775545833334,,,,,,,,218,,2,0
nwfsc_pacific_hake_survey,D20210729T173933_IFCB117,2021-07-29 17:39:33+00:00,117,4.774417275,,,,,,,,289,,2,0
nwfsc_pacific_hake_survey,D20210729T180316_IFCB117,2021-07-29 18:03:16+00:00,117,4.787707770833333,,,,,,,,268,,2,0
nwfsc_pacific_hake_survey,D20210729T182656_IFCB117,2021-07-29 18:26:56+00:00,117,4.723312645833333,,,,,,,,372,,2,0
nwfsc_pacific_hake_survey,D20210729T185041_IFCB117,2021-07-29 18:50:41+00:00,117,4.782401512500001,,,,,,,,266,,2,0
nwfsc_pacific_hake_survey,D20210729T191423_IFCB117,2021-07-29 19:14:23+00:00,117,4.544640504166666,,,,,,,,622,,2,0
nwfsc_pacific_hake_survey,D20210729T193805_IFCB117,2021-07-29 19:38:05+00:00,117,4.616733925000001,,,,,,,,506,,2,0
nwfsc_pacific_hake_survey,D20210729T200148_IFCB117,2021-07-29 20:01:48+00:00,117,4.715209775000001,,,,,,,,389,,2,0
nwfsc_pacific_hake_survey,D20210729T202530_IFCB117,2021-07-29 20:25:30+00:00,117,4.729567491666667,,,,,,,,368,,2,0
nwfsc_pacific_hake_survey,D20210729T204910_IFCB117,2021-07-29 20:49:10+00:00,117,4.790696604166667,,,,,,,,305,,2,0
nwfsc_pacific_hake_survey,D20210729T211253_IFCB117,2021-07-29 21:12:53+00:00,117,4.783178629166667,,,,,,,,387,,2,0
nwfsc_pacific_hake_survey,D20210729T213635_IFCB117,2021-07-29 21:36:35+00:00,117,4.746628954166667,,,,,,,,453,,2,0
nwfsc_pacific_hake_survey,D20210729T220018_IFCB117,2021-07-29 22:00:18+00:00,117,4.723749120833333,,,,,,,,472,,2,0
nwfsc_pacific_hake_survey,D20210729T222400_IFCB117,2021-07-29 22:24:00+00:00,117,4.694249704166666,,,,,,,,537,,2,0
nwfsc_pacific_hake_survey,D20210729T224743_IFCB117,2021-07-29 22:47:43+00:00,117,4.705046595833333,,,,,,,,531,,2,0
nwfsc_pacific_hake_survey,D20210729T231125_IFCB117,2021-07-29 23:11:25+00:00,117,4.828472420833333,,,,,,,,294,,2,0
nwfsc_pacific_hake_survey,D20210729T233508_IFCB117,2021-07-29 23:35:08+00:00,117,4.841963416666667,,,,,,,,254,,2,0
nwfsc_pacific_hake_survey,D20210729T235849_IFCB117,2021-07-29 23:58:49+00:00,117,4.834621479166667,,,,,,,,280,,2,0
nwfsc_pacific_hake_survey,D20210730T004615_IFCB117,2021-07-30 00:46:15+00:00,117,4.906784333333333,,,,,,,,134,,2,0
nwfsc_pacific_hake_survey,D20210730T010957_IFCB117,2021-07-30 01:09:57+00:00,117,4.8212023833333335,,,,,,,,113,,2,0
nwfsc_pacific_hake_survey,D20210730T013339_IFCB117,2021-07-30 01:33:39+00:00,117,4.600046425,,,,,,,,689,,2,0
nwfsc_pacific_hake_survey,D20210730T015722_IFCB117,2021-07-30 01:57:22+00:00,117,4.79864765,,,,,,,,147,,2,0
nwfsc_pacific_hake_survey,D20210730T022104_IFCB117,2021-07-30 02:21:04+00:00,117,4.8758673041666665,,,,,,,,44,,2,0
nwfsc_pacific_hake_survey,D20210730T024446_IFCB117,2021-07-30 02:44:46+00:00,117,4.970182166666667,,,,,,,,31,,2,0
nwfsc_pacific_hake_survey,D20210730T030829_IFCB117,2021-07-30 03:08:29+00:00,117,3.684708379166666,,,,,,,,2398,,2,0
nwfsc_pacific_hake_survey,D20210730T033211_IFCB117,2021-07-30 03:32:11+00:00,117,4.144349608333333,,,,,,,,1487,,2,0
nwfsc_pacific_hake_survey,D20210730T035553_IFCB117,2021-07-30 03:55:53+00:00,117,3.6857592583333334,,,,,,,,2366,,2,0
nwfsc_pacific_hake_survey,D20210730T041936_IFCB117,2021-07-30 04:19:36+00:00,117,4.462089345833333,,,,,,,,925,,2,0
nwfsc_pacific_hake_survey,D20210730T044319_IFCB117,2021-07-30 04:43:19+00:00,117,3.6768920499999997,,,,,,,,2368,,2,0
nwfsc_pacific_hake_survey,D20210730T050701_IFCB117,2021-07-30 05:07:01+00:00,117,4.670411241666667,,,,,,,,556,,2,0
nwfsc_pacific_hake_survey,D20210730T053044_IFCB117,2021-07-30 05:30:44+00:00,117,4.831134495833333,,,,,,,,277,,2,0
nwfsc_pacific_hake_survey,D20210730T055425_IFCB117,2021-07-30 05:54:25+00:00,117,4.317709916666667,,,,,,,,1207,,2,0
nwfsc_pacific_hake_survey,D20210730T061807_IFCB117,2021-07-30 06:18:07+00:00,117,4.0977086583333335,,,,,,,,1594,,2,0
nwfsc_pacific_hake_survey,D20210730T064150_IFCB117,2021-07-30 06:41:50+00:00,117,4.221703795833333,,,,,,,,1353,,2,0
nwfsc_pacific_hake_survey,D20210730T070531_IFCB117,2021-07-30 07:05:31+00:00,117,4.1413119125,,,,,,,,1528,,2,0
nwfsc_pacific_hake_survey,D20210730T075517_IFCB117,2021-07-30 07:55:17+00:00,117,4.785149329166667,,,,,,,,106,,2,0
nwfsc_pacific_hake_survey,D20210730T081859_IFCB117,2021-07-30 08:18:59+00:00,117,4.787981583333333,,,,,,,,279,,2,0
nwfsc_pacific_hake_survey,D20210730T084241_IFCB117,2021-07-30 08:42:41+00:00,117,4.9364612333333335,,,,,,,,92,,2,0
nwfsc_pacific_hake_survey,D20210730T090622_IFCB117,2021-07-30 09:06:22+00:00,117,4.917081020833333,,,,,,,,126,,2,0
nwfsc_pacific_hake_survey,D20210730T093005_IFCB117,2021-07-30 09:30:05+00:00,117,4.8807999041666665,,,,,,,,122,,2,0
nwfsc_pacific_hake_survey,D20210730T095348_IFCB117,2021-07-30 09:53:48+00:00,117,4.913592475,,,,,,,,133,,2,0
nwfsc_pacific_hake_survey,D20210730T101730_IFCB117,2021-07-30 10:17:30+00:00,117,4.898741654166667,,,,,,,,142,,2,0
nwfsc_pacific_hake_survey,D20210730T104112_IFCB117,2021-07-30 10:41:12+00:00,117,4.890969670833333,,,,,,,,126,,2,0
nwfsc_pacific_hake_survey,D20210730T110455_IFCB117,2021-07-30 11:04:55+00:00,117,4.880527099999999,,,,,,,,166,,2,0
nwfsc_pacific_hake_survey,D20210730T112835_IFCB117,2021-07-30 11:28:35+00:00,117,4.7859568291666665,,,,,,,,185,,2,0
nwfsc_pacific_hake_survey,D20210730T115218_IFCB117,2021-07-30 11:52:18+00:00,117,4.749103270833333,,,,,,,,431,,2,0
nwfsc_pacific_hake_survey,D20210730T121600_IFCB117,2021-07-30 12:16:00+00:00,117,4.732239175,,,,,,,,448,,2,0
nwfsc_pacific_hake_survey,D20210730T123943_IFCB117,2021-07-30 12:39:43+00:00,117,4.786968154166667,,,,,,,,390,,2,0
nwfsc_pacific_hake_survey,D20210730T130326_IFCB117,2021-07-30 13:03:26+00:00,117,4.814193366666667,,,,,,,,189,,2,0
nwfsc_pacific_hake_survey,D20210730T132708_IFCB117,2021-07-30 13:27:08+00:00,117,4.8533753625000005,,,,,,,,198,,2,0
nwfsc_pacific_hake_survey,D20210730T135049_IFCB117,2021-07-30 13:50:49+00:00,117,4.868617937500001,,,,,,,,189,,2,0
nwfsc_pacific_hake_survey,D20210730T141431_IFCB117,2021-07-30 14:14:31+00:00,117,4.785384170833334,,,,,,,,339,,2,0
nwfsc_pacific_hake_survey,D20210730T143813_IFCB117,2021-07-30 14:38:13+00:00,117,4.757536558333333,,,,,,,,323,,2,0
nwfsc_pacific_hake_survey,D20210730T150155_IFCB117,2021-07-30 15:01:55+00:00,117,4.777505470833334,,,,,,,,378,,2,0
nwfsc_pacific_hake_survey,D20210730T152538_IFCB117,2021-07-30 15:25:38+00:00,117,4.836397016666667,,,,,,,,231,,2,0
nwfsc_pacific_hake_survey,D20210730T154920_IFCB117,2021-07-30 15:49:20+00:00,117,4.8487613041666675,,,,,,,,172,,2,0
nwfsc_pacific_hake_survey,D20210730T161302_IFCB117,2021-07-30 16:13:02+00:00,117,4.7543521124999994,,,,,,,,67,,2,0
nwfsc_pacific_hake_survey,D20210730T163644_IFCB117,2021-07-30 16:36:44+00:00,117,4.5251629583333335,,,,,,,,27,,2,0
nwfsc_pacific_hake_survey,D20210730T170027_IFCB117,2021-07-30 17:00:27+00:00,117,4.839113525,,,,,,,,72,,2,0
nwfsc_pacific_hake_survey,D20210730T172409_IFCB117,2021-07-30 17:24:09+00:00,117,4.8770459875,,,,,,,,38,,2,0
nwfsc_pacific_hake_survey,D20210730T174751_IFCB117,2021-07-30 17:47:51+00:00,117,4.938638933333333,,,,,,,,42,,2,0
nwfsc_pacific_hake_survey,D20210730T181133_IFCB117,2021-07-30 18:11:33+00:00,117,4.8430922125,,,,,,,,46,,2,0
nwfsc_pacific_hake_survey,D20210730T183516_IFCB117,2021-07-30 18:35:16+00:00,117,4.514369491666667,,,,,,,,46,,2,0
nwfsc_pacific_hake_survey,D20210730T185858_IFCB117,2021-07-30 18:58:58+00:00,117,4.72125405,,,,,,,,33,,2,0
nwfsc_pacific_hake_survey,D20210730T192241_IFCB117,2021-07-30 19:22:41+00:00,117,4.81977845,,,,,,,,34,,2,0
nwfsc_pacific_hake_survey,D20210730T194623_IFCB117,2021-07-30 19:46:23+00:00,117,4.854626258333334,,,,,,,,53,,2,0
nwfsc_pacific_hake_survey,D20210730T201005_IFCB117,2021-07-30 20:10:05+00:00,117,4.936536566666667,,,,,,,,95,,2,0
nwfsc_pacific_hake_survey,D20210730T203347_IFCB117,2021-07-30 20:33:47+00:00,117,4.663467691666667,,,,,,,,43,,2,0
nwfsc_pacific_hake_survey,D20210730T205729_IFCB117,2021-07-30 20:57:29+00:00,117,4.606993708333333,,,,,,,,13,,2,0
nwfsc_pacific_hake_survey,D20210730T212111_IFCB117,2021-07-30 21:21:11+00:00,117,4.433196570833333,,,,,,,,983,,2,0
nwfsc_pacific_hake_survey,D20210730T214453_IFCB117,2021-07-30 21:44:53+00:00,117,3.7849283041666664,,,,,,,,2153,,2,0
nwfsc_pacific_hake_survey,D20210730T220836_IFCB117,2021-07-30 22:08:36+00:00,117,3.652748808333333,,,,,,,,2456,,2,0
nwfsc_pacific_hake_survey,D20210730T223217_IFCB117,2021-07-30 22:32:17+00:00,117,3.5541924250000005,,,,,,,,2576,,2,0
nwfsc_pacific_hake_survey,D20210730T225600_IFCB117,2021-07-30 22:56:00+00:00,117,4.792576279166666,,,,,,,,328,,2,0
nwfsc_pacific_hake_survey,D20210730T231943_IFCB117,2021-07-30 23:19:43+00:00,117,4.686148654166667,,,,,,,,543,,2,0
nwfsc_pacific_hake_survey,D20210731T000928_IFCB117,2021-07-31 00:09:28+00:00,117,4.863059554166667,,,,,,,,108,,2,0
nwfsc_pacific_hake_survey,D20210731T003310_IFCB117,2021-07-31 00:33:10+00:00,117,4.748647008333333,,,,,,,,81,,2,0
nwfsc_pacific_hake_survey,D20210731T005650_IFCB117,2021-07-31 00:56:50+00:00,117,4.863253633333333,,,,,,,,155,,2,0
nwfsc_pacific_hake_survey,D20210731T012033_IFCB117,2021-07-31 01:20:33+00:00,117,4.841687566666666,,,,,,,,174,,2,0
nwfsc_pacific_hake_survey,D20210731T014415_IFCB117,2021-07-31 01:44:15+00:00,117,4.800215087500001,,,,,,,,224,,2,0
nwfsc_pacific_hake_survey,D20210731T020755_IFCB117,2021-07-31 02:07:55+00:00,117,4.709532829166666,,,,,,,,407,,2,0
nwfsc_pacific_hake_survey,D20210731T023139_IFCB117,2021-07-31 02:31:39+00:00,117,4.8057742333333335,,,,,,,,251,,2,0
nwfsc_pacific_hake_survey,D20210731T025521_IFCB117,2021-07-31 02:55:21+00:00,117,4.837691858333333,,,,,,,,158,,2,0
nwfsc_pacific_hake_survey,D20210731T031903_IFCB117,2021-07-31 03:19:03+00:00,117,4.8745542083333335,,,,,,,,167,,2,0
nwfsc_pacific_hake_survey,D20210731T034243_IFCB117,2021-07-31 03:42:43+00:00,117,4.825772579166666,,,,,,,,177,,2,0
nwfsc_pacific_hake_survey,D20210731T040625_IFCB117,2021-07-31 04:06:25+00:00,117,4.9020610875,,,,,,,,120,,2,0
nwfsc_pacific_hake_survey,D20210731T043007_IFCB117,2021-07-31 04:30:07+00:00,117,4.9203756499999995,,,,,,,,60,,2,0
nwfsc_pacific_hake_survey,D20210731T045348_IFCB117,2021-07-31 04:53:48+00:00,117,4.587608616666667,,,,,,,,20,,2,0
nwfsc_pacific_hake_survey,D20210731T051733_IFCB117,2021-07-31 05:17:33+00:00,117,4.745268754166667,,,,,,,,16,,2,0
nwfsc_pacific_hake_survey,D20210731T054115_IFCB117,2021-07-31 05:41:15+00:00,117,4.970611183333333,,,,,,,,17,,2,0
nwfsc_pacific_hake_survey,D20210731T060457_IFCB117,2021-07-31 06:04:57+00:00,117,4.1321186625,,,,,,,,45,,2,0
nwfsc_pacific_hake_survey,D20210731T062839_IFCB117,2021-07-31 06:28:39+00:00,117,4.413203241666666,,,,,,,,17,,2,0
nwfsc_pacific_hake_survey,D20210731T065221_IFCB117,2021-07-31 06:52:21+00:00,117,4.76839955,,,,,,,,50,,2,0
nwfsc_pacific_hake_survey,D20210731T071604_IFCB117,2021-07-31 07:16:04+00:00,117,4.738026112499999,,,,,,,,196,,2,0
nwfsc_pacific_hake_survey,D20210731T073946_IFCB117,2021-07-31 07:39:46+00:00,117,4.811080095833333,,,,,,,,201,,2,0
nwfsc_pacific_hake_survey,D20210731T080327_IFCB117,2021-07-31 08:03:27+00:00,117,4.839663104166666,,,,,,,,191,,2,0
nwfsc_pacific_hake_survey,D20210731T082709_IFCB117,2021-07-31 08:27:09+00:00,117,4.7235889375,,,,,,,,284,,2,0
nwfsc_pacific_hake_survey,D20210731T085050_IFCB117,2021-07-31 08:50:50+00:00,117,4.787163854166666,,,,,,,,217,,2,0
nwfsc_pacific_hake_survey,D20210731T091432_IFCB117,2021-07-31 09:14:32+00:00,117,4.807588408333333,,,,,,,,233,,2,0
nwfsc_pacific_hake_survey,D20210731T093814_IFCB117,2021-07-31 09:38:14+00:00,117,4.762887804166667,,,,,,,,127,,2,0
nwfsc_pacific_hake_survey,D20210731T100156_IFCB117,2021-07-31 10:01:56+00:00,117,4.882528475,,,,,,,,136,,2,0
nwfsc_pacific_hake_survey,D20210731T102538_IFCB117,2021-07-31 10:25:38+00:00,117,4.8963276125,,,,,,,,95,,2,0
nwfsc_pacific_hake_survey,D20210731T104920_IFCB117,2021-07-31 10:49:20+00:00,117,4.172102654166666,,,,,,,,1154,,2,0
nwfsc_pacific_hake_survey,D20210731T111301_IFCB117,2021-07-31 11:13:01+00:00,117,3.84112565,,,,,,,,1632,,2,0
nwfsc_pacific_hake_survey,D20210731T113643_IFCB117,2021-07-31 11:36:43+00:00,117,4.326674995833333,,,,,,,,933,,2,0
nwfsc_pacific_hake_survey,D20210731T120025_IFCB117,2021-07-31 12:00:25+00:00,117,3.613081029166667,,,,,,,,1975,,2,0
nwfsc_pacific_hake_survey,D20210731T122408_IFCB117,2021-07-31 12:24:08+00:00,117,3.329985820833333,,,,,,,,2348,,2,0
nwfsc_pacific_hake_survey,D20210731T124750_IFCB117,2021-07-31 12:47:50+00:00,117,3.5938135250000003,,,,,,,,2003,,2,0
nwfsc_pacific_hake_survey,D20210731T131132_IFCB117,2021-07-31 13:11:32+00:00,117,2.9897931875,,,,,,,,2836,,2,0
nwfsc_pacific_hake_survey,D20210731T133515_IFCB117,2021-07-31 13:35:15+00:00,117,3.6682855333333335,,,,,,,,1885,,2,0
nwfsc_pacific_hake_survey,D20210731T135857_IFCB117,2021-07-31 13:58:57+00:00,117,4.3928213000000005,,,,,,,,847,,2,0
nwfsc_pacific_hake_survey,D20210731T142240_IFCB117,2021-07-31 14:22:40+00:00,117,4.828949245833333,,,,,,,,216,,2,0
nwfsc_pacific_hake_survey,D20210731T144622_IFCB117,2021-07-31 14:46:22+00:00,117,4.851505291666667,,,,,,,,180,,2,0
nwfsc_pacific_hake_survey,D20210731T151005_IFCB117,2021-07-31 15:10:05+00:00,117,4.873931333333333,,,,,,,,199,,2,0
nwfsc_pacific_hake_survey,D20210731T153347_IFCB117,2021-07-31 15:33:47+00:00,117,4.895403520833333,,,,,,,,112,,2,0
nwfsc_pacific_hake_survey,D20210731T162334_IFCB117,2021-07-31 16:23:34+00:00,117,4.949215975,,,,,,,,68,,2,0
nwfsc_pacific_hake_survey,D20210731T164717_IFCB117,2021-07-31 16:47:17+00:00,117,4.9019974375,,,,,,,,118,,2,0
nwfsc_pacific_hake_survey,D20210731T171059_IFCB117,2021-07-31 17:10:59+00:00,117,4.861667370833333,,,,,,,,140,,2,0
nwfsc_pacific_hake_survey,D20210731T173440_IFCB117,2021-07-31 17:34:40+00:00,117,4.8878741833333335,,,,,,,,121,,2,0
nwfsc_pacific_hake_survey,D20210731T175823_IFCB117,2021-07-31 17:58:23+00:00,117,4.775260329166667,,,,,,,,101,,2,0
nwfsc_pacific_hake_survey,D20210731T182205_IFCB117,2021-07-31 18:22:05+00:00,117,4.8189159875000005,,,,,,,,281,,2,0
nwfsc_pacific_hake_survey,D20210731T184547_IFCB117,2021-07-31 18:45:47+00:00,117,4.831345170833334,,,,,,,,161,,2,0
nwfsc_pacific_hake_survey,D20210731T190929_IFCB117,2021-07-31 19:09:29+00:00,117,4.796430583333333,,,,,,,,55,,2,0
nwfsc_pacific_hake_survey,D20210731T193311_IFCB117,2021-07-31 19:33:11+00:00,117,4.940293770833334,,,,,,,,39,,2,0
nwfsc_pacific_hake_survey,D20210731T195654_IFCB117,2021-07-31 19:56:54+00:00,117,4.961532545833334,,,,,,,,37,,2,0
nwfsc_pacific_hake_survey,D20210731T202036_IFCB117,2021-07-31 20:20:36+00:00,117,4.910601554166666,,,,,,,,31,,2,0
nwfsc_pacific_hake_survey,D20210731T204418_IFCB117,2021-07-31 20:44:18+00:00,117,4.6535272291666665,,,,,,,,18,,2,0
nwfsc_pacific_hake_survey,D20210731T210800_IFCB117,2021-07-31 21:08:00+00:00,117,4.7305281375,,,,,,,,27,,2,0
nwfsc_pacific_hake_survey,D20210731T213143_IFCB117,2021-07-31 21:31:43+00:00,117,4.906979775,,,,,,,,9,,2,0
nwfsc_pacific_hake_survey,D20210731T215525_IFCB117,2021-07-31 21:55:25+00:00,117,4.7883406125,,,,,,,,12,,2,0
nwfsc_pacific_hake_survey,D20210731T221907_IFCB117,2021-07-31 22:19:07+00:00,117,4.777702845833334,,,,,,,,18,,2,0
nwfsc_pacific_hake_survey,D20210731T224250_IFCB117,2021-07-31 22:42:50+00:00,117,4.633245479166667,,,,,,,,15,,2,0
nwfsc_pacific_hake_survey,D20210731T230632_IFCB117,2021-07-31 23:06:32+00:00,117,4.9030215375,,,,,,,,78,,2,0
nwfsc_pacific_hake_survey,D20210731T233014_IFCB117,2021-07-31 23:30:14+00:00,117,4.7924094875,,,,,,,,167,,2,0
nwfsc_pacific_hake_survey,D20210731T235357_IFCB117,2021-07-31 23:53:57+00:00,117,4.873274591666667,,,,,,,,65,,2,0
nwfsc_pacific_hake_survey,D20210801T001740_IFCB117,2021-08-01 00:17:40+00:00,117,4.803261075,,,,,,,,230,,2,0
nwfsc_pacific_hake_survey,D20210801T004122_IFCB117,2021-08-01 00:41:22+00:00,117,4.8795588375,,,,,,,,157,,2,0
nwfsc_pacific_hake_survey,D20210801T010502_IFCB117,2021-08-01 01:05:02+00:00,117,4.78404195,,,,,,,,124,,2,0
nwfsc_pacific_hake_survey,D20210801T012844_IFCB117,2021-08-01 01:28:44+00:00,117,4.8799232791666665,,,,,,,,74,,2,0
nwfsc_pacific_hake_survey,D20210801T015225_IFCB117,2021-08-01 01:52:25+00:00,117,4.0044750916666665,,,,,,,,1405,,2,0
nwfsc_pacific_hake_survey,D20210801T021608_IFCB117,2021-08-01 02:16:08+00:00,117,3.6034446874999997,,,,,,,,1978,,2,0
nwfsc_pacific_hake_survey,D20210801T023950_IFCB117,2021-08-01 02:39:50+00:00,117,3.5488065666666673,,,,,,,,2069,,2,0
nwfsc_pacific_hake_survey,D20210801T030332_IFCB117,2021-08-01 03:03:32+00:00,117,3.6048824166666664,,,,,,,,2002,,2,0
nwfsc_pacific_hake_survey,D20210801T032714_IFCB117,2021-08-01 03:27:14+00:00,117,3.786059875,,,,,,,,1740,,2,0
nwfsc_pacific_hake_survey,D20210801T035055_IFCB117,2021-08-01 03:50:55+00:00,117,4.201469408333333,,,,,,,,1121,,2,0
nwfsc_pacific_hake_survey,D20210801T041436_IFCB117,2021-08-01 04:14:36+00:00,117,4.305990379166667,,,,,,,,934,,2,0
nwfsc_pacific_hake_survey,D20210801T043818_IFCB117,2021-08-01 04:38:18+00:00,117,4.718666529166668,,,,,,,,303,,2,0
nwfsc_pacific_hake_survey,D20210801T050201_IFCB117,2021-08-01 05:02:01+00:00,117,4.767278391666666,,,,,,,,217,,2,0
nwfsc_pacific_hake_survey,D20210801T052543_IFCB117,2021-08-01 05:25:43+00:00,117,4.439000091666667,,,,,,,,623,,2,0
nwfsc_pacific_hake_survey,D20210801T054925_IFCB117,2021-08-01 05:49:25+00:00,117,4.449941958333333,,,,,,,,757,,2,0
nwfsc_pacific_hake_survey,D20210801T061307_IFCB117,2021-08-01 06:13:07+00:00,117,4.819672608333334,,,,,,,,234,,2,0
nwfsc_pacific_hake_survey,D20210801T063650_IFCB117,2021-08-01 06:36:50+00:00,117,4.743277054166667,,,,,,,,299,,2,0
nwfsc_pacific_hake_survey,D20210801T070032_IFCB117,2021-08-01 07:00:32+00:00,117,4.7993150125,,,,,,,,240,,2,0
nwfsc_pacific_hake_survey,D20210801T072414_IFCB117,2021-08-01 07:24:14+00:00,117,4.752230441666667,,,,,,,,319,,2,0
nwfsc_pacific_hake_survey,D20210801T074756_IFCB117,2021-08-01 07:47:56+00:00,117,4.756899154166667,,,,,,,,331,,2,0
nwfsc_pacific_hake_survey,D20210801T083718_IFCB117,2021-08-01 08:37:18+00:00,117,4.8028847374999994,,,,,,,,92,,2,0
nwfsc_pacific_hake_survey,D20210801T090100_IFCB117,2021-08-01 09:01:00+00:00,117,4.8836185875,,,,,,,,89,,2,0
nwfsc_pacific_hake_survey,D20210801T092442_IFCB117,2021-08-01 09:24:42+00:00,117,4.8454047375,,,,,,,,113,,2,0
nwfsc_pacific_hake_survey,D20210801T094825_IFCB117,2021-08-01 09:48:25+00:00,117,4.847858654166667,,,,,,,,108,,2,0
nwfsc_pacific_hake_survey,D20210801T101207_IFCB117,2021-08-01 10:12:07+00:00,117,4.881133108333333,,,,,,,,158,,2,0
nwfsc_pacific_hake_survey,D20210801T103549_IFCB117,2021-08-01 10:35:49+00:00,117,4.803923266666667,,,,,,,,249,,2,0
nwfsc_pacific_hake_survey,D20210801T105932_IFCB117,2021-08-01 10:59:32+00:00,117,4.687008641666666,,,,,,,,390,,2,0
nwfsc_pacific_hake_survey,D20210801T112314_IFCB117,2021-08-01 11:23:14+00:00,117,4.802239104166666,,,,,,,,233,,2,0
nwfsc_pacific_hake_survey,D20210801T114656_IFCB117,2021-08-01 11:46:56+00:00,117,4.205150508333334,,,,,,,,1094,,2,0
nwfsc_pacific_hake_survey,D20210801T121037_IFCB117,2021-08-01 12:10:37+00:00,117,3.58592695,,,,,,,,1980,,2,0
nwfsc_pacific_hake_survey,D20210801T123420_IFCB117,2021-08-01 12:34:20+00:00,117,4.220524558333333,,,,,,,,1073,,2,0
nwfsc_pacific_hake_survey,D20210801T125802_IFCB117,2021-08-01 12:58:02+00:00,117,4.292330058333333,,,,,,,,956,,2,0
nwfsc_pacific_hake_survey,D20210801T132144_IFCB117,2021-08-01 13:21:44+00:00,117,3.9658588416666665,,,,,,,,1443,,2,0
nwfsc_pacific_hake_survey,D20210801T134526_IFCB117,2021-08-01 13:45:26+00:00,117,4.236002841666666,,,,,,,,1016,,2,0
nwfsc_pacific_hake_survey,D20210801T140908_IFCB117,2021-08-01 14:09:08+00:00,117,4.226726120833333,,,,,,,,1054,,2,0
nwfsc_pacific_hake_survey,D20210801T143252_IFCB117,2021-08-01 14:32:52+00:00,117,3.8804536791666675,,,,,,,,1552,,2,0
nwfsc_pacific_hake_survey,D20210801T145635_IFCB117,2021-08-01 14:56:35+00:00,117,4.642353325,,,,,,,,491,,2,0
nwfsc_pacific_hake_survey,D20210801T152017_IFCB117,2021-08-01 15:20:17+00:00,117,4.800029983333333,,,,,,,,268,,2,0
nwfsc_pacific_hake_survey,D20210801T154357_IFCB117,2021-08-01 15:43:57+00:00,117,4.821671712500001,,,,,,,,232,,2,0
nwfsc_pacific_hake_survey,D20210801T160739_IFCB117,2021-08-01 16:07:39+00:00,117,4.739501112499999,,,,,,,,334,,2,0
nwfsc_pacific_hake_survey,D20210801T163121_IFCB117,2021-08-01 16:31:21+00:00,117,4.809259066666667,,,,,,,,169,,2,0
nwfsc_pacific_hake_survey,D20210801T165502_IFCB117,2021-08-01 16:55:02+00:00,117,4.871455783333333,,,,,,,,170,,2,0
nwfsc_pacific_hake_survey,D20210801T171844_IFCB117,2021-08-01 17:18:44+00:00,117,4.742218633333334,,,,,,,,240,,2,0
nwfsc_pacific_hake_survey,D20210801T174226_IFCB117,2021-08-01 17:42:26+00:00,117,4.7597148083333325,,,,,,,,200,,2,0
nwfsc_pacific_hake_survey,D20210801T180607_IFCB117,2021-08-01 18:06:07+00:00,117,4.831469004166666,,,,,,,,208,,2,0
nwfsc_pacific_hake_survey,D20210801T182949_IFCB117,2021-08-01 18:29:49+00:00,117,4.896386666666667,,,,,,,,93,,2,0
nwfsc_pacific_hake_survey,D20210801T185331_IFCB117,2021-08-01 18:53:31+00:00,117,4.8735270625,,,,,,,,124,,2,0
nwfsc_pacific_hake_survey,D20210801T191713_IFCB117,2021-08-01 19:17:13+00:00,117,4.884670916666667,,,,,,,,108,,2,0
nwfsc_pacific_hake_survey,D20210801T194055_IFCB117,2021-08-01 19:40:55+00:00,117,4.794378216666667,,,,,,,,251,,2,0
nwfsc_pacific_hake_survey,D20210801T200437_IFCB117,2021-08-01 20:04:37+00:00,117,4.823431441666667,,,,,,,,217,,2,0
nwfsc_pacific_hake_survey,D20210801T202818_IFCB117,2021-08-01 20:28:18+00:00,117,4.853111529166667,,,,,,,,159,,2,0
nwfsc_pacific_hake_survey,D20210801T205201_IFCB117,2021-08-01 20:52:01+00:00,117,4.826284470833333,,,,,,,,159,,2,0
nwfsc_pacific_hake_survey,D20210801T211543_IFCB117,2021-08-01 21:15:43+00:00,117,4.796630070833333,,,,,,,,225,,2,0
nwfsc_pacific_hake_survey,D20210801T213925_IFCB117,2021-08-01 21:39:25+00:00,117,4.813601420833333,,,,,,,,189,,2,0
nwfsc_pacific_hake_survey,D20210801T220307_IFCB117,2021-08-01 22:03:07+00:00,117,4.764725204166666,,,,,,,,109,,2,0
nwfsc_pacific_hake_survey,D20210801T222650_IFCB117,2021-08-01 22:26:50+00:00,117,4.720454849999999,,,,,,,,70,,2,0
nwfsc_pacific_hake_survey,D20210801T225031_IFCB117,2021-08-01 22:50:31+00:00,117,4.789122024999999,,,,,,,,104,,2,0
nwfsc_pacific_hake_survey,D20210801T231413_IFCB117,2021-08-01 23:14:13+00:00,117,4.9202701,,,,,,,,87,,2,0
nwfsc_pacific_hake_survey,D20210801T233755_IFCB117,2021-08-01 23:37:55+00:00,117,4.9096202625,,,,,,,,142,,2,0
nwfsc_pacific_hake_survey,D20210802T000137_IFCB117,2021-08-02 00:01:37+00:00,117,4.715335395833334,,,,,,,,189,,2,0
nwfsc_pacific_hake_survey,D20210802T005121_IFCB117,2021-08-02 00:51:21+00:00,117,4.882979483333333,,,,,,,,144,,2,0
nwfsc_pacific_hake_survey,D20210802T011503_IFCB117,2021-08-02 01:15:03+00:00,117,4.8725669583333335,,,,,,,,134,,2,0
nwfsc_pacific_hake_survey,D20210802T013845_IFCB117,2021-08-02 01:38:45+00:00,117,3.8842218791666663,,,,,,,,1588,,2,0
nwfsc_pacific_hake_survey,D20210802T020227_IFCB117,2021-08-02 02:02:27+00:00,117,4.464919054166667,,,,,,,,746,,2,0
nwfsc_pacific_hake_survey,D20210802T022608_IFCB117,2021-08-02 02:26:08+00:00,117,4.830712891666667,,,,,,,,185,,2,0
nwfsc_pacific_hake_survey,D20210802T024950_IFCB117,2021-08-02 02:49:50+00:00,117,4.812793358333334,,,,,,,,182,,2,0
nwfsc_pacific_hake_survey,D20210802T031332_IFCB117,2021-08-02 03:13:32+00:00,117,4.769322258333333,,,,,,,,235,,2,0
nwfsc_pacific_hake_survey,D20210802T033714_IFCB117,2021-08-02 03:37:14+00:00,117,4.7537184166666675,,,,,,,,206,,2,0
nwfsc_pacific_hake_survey,D20210802T040056_IFCB117,2021-08-02 04:00:56+00:00,117,4.862110041666667,,,,,,,,171,,2,0
nwfsc_pacific_hake_survey,D20210802T042438_IFCB117,2021-08-02 04:24:38+00:00,117,4.8512267,,,,,,,,201,,2,0
nwfsc_pacific_hake_survey,D20210802T044820_IFCB117,2021-08-02 04:48:20+00:00,117,4.852972125,,,,,,,,111,,2,0
nwfsc_pacific_hake_survey,D20210802T051201_IFCB117,2021-08-02 05:12:01+00:00,117,4.788335808333333,,,,,,,,78,,2,0
nwfsc_pacific_hake_survey,D20210802T053543_IFCB117,2021-08-02 05:35:43+00:00,117,4.5652911708333335,,,,,,,,75,,2,0
nwfsc_pacific_hake_survey,D20210802T055925_IFCB117,2021-08-02 05:59:25+00:00,117,3.9924021083333328,,,,,,,,1394,,2,0
nwfsc_pacific_hake_survey,D20210802T062307_IFCB117,2021-08-02 06:23:07+00:00,117,4.7982803375,,,,,,,,240,,2,0
nwfsc_pacific_hake_survey,D20210802T064649_IFCB117,2021-08-02 06:46:49+00:00,117,4.756056804166667,,,,,,,,88,,2,0
nwfsc_pacific_hake_survey,D20210802T071031_IFCB117,2021-08-02 07:10:31+00:00,117,4.886387016666666,,,,,,,,142,,2,0
nwfsc_pacific_hake_survey,D20210802T073413_IFCB117,2021-08-02 07:34:13+00:00,117,4.8985754833333335,,,,,,,,77,,2,0
nwfsc_pacific_hake_survey,D20210802T075756_IFCB117,2021-08-02 07:57:56+00:00,117,4.8541114625,,,,,,,,90,,2,0
nwfsc_pacific_hake_survey,D20210802T082138_IFCB117,2021-08-02 08:21:38+00:00,117,4.720540775000001,,,,,,,,236,,2,0
nwfsc_pacific_hake_survey,D20210802T084520_IFCB117,2021-08-02 08:45:20+00:00,117,4.8565973375,,,,,,,,176,,2,0
nwfsc_pacific_hake_survey,D20210802T090902_IFCB117,2021-08-02 09:09:02+00:00,117,4.7753943875000004,,,,,,,,271,,2,0
nwfsc_pacific_hake_survey,D20210802T093244_IFCB117,2021-08-02 09:32:44+00:00,117,4.878091291666666,,,,,,,,151,,2,0
nwfsc_pacific_hake_survey,D20210802T095626_IFCB117,2021-08-02 09:56:26+00:00,117,4.814371029166667,,,,,,,,168,,2,0
nwfsc_pacific_hake_survey,D20210802T102009_IFCB117,2021-08-02 10:20:09+00:00,117,4.778719391666667,,,,,,,,200,,2,0
nwfsc_pacific_hake_survey,D20210802T104351_IFCB117,2021-08-02 10:43:51+00:00,117,4.766312904166667,,,,,,,,142,,2,0
nwfsc_pacific_hake_survey,D20210802T110733_IFCB117,2021-08-02 11:07:33+00:00,117,4.8918500125,,,,,,,,139,,2,0
nwfsc_pacific_hake_survey,D20210802T113115_IFCB117,2021-08-02 11:31:15+00:00,117,4.769336445833333,,,,,,,,166,,2,0
nwfsc_pacific_hake_survey,D20210802T115458_IFCB117,2021-08-02 11:54:58+00:00,117,4.8052506,,,,,,,,213,,2,0
nwfsc_pacific_hake_survey,D20210802T121839_IFCB117,2021-08-02 12:18:39+00:00,117,4.833707899999999,,,,,,,,178,,2,0
nwfsc_pacific_hake_survey,D20210802T124222_IFCB117,2021-08-02 12:42:22+00:00,117,4.72778785,,,,,,,,117,,2,0
nwfsc_pacific_hake_survey,D20210802T130604_IFCB117,2021-08-02 13:06:04+00:00,117,4.787581454166667,,,,,,,,100,,2,0
nwfsc_pacific_hake_survey,D20210802T132946_IFCB117,2021-08-02 13:29:46+00:00,117,4.869335720833333,,,,,,,,124,,2,0
nwfsc_pacific_hake_survey,D20210802T135328_IFCB117,2021-08-02 13:53:28+00:00,117,4.895161875,,,,,,,,110,,2,0
nwfsc_pacific_hake_survey,D20210802T141710_IFCB117,2021-08-02 14:17:10+00:00,117,4.832700166666667,,,,,,,,147,,2,0
nwfsc_pacific_hake_survey,D20210802T144053_IFCB117,2021-08-02 14:40:53+00:00,117,4.8737929666666675,,,,,,,,110,,2,0
nwfsc_pacific_hake_survey,D20210802T150433_IFCB117,2021-08-02 15:04:33+00:00,117,4.817041154166668,,,,,,,,144,,2,0
nwfsc_pacific_hake_survey,D20210802T152816_IFCB117,2021-08-02 15:28:16+00:00,117,4.8727118166666665,,,,,,,,74,,2,0
nwfsc_pacific_hake_survey,D20210802T155158_IFCB117,2021-08-02 15:51:58+00:00,117,4.872976391666667,,,,,,,,93,,2,0
nwfsc_pacific_hake_survey,D20210802T161540_IFCB117,2021-08-02 16:15:40+00:00,117,4.8459552666666665,,,,,,,,119,,2,0
nwfsc_pacific_hake_survey,D20210802T170502_IFCB117,2021-08-02 17:05:02+00:00,117,4.8280996375,,,,,,,,65,,2,0
nwfsc_pacific_hake_survey,D20210802T172844_IFCB117,2021-08-02 17:28:44+00:00,117,4.742716941666666,,,,,,,,61,,2,0
nwfsc_pacific_hake_survey,D20210802T175226_IFCB117,2021-08-02 17:52:26+00:00,117,4.880116041666667,,,,,,,,109,,2,0
nwfsc_pacific_hake_survey,D20210802T181608_IFCB117,2021-08-02 18:16:08+00:00,117,4.8741494875,,,,,,,,119,,2,0
nwfsc_pacific_hake_survey,D20210802T183950_IFCB117,2021-08-02 18:39:50+00:00,117,4.938226266666667,,,,,,,,58,,2,0
nwfsc_pacific_hake_survey,D20210802T190332_IFCB117,2021-08-02 19:03:32+00:00,117,4.912042008333333,,,,,,,,94,,2,0
nwfsc_pacific_hake_survey,D20210802T192714_IFCB117,2021-08-02 19:27:14+00:00,117,4.9158454166666665,,,,,,,,61,,2,0
nwfsc_pacific_hake_survey,D20210802T195057_IFCB117,2021-08-02 19:50:57+00:00,117,4.8626805375,,,,,,,,83,,2,0
nwfsc_pacific_hake_survey,D20210802T201439_IFCB117,2021-08-02 20:14:39+00:00,117,4.866710729166667,,,,,,,,39,,2,0
nwfsc_pacific_hake_survey,D20210802T203821_IFCB117,2021-08-02 20:38:21+00:00,117,4.849017125,,,,,,,,76,,2,0
nwfsc_pacific_hake_survey,D20210802T210201_IFCB117,2021-08-02 21:02:01+00:00,117,4.768360937500001,,,,,,,,81,,2,0
nwfsc_pacific_hake_survey,D20210802T212544_IFCB117,2021-08-02 21:25:44+00:00,117,4.8345494166666665,,,,,,,,149,,2,0
nwfsc_pacific_hake_survey,D20210802T214926_IFCB117,2021-08-02 21:49:26+00:00,117,4.916481283333334,,,,,,,,120,,2,0
nwfsc_pacific_hake_survey,D20210802T221309_IFCB117,2021-08-02 22:13:09+00:00,117,4.899723254166667,,,,,,,,74,,2,0
nwfsc_pacific_hake_survey,D20210802T223649_IFCB117,2021-08-02 22:36:49+00:00,117,4.896393120833333,,,,,,,,136,,2,0
nwfsc_pacific_hake_survey,D20210802T230032_IFCB117,2021-08-02 23:00:32+00:00,117,4.592158662499999,,,,,,,,61,,2,0
nwfsc_pacific_hake_survey,D20210802T232414_IFCB117,2021-08-02 23:24:14+00:00,117,4.599633925000001,,,,,,,,72,,2,0
nwfsc_pacific_hake_survey,D20210802T234756_IFCB117,2021-08-02 23:47:56+00:00,117,4.851576620833333,,,,,,,,236,,2,0
nwfsc_pacific_hake_survey,D20210803T001141_IFCB117,2021-08-03 00:11:41+00:00,117,4.860777029166667,,,,,,,,149,,2,0
nwfsc_pacific_hake_survey,D20210803T003524_IFCB117,2021-08-03 00:35:24+00:00,117,4.882138733333333,,,,,,,,172,,2,0
nwfsc_pacific_hake_survey,D20210803T005906_IFCB117,2021-08-03 00:59:06+00:00,117,4.75705815,,,,,,,,200,,2,0
nwfsc_pacific_hake_survey,D20210803T012248_IFCB117,2021-08-03 01:22:48+00:00,117,4.80924915,,,,,,,,235,,2,0
nwfsc_pacific_hake_survey,D20210803T014631_IFCB117,2021-08-03 01:46:31+00:00,117,4.875443929166666,,,,,,,,186,,2,0
nwfsc_pacific_hake_survey,D20210803T021013_IFCB117,2021-08-03 02:10:13+00:00,117,4.879945820833333,,,,,,,,190,,2,0
nwfsc_pacific_hake_survey,D20210803T023356_IFCB117,2021-08-03 02:33:56+00:00,117,4.736116258333333,,,,,,,,242,,2,0
nwfsc_pacific_hake_survey,D20210803T025739_IFCB117,2021-08-03 02:57:39+00:00,117,4.866953533333334,,,,,,,,202,,2,0
nwfsc_pacific_hake_survey,D20210803T032121_IFCB117,2021-08-03 03:21:21+00:00,117,4.812921458333333,,,,,,,,293,,2,0
nwfsc_pacific_hake_survey,D20210803T034505_IFCB117,2021-08-03 03:45:05+00:00,117,4.605253554166667,,,,,,,,607,,2,0
nwfsc_pacific_hake_survey,D20210803T040848_IFCB117,2021-08-03 04:08:48+00:00,117,4.824671704166666,,,,,,,,202,,2,0
nwfsc_pacific_hake_survey,D20210803T043229_IFCB117,2021-08-03 04:32:29+00:00,117,4.829774758333333,,,,,,,,213,,2,0
nwfsc_pacific_hake_survey,D20210803T045610_IFCB117,2021-08-03 04:56:10+00:00,117,4.715707229166667,,,,,,,,284,,2,0
nwfsc_pacific_hake_survey,D20210803T051955_IFCB117,2021-08-03 05:19:55+00:00,117,4.420349345833333,,,,,,,,805,,2,0
nwfsc_pacific_hake_survey,D20210803T054337_IFCB117,2021-08-03 05:43:37+00:00,117,4.466197004166665,,,,,,,,739,,2,0
nwfsc_pacific_hake_survey,D20210803T060719_IFCB117,2021-08-03 06:07:19+00:00,117,4.275076445833333,,,,,,,,991,,2,0
nwfsc_pacific_hake_survey,D20210803T063101_IFCB117,2021-08-03 06:31:01+00:00,117,4.0230638291666665,,,,,,,,1326,,2,0
nwfsc_pacific_hake_survey,D20210803T065443_IFCB117,2021-08-03 06:54:43+00:00,117,3.8467027625000005,,,,,,,,1585,,2,0
nwfsc_pacific_hake_survey,D20210803T071825_IFCB117,2021-08-03 07:18:25+00:00,117,3.7971827333333334,,,,,,,,1666,,2,0
nwfsc_pacific_hake_survey,D20210803T074207_IFCB117,2021-08-03 07:42:07+00:00,117,4.657881320833334,,,,,,,,449,,2,0
nwfsc_pacific_hake_survey,D20210803T080549_IFCB117,2021-08-03 08:05:49+00:00,117,4.640925970833333,,,,,,,,490,,2,0
nwfsc_pacific_hake_survey,D20210803T082929_IFCB117,2021-08-03 08:29:29+00:00,117,4.712271129166667,,,,,,,,367,,2,0
nwfsc_pacific_hake_survey,D20210803T091853_IFCB117,2021-08-03 09:18:53+00:00,117,4.495367170833334,,,,,,,,680,,2,0
nwfsc_pacific_hake_survey,D20210803T094235_IFCB117,2021-08-03 09:42:35+00:00,117,4.223009458333333,,,,,,,,1080,,2,0
nwfsc_pacific_hake_survey,D20210803T100617_IFCB117,2021-08-03 10:06:17+00:00,117,4.372007408333333,,,,,,,,881,,2,0
nwfsc_pacific_hake_survey,D20210803T102959_IFCB117,2021-08-03 10:29:59+00:00,117,4.581591983333333,,,,,,,,530,,2,0
nwfsc_pacific_hake_survey,D20210803T105341_IFCB117,2021-08-03 10:53:41+00:00,117,4.8421111083333335,,,,,,,,173,,2,0
nwfsc_pacific_hake_survey,D20210803T111722_IFCB117,2021-08-03 11:17:22+00:00,117,4.7934741291666665,,,,,,,,146,,2,0
nwfsc_pacific_hake_survey,D20210803T114104_IFCB117,2021-08-03 11:41:04+00:00,117,4.877020208333334,,,,,,,,116,,2,0
nwfsc_pacific_hake_survey,D20210803T120445_IFCB117,2021-08-03 12:04:45+00:00,117,4.164059587500001,,,,,,,,1132,,2,0
nwfsc_pacific_hake_survey,D20210803T122827_IFCB117,2021-08-03 12:28:27+00:00,117,4.168029104166667,,,,,,,,1171,,2,0
nwfsc_pacific_hake_survey,D20210803T125209_IFCB117,2021-08-03 12:52:09+00:00,117,3.8764074250000005,,,,,,,,1583,,2,0
nwfsc_pacific_hake_survey,D20210803T131551_IFCB117,2021-08-03 13:15:51+00:00,117,4.110605233333334,,,,,,,,1237,,2,0
nwfsc_pacific_hake_survey,D20210803T133934_IFCB117,2021-08-03 13:39:34+00:00,117,4.153752341666666,,,,,,,,1172,,2,0
nwfsc_pacific_hake_survey,D20210803T140318_IFCB117,2021-08-03 14:03:18+00:00,117,4.848176370833333,,,,,,,,197,,2,0
nwfsc_pacific_hake_survey,D20210803T142700_IFCB117,2021-08-03 14:27:00+00:00,117,4.6546136916666665,,,,,,,,477,,2,0
nwfsc_pacific_hake_survey,D20210803T145042_IFCB117,2021-08-03 14:50:42+00:00,117,4.662525445833334,,,,,,,,454,,2,0
nwfsc_pacific_hake_survey,D20210803T151424_IFCB117,2021-08-03 15:14:24+00:00,117,4.897030333333333,,,,,,,,114,,2,0
nwfsc_pacific_hake_survey,D20210803T153806_IFCB117,2021-08-03 15:38:06+00:00,117,4.6595251583333335,,,,,,,,114,,2,0
nwfsc_pacific_hake_survey,D20210803T160148_IFCB117,2021-08-03 16:01:48+00:00,117,4.791110958333333,,,,,,,,116,,2,0
nwfsc_pacific_hake_survey,D20210803T162529_IFCB117,2021-08-03 16:25:29+00:00,117,4.748134033333333,,,,,,,,117,,2,0
nwfsc_pacific_hake_survey,D20210803T164911_IFCB117,2021-08-03 16:49:11+00:00,117,4.9242637333333334,,,,,,,,81,,2,0
nwfsc_pacific_hake_survey,D20210803T171253_IFCB117,2021-08-03 17:12:53+00:00,117,4.862272795833333,,,,,,,,59,,2,0
nwfsc_pacific_hake_survey,D20210803T173635_IFCB117,2021-08-03 17:36:35+00:00,117,4.9148555875,,,,,,,,56,,2,0
nwfsc_pacific_hake_survey,D20210803T180017_IFCB117,2021-08-03 18:00:17+00:00,117,4.655203125,,,,,,,,452,,2,0
nwfsc_pacific_hake_survey,D20210803T182358_IFCB117,2021-08-03 18:23:58+00:00,117,4.6338299874999995,,,,,,,,487,,2,0
nwfsc_pacific_hake_survey,D20210803T184741_IFCB117,2021-08-03 18:47:41+00:00,117,4.794680158333334,,,,,,,,254,,2,0
nwfsc_pacific_hake_survey,D20210803T191123_IFCB117,2021-08-03 19:11:23+00:00,117,4.8726438833333345,,,,,,,,125,,2,0
nwfsc_pacific_hake_survey,D20210803T193505_IFCB117,2021-08-03 19:35:05+00:00,117,4.9018936166666665,,,,,,,,83,,2,0
nwfsc_pacific_hake_survey,D20210803T195847_IFCB117,2021-08-03 19:58:47+00:00,117,4.802332529166667,,,,,,,,121,,2,0
nwfsc_pacific_hake_survey,D20210803T202229_IFCB117,2021-08-03 20:22:29+00:00,117,4.814970325,,,,,,,,197,,2,0
nwfsc_pacific_hake_survey,D20210803T204611_IFCB117,2021-08-03 20:46:11+00:00,117,4.496236320833333,,,,,,,,679,,2,0
nwfsc_pacific_hake_survey,D20210803T210952_IFCB117,2021-08-03 21:09:52+00:00,117,4.538901204166667,,,,,,,,610,,2,0
nwfsc_pacific_hake_survey,D20210803T213334_IFCB117,2021-08-03 21:33:34+00:00,117,4.5830677375,,,,,,,,660,,2,0
nwfsc_pacific_hake_survey,D20210803T215717_IFCB117,2021-08-03 21:57:17+00:00,117,4.417003454166666,,,,,,,,1026,,2,0
nwfsc_pacific_hake_survey,D20210803T222059_IFCB117,2021-08-03 22:20:59+00:00,117,4.445956291666667,,,,,,,,981,,2,0
nwfsc_pacific_hake_survey,D20210803T224442_IFCB117,2021-08-03 22:44:42+00:00,117,4.247717070833334,,,,,,,,1061,,2,0
nwfsc_pacific_hake_survey,D20210803T230824_IFCB117,2021-08-03 23:08:24+00:00,117,4.358241941666667,,,,,,,,902,,2,0
nwfsc_pacific_hake_survey,D20210803T233206_IFCB117,2021-08-03 23:32:06+00:00,117,4.373819020833333,,,,,,,,827,,2,0
nwfsc_pacific_hake_survey,D20210803T235548_IFCB117,2021-08-03 23:55:48+00:00,117,4.213563875,,,,,,,,1103,,2,0
nwfsc_pacific_hake_survey,D20210804T001930_IFCB117,2021-08-04 00:19:30+00:00,117,4.4045132375,,,,,,,,826,,2,0
nwfsc_pacific_hake_survey,D20210804T004312_IFCB117,2021-08-04 00:43:12+00:00,117,4.426133679166667,,,,,,,,759,,2,0
nwfsc_pacific_hake_survey,D20210804T013232_IFCB117,2021-08-04 01:32:32+00:00,117,4.7126173125,,,,,,,,299,,2,0
nwfsc_pacific_hake_survey,D20210804T015614_IFCB117,2021-08-04 01:56:14+00:00,117,4.4321877875,,,,,,,,786,,2,0
nwfsc_pacific_hake_survey,D20210804T021955_IFCB117,2021-08-04 02:19:55+00:00,117,4.423682808333334,,,,,,,,801,,2,0
nwfsc_pacific_hake_survey,D20210804T024337_IFCB117,2021-08-04 02:43:37+00:00,117,4.667895987500001,,,,,,,,444,,2,0
nwfsc_pacific_hake_survey,D20210804T030718_IFCB117,2021-08-04 03:07:18+00:00,117,4.66668515,,,,,,,,437,,2,0
nwfsc_pacific_hake_survey,D20210804T033100_IFCB117,2021-08-04 03:31:00+00:00,117,4.7888115708333325,,,,,,,,193,,2,0
nwfsc_pacific_hake_survey,D20210804T035442_IFCB117,2021-08-04 03:54:42+00:00,117,4.786802391666667,,,,,,,,273,,2,0
nwfsc_pacific_hake_survey,D20210804T041825_IFCB117,2021-08-04 04:18:25+00:00,117,4.745485025,,,,,,,,310,,2,0
nwfsc_pacific_hake_survey,D20210804T044205_IFCB117,2021-08-04 04:42:05+00:00,117,4.826557029166667,,,,,,,,224,,2,0
nwfsc_pacific_hake_survey,D20210804T050547_IFCB117,2021-08-04 05:05:47+00:00,117,4.7450379125,,,,,,,,146,,2,0
nwfsc_pacific_hake_survey,D20210804T052930_IFCB117,2021-08-04 05:29:30+00:00,117,4.895963333333333,,,,,,,,113,,2,0
nwfsc_pacific_hake_survey,D20210804T055311_IFCB117,2021-08-04 05:53:11+00:00,117,4.75714605,,,,,,,,296,,2,0
nwfsc_pacific_hake_survey,D20210804T061653_IFCB117,2021-08-04 06:16:53+00:00,117,4.783995904166668,,,,,,,,271,,2,0
nwfsc_pacific_hake_survey,D20210804T064035_IFCB117,2021-08-04 06:40:35+00:00,117,4.722191925,,,,,,,,377,,2,0
nwfsc_pacific_hake_survey,D20210804T070417_IFCB117,2021-08-04 07:04:17+00:00,117,4.754244287500001,,,,,,,,338,,2,0
nwfsc_pacific_hake_survey,D20210804T072800_IFCB117,2021-08-04 07:28:00+00:00,117,4.758777404166667,,,,,,,,265,,2,0
nwfsc_pacific_hake_survey,D20210804T075142_IFCB117,2021-08-04 07:51:42+00:00,117,4.7690878125,,,,,,,,312,,2,0
nwfsc_pacific_hake_survey,D20210804T081524_IFCB117,2021-08-04 08:15:24+00:00,117,4.695119375000001,,,,,,,,407,,2,0
nwfsc_pacific_hake_survey,D20210804T083906_IFCB117,2021-08-04 08:39:06+00:00,117,4.8882089749999995,,,,,,,,99,,2,0
nwfsc_pacific_hake_survey,D20210804T090247_IFCB117,2021-08-04 09:02:47+00:00,117,4.921410958333333,,,,,,,,86,,2,0
nwfsc_pacific_hake_survey,D20210804T092630_IFCB117,2021-08-04 09:26:30+00:00,117,4.909440458333334,,,,,,,,62,,2,0
nwfsc_pacific_hake_survey,D20210804T095012_IFCB117,2021-08-04 09:50:12+00:00,117,4.921646166666666,,,,,,,,68,,2,0
nwfsc_pacific_hake_survey,D20210804T101355_IFCB117,2021-08-04 10:13:55+00:00,117,4.910861045833333,,,,,,,,61,,2,0
nwfsc_pacific_hake_survey,D20210804T103737_IFCB117,2021-08-04 10:37:37+00:00,117,4.876417258333333,,,,,,,,55,,2,0
nwfsc_pacific_hake_survey,D20210804T110117_IFCB117,2021-08-04 11:01:17+00:00,117,4.619256991666666,,,,,,,,35,,2,0
nwfsc_pacific_hake_survey,D20210804T112500_IFCB117,2021-08-04 11:25:00+00:00,117,4.881415250000001,,,,,,,,93,,2,0
nwfsc_pacific_hake_survey,D20210804T114842_IFCB117,2021-08-04 11:48:42+00:00,117,4.742949733333334,,,,,,,,340,,2,0
nwfsc_pacific_hake_survey,D20210804T121224_IFCB117,2021-08-04 12:12:24+00:00,117,4.732906675,,,,,,,,283,,2,0
nwfsc_pacific_hake_survey,D20210804T123607_IFCB117,2021-08-04 12:36:07+00:00,117,4.532107666666667,,,,,,,,624,,2,0
nwfsc_pacific_hake_survey,D20210804T125949_IFCB117,2021-08-04 12:59:49+00:00,117,4.433429129166666,,,,,,,,764,,2,0
nwfsc_pacific_hake_survey,D20210804T132331_IFCB117,2021-08-04 13:23:31+00:00,117,4.5198536875,,,,,,,,617,,2,0
nwfsc_pacific_hake_survey,D20210804T134712_IFCB117,2021-08-04 13:47:12+00:00,117,0.4173495708333333,,,,,,,,44,,2,0
nwfsc_pacific_hake_survey,D20210804T135512_IFCB117,2021-08-04 13:55:12+00:00,117,4.340177770833333,,,,,,,,885,,2,0
nwfsc_pacific_hake_survey,D20210804T141854_IFCB117,2021-08-04 14:18:54+00:00,117,4.913600641666666,,,,,,,,96,,2,0
nwfsc_pacific_hake_survey,D20210804T144236_IFCB117,2021-08-04 14:42:36+00:00,117,4.892463525,,,,,,,,44,,2,0
nwfsc_pacific_hake_survey,D20210804T150619_IFCB117,2021-08-04 15:06:19+00:00,117,4.8438204958333335,,,,,,,,55,,2,0
nwfsc_pacific_hake_survey,D20210804T153001_IFCB117,2021-08-04 15:30:01+00:00,117,4.916507995833332,,,,,,,,55,,2,0
nwfsc_pacific_hake_survey,D20210804T155343_IFCB117,2021-08-04 15:53:43+00:00,117,4.911763645833333,,,,,,,,55,,2,0
nwfsc_pacific_hake_survey,D20210804T161725_IFCB117,2021-08-04 16:17:25+00:00,117,4.6254116125,,,,,,,,63,,2,0
nwfsc_pacific_hake_survey,D20210804T164107_IFCB117,2021-08-04 16:41:07+00:00,117,4.584587583333333,,,,,,,,52,,2,0
nwfsc_pacific_hake_survey,D20210804T173031_IFCB117,2021-08-04 17:30:31+00:00,117,4.83836405,,,,,,,,83,,2,0
nwfsc_pacific_hake_survey,D20210804T175412_IFCB117,2021-08-04 17:54:12+00:00,117,4.785332545833334,,,,,,,,248,,2,0
nwfsc_pacific_hake_survey,D20210804T181754_IFCB117,2021-08-04 18:17:54+00:00,117,4.829650995833333,,,,,,,,215,,2,0
nwfsc_pacific_hake_survey,D20210804T184136_IFCB117,2021-08-04 18:41:36+00:00,117,4.673786945833333,,,,,,,,438,,2,0
nwfsc_pacific_hake_survey,D20210804T190519_IFCB117,2021-08-04 19:05:19+00:00,117,4.838510787500001,,,,,,,,196,,2,0
nwfsc_pacific_hake_survey,D20210804T192901_IFCB117,2021-08-04 19:29:01+00:00,117,4.836260308333333,,,,,,,,174,,2,0
nwfsc_pacific_hake_survey,D20210804T195243_IFCB117,2021-08-04 19:52:43+00:00,117,4.77211065,,,,,,,,92,,2,0
nwfsc_pacific_hake_survey,D20210804T201625_IFCB117,2021-08-04 20:16:25+00:00,117,4.5953554125,,,,,,,,73,,2,0
nwfsc_pacific_hake_survey,D20210804T204007_IFCB117,2021-08-04 20:40:07+00:00,117,4.769006808333333,,,,,,,,245,,2,0
nwfsc_pacific_hake_survey,D20210804T210350_IFCB117,2021-08-04 21:03:50+00:00,117,4.900228875,,,,,,,,82,,2,0
nwfsc_pacific_hake_survey,D20210804T212732_IFCB117,2021-08-04 21:27:32+00:00,117,4.781641945833333,,,,,,,,36,,2,0
nwfsc_pacific_hake_survey,D20210804T215113_IFCB117,2021-08-04 21:51:13+00:00,117,4.9005152375000005,,,,,,,,85,,2,0
nwfsc_pacific_hake_survey,D20210804T221456_IFCB117,2021-08-04 22:14:56+00:00,117,4.719882958333334,,,,,,,,57,,2,0
nwfsc_pacific_hake_survey,D20210804T223838_IFCB117,2021-08-04 22:38:38+00:00,117,4.823447908333333,,,,,,,,231,,2,0
nwfsc_pacific_hake_survey,D20210804T230219_IFCB117,2021-08-04 23:02:19+00:00,117,4.545691324999999,,,,,,,,764,,2,0
nwfsc_pacific_hake_survey,D20210804T232602_IFCB117,2021-08-04 23:26:02+00:00,117,4.893746537499999,,,,,,,,172,,2,0
nwfsc_pacific_hake_survey,D20210804T234944_IFCB117,2021-08-04 23:49:44+00:00,117,4.8483291,,,,,,,,165,,2,0
nwfsc_pacific_hake_survey,D20210805T001327_IFCB117,2021-08-05 00:13:27+00:00,117,4.74664605,,,,,,,,430,,2,0
nwfsc_pacific_hake_survey,D20210805T003708_IFCB117,2021-08-05 00:37:08+00:00,117,4.546665687499999,,,,,,,,763,,2,0
nwfsc_pacific_hake_survey,D20210805T010049_IFCB117,2021-08-05 01:00:49+00:00,117,4.432221908333333,,,,,,,,963,,2,0
nwfsc_pacific_hake_survey,D20210805T012432_IFCB117,2021-08-05 01:24:32+00:00,117,4.4205788791666665,,,,,,,,986,,2,0
nwfsc_pacific_hake_survey,D20210805T014814_IFCB117,2021-08-05 01:48:14+00:00,117,3.951768679166667,,,,,,,,1519,,2,0
nwfsc_pacific_hake_survey,D20210805T021156_IFCB117,2021-08-05 02:11:56+00:00,117,3.942579083333334,,,,,,,,1460,,2,0
nwfsc_pacific_hake_survey,D20210805T023539_IFCB117,2021-08-05 02:35:39+00:00,117,3.833560691666667,,,,,,,,1613,,2,0
nwfsc_pacific_hake_survey,D20210805T025922_IFCB117,2021-08-05 02:59:22+00:00,117,4.656833304166667,,,,,,,,461,,2,0
nwfsc_pacific_hake_survey,D20210805T032304_IFCB117,2021-08-05 03:23:04+00:00,117,4.870769475,,,,,,,,78,,2,0
nwfsc_pacific_hake_survey,D20210805T034646_IFCB117,2021-08-05 03:46:46+00:00,117,4.885926958333333,,,,,,,,67,,2,0
nwfsc_pacific_hake_survey,D20210805T041028_IFCB117,2021-08-05 04:10:28+00:00,117,4.911212545833334,,,,,,,,65,,2,0
nwfsc_pacific_hake_survey,D20210805T043410_IFCB117,2021-08-05 04:34:10+00:00,117,4.776886149999999,,,,,,,,54,,2,0
nwfsc_pacific_hake_survey,D20210805T045752_IFCB117,2021-08-05 04:57:52+00:00,117,4.6919488125,,,,,,,,33,,2,0
nwfsc_pacific_hake_survey,D20210805T052135_IFCB117,2021-08-05 05:21:35+00:00,117,4.951471770833334,,,,,,,,44,,2,0
nwfsc_pacific_hake_survey,D20210805T054517_IFCB117,2021-08-05 05:45:17+00:00,117,4.875005958333333,,,,,,,,37,,2,0
nwfsc_pacific_hake_survey,D20210805T060900_IFCB117,2021-08-05 06:09:00+00:00,117,4.6878848125,,,,,,,,42,,2,0
nwfsc_pacific_hake_survey,D20210805T063241_IFCB117,2021-08-05 06:32:41+00:00,117,4.7659497375,,,,,,,,119,,2,0
nwfsc_pacific_hake_survey,D20210805T065624_IFCB117,2021-08-05 06:56:24+00:00,117,4.601261104166667,,,,,,,,568,,2,0
nwfsc_pacific_hake_survey,D20210805T072006_IFCB117,2021-08-05 07:20:06+00:00,117,4.7628136125000005,,,,,,,,220,,2,0
nwfsc_pacific_hake_survey,D20210805T074348_IFCB117,2021-08-05 07:43:48+00:00,117,4.7375174541666665,,,,,,,,78,,2,0
nwfsc_pacific_hake_survey,D20210805T080729_IFCB117,2021-08-05 08:07:29+00:00,117,4.807389720833332,,,,,,,,92,,2,0
nwfsc_pacific_hake_survey,D20210805T083111_IFCB117,2021-08-05 08:31:11+00:00,117,4.859130129166666,,,,,,,,110,,2,0
nwfsc_pacific_hake_survey,D20210805T085453_IFCB117,2021-08-05 08:54:53+00:00,117,4.849496675,,,,,,,,132,,2,0
nwfsc_pacific_hake_survey,D20210805T094352_IFCB117,2021-08-05 09:43:52+00:00,117,4.854017679166666,,,,,,,,29,,2,0
nwfsc_pacific_hake_survey,D20210805T100733_IFCB117,2021-08-05 10:07:33+00:00,117,4.916231733333333,,,,,,,,76,,2,0
nwfsc_pacific_hake_survey,D20210805T103114_IFCB117,2021-08-05 10:31:14+00:00,117,4.8745095124999995,,,,,,,,64,,2,0
nwfsc_pacific_hake_survey,D20210805T105455_IFCB117,2021-08-05 10:54:55+00:00,117,4.875183866666666,,,,,,,,106,,2,0
nwfsc_pacific_hake_survey,D20210805T111837_IFCB117,2021-08-05 11:18:37+00:00,117,4.611194887500001,,,,,,,,550,,2,0
nwfsc_pacific_hake_survey,D20210805T114219_IFCB117,2021-08-05 11:42:19+00:00,117,4.597268491666666,,,,,,,,524,,2,0
nwfsc_pacific_hake_survey,D20210805T120601_IFCB117,2021-08-05 12:06:01+00:00,117,4.517894675,,,,,,,,666,,2,0
nwfsc_pacific_hake_survey,D20210805T122944_IFCB117,2021-08-05 12:29:44+00:00,117,4.715886645833334,,,,,,,,399,,2,0
nwfsc_pacific_hake_survey,D20210805T125327_IFCB117,2021-08-05 12:53:27+00:00,117,4.880621087500001,,,,,,,,144,,2,0
nwfsc_pacific_hake_survey,D20210805T131709_IFCB117,2021-08-05 13:17:09+00:00,117,4.917165166666666,,,,,,,,76,,2,0
nwfsc_pacific_hake_survey,D20210805T134051_IFCB117,2021-08-05 13:40:51+00:00,117,4.620872495833334,,,,,,,,87,,2,0
nwfsc_pacific_hake_survey,D20210805T140433_IFCB117,2021-08-05 14:04:33+00:00,117,4.8942949208333335,,,,,,,,99,,2,0
nwfsc_pacific_hake_survey,D20210805T142815_IFCB117,2021-08-05 14:28:15+00:00,117,4.692210766666666,,,,,,,,407,,2,0
nwfsc_pacific_hake_survey,D20210805T145157_IFCB117,2021-08-05 14:51:57+00:00,117,4.849277187499999,,,,,,,,104,,2,0
nwfsc_pacific_hake_survey,D20210805T151539_IFCB117,2021-08-05 15:15:39+00:00,117,4.909772075,,,,,,,,69,,2,0
nwfsc_pacific_hake_survey,D20210805T153921_IFCB117,2021-08-05 15:39:21+00:00,117,4.903381883333333,,,,,,,,114,,2,0
nwfsc_pacific_hake_survey,D20210805T160303_IFCB117,2021-08-05 16:03:03+00:00,117,4.745256679166666,,,,,,,,325,,2,0
nwfsc_pacific_hake_survey,D20210805T162645_IFCB117,2021-08-05 16:26:45+00:00,117,4.565739429166666,,,,,,,,603,,2,0
nwfsc_pacific_hake_survey,D20210805T165027_IFCB117,2021-08-05 16:50:27+00:00,117,4.5523033999999996,,,,,,,,621,,2,0
nwfsc_pacific_hake_survey,D20210805T171410_IFCB117,2021-08-05 17:14:10+00:00,117,4.667172570833333,,,,,,,,462,,2,0
nwfsc_pacific_hake_survey,D20210805T173752_IFCB117,2021-08-05 17:37:52+00:00,117,4.547479091666667,,,,,,,,620,,2,0
nwfsc_pacific_hake_survey,D20210805T180135_IFCB117,2021-08-05 18:01:35+00:00,117,4.862762416666667,,,,,,,,152,,2,0
nwfsc_pacific_hake_survey,D20210805T182517_IFCB117,2021-08-05 18:25:17+00:00,117,4.885401729166667,,,,,,,,87,,2,0
nwfsc_pacific_hake_survey,D20210805T184859_IFCB117,2021-08-05 18:48:59+00:00,117,4.766140879166667,,,,,,,,126,,2,0
nwfsc_pacific_hake_survey,D20210805T191241_IFCB117,2021-08-05 19:12:41+00:00,117,4.910524929166667,,,,,,,,67,,2,0
nwfsc_pacific_hake_survey,D20210805T193623_IFCB117,2021-08-05 19:36:23+00:00,117,4.876761933333333,,,,,,,,96,,2,0
nwfsc_pacific_hake_survey,D20210805T200005_IFCB117,2021-08-05 20:00:05+00:00,117,4.7884345625,,,,,,,,54,,2,0
nwfsc_pacific_hake_survey,D20210805T202346_IFCB117,2021-08-05 20:23:46+00:00,117,4.921612395833334,,,,,,,,30,,2,0
nwfsc_pacific_hake_survey,D20210805T204728_IFCB117,2021-08-05 20:47:28+00:00,117,4.963333020833333,,,,,,,,30,,2,0
nwfsc_pacific_hake_survey,D20210805T211110_IFCB117,2021-08-05 21:11:10+00:00,117,4.9576419,,,,,,,,24,,2,0
nwfsc_pacific_hake_survey,D20210805T213452_IFCB117,2021-08-05 21:34:52+00:00,117,4.665288925,,,,,,,,368,,2,0
nwfsc_pacific_hake_survey,D20210805T215833_IFCB117,2021-08-05 21:58:33+00:00,117,4.710698620833333,,,,,,,,349,,2,0
nwfsc_pacific_hake_survey,D20210805T222215_IFCB117,2021-08-05 22:22:15+00:00,117,4.6582170750000005,,,,,,,,357,,2,0
nwfsc_pacific_hake_survey,D20210805T224557_IFCB117,2021-08-05 22:45:57+00:00,117,4.663907666666666,,,,,,,,464,,2,0
nwfsc_pacific_hake_survey,D20210805T230939_IFCB117,2021-08-05 23:09:39+00:00,117,4.4044449125,,,,,,,,820,,2,0
nwfsc_pacific_hake_survey,D20210805T233321_IFCB117,2021-08-05 23:33:21+00:00,117,4.919732404166667,,,,,,,,37,,2,0
nwfsc_pacific_hake_survey,D20210805T235702_IFCB117,2021-08-05 23:57:02+00:00,117,4.860797941666666,,,,,,,,30,,2,0
nwfsc_pacific_hake_survey,D20210806T002044_IFCB117,2021-08-06 00:20:44+00:00,117,4.749983470833333,,,,,,,,217,,2,0
nwfsc_pacific_hake_survey,D20210806T004426_IFCB117,2021-08-06 00:44:26+00:00,117,4.527371429166666,,,,,,,,633,,2,0
nwfsc_pacific_hake_survey,D20210806T010807_IFCB117,2021-08-06 01:08:07+00:00,117,3.921445025,,,,,,,,1490,,2,0
nwfsc_pacific_hake_survey,D20210806T015730_IFCB117,2021-08-06 01:57:30+00:00,117,4.391363266666667,,,,,,,,853,,2,0
nwfsc_pacific_hake_survey,D20210806T022112_IFCB117,2021-08-06 02:21:12+00:00,117,4.1854292625,,,,,,,,1155,,2,0
nwfsc_pacific_hake_survey,D20210806T024455_IFCB117,2021-08-06 02:44:55+00:00,117,4.453428975,,,,,,,,737,,2,0
nwfsc_pacific_hake_survey,D20210806T030838_IFCB117,2021-08-06 03:08:38+00:00,117,4.317697845833333,,,,,,,,974,,2,0
nwfsc_pacific_hake_survey,D20210806T033220_IFCB117,2021-08-06 03:32:20+00:00,117,4.474069075,,,,,,,,715,,2,0
nwfsc_pacific_hake_survey,D20210806T035600_IFCB117,2021-08-06 03:56:00+00:00,117,4.755141891666667,,,,,,,,325,,2,0
nwfsc_pacific_hake_survey,D20210806T041943_IFCB117,2021-08-06 04:19:43+00:00,117,4.404359204166667,,,,,,,,850,,2,0
nwfsc_pacific_hake_survey,D20210806T044325_IFCB117,2021-08-06 04:43:25+00:00,117,4.690978670833333,,,,,,,,296,,2,0
nwfsc_pacific_hake_survey,D20210806T050707_IFCB117,2021-08-06 05:07:07+00:00,117,4.464751112499999,,,,,,,,729,,2,0
nwfsc_pacific_hake_survey,D20210806T053048_IFCB117,2021-08-06 05:30:48+00:00,117,4.4272205583333335,,,,,,,,776,,2,0
nwfsc_pacific_hake_survey,D20210806T055431_IFCB117,2021-08-06 05:54:31+00:00,117,4.2482191375000005,,,,,,,,1059,,2,0
nwfsc_pacific_hake_survey,D20210806T061813_IFCB117,2021-08-06 06:18:13+00:00,117,4.750226320833334,,,,,,,,323,,2,0
nwfsc_pacific_hake_survey,D20210806T064155_IFCB117,2021-08-06 06:41:55+00:00,117,4.717860258333333,,,,,,,,203,,2,0
nwfsc_pacific_hake_survey,D20210806T070538_IFCB117,2021-08-06 07:05:38+00:00,117,4.805401620833334,,,,,,,,136,,2,0
nwfsc_pacific_hake_survey,D20210806T072919_IFCB117,2021-08-06 07:29:19+00:00,117,4.5132260833333335,,,,,,,,690,,2,0
nwfsc_pacific_hake_survey,D20210806T075302_IFCB117,2021-08-06 07:53:02+00:00,117,4.8238633,,,,,,,,175,,2,0
nwfsc_pacific_hake_survey,D20210806T081643_IFCB117,2021-08-06 08:16:43+00:00,117,4.938973395833333,,,,,,,,41,,2,0
nwfsc_pacific_hake_survey,D20210806T084025_IFCB117,2021-08-06 08:40:25+00:00,117,4.790933008333332,,,,,,,,50,,2,0
nwfsc_pacific_hake_survey,D20210806T090407_IFCB117,2021-08-06 09:04:07+00:00,117,4.859049866666667,,,,,,,,48,,2,0
nwfsc_pacific_hake_survey,D20210806T092749_IFCB117,2021-08-06 09:27:49+00:00,117,4.781389216666667,,,,,,,,28,,2,0
nwfsc_pacific_hake_survey,D20210806T095131_IFCB117,2021-08-06 09:51:31+00:00,117,4.903081112500001,,,,,,,,96,,2,0
nwfsc_pacific_hake_survey,D20210806T101513_IFCB117,2021-08-06 10:15:13+00:00,117,4.8804190541666665,,,,,,,,132,,2,0
nwfsc_pacific_hake_survey,D20210806T103855_IFCB117,2021-08-06 10:38:55+00:00,117,4.883677208333334,,,,,,,,134,,2,0
nwfsc_pacific_hake_survey,D20210806T110236_IFCB117,2021-08-06 11:02:36+00:00,117,4.847399666666667,,,,,,,,121,,2,0
nwfsc_pacific_hake_survey,D20210806T112617_IFCB117,2021-08-06 11:26:17+00:00,117,4.887115766666667,,,,,,,,113,,2,0
nwfsc_pacific_hake_survey,D20210806T114959_IFCB117,2021-08-06 11:49:59+00:00,117,4.896059370833333,,,,,,,,120,,2,0
nwfsc_pacific_hake_survey,D20210806T121342_IFCB117,2021-08-06 12:13:42+00:00,117,4.9051248375,,,,,,,,113,,2,0
nwfsc_pacific_hake_survey,D20210806T123722_IFCB117,2021-08-06 12:37:22+00:00,117,4.726581933333333,,,,,,,,259,,2,0
nwfsc_pacific_hake_survey,D20210806T130104_IFCB117,2021-08-06 13:01:04+00:00,117,4.477657570833333,,,,,,,,727,,2,0
nwfsc_pacific_hake_survey,D20210806T132447_IFCB117,2021-08-06 13:24:47+00:00,117,4.674422925,,,,,,,,426,,2,0
nwfsc_pacific_hake_survey,D20210806T134829_IFCB117,2021-08-06 13:48:29+00:00,117,4.460507558333333,,,,,,,,759,,2,0
nwfsc_pacific_hake_survey,D20210806T141212_IFCB117,2021-08-06 14:12:12+00:00,117,4.72092485,,,,,,,,380,,2,0
nwfsc_pacific_hake_survey,D20210806T143555_IFCB117,2021-08-06 14:35:55+00:00,117,4.791300629166667,,,,,,,,267,,2,0
nwfsc_pacific_hake_survey,D20210806T145935_IFCB117,2021-08-06 14:59:35+00:00,117,4.7033276625000005,,,,,,,,408,,2,0
nwfsc_pacific_hake_survey,D20210806T152317_IFCB117,2021-08-06 15:23:17+00:00,117,4.624829500000001,,,,,,,,510,,2,0
nwfsc_pacific_hake_survey,D20210806T154659_IFCB117,2021-08-06 15:46:59+00:00,117,4.5282611374999995,,,,,,,,667,,2,0
nwfsc_pacific_hake_survey,D20210806T161040_IFCB117,2021-08-06 16:10:40+00:00,117,4.4805690291666656,,,,,,,,729,,2,0
nwfsc_pacific_hake_survey,D20210806T163420_IFCB117,2021-08-06 16:34:20+00:00,117,4.4947803625,,,,,,,,720,,2,0
nwfsc_pacific_hake_survey,D20210806T165803_IFCB117,2021-08-06 16:58:03+00:00,117,4.556507929166667,,,,,,,,553,,2,0
nwfsc_pacific_hake_survey,D20210806T172145_IFCB117,2021-08-06 17:21:45+00:00,117,4.443789804166667,,,,,,,,762,,2,0
nwfsc_pacific_hake_survey,D20210806T181130_IFCB117,2021-08-06 18:11:30+00:00,117,4.8601697125,,,,,,,,188,,2,0
nwfsc_pacific_hake_survey,D20210806T183512_IFCB117,2021-08-06 18:35:12+00:00,117,4.551384375,,,,,,,,613,,2,0
nwfsc_pacific_hake_survey,D20210806T185852_IFCB117,2021-08-06 18:58:52+00:00,117,4.6498893125,,,,,,,,476,,2,0
nwfsc_pacific_hake_survey,D20210806T192234_IFCB117,2021-08-06 19:22:34+00:00,117,4.7192366791666664,,,,,,,,361,,2,0
nwfsc_pacific_hake_survey,D20210806T194616_IFCB117,2021-08-06 19:46:16+00:00,117,4.7414446625,,,,,,,,348,,2,0
nwfsc_pacific_hake_survey,D20210806T200958_IFCB117,2021-08-06 20:09:58+00:00,117,4.845517233333333,,,,,,,,191,,2,0
nwfsc_pacific_hake_survey,D20210806T203340_IFCB117,2021-08-06 20:33:40+00:00,117,4.886442916666667,,,,,,,,62,,2,0
nwfsc_pacific_hake_survey,D20210806T205722_IFCB117,2021-08-06 20:57:22+00:00,117,4.836650254166667,,,,,,,,25,,2,0
nwfsc_pacific_hake_survey,D20210806T212105_IFCB117,2021-08-06 21:21:05+00:00,117,4.798886025,,,,,,,,17,,2,0
nwfsc_pacific_hake_survey,D20210806T214447_IFCB117,2021-08-06 21:44:47+00:00,117,4.714379366666666,,,,,,,,18,,2,0
nwfsc_pacific_hake_survey,D20210806T220829_IFCB117,2021-08-06 22:08:29+00:00,117,4.353068025,,,,,,,,17,,2,0
nwfsc_pacific_hake_survey,D20210806T223211_IFCB117,2021-08-06 22:32:11+00:00,117,4.9276315625,,,,,,,,12,,2,0
nwfsc_pacific_hake_survey,D20210806T225553_IFCB117,2021-08-06 22:55:53+00:00,117,4.699487287500001,,,,,,,,21,,2,0
nwfsc_pacific_hake_survey,D20210806T231933_IFCB117,2021-08-06 23:19:33+00:00,117,4.678299358333333,,,,,,,,21,,2,0
nwfsc_pacific_hake_survey,D20210806T234316_IFCB117,2021-08-06 23:43:16+00:00,117,4.8208796750000005,,,,,,,,19,,2,0
nwfsc_pacific_hake_survey,D20210807T000658_IFCB117,2021-08-07 00:06:58+00:00,117,4.969359041666666,,,,,,,,20,,2,0
nwfsc_pacific_hake_survey,D20210807T003040_IFCB117,2021-08-07 00:30:40+00:00,117,4.459985958333333,,,,,,,,20,,2,0
nwfsc_pacific_hake_survey,D20210807T005422_IFCB117,2021-08-07 00:54:22+00:00,117,4.951484229166667,,,,,,,,20,,2,0
nwfsc_pacific_hake_survey,D20210807T011804_IFCB117,2021-08-07 01:18:04+00:00,117,4.874629120833333,,,,,,,,53,,2,0
nwfsc_pacific_hake_survey,D20210807T014146_IFCB117,2021-08-07 01:41:46+00:00,117,4.6688849375,,,,,,,,470,,2,0
nwfsc_pacific_hake_survey,D20210807T020528_IFCB117,2021-08-07 02:05:28+00:00,117,4.0326824000000006,,,,,,,,1376,,2,0
nwfsc_pacific_hake_survey,D20210807T022909_IFCB117,2021-08-07 02:29:09+00:00,117,4.2351254,,,,,,,,1086,,2,0
nwfsc_pacific_hake_survey,D20210807T025251_IFCB117,2021-08-07 02:52:51+00:00,117,4.472091020833333,,,,,,,,677,,2,0
nwfsc_pacific_hake_survey,D20210807T031633_IFCB117,2021-08-07 03:16:33+00:00,117,4.361132141666667,,,,,,,,878,,2,0
nwfsc_pacific_hake_survey,D20210807T034016_IFCB117,2021-08-07 03:40:16+00:00,117,4.107040583333333,,,,,,,,1242,,2,0
nwfsc_pacific_hake_survey,D20210807T040358_IFCB117,2021-08-07 04:03:58+00:00,117,3.4202076374999995,,,,,,,,2182,,2,0
nwfsc_pacific_hake_survey,D20210807T042740_IFCB117,2021-08-07 04:27:40+00:00,117,2.907396708333333,,,,,,,,2917,,2,0
nwfsc_pacific_hake_survey,D20210807T045123_IFCB117,2021-08-07 04:51:23+00:00,117,3.0081105291666668,,,,,,,,2784,,2,0
nwfsc_pacific_hake_survey,D20210807T051507_IFCB117,2021-08-07 05:15:07+00:00,117,3.035008725,,,,,,,,2801,,2,0
nwfsc_pacific_hake_survey,D20210807T053849_IFCB117,2021-08-07 05:38:49+00:00,117,3.2634944999999997,,,,,,,,2453,,2,0
nwfsc_pacific_hake_survey,D20210807T060231_IFCB117,2021-08-07 06:02:31+00:00,117,2.8389661625,,,,,,,,3020,,2,0
nwfsc_pacific_hake_survey,D20210807T062615_IFCB117,2021-08-07 06:26:15+00:00,117,3.0297824708333336,,,,,,,,2760,,2,0
nwfsc_pacific_hake_survey,D20210807T064957_IFCB117,2021-08-07 06:49:57+00:00,117,3.1244990125,,,,,,,,2627,,2,0
nwfsc_pacific_hake_survey,D20210807T071340_IFCB117,2021-08-07 07:13:40+00:00,117,3.3107807625000003,,,,,,,,2364,,2,0
nwfsc_pacific_hake_survey,D20210807T073722_IFCB117,2021-08-07 07:37:22+00:00,117,3.7959901958333333,,,,,,,,1686,,2,0
nwfsc_pacific_hake_survey,D20210807T080105_IFCB117,2021-08-07 08:01:05+00:00,117,4.2746871833333335,,,,,,,,1029,,2,0
nwfsc_pacific_hake_survey,D20210807T082446_IFCB117,2021-08-07 08:24:46+00:00,117,4.4247640625,,,,,,,,802,,2,0
nwfsc_pacific_hake_survey,D20210807T084828_IFCB117,2021-08-07 08:48:28+00:00,117,4.674933675,,,,,,,,446,,2,0
nwfsc_pacific_hake_survey,D20210807T091210_IFCB117,2021-08-07 09:12:10+00:00,117,4.7952626,,,,,,,,263,,2,0
nwfsc_pacific_hake_survey,D20210807T093552_IFCB117,2021-08-07 09:35:52+00:00,117,4.8174062125,,,,,,,,231,,2,0
nwfsc_pacific_hake_survey,D20210807T102533_IFCB117,2021-08-07 10:25:33+00:00,117,4.73664485,,,,,,,,129,,2,0
nwfsc_pacific_hake_survey,D20210807T104915_IFCB117,2021-08-07 10:49:15+00:00,117,4.737122125,,,,,,,,253,,2,0
nwfsc_pacific_hake_survey,D20210807T111257_IFCB117,2021-08-07 11:12:57+00:00,117,4.862197083333332,,,,,,,,174,,2,0
nwfsc_pacific_hake_survey,D20210807T113638_IFCB117,2021-08-07 11:36:38+00:00,117,4.660437091666667,,,,,,,,413,,2,0
nwfsc_pacific_hake_survey,D20210807T120020_IFCB117,2021-08-07 12:00:20+00:00,117,4.684227595833334,,,,,,,,359,,2,0
nwfsc_pacific_hake_survey,D20210807T122402_IFCB117,2021-08-07 12:24:02+00:00,117,4.735056125000001,,,,,,,,325,,2,0
nwfsc_pacific_hake_survey,D20210807T124744_IFCB117,2021-08-07 12:47:44+00:00,117,4.714163766666667,,,,,,,,368,,2,0
nwfsc_pacific_hake_survey,D20210807T131126_IFCB117,2021-08-07 13:11:26+00:00,117,4.749465791666667,,,,,,,,350,,2,0
nwfsc_pacific_hake_survey,D20210807T133506_IFCB117,2021-08-07 13:35:06+00:00,117,4.801338170833333,,,,,,,,235,,2,0
nwfsc_pacific_hake_survey,D20210807T135848_IFCB117,2021-08-07 13:58:48+00:00,117,4.773704570833333,,,,,,,,248,,2,0
nwfsc_pacific_hake_survey,D20210807T142230_IFCB117,2021-08-07 14:22:30+00:00,117,4.663264404166666,,,,,,,,476,,2,0
nwfsc_pacific_hake_survey,D20210807T144612_IFCB117,2021-08-07 14:46:12+00:00,117,4.180803783333333,,,,,,,,1173,,2,0
nwfsc_pacific_hake_survey,D20210807T150955_IFCB117,2021-08-07 15:09:55+00:00,117,3.8841123416666665,,,,,,,,1591,,2,0
nwfsc_pacific_hake_survey,D20210807T153338_IFCB117,2021-08-07 15:33:38+00:00,117,3.3887332750000003,,,,,,,,2265,,2,0
nwfsc_pacific_hake_survey,D20210807T155720_IFCB117,2021-08-07 15:57:20+00:00,117,3.3025761458333336,,,,,,,,2376,,2,0
nwfsc_pacific_hake_survey,D20210807T162102_IFCB117,2021-08-07 16:21:02+00:00,117,3.6245986041666667,,,,,,,,1951,,2,0
nwfsc_pacific_hake_survey,D20210807T164444_IFCB117,2021-08-07 16:44:44+00:00,117,2.96424875,,,,,,,,2893,,2,0
nwfsc_pacific_hake_survey,D20210807T170827_IFCB117,2021-08-07 17:08:27+00:00,117,2.5072839083333336,,,,,,,,3485,,2,0
nwfsc_pacific_hake_survey,D20210807T173209_IFCB117,2021-08-07 17:32:09+00:00,117,0.3226739458333333,,,,,,,,356,,2,0
nwfsc_pacific_hake_survey,D20210903T200426_IFCB117,2021-09-03 20:04:26+00:00,117,4.219782725,,,,,,,,1175,,2,0
nwfsc_pacific_hake_survey,D20210903T205413_IFCB117,2021-09-03 20:54:13+00:00,117,4.877785091666667,,,,,,,,141,,2,0
nwfsc_pacific_hake_survey,D20210903T211755_IFCB117,2021-09-03 21:17:55+00:00,117,4.316572825,,,,,,,,991,,2,0
nwfsc_pacific_hake_survey,D20210903T214137_IFCB117,2021-09-03 21:41:37+00:00,117,4.439656783333334,,,,,,,,812,,2,0
nwfsc_pacific_hake_survey,D20210903T220520_IFCB117,2021-09-03 22:05:20+00:00,117,4.493383779166666,,,,,,,,734,,2,0
nwfsc_pacific_hake_survey,D20210903T222902_IFCB117,2021-09-03 22:29:02+00:00,117,4.4718733375,,,,,,,,776,,2,0
nwfsc_pacific_hake_survey,D20210903T225244_IFCB117,2021-09-03 22:52:44+00:00,117,3.9558934666666667,,,,,,,,1665,,2,0
nwfsc_pacific_hake_survey,D20210903T231626_IFCB117,2021-09-03 23:16:26+00:00,117,2.727214916666667,,,,,,,,3415,,2,0
nwfsc_pacific_hake_survey,D20210903T234009_IFCB117,2021-09-03 23:40:09+00:00,117,3.2206662500000003,,,,,,,,2751,,2,0
nwfsc_pacific_hake_survey,D20210904T000351_IFCB117,2021-09-04 00:03:51+00:00,117,3.3924352124999997,,,,,,,,2401,,2,0
nwfsc_pacific_hake_survey,D20210904T002734_IFCB117,2021-09-04 00:27:34+00:00,117,3.1329326625000005,,,,,,,,2811,,2,0
nwfsc_pacific_hake_survey,D20210904T005116_IFCB117,2021-09-04 00:51:16+00:00,117,3.0069815375,,,,,,,,2996,,2,0
nwfsc_pacific_hake_survey,D20210904T011459_IFCB117,2021-09-04 01:14:59+00:00,117,3.1531611958333334,,,,,,,,2783,,2,0
nwfsc_pacific_hake_survey,D20210904T013841_IFCB117,2021-09-04 01:38:41+00:00,117,3.631699154166667,,,,,,,,2032,,2,0
nwfsc_pacific_hake_survey,D20210904T020224_IFCB117,2021-09-04 02:02:24+00:00,117,3.9551847666666666,,,,,,,,1547,,2,0
nwfsc_pacific_hake_survey,D20210904T022606_IFCB117,2021-09-04 02:26:06+00:00,117,3.868740620833334,,,,,,,,1685,,2,0
nwfsc_pacific_hake_survey,D20210904T024948_IFCB117,2021-09-04 02:49:48+00:00,117,4.015591808333332,,,,,,,,1449,,2,0
nwfsc_pacific_hake_survey,D20210904T031331_IFCB117,2021-09-04 03:13:31+00:00,117,4.027965441666667,,,,,,,,1437,,2,0
nwfsc_pacific_hake_survey,D20210904T033713_IFCB117,2021-09-04 03:37:13+00:00,117,4.0497996875,,,,,,,,1410,,2,0
nwfsc_pacific_hake_survey,D20210904T040055_IFCB117,2021-09-04 04:00:55+00:00,117,4.097434679166666,,,,,,,,1301,,2,0
nwfsc_pacific_hake_survey,D20210904T042438_IFCB117,2021-09-04 04:24:38+00:00,117,4.102739095833333,,,,,,,,1325,,2,0
nwfsc_pacific_hake_survey,D20210904T044820_IFCB117,2021-09-04 04:48:20+00:00,117,4.059762366666666,,,,,,,,1383,,2,0
nwfsc_pacific_hake_survey,D20210904T051202_IFCB117,2021-09-04 05:12:02+00:00,117,4.054682850000001,,,,,,,,1382,,2,0
nwfsc_pacific_hake_survey,D20210904T053546_IFCB117,2021-09-04 05:35:46+00:00,117,4.092049433333333,,,,,,,,1330,,2,0
nwfsc_pacific_hake_survey,D20210904T055928_IFCB117,2021-09-04 05:59:28+00:00,117,4.203580204166666,,,,,,,,1170,,2,0
nwfsc_pacific_hake_survey,D20210904T062311_IFCB117,2021-09-04 06:23:11+00:00,117,3.656766104166666,,,,,,,,1996,,2,0
nwfsc_pacific_hake_survey,D20210904T064654_IFCB117,2021-09-04 06:46:54+00:00,117,3.6932384624999997,,,,,,,,1933,,2,0
nwfsc_pacific_hake_survey,D20210904T071036_IFCB117,2021-09-04 07:10:36+00:00,117,3.7225354374999995,,,,,,,,1874,,2,0
nwfsc_pacific_hake_survey,D20210904T073419_IFCB117,2021-09-04 07:34:19+00:00,117,3.478471029166667,,,,,,,,2257,,2,0
nwfsc_pacific_hake_survey,D20210904T075801_IFCB117,2021-09-04 07:58:01+00:00,117,3.1843652083333334,,,,,,,,2720,,2,0
nwfsc_pacific_hake_survey,D20210904T082144_IFCB117,2021-09-04 08:21:44+00:00,117,3.22324065,,,,,,,,2659,,2,0
nwfsc_pacific_hake_survey,D20210904T084526_IFCB117,2021-09-04 08:45:26+00:00,117,4.424173712500001,,,,,,,,851,,2,0
nwfsc_pacific_hake_survey,D20210904T090909_IFCB117,2021-09-04 09:09:09+00:00,117,4.455761945833333,,,,,,,,799,,2,0
nwfsc_pacific_hake_survey,D20210904T093251_IFCB117,2021-09-04 09:32:51+00:00,117,4.252730995833334,,,,,,,,1109,,2,0
nwfsc_pacific_hake_survey,D20210904T095633_IFCB117,2021-09-04 09:56:33+00:00,117,4.2726217916666664,,,,,,,,1074,,2,0
nwfsc_pacific_hake_survey,D20210904T102016_IFCB117,2021-09-04 10:20:16+00:00,117,4.4087989,,,,,,,,864,,2,0
nwfsc_pacific_hake_survey,D20210904T104358_IFCB117,2021-09-04 10:43:58+00:00,117,4.6454905250000005,,,,,,,,449,,2,0
nwfsc_pacific_hake_survey,D20210904T110740_IFCB117,2021-09-04 11:07:40+00:00,117,4.303563575,,,,,,,,1030,,2,0
nwfsc_pacific_hake_survey,D20210904T113123_IFCB117,2021-09-04 11:31:23+00:00,117,3.1067230541666664,,,,,,,,2908,,2,0
nwfsc_pacific_hake_survey,D20210904T115506_IFCB117,2021-09-04 11:55:06+00:00,117,3.1854716791666666,,,,,,,,2786,,2,0
nwfsc_pacific_hake_survey,D20210904T121848_IFCB117,2021-09-04 12:18:48+00:00,117,3.8093029958333338,,,,,,,,1804,,2,0
nwfsc_pacific_hake_survey,D20210904T130835_IFCB117,2021-09-04 13:08:35+00:00,117,4.515482733333332,,,,,,,,437,,2,0
nwfsc_pacific_hake_survey,D20210904T133217_IFCB117,2021-09-04 13:32:17+00:00,117,4.3702766875000005,,,,,,,,913,,2,0
nwfsc_pacific_hake_survey,D20210904T135600_IFCB117,2021-09-04 13:56:00+00:00,117,3.5632333000000007,,,,,,,,2145,,2,0
nwfsc_pacific_hake_survey,D20210904T141942_IFCB117,2021-09-04 14:19:42+00:00,117,3.8562039666666665,,,,,,,,1762,,2,0
nwfsc_pacific_hake_survey,D20210904T144324_IFCB117,2021-09-04 14:43:24+00:00,117,1.1133441499999999,,,,,,,,395,,2,0
nwfsc_pacific_hake_survey,D20210904T151211_IFCB117,2021-09-04 15:12:11+00:00,117,3.439799216666666,,,,,,,,2284,,2,0
nwfsc_pacific_hake_survey,D20210904T153555_IFCB117,2021-09-04 15:35:55+00:00,117,4.0108447375,,,,,,,,1458,,2,0
nwfsc_pacific_hake_survey,D20210904T155937_IFCB117,2021-09-04 15:59:37+00:00,117,3.3584092875,,,,,,,,2453,,2,0
nwfsc_pacific_hake_survey,D20210904T162320_IFCB117,2021-09-04 16:23:20+00:00,117,4.810290954166666,,,,,,,,226,,2,0
nwfsc_pacific_hake_survey,D20210904T164702_IFCB117,2021-09-04 16:47:02+00:00,117,4.865304275,,,,,,,,134,,2,0
nwfsc_pacific_hake_survey,D20210904T171044_IFCB117,2021-09-04 17:10:44+00:00,117,4.887995520833333,,,,,,,,67,,2,0
nwfsc_pacific_hake_survey,D20210904T173426_IFCB117,2021-09-04 17:34:26+00:00,117,4.859185966666667,,,,,,,,58,,2,0
nwfsc_pacific_hake_survey,D20210904T175809_IFCB117,2021-09-04 17:58:09+00:00,117,4.8908749375000005,,,,,,,,60,,2,0
nwfsc_pacific_hake_survey,D20210904T182152_IFCB117,2021-09-04 18:21:52+00:00,117,4.803357691666666,,,,,,,,49,,2,0
nwfsc_pacific_hake_survey,D20210904T184534_IFCB117,2021-09-04 18:45:34+00:00,117,4.8887742124999995,,,,,,,,40,,2,0
nwfsc_pacific_hake_survey,D20210904T190916_IFCB117,2021-09-04 19:09:16+00:00,117,4.962257470833333,,,,,,,,32,,2,0
nwfsc_pacific_hake_survey,D20210904T193259_IFCB117,2021-09-04 19:32:59+00:00,117,4.948368904166666,,,,,,,,36,,2,0
nwfsc_pacific_hake_survey,D20210904T195641_IFCB117,2021-09-04 19:56:41+00:00,117,4.5901456875,,,,,,,,39,,2,0
nwfsc_pacific_hake_survey,D20210904T202023_IFCB117,2021-09-04 20:20:23+00:00,117,4.576340458333333,,,,,,,,40,,2,0
nwfsc_pacific_hake_survey,D20210904T204405_IFCB117,2021-09-04 20:44:05+00:00,117,4.9349070374999995,,,,,,,,47,,2,0
nwfsc_pacific_hake_survey,D20210904T210748_IFCB117,2021-09-04 21:07:48+00:00,117,4.760923879166667,,,,,,,,35,,2,0
nwfsc_pacific_hake_survey,D20210904T213130_IFCB117,2021-09-04 21:31:30+00:00,117,4.758720229166667,,,,,,,,26,,2,0
nwfsc_pacific_hake_survey,D20210904T215512_IFCB117,2021-09-04 21:55:12+00:00,117,4.933485395833333,,,,,,,,51,,2,0
nwfsc_pacific_hake_survey,D20210904T221854_IFCB117,2021-09-04 22:18:54+00:00,117,4.7754440833333325,,,,,,,,54,,2,0
nwfsc_pacific_hake_survey,D20210904T224236_IFCB117,2021-09-04 22:42:36+00:00,117,4.296483987499999,,,,,,,,43,,2,0
nwfsc_pacific_hake_survey,D20210904T230618_IFCB117,2021-09-04 23:06:18+00:00,117,4.902145199999999,,,,,,,,47,,2,0
nwfsc_pacific_hake_survey,D20210904T233001_IFCB117,2021-09-04 23:30:01+00:00,117,4.797679995833334,,,,,,,,267,,2,0
nwfsc_pacific_hake_survey,D20210904T235343_IFCB117,2021-09-04 23:53:43+00:00,117,4.788593941666666,,,,,,,,236,,2,0
nwfsc_pacific_hake_survey,D20210905T001725_IFCB117,2021-09-05 00:17:25+00:00,117,4.7970313749999995,,,,,,,,226,,2,0
nwfsc_pacific_hake_survey,D20210905T004107_IFCB117,2021-09-05 00:41:07+00:00,117,4.705577104166667,,,,,,,,394,,2,0
nwfsc_pacific_hake_survey,D20210905T010450_IFCB117,2021-09-05 01:04:50+00:00,117,4.798354933333333,,,,,,,,254,,2,0
nwfsc_pacific_hake_survey,D20210905T012832_IFCB117,2021-09-05 01:28:32+00:00,117,4.748228091666666,,,,,,,,312,,2,0
nwfsc_pacific_hake_survey,D20210905T015215_IFCB117,2021-09-05 01:52:15+00:00,117,4.735195591666666,,,,,,,,374,,2,0
nwfsc_pacific_hake_survey,D20210905T021557_IFCB117,2021-09-05 02:15:57+00:00,117,4.6025019291666665,,,,,,,,678,,2,0
nwfsc_pacific_hake_survey,D20210905T023939_IFCB117,2021-09-05 02:39:39+00:00,117,4.396940174999999,,,,,,,,852,,2,0
nwfsc_pacific_hake_survey,D20210905T030322_IFCB117,2021-09-05 03:03:22+00:00,117,4.480821616666666,,,,,,,,772,,2,0
nwfsc_pacific_hake_survey,D20210905T032704_IFCB117,2021-09-05 03:27:04+00:00,117,4.3805768333333335,,,,,,,,884,,2,0
nwfsc_pacific_hake_survey,D20210905T035046_IFCB117,2021-09-05 03:50:46+00:00,117,4.865624899999999,,,,,,,,178,,2,0
nwfsc_pacific_hake_survey,D20210905T041429_IFCB117,2021-09-05 04:14:29+00:00,117,4.715073362500001,,,,,,,,107,,2,0
nwfsc_pacific_hake_survey,D20210905T050353_IFCB117,2021-09-05 05:03:53+00:00,117,4.961026512499999,,,,,,,,18,,2,0
nwfsc_pacific_hake_survey,D20210905T052735_IFCB117,2021-09-05 05:27:35+00:00,117,4.758415633333334,,,,,,,,32,,2,0
nwfsc_pacific_hake_survey,D20210905T055118_IFCB117,2021-09-05 05:51:18+00:00,117,4.4943370125,,,,,,,,35,,2,0
nwfsc_pacific_hake_survey,D20210905T061500_IFCB117,2021-09-05 06:15:00+00:00,117,4.925586570833333,,,,,,,,32,,2,0
nwfsc_pacific_hake_survey,D20210905T063842_IFCB117,2021-09-05 06:38:42+00:00,117,4.6340232375,,,,,,,,28,,2,0
nwfsc_pacific_hake_survey,D20210905T070224_IFCB117,2021-09-05 07:02:24+00:00,117,4.745526258333332,,,,,,,,39,,2,0
nwfsc_pacific_hake_survey,D20210905T072608_IFCB117,2021-09-05 07:26:08+00:00,117,4.948822066666667,,,,,,,,39,,2,0
nwfsc_pacific_hake_survey,D20210905T074950_IFCB117,2021-09-05 07:49:50+00:00,117,4.802080783333334,,,,,,,,27,,2,0
nwfsc_pacific_hake_survey,D20210905T081332_IFCB117,2021-09-05 08:13:32+00:00,117,4.8928748041666665,,,,,,,,49,,2,0
nwfsc_pacific_hake_survey,D20210905T083714_IFCB117,2021-09-05 08:37:14+00:00,117,4.710985179166666,,,,,,,,38,,2,0
nwfsc_pacific_hake_survey,D20210905T090057_IFCB117,2021-09-05 09:00:57+00:00,117,4.641702499999999,,,,,,,,48,,2,0
nwfsc_pacific_hake_survey,D20210905T092439_IFCB117,2021-09-05 09:24:39+00:00,117,4.843320520833333,,,,,,,,50,,2,0
nwfsc_pacific_hake_survey,D20210905T094821_IFCB117,2021-09-05 09:48:21+00:00,117,4.885729445833333,,,,,,,,37,,2,0
nwfsc_pacific_hake_survey,D20210905T101203_IFCB117,2021-09-05 10:12:03+00:00,117,4.8470529791666666,,,,,,,,213,,2,0
nwfsc_pacific_hake_survey,D20210905T103546_IFCB117,2021-09-05 10:35:46+00:00,117,4.533665083333333,,,,,,,,646,,2,0
nwfsc_pacific_hake_survey,D20210905T105928_IFCB117,2021-09-05 10:59:28+00:00,117,3.5856273791666666,,,,,,,,2097,,2,0
nwfsc_pacific_hake_survey,D20210905T112310_IFCB117,2021-09-05 11:23:10+00:00,117,4.178187779166667,,,,,,,,1214,,2,0
nwfsc_pacific_hake_survey,D20210905T114653_IFCB117,2021-09-05 11:46:53+00:00,117,4.556447120833332,,,,,,,,632,,2,0
nwfsc_pacific_hake_survey,D20210905T121035_IFCB117,2021-09-05 12:10:35+00:00,117,4.697194870833333,,,,,,,,403,,2,0
nwfsc_pacific_hake_survey,D20210905T123417_IFCB117,2021-09-05 12:34:17+00:00,117,4.8562046625,,,,,,,,193,,2,0
nwfsc_pacific_hake_survey,D20210905T125759_IFCB117,2021-09-05 12:57:59+00:00,117,4.867619383333333,,,,,,,,157,,2,0
nwfsc_pacific_hake_survey,D20210905T132142_IFCB117,2021-09-05 13:21:42+00:00,117,4.770230945833333,,,,,,,,172,,2,0
nwfsc_pacific_hake_survey,D20210905T134524_IFCB117,2021-09-05 13:45:24+00:00,117,4.8002079625,,,,,,,,239,,2,0
nwfsc_pacific_hake_survey,D20210905T140906_IFCB117,2021-09-05 14:09:06+00:00,117,4.843951720833333,,,,,,,,171,,2,0
nwfsc_pacific_hake_survey,D20210905T143250_IFCB117,2021-09-05 14:32:50+00:00,117,4.845398175,,,,,,,,214,,2,0
nwfsc_pacific_hake_survey,D20210905T145632_IFCB117,2021-09-05 14:56:32+00:00,117,4.8097472875000005,,,,,,,,245,,2,0
nwfsc_pacific_hake_survey,D20210905T152014_IFCB117,2021-09-05 15:20:14+00:00,117,4.8693587958333335,,,,,,,,163,,2,0
nwfsc_pacific_hake_survey,D20210905T154357_IFCB117,2021-09-05 15:43:57+00:00,117,4.862490629166667,,,,,,,,144,,2,0
nwfsc_pacific_hake_survey,D20210905T160739_IFCB117,2021-09-05 16:07:39+00:00,117,4.899835458333333,,,,,,,,94,,2,0
nwfsc_pacific_hake_survey,D20210905T163121_IFCB117,2021-09-05 16:31:21+00:00,117,4.8713733999999995,,,,,,,,154,,2,0
nwfsc_pacific_hake_survey,D20210905T165504_IFCB117,2021-09-05 16:55:04+00:00,117,4.7622554375,,,,,,,,321,,2,0
nwfsc_pacific_hake_survey,D20210905T171846_IFCB117,2021-09-05 17:18:46+00:00,117,4.7569879375,,,,,,,,325,,2,0
nwfsc_pacific_hake_survey,D20210905T174228_IFCB117,2021-09-05 17:42:28+00:00,117,4.738889025000001,,,,,,,,371,,2,0
nwfsc_pacific_hake_survey,D20210905T180610_IFCB117,2021-09-05 18:06:10+00:00,117,4.229875633333333,,,,,,,,1126,,2,0
nwfsc_pacific_hake_survey,D20210905T182953_IFCB117,2021-09-05 18:29:53+00:00,117,4.659650299999999,,,,,,,,493,,2,0
nwfsc_pacific_hake_survey,D20210905T185335_IFCB117,2021-09-05 18:53:35+00:00,117,4.120796637500001,,,,,,,,1298,,2,0
nwfsc_pacific_hake_survey,D20210905T191718_IFCB117,2021-09-05 19:17:18+00:00,117,4.036587320833333,,,,,,,,1497,,2,0
nwfsc_pacific_hake_survey,D20210905T194101_IFCB117,2021-09-05 19:41:01+00:00,117,3.8806040125,,,,,,,,2090,,2,0
nwfsc_pacific_hake_survey,D20210905T200444_IFCB117,2021-09-05 20:04:44+00:00,117,3.9378762833333334,,,,,,,,1970,,2,0
nwfsc_pacific_hake_survey,D20210905T202827_IFCB117,2021-09-05 20:28:27+00:00,117,4.346213695833333,,,,,,,,1227,,2,0
nwfsc_pacific_hake_survey,D20210905T211753_IFCB117,2021-09-05 21:17:53+00:00,117,3.0192767750000002,,,,,,,,2968,,2,0
nwfsc_pacific_hake_survey,D20210905T214135_IFCB117,2021-09-05 21:41:35+00:00,117,3.8469273791666665,,,,,,,,1720,,2,0
nwfsc_pacific_hake_survey,D20210905T220518_IFCB117,2021-09-05 22:05:18+00:00,117,4.031237504166667,,,,,,,,1457,,2,0
nwfsc_pacific_hake_survey,D20210905T222900_IFCB117,2021-09-05 22:29:00+00:00,117,3.4328000416666664,,,,,,,,2329,,2,0
nwfsc_pacific_hake_survey,D20210905T225243_IFCB117,2021-09-05 22:52:43+00:00,117,3.456602395833334,,,,,,,,2279,,2,0
nwfsc_pacific_hake_survey,D20210905T231625_IFCB117,2021-09-05 23:16:25+00:00,117,3.0001258499999994,,,,,,,,1240,,2,0
nwfsc_pacific_hake_survey,D20210906T000642_IFCB117,2021-09-06 00:06:42+00:00,117,3.7762594874999995,,,,,,,,1820,,2,0
nwfsc_pacific_hake_survey,D20210906T003024_IFCB117,2021-09-06 00:30:24+00:00,117,3.0729596375,,,,,,,,2882,,2,0
nwfsc_pacific_hake_survey,D20210906T005406_IFCB117,2021-09-06 00:54:06+00:00,117,2.7713514541666666,,,,,,,,3481,,2,0
nwfsc_pacific_hake_survey,D20210906T011749_IFCB117,2021-09-06 01:17:49+00:00,117,2.893738341666667,,,,,,,,3113,,2,0
nwfsc_pacific_hake_survey,D20210906T014132_IFCB117,2021-09-06 01:41:32+00:00,117,2.975680829166667,,,,,,,,2989,,2,0
nwfsc_pacific_hake_survey,D20210906T020514_IFCB117,2021-09-06 02:05:14+00:00,117,3.4355878916666662,,,,,,,,2318,,2,0
nwfsc_pacific_hake_survey,D20210906T022857_IFCB117,2021-09-06 02:28:57+00:00,117,3.445161604166666,,,,,,,,2307,,2,0
nwfsc_pacific_hake_survey,D20210906T025239_IFCB117,2021-09-06 02:52:39+00:00,117,3.247518608333333,,,,,,,,2620,,2,0
nwfsc_pacific_hake_survey,D20210906T031622_IFCB117,2021-09-06 03:16:22+00:00,117,3.563158420833333,,,,,,,,2153,,2,0
nwfsc_pacific_hake_survey,D20210906T034004_IFCB117,2021-09-06 03:40:04+00:00,117,3.7473238666666666,,,,,,,,1865,,2,0
nwfsc_pacific_hake_survey,D20210906T040346_IFCB117,2021-09-06 04:03:46+00:00,117,3.2967761833333338,,,,,,,,2560,,2,0
nwfsc_pacific_hake_survey,D20210906T042729_IFCB117,2021-09-06 04:27:29+00:00,117,3.154351045833333,,,,,,,,2768,,2,0
nwfsc_pacific_hake_survey,D20210906T045111_IFCB117,2021-09-06 04:51:11+00:00,117,4.025223804166666,,,,,,,,1445,,2,0
nwfsc_pacific_hake_survey,D20210906T051453_IFCB117,2021-09-06 05:14:53+00:00,117,4.496541270833333,,,,,,,,671,,2,0
nwfsc_pacific_hake_survey,D20210906T053835_IFCB117,2021-09-06 05:38:35+00:00,117,4.647401883333333,,,,,,,,504,,2,0
nwfsc_pacific_hake_survey,D20210906T060217_IFCB117,2021-09-06 06:02:17+00:00,117,4.659071983333333,,,,,,,,483,,2,0
nwfsc_pacific_hake_survey,D20210907T205721_IFCB117,2021-09-07 20:57:21+00:00,117,3.8019025708333327,,,,,,,,1776,,2,0
nwfsc_pacific_hake_survey,D20210907T212103_IFCB117,2021-09-07 21:21:03+00:00,117,3.4214624875000004,,,,,,,,2323,,2,0
nwfsc_pacific_hake_survey,D20210907T214445_IFCB117,2021-09-07 21:44:45+00:00,117,3.4611069875000005,,,,,,,,2247,,2,0
nwfsc_pacific_hake_survey,D20210907T220828_IFCB117,2021-09-07 22:08:28+00:00,117,3.732384541666667,,,,,,,,1886,,2,0
nwfsc_pacific_hake_survey,D20210907T223210_IFCB117,2021-09-07 22:32:10+00:00,117,4.0909051375,,,,,,,,1331,,2,0
nwfsc_pacific_hake_survey,D20210907T225553_IFCB117,2021-09-07 22:55:53+00:00,117,4.067638029166666,,,,,,,,1343,,2,0
nwfsc_pacific_hake_survey,D20210907T231935_IFCB117,2021-09-07 23:19:35+00:00,117,3.710785516666667,,,,,,,,1898,,2,0
nwfsc_pacific_hake_survey,D20210907T234317_IFCB117,2021-09-07 23:43:17+00:00,117,3.3727219874999994,,,,,,,,2464,,2,0
nwfsc_pacific_hake_survey,D20210908T000659_IFCB117,2021-09-08 00:06:59+00:00,117,4.278040654166667,,,,,,,,1020,,2,0
nwfsc_pacific_hake_survey,D20210908T003042_IFCB117,2021-09-08 00:30:42+00:00,117,4.764646583333334,,,,,,,,271,,2,0
nwfsc_pacific_hake_survey,D20210908T005424_IFCB117,2021-09-08 00:54:24+00:00,117,4.720669304166666,,,,,,,,364,,2,0
nwfsc_pacific_hake_survey,D20210908T011806_IFCB117,2021-09-08 01:18:06+00:00,117,4.731420066666667,,,,,,,,353,,2,0
nwfsc_pacific_hake_survey,D20210908T014149_IFCB117,2021-09-08 01:41:49+00:00,117,4.731404487500001,,,,,,,,328,,2,0
nwfsc_pacific_hake_survey,D20210908T020531_IFCB117,2021-09-08 02:05:31+00:00,117,4.721394783333333,,,,,,,,391,,2,0
nwfsc_pacific_hake_survey,D20210908T022913_IFCB117,2021-09-08 02:29:13+00:00,117,4.723811345833332,,,,,,,,281,,2,0
nwfsc_pacific_hake_survey,D20210908T025256_IFCB117,2021-09-08 02:52:56+00:00,117,4.7553076249999995,,,,,,,,314,,2,0
nwfsc_pacific_hake_survey,D20210908T031638_IFCB117,2021-09-08 03:16:38+00:00,117,4.8186478500000005,,,,,,,,244,,2,0
nwfsc_pacific_hake_survey,D20210908T034020_IFCB117,2021-09-08 03:40:20+00:00,117,4.772758879166667,,,,,,,,281,,2,0
nwfsc_pacific_hake_survey,D20210908T040402_IFCB117,2021-09-08 04:04:02+00:00,117,4.731030816666666,,,,,,,,331,,2,0
nwfsc_pacific_hake_survey,D20210908T042745_IFCB117,2021-09-08 04:27:45+00:00,117,4.629959754166666,,,,,,,,523,,2,0
nwfsc_pacific_hake_survey,D20210908T045127_IFCB117,2021-09-08 04:51:27+00:00,117,4.460871320833333,,,,,,,,736,,2,0
nwfsc_pacific_hake_survey,D20210908T051510_IFCB117,2021-09-08 05:15:10+00:00,117,4.023173495833333,,,,,,,,1404,,2,0
nwfsc_pacific_hake_survey,D20210908T053852_IFCB117,2021-09-08 05:38:52+00:00,117,3.8824512875,,,,,,,,1599,,2,0
nwfsc_pacific_hake_survey,D20210908T060235_IFCB117,2021-09-08 06:02:35+00:00,117,3.5154127500000003,,,,,,,,2129,,2,0
nwfsc_pacific_hake_survey,D20210908T065222_IFCB117,2021-09-08 06:52:22+00:00,117,3.9321296833333337,,,,,,,,1551,,2,0
nwfsc_pacific_hake_survey,D20210908T071604_IFCB117,2021-09-08 07:16:04+00:00,117,4.533557095833333,,,,,,,,662,,2,0
nwfsc_pacific_hake_survey,D20210908T073947_IFCB117,2021-09-08 07:39:47+00:00,117,4.595363333333334,,,,,,,,555,,2,0
nwfsc_pacific_hake_survey,D20210908T080330_IFCB117,2021-09-08 08:03:30+00:00,117,4.753378795833333,,,,,,,,341,,2,0
nwfsc_pacific_hake_survey,D20210908T082712_IFCB117,2021-09-08 08:27:12+00:00,117,4.870403570833334,,,,,,,,144,,2,0
nwfsc_pacific_hake_survey,D20210908T085054_IFCB117,2021-09-08 08:50:54+00:00,117,4.867773970833334,,,,,,,,171,,2,0
nwfsc_pacific_hake_survey,D20210908T091436_IFCB117,2021-09-08 09:14:36+00:00,117,4.8595457,,,,,,,,95,,2,0
nwfsc_pacific_hake_survey,D20210908T093818_IFCB117,2021-09-08 09:38:18+00:00,117,4.661632929166667,,,,,,,,109,,2,0
nwfsc_pacific_hake_survey,D20210908T100201_IFCB117,2021-09-08 10:02:01+00:00,117,4.8644054458333335,,,,,,,,121,,2,0
nwfsc_pacific_hake_survey,D20210908T102543_IFCB117,2021-09-08 10:25:43+00:00,117,4.866536683333333,,,,,,,,134,,2,0
nwfsc_pacific_hake_survey,D20210908T104925_IFCB117,2021-09-08 10:49:25+00:00,117,4.812087662500001,,,,,,,,167,,2,0
nwfsc_pacific_hake_survey,D20210908T111307_IFCB117,2021-09-08 11:13:07+00:00,117,4.724985891666666,,,,,,,,118,,2,0
nwfsc_pacific_hake_survey,D20210908T113649_IFCB117,2021-09-08 11:36:49+00:00,117,4.8978552375,,,,,,,,89,,2,0
nwfsc_pacific_hake_survey,D20210908T120031_IFCB117,2021-09-08 12:00:31+00:00,117,4.793394358333333,,,,,,,,63,,2,0
nwfsc_pacific_hake_survey,D20210908T122414_IFCB117,2021-09-08 12:24:14+00:00,117,4.880622983333334,,,,,,,,67,,2,0
nwfsc_pacific_hake_survey,D20210908T124756_IFCB117,2021-09-08 12:47:56+00:00,117,4.859866458333333,,,,,,,,116,,2,0
nwfsc_pacific_hake_survey,D20210908T131138_IFCB117,2021-09-08 13:11:38+00:00,117,4.901592229166667,,,,,,,,73,,2,0
nwfsc_pacific_hake_survey,D20210908T133520_IFCB117,2021-09-08 13:35:20+00:00,117,4.824134558333332,,,,,,,,100,,2,0
nwfsc_pacific_hake_survey,D20210908T135902_IFCB117,2021-09-08 13:59:02+00:00,117,4.8955225,,,,,,,,75,,2,0
nwfsc_pacific_hake_survey,D20210908T142245_IFCB117,2021-09-08 14:22:45+00:00,117,4.6199162041666675,,,,,,,,82,,2,0
nwfsc_pacific_hake_survey,D20210908T144627_IFCB117,2021-09-08 14:46:27+00:00,117,4.814113716666667,,,,,,,,92,,2,0
nwfsc_pacific_hake_survey,D20210908T151010_IFCB117,2021-09-08 15:10:10+00:00,117,4.941273729166666,,,,,,,,79,,2,0
nwfsc_pacific_hake_survey,D20210908T153352_IFCB117,2021-09-08 15:33:52+00:00,117,4.914603804166666,,,,,,,,60,,2,0
nwfsc_pacific_hake_survey,D20210908T155735_IFCB117,2021-09-08 15:57:35+00:00,117,4.930000379166667,,,,,,,,47,,2,0
nwfsc_pacific_hake_survey,D20210908T162117_IFCB117,2021-09-08 16:21:17+00:00,117,4.667889629166667,,,,,,,,39,,2,0
nwfsc_pacific_hake_survey,D20210908T164500_IFCB117,2021-09-08 16:45:00+00:00,117,4.903157616666666,,,,,,,,61,,2,0
nwfsc_pacific_hake_survey,D20210908T170842_IFCB117,2021-09-08 17:08:42+00:00,117,4.878228679166667,,,,,,,,39,,2,0
nwfsc_pacific_hake_survey,D20210908T173224_IFCB117,2021-09-08 17:32:24+00:00,117,4.896635929166666,,,,,,,,44,,2,0
nwfsc_pacific_hake_survey,D20210908T175606_IFCB117,2021-09-08 17:56:06+00:00,117,4.941969416666667,,,,,,,,39,,2,0
nwfsc_pacific_hake_survey,D20210908T181948_IFCB117,2021-09-08 18:19:48+00:00,117,4.905996379166667,,,,,,,,40,,2,0
nwfsc_pacific_hake_survey,D20210908T190935_IFCB117,2021-09-08 19:09:35+00:00,117,4.9062410666666665,,,,,,,,32,,2,0
nwfsc_pacific_hake_survey,D20210908T193317_IFCB117,2021-09-08 19:33:17+00:00,117,4.9530744625,,,,,,,,30,,2,0
nwfsc_pacific_hake_survey,D20210908T195700_IFCB117,2021-09-08 19:57:00+00:00,117,4.840630770833333,,,,,,,,35,,2,0
nwfsc_pacific_hake_survey,D20210908T202042_IFCB117,2021-09-08 20:20:42+00:00,117,4.725317045833333,,,,,,,,19,,2,0
nwfsc_pacific_hake_survey,D20210908T204424_IFCB117,2021-09-08 20:44:24+00:00,117,4.927128020833333,,,,,,,,17,,2,0
nwfsc_pacific_hake_survey,D20210908T210806_IFCB117,2021-09-08 21:08:06+00:00,117,4.582277125000001,,,,,,,,22,,2,0
nwfsc_pacific_hake_survey,D20210908T213148_IFCB117,2021-09-08 21:31:48+00:00,117,4.739692229166667,,,,,,,,21,,2,0
nwfsc_pacific_hake_survey,D20210908T215530_IFCB117,2021-09-08 21:55:30+00:00,117,4.861249483333334,,,,,,,,32,,2,0
nwfsc_pacific_hake_survey,D20210908T221912_IFCB117,2021-09-08 22:19:12+00:00,117,4.478688358333334,,,,,,,,21,,2,0
nwfsc_pacific_hake_survey,D20210908T224254_IFCB117,2021-09-08 22:42:54+00:00,117,4.832576479166666,,,,,,,,29,,2,0
nwfsc_pacific_hake_survey,D20210908T230636_IFCB117,2021-09-08 23:06:36+00:00,117,4.878382775,,,,,,,,100,,2,0
nwfsc_pacific_hake_survey,D20210908T233019_IFCB117,2021-09-08 23:30:19+00:00,117,4.742046966666666,,,,,,,,327,,2,0
nwfsc_pacific_hake_survey,D20210908T235401_IFCB117,2021-09-08 23:54:01+00:00,117,3.3534327333333334,,,,,,,,2411,,2,0
nwfsc_pacific_hake_survey,D20210909T001743_IFCB117,2021-09-09 00:17:43+00:00,117,3.370091291666667,,,,,,,,2996,,2,0
nwfsc_pacific_hake_survey,D20210909T004126_IFCB117,2021-09-09 00:41:26+00:00,117,3.4299141875000005,,,,,,,,2886,,2,0
nwfsc_pacific_hake_survey,D20210909T010509_IFCB117,2021-09-09 01:05:09+00:00,117,3.815791575,,,,,,,,2141,,2,0
nwfsc_pacific_hake_survey,D20210909T012852_IFCB117,2021-09-09 01:28:52+00:00,117,3.745461316666666,,,,,,,,2279,,2,0
nwfsc_pacific_hake_survey,D20210909T015234_IFCB117,2021-09-09 01:52:34+00:00,117,4.489706425,,,,,,,,909,,2,0
nwfsc_pacific_hake_survey,D20210909T021616_IFCB117,2021-09-09 02:16:16+00:00,117,4.828295020833333,,,,,,,,276,,2,0
nwfsc_pacific_hake_survey,D20210909T024000_IFCB117,2021-09-09 02:40:00+00:00,117,4.890551891666666,,,,,,,,171,,2,0
nwfsc_pacific_hake_survey,D20210909T030343_IFCB117,2021-09-09 03:03:43+00:00,117,4.786205412499999,,,,,,,,151,,2,0
nwfsc_pacific_hake_survey,D20210909T032725_IFCB117,2021-09-09 03:27:25+00:00,117,4.907312654166666,,,,,,,,131,,2,0
nwfsc_pacific_hake_survey,D20210909T035107_IFCB117,2021-09-09 03:51:07+00:00,117,4.921137841666667,,,,,,,,119,,2,0
nwfsc_pacific_hake_survey,D20210909T041450_IFCB117,2021-09-09 04:14:50+00:00,117,4.808305929166667,,,,,,,,80,,2,0
nwfsc_pacific_hake_survey,D20210909T043832_IFCB117,2021-09-09 04:38:32+00:00,117,4.9232786625,,,,,,,,109,,2,0
nwfsc_pacific_hake_survey,D20210909T050214_IFCB117,2021-09-09 05:02:14+00:00,117,4.829457883333333,,,,,,,,78,,2,0
nwfsc_pacific_hake_survey,D20210909T052558_IFCB117,2021-09-09 05:25:58+00:00,117,4.764059562499999,,,,,,,,87,,2,0
nwfsc_pacific_hake_survey,D20210909T054941_IFCB117,2021-09-09 05:49:41+00:00,117,4.9288830875,,,,,,,,61,,2,0
nwfsc_pacific_hake_survey,D20210909T061323_IFCB117,2021-09-09 06:13:23+00:00,117,4.805478533333333,,,,,,,,99,,2,0
nwfsc_pacific_hake_survey,D20210909T063705_IFCB117,2021-09-09 06:37:05+00:00,117,4.911063433333334,,,,,,,,87,,2,0
nwfsc_pacific_hake_survey,D20210909T072653_IFCB117,2021-09-09 07:26:53+00:00,117,4.8231128750000005,,,,,,,,76,,2,0
nwfsc_pacific_hake_survey,D20210909T075035_IFCB117,2021-09-09 07:50:35+00:00,117,4.8169368666666665,,,,,,,,85,,2,0
nwfsc_pacific_hake_survey,D20210909T081417_IFCB117,2021-09-09 08:14:17+00:00,117,4.877183591666666,,,,,,,,48,,2,0
nwfsc_pacific_hake_survey,D20210909T083800_IFCB117,2021-09-09 08:38:00+00:00,117,4.868372699999999,,,,,,,,107,,2,0
nwfsc_pacific_hake_survey,D20210909T090142_IFCB117,2021-09-09 09:01:42+00:00,117,4.671366816666667,,,,,,,,93,,2,0
nwfsc_pacific_hake_survey,D20210909T092524_IFCB117,2021-09-09 09:25:24+00:00,117,4.900136566666666,,,,,,,,53,,2,0
nwfsc_pacific_hake_survey,D20210909T094907_IFCB117,2021-09-09 09:49:07+00:00,117,4.716201316666667,,,,,,,,75,,2,0
nwfsc_pacific_hake_survey,D20210909T101249_IFCB117,2021-09-09 10:12:49+00:00,117,4.724445066666666,,,,,,,,50,,2,0
nwfsc_pacific_hake_survey,D20210909T103632_IFCB117,2021-09-09 10:36:32+00:00,117,4.676749595833333,,,,,,,,31,,2,0
nwfsc_pacific_hake_survey,D20210909T110014_IFCB117,2021-09-09 11:00:14+00:00,117,4.914794454166667,,,,,,,,61,,2,0
nwfsc_pacific_hake_survey,D20210909T112356_IFCB117,2021-09-09 11:23:56+00:00,117,4.961615595833333,,,,,,,,25,,2,0
nwfsc_pacific_hake_survey,D20210909T114740_IFCB117,2021-09-09 11:47:40+00:00,117,4.800541525000001,,,,,,,,44,,2,0
nwfsc_pacific_hake_survey,D20210909T121122_IFCB117,2021-09-09 12:11:22+00:00,117,4.754202404166666,,,,,,,,29,,2,0
nwfsc_pacific_hake_survey,D20210909T123505_IFCB117,2021-09-09 12:35:05+00:00,117,4.962643379166667,,,,,,,,23,,2,0
nwfsc_pacific_hake_survey,D20210909T125847_IFCB117,2021-09-09 12:58:47+00:00,117,4.9369842958333345,,,,,,,,47,,2,0
nwfsc_pacific_hake_survey,D20210909T132230_IFCB117,2021-09-09 13:22:30+00:00,117,4.900533745833333,,,,,,,,53,,2,0
nwfsc_pacific_hake_survey,D20210909T134612_IFCB117,2021-09-09 13:46:12+00:00,117,4.7536705291666665,,,,,,,,26,,2,0
nwfsc_pacific_hake_survey,D20210909T140954_IFCB117,2021-09-09 14:09:54+00:00,117,4.9682594416666666,,,,,,,,33,,2,0
nwfsc_pacific_hake_survey,D20210909T143337_IFCB117,2021-09-09 14:33:37+00:00,117,4.859863479166666,,,,,,,,49,,2,0
nwfsc_pacific_hake_survey,D20210909T145719_IFCB117,2021-09-09 14:57:19+00:00,117,4.804741733333333,,,,,,,,31,,2,0
nwfsc_pacific_hake_survey,D20210909T152102_IFCB117,2021-09-09 15:21:02+00:00,117,4.5967736624999995,,,,,,,,19,,2,0
nwfsc_pacific_hake_survey,D20210909T154444_IFCB117,2021-09-09 15:44:44+00:00,117,4.7675284375,,,,,,,,26,,2,0
nwfsc_pacific_hake_survey,D20210909T160827_IFCB117,2021-09-09 16:08:27+00:00,117,4.938704075,,,,,,,,29,,2,0
nwfsc_pacific_hake_survey,D20210909T163209_IFCB117,2021-09-09 16:32:09+00:00,117,4.488370733333334,,,,,,,,26,,2,0
nwfsc_pacific_hake_survey,D20210909T165552_IFCB117,2021-09-09 16:55:52+00:00,117,4.9470086,,,,,,,,29,,2,0
nwfsc_pacific_hake_survey,D20210909T171934_IFCB117,2021-09-09 17:19:34+00:00,117,4.885406704166667,,,,,,,,45,,2,0
nwfsc_pacific_hake_survey,D20210909T174316_IFCB117,2021-09-09 17:43:16+00:00,117,4.956211020833334,,,,,,,,33,,2,0
nwfsc_pacific_hake_survey,D20210909T180659_IFCB117,2021-09-09 18:06:59+00:00,117,4.352860070833333,,,,,,,,20,,2,0
nwfsc_pacific_hake_survey,D20210909T183041_IFCB117,2021-09-09 18:30:41+00:00,117,4.447880241666667,,,,,,,,24,,2,0
nwfsc_pacific_hake_survey,D20210909T185423_IFCB117,2021-09-09 18:54:23+00:00,117,4.6678695,,,,,,,,26,,2,0
nwfsc_pacific_hake_survey,D20210909T194410_IFCB117,2021-09-09 19:44:10+00:00,117,4.4540018375,,,,,,,,16,,2,0
nwfsc_pacific_hake_survey,D20210909T200753_IFCB117,2021-09-09 20:07:53+00:00,117,4.657162270833333,,,,,,,,30,,2,0
nwfsc_pacific_hake_survey,D20210909T203136_IFCB117,2021-09-09 20:31:36+00:00,117,4.8597184166666665,,,,,,,,20,,2,0
nwfsc_pacific_hake_survey,D20210909T205518_IFCB117,2021-09-09 20:55:18+00:00,117,4.860862279166667,,,,,,,,23,,2,0
nwfsc_pacific_hake_survey,D20210909T211901_IFCB117,2021-09-09 21:19:01+00:00,117,4.48348605,,,,,,,,21,,2,0
nwfsc_pacific_hake_survey,D20210909T214243_IFCB117,2021-09-09 21:42:43+00:00,117,4.495315916666667,,,,,,,,17,,2,0
nwfsc_pacific_hake_survey,D20210909T220625_IFCB117,2021-09-09 22:06:25+00:00,117,2.5048614833333334,,,,,,,,9,,2,0
nwfsc_pacific_hake_survey,D20210909T223007_IFCB117,2021-09-09 22:30:07+00:00,117,4.883862891666666,,,,,,,,16,,2,0
nwfsc_pacific_hake_survey,D20210909T225350_IFCB117,2021-09-09 22:53:50+00:00,117,3.536369966666667,,,,,,,,9,,2,0
nwfsc_pacific_hake_survey,D20210909T231734_IFCB117,2021-09-09 23:17:34+00:00,117,4.919536970833334,,,,,,,,26,,2,0
nwfsc_pacific_hake_survey,D20210909T234116_IFCB117,2021-09-09 23:41:16+00:00,117,4.558880870833333,,,,,,,,22,,2,0
nwfsc_pacific_hake_survey,D20210910T000458_IFCB117,2021-09-10 00:04:58+00:00,117,4.825689091666667,,,,,,,,12,,2,0
nwfsc_pacific_hake_survey,D20210910T002841_IFCB117,2021-09-10 00:28:41+00:00,117,4.340322275,,,,,,,,12,,2,0
nwfsc_pacific_hake_survey,D20210910T005223_IFCB117,2021-09-10 00:52:23+00:00,117,4.353932733333334,,,,,,,,9,,2,0
nwfsc_pacific_hake_survey,D20210910T011605_IFCB117,2021-09-10 01:16:05+00:00,117,4.6333560125,,,,,,,,19,,2,0
nwfsc_pacific_hake_survey,D20210910T013948_IFCB117,2021-09-10 01:39:48+00:00,117,4.0421124625,,,,,,,,13,,2,0
nwfsc_pacific_hake_survey,D20210910T020330_IFCB117,2021-09-10 02:03:30+00:00,117,4.819696675,,,,,,,,16,,2,0
nwfsc_pacific_hake_survey,D20210910T022714_IFCB117,2021-09-10 02:27:14+00:00,117,4.857950216666667,,,,,,,,16,,2,0
nwfsc_pacific_hake_survey,D20210910T025056_IFCB117,2021-09-10 02:50:56+00:00,117,4.3977841,,,,,,,,10,,2,0
nwfsc_pacific_hake_survey,D20210910T031438_IFCB117,2021-09-10 03:14:38+00:00,117,4.8104810375,,,,,,,,16,,2,0
nwfsc_pacific_hake_survey,D20210910T033821_IFCB117,2021-09-10 03:38:21+00:00,117,4.785206633333333,,,,,,,,13,,2,0
nwfsc_pacific_hake_survey,D20210910T040203_IFCB117,2021-09-10 04:02:03+00:00,117,4.218194625,,,,,,,,15,,2,0
nwfsc_pacific_hake_survey,D20210910T042545_IFCB117,2021-09-10 04:25:45+00:00,117,4.921531149999999,,,,,,,,48,,2,0
nwfsc_pacific_hake_survey,D20210910T044927_IFCB117,2021-09-10 04:49:27+00:00,117,4.6086739083333335,,,,,,,,491,,2,0
nwfsc_pacific_hake_survey,D20210910T051311_IFCB117,2021-09-10 05:13:11+00:00,117,3.5819665625,,,,,,,,2050,,2,0
nwfsc_pacific_hake_survey,D20210910T053653_IFCB117,2021-09-10 05:36:53+00:00,117,3.5919114416666673,,,,,,,,2022,,2,0
nwfsc_pacific_hake_survey,D20210910T060036_IFCB117,2021-09-10 06:00:36+00:00,117,3.7539870041666665,,,,,,,,1791,,2,0
nwfsc_pacific_hake_survey,D20210910T062418_IFCB117,2021-09-10 06:24:18+00:00,117,4.492901295833334,,,,,,,,704,,2,0
nwfsc_pacific_hake_survey,D20210910T064801_IFCB117,2021-09-10 06:48:01+00:00,117,4.7908179791666665,,,,,,,,256,,2,0
nwfsc_pacific_hake_survey,D20210910T071143_IFCB117,2021-09-10 07:11:43+00:00,117,4.818200891666667,,,,,,,,182,,2,0
nwfsc_pacific_hake_survey,D20210910T080129_IFCB117,2021-09-10 08:01:29+00:00,117,4.856550954166667,,,,,,,,39,,2,0
nwfsc_pacific_hake_survey,D20210910T082511_IFCB117,2021-09-10 08:25:11+00:00,117,4.87106475,,,,,,,,51,,2,0
nwfsc_pacific_hake_survey,D20210910T084854_IFCB117,2021-09-10 08:48:54+00:00,117,4.9285519125,,,,,,,,35,,2,0
nwfsc_pacific_hake_survey,D20210910T091236_IFCB117,2021-09-10 09:12:36+00:00,117,4.8049770875,,,,,,,,64,,2,0
nwfsc_pacific_hake_survey,D20210910T093618_IFCB117,2021-09-10 09:36:18+00:00,117,4.736172208333333,,,,,,,,38,,2,0
nwfsc_pacific_hake_survey,D20210910T100000_IFCB117,2021-09-10 10:00:00+00:00,117,4.866189004166667,,,,,,,,50,,2,0
nwfsc_pacific_hake_survey,D20210910T102343_IFCB117,2021-09-10 10:23:43+00:00,117,4.6855218375000005,,,,,,,,28,,2,0
nwfsc_pacific_hake_survey,D20210910T104725_IFCB117,2021-09-10 10:47:25+00:00,117,4.681341341666666,,,,,,,,46,,2,0
nwfsc_pacific_hake_survey,D20210910T111107_IFCB117,2021-09-10 11:11:07+00:00,117,4.417820258333333,,,,,,,,30,,2,0
nwfsc_pacific_hake_survey,D20210910T113449_IFCB117,2021-09-10 11:34:49+00:00,117,4.928885120833333,,,,,,,,33,,2,0
nwfsc_pacific_hake_survey,D20210910T115832_IFCB117,2021-09-10 11:58:32+00:00,117,4.745237583333333,,,,,,,,32,,2,0
nwfsc_pacific_hake_survey,D20210910T122214_IFCB117,2021-09-10 12:22:14+00:00,117,4.785017454166667,,,,,,,,25,,2,0
nwfsc_pacific_hake_survey,D20210910T124556_IFCB117,2021-09-10 12:45:56+00:00,117,4.889337595833334,,,,,,,,36,,2,0
nwfsc_pacific_hake_survey,D20210910T130938_IFCB117,2021-09-10 13:09:38+00:00,117,4.8200150125,,,,,,,,21,,2,0
nwfsc_pacific_hake_survey,D20210910T133320_IFCB117,2021-09-10 13:33:20+00:00,117,4.888812429166666,,,,,,,,27,,2,0
nwfsc_pacific_hake_survey,D20210910T135702_IFCB117,2021-09-10 13:57:02+00:00,117,4.529933720833333,,,,,,,,29,,2,0
nwfsc_pacific_hake_survey,D20210910T142045_IFCB117,2021-09-10 14:20:45+00:00,117,4.962928629166667,,,,,,,,18,,2,0
nwfsc_pacific_hake_survey,D20210910T144427_IFCB117,2021-09-10 14:44:27+00:00,117,4.801650066666667,,,,,,,,19,,2,0
nwfsc_pacific_hake_survey,D20210910T150809_IFCB117,2021-09-10 15:08:09+00:00,117,4.883147054166667,,,,,,,,22,,2,0
nwfsc_pacific_hake_survey,D20210910T153151_IFCB117,2021-09-10 15:31:51+00:00,117,4.944620025,,,,,,,,46,,2,0
nwfsc_pacific_hake_survey,D20210910T155534_IFCB117,2021-09-10 15:55:34+00:00,117,4.719480858333333,,,,,,,,34,,2,0
nwfsc_pacific_hake_survey,D20210910T161916_IFCB117,2021-09-10 16:19:16+00:00,117,4.901808466666666,,,,,,,,33,,2,0
nwfsc_pacific_hake_survey,D20210910T164258_IFCB117,2021-09-10 16:42:58+00:00,117,4.9467278666666665,,,,,,,,34,,2,0
nwfsc_pacific_hake_survey,D20210910T170641_IFCB117,2021-09-10 17:06:41+00:00,117,4.959080866666667,,,,,,,,39,,2,0
nwfsc_pacific_hake_survey,D20210910T173023_IFCB117,2021-09-10 17:30:23+00:00,117,4.776531837499999,,,,,,,,167,,2,0
nwfsc_pacific_hake_survey,D20210910T175405_IFCB117,2021-09-10 17:54:05+00:00,117,3.7808613083333333,,,,,,,,986,,2,0
nwfsc_pacific_hake_survey,D20210910T181714_IFCB117,2021-09-10 18:17:14+00:00,117,3.5130829166666664,,,,,,,,2134,,2,0
nwfsc_pacific_hake_survey,D20210910T184056_IFCB117,2021-09-10 18:40:56+00:00,117,3.609475829166667,,,,,,,,2015,,2,0
nwfsc_pacific_hake_survey,D20210910T190439_IFCB117,2021-09-10 19:04:39+00:00,117,3.5377529500000002,,,,,,,,2079,,2,0
nwfsc_pacific_hake_survey,D20210910T192822_IFCB117,2021-09-10 19:28:22+00:00,117,3.5482887291666665,,,,,,,,2079,,2,0
nwfsc_pacific_hake_survey,D20210910T201809_IFCB117,2021-09-10 20:18:09+00:00,117,4.025590666666667,,,,,,,,1407,,2,0
nwfsc_pacific_hake_survey,D20210910T204151_IFCB117,2021-09-10 20:41:51+00:00,117,3.8704357458333334,,,,,,,,1611,,2,0
nwfsc_pacific_hake_survey,D20210910T210533_IFCB117,2021-09-10 21:05:33+00:00,117,3.8706865208333334,,,,,,,,1627,,2,0
nwfsc_pacific_hake_survey,D20210910T212916_IFCB117,2021-09-10 21:29:16+00:00,117,4.097306791666667,,,,,,,,1307,,2,0
nwfsc_pacific_hake_survey,D20210910T215258_IFCB117,2021-09-10 21:52:58+00:00,117,4.250154758333333,,,,,,,,1089,,2,0
nwfsc_pacific_hake_survey,D20210910T221640_IFCB117,2021-09-10 22:16:40+00:00,117,4.294060745833334,,,,,,,,1022,,2,0
nwfsc_pacific_hake_survey,D20210910T224022_IFCB117,2021-09-10 22:40:22+00:00,117,4.235229120833333,,,,,,,,1105,,2,0
nwfsc_pacific_hake_survey,D20210910T230405_IFCB117,2021-09-10 23:04:05+00:00,117,4.3331635375,,,,,,,,982,,2,0
nwfsc_pacific_hake_survey,D20210910T232747_IFCB117,2021-09-10 23:27:47+00:00,117,4.324945266666666,,,,,,,,978,,2,0
nwfsc_pacific_hake_survey,D20210910T235129_IFCB117,2021-09-10 23:51:29+00:00,117,4.245246624999999,,,,,,,,1061,,2,0
nwfsc_pacific_hake_survey,D20210911T001512_IFCB117,2021-09-11 00:15:12+00:00,117,4.322521166666666,,,,,,,,986,,2,0
nwfsc_pacific_hake_survey,D20210911T003854_IFCB117,2021-09-11 00:38:54+00:00,117,4.355714420833333,,,,,,,,951,,2,0
nwfsc_pacific_hake_survey,D20210911T010236_IFCB117,2021-09-11 01:02:36+00:00,117,4.396113941666667,,,,,,,,862,,2,0
nwfsc_pacific_hake_survey,D20210911T012618_IFCB117,2021-09-11 01:26:18+00:00,117,4.5211822,,,,,,,,716,,2,0
nwfsc_pacific_hake_survey,D20210911T015001_IFCB117,2021-09-11 01:50:01+00:00,117,4.5525053875,,,,,,,,667,,2,0
nwfsc_pacific_hake_survey,D20210911T021343_IFCB117,2021-09-11 02:13:43+00:00,117,4.5832231625,,,,,,,,595,,2,0
nwfsc_pacific_hake_survey,D20210911T023725_IFCB117,2021-09-11 02:37:25+00:00,117,4.608439020833333,,,,,,,,552,,2,0
nwfsc_pacific_hake_survey,D20210911T030107_IFCB117,2021-09-11 03:01:07+00:00,117,4.6735068291666675,,,,,,,,481,,2,0
nwfsc_pacific_hake_survey,D20210911T032449_IFCB117,2021-09-11 03:24:49+00:00,117,4.668357033333334,,,,,,,,450,,2,0
nwfsc_pacific_hake_survey,D20210911T034832_IFCB117,2021-09-11 03:48:32+00:00,117,4.685793875000001,,,,,,,,371,,2,0
nwfsc_pacific_hake_survey,D20210911T041214_IFCB117,2021-09-11 04:12:14+00:00,117,4.729411458333333,,,,,,,,389,,2,0
nwfsc_pacific_hake_survey,D20210911T043557_IFCB117,2021-09-11 04:35:57+00:00,117,4.7400433125,,,,,,,,359,,2,0
nwfsc_pacific_hake_survey,D20210911T045939_IFCB117,2021-09-11 04:59:39+00:00,117,4.7354930625,,,,,,,,363,,2,0
nwfsc_pacific_hake_survey,D20210911T052323_IFCB117,2021-09-11 05:23:23+00:00,117,4.728828125000001,,,,,,,,394,,2,0
nwfsc_pacific_hake_survey,D20210911T054705_IFCB117,2021-09-11 05:47:05+00:00,117,4.724242466666667,,,,,,,,320,,2,0
nwfsc_pacific_hake_survey,D20210911T061047_IFCB117,2021-09-11 06:10:47+00:00,117,4.8174909291666665,,,,,,,,257,,2,0
nwfsc_pacific_hake_survey,D20210911T063429_IFCB117,2021-09-11 06:34:29+00:00,117,4.807266283333333,,,,,,,,202,,2,0
nwfsc_pacific_hake_survey,D20210911T065812_IFCB117,2021-09-11 06:58:12+00:00,117,4.847808666666666,,,,,,,,181,,2,0
nwfsc_pacific_hake_survey,D20210911T072154_IFCB117,2021-09-11 07:21:54+00:00,117,4.873850466666667,,,,,,,,161,,2,0
nwfsc_pacific_hake_survey,D20210911T074536_IFCB117,2021-09-11 07:45:36+00:00,117,4.878215666666667,,,,,,,,128,,2,0
nwfsc_pacific_hake_survey,D20210911T083522_IFCB117,2021-09-11 08:35:22+00:00,117,4.877910083333333,,,,,,,,35,,2,0
nwfsc_pacific_hake_survey,D20210911T085904_IFCB117,2021-09-11 08:59:04+00:00,117,4.776322608333333,,,,,,,,39,,2,0
nwfsc_pacific_hake_survey,D20210911T092247_IFCB117,2021-09-11 09:22:47+00:00,117,4.714641783333333,,,,,,,,32,,2,0
nwfsc_pacific_hake_survey,D20210911T094629_IFCB117,2021-09-11 09:46:29+00:00,117,4.8585776,,,,,,,,25,,2,0
nwfsc_pacific_hake_survey,D20210911T101011_IFCB117,2021-09-11 10:10:11+00:00,117,4.416556704166666,,,,,,,,21,,2,0
nwfsc_pacific_hake_survey,D20210911T103353_IFCB117,2021-09-11 10:33:53+00:00,117,4.0121540541666665,,,,,,,,31,,2,0
nwfsc_pacific_hake_survey,D20210911T105735_IFCB117,2021-09-11 10:57:35+00:00,117,4.5469897999999995,,,,,,,,17,,2,0
nwfsc_pacific_hake_survey,D20210911T112118_IFCB117,2021-09-11 11:21:18+00:00,117,4.7164554125,,,,,,,,24,,2,0
nwfsc_pacific_hake_survey,D20210911T114500_IFCB117,2021-09-11 11:45:00+00:00,117,4.672410508333333,,,,,,,,26,,2,0
nwfsc_pacific_hake_survey,D20210911T120842_IFCB117,2021-09-11 12:08:42+00:00,117,4.218201016666667,,,,,,,,21,,2,0
nwfsc_pacific_hake_survey,D20210911T123224_IFCB117,2021-09-11 12:32:24+00:00,117,4.756418133333333,,,,,,,,19,,2,0
nwfsc_pacific_hake_survey,D20210911T125606_IFCB117,2021-09-11 12:56:06+00:00,117,4.797525704166666,,,,,,,,15,,2,0
nwfsc_pacific_hake_survey,D20210911T131948_IFCB117,2021-09-11 13:19:48+00:00,117,4.6342136541666665,,,,,,,,13,,2,0
nwfsc_pacific_hake_survey,D20210911T134330_IFCB117,2021-09-11 13:43:30+00:00,117,4.451818149999999,,,,,,,,11,,2,0
nwfsc_pacific_hake_survey,D20210911T140712_IFCB117,2021-09-11 14:07:12+00:00,117,4.463570854166667,,,,,,,,27,,2,0
nwfsc_pacific_hake_survey,D20210911T143055_IFCB117,2021-09-11 14:30:55+00:00,117,4.8994515708333335,,,,,,,,16,,2,0
nwfsc_pacific_hake_survey,D20210911T145437_IFCB117,2021-09-11 14:54:37+00:00,117,4.904615425,,,,,,,,19,,2,0
nwfsc_pacific_hake_survey,D20210911T151819_IFCB117,2021-09-11 15:18:19+00:00,117,4.8043915083333335,,,,,,,,13,,2,0
nwfsc_pacific_hake_survey,D20210911T154201_IFCB117,2021-09-11 15:42:01+00:00,117,4.581722554166666,,,,,,,,22,,2,0
nwfsc_pacific_hake_survey,D20210911T160543_IFCB117,2021-09-11 16:05:43+00:00,117,4.486326395833333,,,,,,,,25,,2,0
nwfsc_pacific_hake_survey,D20210911T162925_IFCB117,2021-09-11 16:29:25+00:00,117,4.9674926125,,,,,,,,16,,2,0
nwfsc_pacific_hake_survey,D20210911T165307_IFCB117,2021-09-11 16:53:07+00:00,117,4.614297941666667,,,,,,,,19,,2,0
nwfsc_pacific_hake_survey,D20210911T171650_IFCB117,2021-09-11 17:16:50+00:00,117,4.581316966666666,,,,,,,,24,,2,0
nwfsc_pacific_hake_survey,D20210911T174032_IFCB117,2021-09-11 17:40:32+00:00,117,4.686874495833333,,,,,,,,22,,2,0
nwfsc_pacific_hake_survey,D20210911T180414_IFCB117,2021-09-11 18:04:14+00:00,117,4.5112967125,,,,,,,,20,,2,0
nwfsc_pacific_hake_survey,D20210911T182757_IFCB117,2021-09-11 18:27:57+00:00,117,4.938183545833334,,,,,,,,24,,2,0
nwfsc_pacific_hake_survey,D20210911T185139_IFCB117,2021-09-11 18:51:39+00:00,117,4.624388525,,,,,,,,23,,2,0
nwfsc_pacific_hake_survey,D20210911T191521_IFCB117,2021-09-11 19:15:21+00:00,117,4.771180429166666,,,,,,,,24,,2,0
nwfsc_pacific_hake_survey,D20210911T193903_IFCB117,2021-09-11 19:39:03+00:00,117,4.828654441666667,,,,,,,,34,,2,0
nwfsc_pacific_hake_survey,D20210911T200245_IFCB117,2021-09-11 20:02:45+00:00,117,4.7664152,,,,,,,,33,,2,0
nwfsc_pacific_hake_survey,D20210911T205232_IFCB117,2021-09-11 20:52:32+00:00,117,4.411912766666666,,,,,,,,16,,2,0
nwfsc_pacific_hake_survey,D20210911T211614_IFCB117,2021-09-11 21:16:14+00:00,117,4.9075323375,,,,,,,,27,,2,0
nwfsc_pacific_hake_survey,D20210911T213956_IFCB117,2021-09-11 21:39:56+00:00,117,4.90122415,,,,,,,,38,,2,0
nwfsc_pacific_hake_survey,D20210911T220338_IFCB117,2021-09-11 22:03:38+00:00,117,4.6679133833333335,,,,,,,,20,,2,0
nwfsc_pacific_hake_survey,D20210911T222720_IFCB117,2021-09-11 22:27:20+00:00,117,4.0861670750000005,,,,,,,,21,,2,0
nwfsc_pacific_hake_survey,D20210911T225102_IFCB117,2021-09-11 22:51:02+00:00,117,4.860961383333334,,,,,,,,21,,2,0
nwfsc_pacific_hake_survey,D20210911T231444_IFCB117,2021-09-11 23:14:44+00:00,117,4.615774225,,,,,,,,17,,2,0
nwfsc_pacific_hake_survey,D20210911T233826_IFCB117,2021-09-11 23:38:26+00:00,117,4.737442570833333,,,,,,,,16,,2,0
nwfsc_pacific_hake_survey,D20210912T000209_IFCB117,2021-09-12 00:02:09+00:00,117,4.975300483333333,,,,,,,,12,,2,0
nwfsc_pacific_hake_survey,D20210912T002551_IFCB117,2021-09-12 00:25:51+00:00,117,4.605529404166666,,,,,,,,18,,2,0
nwfsc_pacific_hake_survey,D20210912T004933_IFCB117,2021-09-12 00:49:33+00:00,117,4.861300845833332,,,,,,,,18,,2,0
nwfsc_pacific_hake_survey,D20210912T011315_IFCB117,2021-09-12 01:13:15+00:00,117,4.901669929166667,,,,,,,,20,,2,0
nwfsc_pacific_hake_survey,D20210912T013657_IFCB117,2021-09-12 01:36:57+00:00,117,4.395623400000001,,,,,,,,9,,2,0
nwfsc_pacific_hake_survey,D20210912T020039_IFCB117,2021-09-12 02:00:39+00:00,117,4.8134832625,,,,,,,,91,,2,0
nwfsc_pacific_hake_survey,D20210912T022421_IFCB117,2021-09-12 02:24:21+00:00,117,4.860523004166667,,,,,,,,131,,2,0
nwfsc_pacific_hake_survey,D20210912T024803_IFCB117,2021-09-12 02:48:03+00:00,117,4.784089091666667,,,,,,,,130,,2,0
nwfsc_pacific_hake_survey,D20210912T031146_IFCB117,2021-09-12 03:11:46+00:00,117,4.7972006125,,,,,,,,237,,2,0
nwfsc_pacific_hake_survey,D20210912T033528_IFCB117,2021-09-12 03:35:28+00:00,117,4.777777958333333,,,,,,,,284,,2,0
nwfsc_pacific_hake_survey,D20210912T035910_IFCB117,2021-09-12 03:59:10+00:00,117,4.677865124999999,,,,,,,,381,,2,0
nwfsc_pacific_hake_survey,D20210912T042252_IFCB117,2021-09-12 04:22:52+00:00,117,4.6218291125,,,,,,,,483,,2,0
nwfsc_pacific_hake_survey,D20210912T044634_IFCB117,2021-09-12 04:46:34+00:00,117,4.610154920833334,,,,,,,,508,,2,0
nwfsc_pacific_hake_survey,D20210912T051016_IFCB117,2021-09-12 05:10:16+00:00,117,4.633710404166666,,,,,,,,468,,2,0
nwfsc_pacific_hake_survey,D20210912T053359_IFCB117,2021-09-12 05:33:59+00:00,117,4.7045662625,,,,,,,,383,,2,0
nwfsc_pacific_hake_survey,D20210912T055741_IFCB117,2021-09-12 05:57:41+00:00,117,4.725976037500001,,,,,,,,288,,2,0
nwfsc_pacific_hake_survey,D20210912T062123_IFCB117,2021-09-12 06:21:23+00:00,117,4.719300958333333,,,,,,,,343,,2,0
nwfsc_pacific_hake_survey,D20210912T064505_IFCB117,2021-09-12 06:45:05+00:00,117,4.707460766666667,,,,,,,,348,,2,0
nwfsc_pacific_hake_survey,D20210912T070848_IFCB117,2021-09-12 07:08:48+00:00,117,4.7501926375000005,,,,,,,,306,,2,0
nwfsc_pacific_hake_survey,D20210912T073230_IFCB117,2021-09-12 07:32:30+00:00,117,4.7787081625,,,,,,,,265,,2,0
nwfsc_pacific_hake_survey,D20210912T075612_IFCB117,2021-09-12 07:56:12+00:00,117,4.7492062,,,,,,,,192,,2,0
nwfsc_pacific_hake_survey,D20210912T081954_IFCB117,2021-09-12 08:19:54+00:00,117,4.7104752625,,,,,,,,115,,2,0
nwfsc_pacific_hake_survey,D20210912T090920_IFCB117,2021-09-12 09:09:20+00:00,117,4.877816125,,,,,,,,17,,2,0
nwfsc_pacific_hake_survey,D20210912T093303_IFCB117,2021-09-12 09:33:03+00:00,117,4.914666420833332,,,,,,,,66,,2,0
nwfsc_pacific_hake_survey,D20210912T095645_IFCB117,2021-09-12 09:56:45+00:00,117,4.694089825,,,,,,,,64,,2,0
nwfsc_pacific_hake_survey,D20210912T102027_IFCB117,2021-09-12 10:20:27+00:00,117,4.8784624999999995,,,,,,,,63,,2,0
nwfsc_pacific_hake_survey,D20210912T104409_IFCB117,2021-09-12 10:44:09+00:00,117,4.907065983333333,,,,,,,,57,,2,0
nwfsc_pacific_hake_survey,D20210912T110752_IFCB117,2021-09-12 11:07:52+00:00,117,4.731186279166667,,,,,,,,41,,2,0
nwfsc_pacific_hake_survey,D20210912T113134_IFCB117,2021-09-12 11:31:34+00:00,117,4.717081816666667,,,,,,,,34,,2,0
nwfsc_pacific_hake_survey,D20210912T115516_IFCB117,2021-09-12 11:55:16+00:00,117,4.1365961,,,,,,,,37,,2,0
nwfsc_pacific_hake_survey,D20210912T121858_IFCB117,2021-09-12 12:18:58+00:00,117,4.933822458333334,,,,,,,,56,,2,0
nwfsc_pacific_hake_survey,D20210912T124241_IFCB117,2021-09-12 12:42:41+00:00,117,4.887316795833334,,,,,,,,44,,2,0
nwfsc_pacific_hake_survey,D20210912T130623_IFCB117,2021-09-12 13:06:23+00:00,117,4.7233461000000005,,,,,,,,39,,2,0
nwfsc_pacific_hake_survey,D20210912T133005_IFCB117,2021-09-12 13:30:05+00:00,117,4.6779168208333335,,,,,,,,52,,2,0
nwfsc_pacific_hake_survey,D20210912T135347_IFCB117,2021-09-12 13:53:47+00:00,117,4.9352745958333335,,,,,,,,44,,2,0
nwfsc_pacific_hake_survey,D20210912T141729_IFCB117,2021-09-12 14:17:29+00:00,117,4.7510669375,,,,,,,,23,,2,0
nwfsc_pacific_hake_survey,D20210912T144113_IFCB117,2021-09-12 14:41:13+00:00,117,4.9499820083333335,,,,,,,,32,,2,0
nwfsc_pacific_hake_survey,D20210912T150455_IFCB117,2021-09-12 15:04:55+00:00,117,4.902820116666667,,,,,,,,28,,2,0
nwfsc_pacific_hake_survey,D20210912T152837_IFCB117,2021-09-12 15:28:37+00:00,117,4.588329245833334,,,,,,,,32,,2,0
nwfsc_pacific_hake_survey,D20210912T155220_IFCB117,2021-09-12 15:52:20+00:00,117,4.816398391666667,,,,,,,,20,,2,0
nwfsc_pacific_hake_survey,D20210912T161602_IFCB117,2021-09-12 16:16:02+00:00,117,4.964141683333334,,,,,,,,22,,2,0
nwfsc_pacific_hake_survey,D20210912T163944_IFCB117,2021-09-12 16:39:44+00:00,117,4.5883147875,,,,,,,,20,,2,0
nwfsc_pacific_hake_survey,D20210912T170327_IFCB117,2021-09-12 17:03:27+00:00,117,4.122637470833333,,,,,,,,17,,2,0
nwfsc_pacific_hake_survey,D20210912T172709_IFCB117,2021-09-12 17:27:09+00:00,117,4.924978587500001,,,,,,,,19,,2,0
nwfsc_pacific_hake_survey,D20210912T175051_IFCB117,2021-09-12 17:50:51+00:00,117,4.761037279166667,,,,,,,,16,,2,0
nwfsc_pacific_hake_survey,D20210912T181433_IFCB117,2021-09-12 18:14:33+00:00,117,4.423642479166667,,,,,,,,18,,2,0
nwfsc_pacific_hake_survey,D20210912T183816_IFCB117,2021-09-12 18:38:16+00:00,117,4.770676895833333,,,,,,,,20,,2,0
nwfsc_pacific_hake_survey,D20210912T190158_IFCB117,2021-09-12 19:01:58+00:00,117,4.956089716666667,,,,,,,,9,,2,0
nwfsc_pacific_hake_survey,D20210912T192540_IFCB117,2021-09-12 19:25:40+00:00,117,4.781789416666667,,,,,,,,23,,2,0
nwfsc_pacific_hake_survey,D20210912T194922_IFCB117,2021-09-12 19:49:22+00:00,117,4.774334229166667,,,,,,,,12,,2,0
nwfsc_pacific_hake_survey,D20210912T201304_IFCB117,2021-09-12 20:13:04+00:00,117,4.9515855208333335,,,,,,,,25,,2,0
nwfsc_pacific_hake_survey,D20210912T203646_IFCB117,2021-09-12 20:36:46+00:00,117,4.9178498625,,,,,,,,29,,2,0
nwfsc_pacific_hake_survey,D20210912T212611_IFCB117,2021-09-12 21:26:11+00:00,117,4.858938404166667,,,,,,,,37,,2,0
nwfsc_pacific_hake_survey,D20210912T214953_IFCB117,2021-09-12 21:49:53+00:00,117,4.852055854166666,,,,,,,,149,,2,0
nwfsc_pacific_hake_survey,D20210912T221336_IFCB117,2021-09-12 22:13:36+00:00,117,4.784860704166666,,,,,,,,262,,2,0
nwfsc_pacific_hake_survey,D20210912T223719_IFCB117,2021-09-12 22:37:19+00:00,117,4.7186099624999995,,,,,,,,357,,2,0
nwfsc_pacific_hake_survey,D20210912T230101_IFCB117,2021-09-12 23:01:01+00:00,117,4.697745154166667,,,,,,,,288,,2,0
nwfsc_pacific_hake_survey,D20210912T232443_IFCB117,2021-09-12 23:24:43+00:00,117,4.710563216666666,,,,,,,,353,,2,0
nwfsc_pacific_hake_survey,D20210912T234825_IFCB117,2021-09-12 23:48:25+00:00,117,4.734725154166667,,,,,,,,290,,2,0
nwfsc_pacific_hake_survey,D20210913T001207_IFCB117,2021-09-13 00:12:07+00:00,117,4.7435763458333335,,,,,,,,309,,2,0
nwfsc_pacific_hake_survey,D20210913T003550_IFCB117,2021-09-13 00:35:50+00:00,117,4.737816395833334,,,,,,,,310,,2,0
nwfsc_pacific_hake_survey,D20210913T005932_IFCB117,2021-09-13 00:59:32+00:00,117,4.691964816666667,,,,,,,,359,,2,0
nwfsc_pacific_hake_survey,D20210913T012314_IFCB117,2021-09-13 01:23:14+00:00,117,4.678196758333333,,,,,,,,340,,2,0
nwfsc_pacific_hake_survey,D20210913T014657_IFCB117,2021-09-13 01:46:57+00:00,117,4.673923891666666,,,,,,,,343,,2,0
nwfsc_pacific_hake_survey,D20210913T021039_IFCB117,2021-09-13 02:10:39+00:00,117,4.723265445833333,,,,,,,,348,,2,0
nwfsc_pacific_hake_survey,D20210913T023422_IFCB117,2021-09-13 02:34:22+00:00,117,4.7425204375,,,,,,,,305,,2,0
nwfsc_pacific_hake_survey,D20210913T025804_IFCB117,2021-09-13 02:58:04+00:00,117,4.719832266666667,,,,,,,,349,,2,0
nwfsc_pacific_hake_survey,D20210913T032146_IFCB117,2021-09-13 03:21:46+00:00,117,4.712681995833333,,,,,,,,255,,2,0
nwfsc_pacific_hake_survey,D20210913T034529_IFCB117,2021-09-13 03:45:29+00:00,117,4.809654666666666,,,,,,,,229,,2,0
nwfsc_pacific_hake_survey,D20210913T040911_IFCB117,2021-09-13 04:09:11+00:00,117,4.7863439875000005,,,,,,,,236,,2,0
nwfsc_pacific_hake_survey,D20210913T043253_IFCB117,2021-09-13 04:32:53+00:00,117,4.784831416666666,,,,,,,,212,,2,0
nwfsc_pacific_hake_survey,D20210913T045635_IFCB117,2021-09-13 04:56:35+00:00,117,4.832928204166667,,,,,,,,186,,2,0
nwfsc_pacific_hake_survey,D20210913T052018_IFCB117,2021-09-13 05:20:18+00:00,117,4.826186070833333,,,,,,,,178,,2,0
nwfsc_pacific_hake_survey,D20210913T054400_IFCB117,2021-09-13 05:44:00+00:00,117,4.818541729166666,,,,,,,,175,,2,0
nwfsc_pacific_hake_survey,D20210913T060742_IFCB117,2021-09-13 06:07:42+00:00,117,4.8741795125000005,,,,,,,,120,,2,0
nwfsc_pacific_hake_survey,D20210913T063124_IFCB117,2021-09-13 06:31:24+00:00,117,4.865617812500001,,,,,,,,140,,2,0
nwfsc_pacific_hake_survey,D20210913T065506_IFCB117,2021-09-13 06:55:06+00:00,117,4.906924533333334,,,,,,,,104,,2,0
nwfsc_pacific_hake_survey,D20210913T071849_IFCB117,2021-09-13 07:18:49+00:00,117,4.840010254166667,,,,,,,,67,,2,0
nwfsc_pacific_hake_survey,D20210913T074231_IFCB117,2021-09-13 07:42:31+00:00,117,4.8207209125,,,,,,,,79,,2,0
nwfsc_pacific_hake_survey,D20210913T080613_IFCB117,2021-09-13 08:06:13+00:00,117,4.7894760375,,,,,,,,151,,2,0
nwfsc_pacific_hake_survey,D20210913T082955_IFCB117,2021-09-13 08:29:55+00:00,117,4.7592047625000005,,,,,,,,102,,2,0
nwfsc_pacific_hake_survey,D20210913T085337_IFCB117,2021-09-13 08:53:37+00:00,117,4.759639637499999,,,,,,,,89,,2,0
nwfsc_pacific_hake_survey,D20210913T094302_IFCB117,2021-09-13 09:43:02+00:00,117,4.954241833333333,,,,,,,,26,,2,0
nwfsc_pacific_hake_survey,D20210913T100644_IFCB117,2021-09-13 10:06:44+00:00,117,4.810149820833334,,,,,,,,37,,2,0
nwfsc_pacific_hake_survey,D20210913T103027_IFCB117,2021-09-13 10:30:27+00:00,117,4.732899404166667,,,,,,,,16,,2,0
nwfsc_pacific_hake_survey,D20210913T105409_IFCB117,2021-09-13 10:54:09+00:00,117,4.287325966666668,,,,,,,,32,,2,0
nwfsc_pacific_hake_survey,D20210913T111751_IFCB117,2021-09-13 11:17:51+00:00,117,4.854212658333334,,,,,,,,28,,2,0
nwfsc_pacific_hake_survey,D20210913T114133_IFCB117,2021-09-13 11:41:33+00:00,117,4.770368333333334,,,,,,,,30,,2,0
nwfsc_pacific_hake_survey,D20210913T120516_IFCB117,2021-09-13 12:05:16+00:00,117,4.9403438333333325,,,,,,,,36,,2,0
nwfsc_pacific_hake_survey,D20210913T122858_IFCB117,2021-09-13 12:28:58+00:00,117,4.142095558333334,,,,,,,,38,,2,0
nwfsc_pacific_hake_survey,D20210913T125240_IFCB117,2021-09-13 12:52:40+00:00,117,4.918177708333333,,,,,,,,64,,2,0
nwfsc_pacific_hake_survey,D20210913T131622_IFCB117,2021-09-13 13:16:22+00:00,117,4.814947954166667,,,,,,,,65,,2,0
nwfsc_pacific_hake_survey,D20210913T134004_IFCB117,2021-09-13 13:40:04+00:00,117,4.893174354166667,,,,,,,,89,,2,0
nwfsc_pacific_hake_survey,D20210913T140346_IFCB117,2021-09-13 14:03:46+00:00,117,4.874101208333333,,,,,,,,93,,2,0
nwfsc_pacific_hake_survey,D20210913T142729_IFCB117,2021-09-13 14:27:29+00:00,117,4.869244241666666,,,,,,,,105,,2,0
nwfsc_pacific_hake_survey,D20210913T145111_IFCB117,2021-09-13 14:51:11+00:00,117,4.815592575,,,,,,,,107,,2,0
nwfsc_pacific_hake_survey,D20210913T151453_IFCB117,2021-09-13 15:14:53+00:00,117,4.695309083333333,,,,,,,,114,,2,0
nwfsc_pacific_hake_survey,D20210913T153835_IFCB117,2021-09-13 15:38:35+00:00,117,4.7750356875,,,,,,,,123,,2,0
nwfsc_pacific_hake_survey,D20210913T160217_IFCB117,2021-09-13 16:02:17+00:00,117,4.8390889125,,,,,,,,106,,2,0
nwfsc_pacific_hake_survey,D20210913T162559_IFCB117,2021-09-13 16:25:59+00:00,117,4.868390333333333,,,,,,,,110,,2,0
nwfsc_pacific_hake_survey,D20210913T164941_IFCB117,2021-09-13 16:49:41+00:00,117,4.750354454166667,,,,,,,,130,,2,0
nwfsc_pacific_hake_survey,D20210913T171324_IFCB117,2021-09-13 17:13:24+00:00,117,4.7382621333333335,,,,,,,,122,,2,0
nwfsc_pacific_hake_survey,D20210913T173706_IFCB117,2021-09-13 17:37:06+00:00,117,4.72588915,,,,,,,,123,,2,0
nwfsc_pacific_hake_survey,D20210913T180048_IFCB117,2021-09-13 18:00:48+00:00,117,4.8549111875,,,,,,,,97,,2,0
nwfsc_pacific_hake_survey,D20210913T182430_IFCB117,2021-09-13 18:24:30+00:00,117,4.868112729166667,,,,,,,,121,,2,0
nwfsc_pacific_hake_survey,D20210913T184813_IFCB117,2021-09-13 18:48:13+00:00,117,4.729976870833334,,,,,,,,91,,2,0
nwfsc_pacific_hake_survey,D20210913T191155_IFCB117,2021-09-13 19:11:55+00:00,117,4.9013593375,,,,,,,,89,,2,0
nwfsc_pacific_hake_survey,D20210913T193538_IFCB117,2021-09-13 19:35:38+00:00,117,4.828236029166667,,,,,,,,83,,2,0
nwfsc_pacific_hake_survey,D20210913T195920_IFCB117,2021-09-13 19:59:20+00:00,117,4.918044495833333,,,,,,,,76,,2,0
nwfsc_pacific_hake_survey,D20210913T202302_IFCB117,2021-09-13 20:23:02+00:00,117,4.6649926583333325,,,,,,,,98,,2,0
nwfsc_pacific_hake_survey,D20210913T204645_IFCB117,2021-09-13 20:46:45+00:00,117,4.5551296,,,,,,,,60,,2,0
nwfsc_pacific_hake_survey,D20210913T211027_IFCB117,2021-09-13 21:10:27+00:00,117,4.7768592750000005,,,,,,,,65,,2,0
nwfsc_pacific_hake_survey,D20210913T220013_IFCB117,2021-09-13 22:00:13+00:00,117,4.040122208333333,,,,,,,,12,,2,0
nwfsc_pacific_hake_survey,D20210913T222355_IFCB117,2021-09-13 22:23:55+00:00,117,4.1938881,,,,,,,,12,,2,0
nwfsc_pacific_hake_survey,D20210913T224738_IFCB117,2021-09-13 22:47:38+00:00,117,4.861746854166667,,,,,,,,26,,2,0
nwfsc_pacific_hake_survey,D20210913T231120_IFCB117,2021-09-13 23:11:20+00:00,117,4.2590673125,,,,,,,,19,,2,0
nwfsc_pacific_hake_survey,D20210913T233502_IFCB117,2021-09-13 23:35:02+00:00,117,4.8813041791666665,,,,,,,,22,,2,0
nwfsc_pacific_hake_survey,D20210913T235844_IFCB117,2021-09-13 23:58:44+00:00,117,4.402814599999999,,,,,,,,30,,2,0
nwfsc_pacific_hake_survey,D20210914T002226_IFCB117,2021-09-14 00:22:26+00:00,117,4.810721941666667,,,,,,,,18,,2,0
nwfsc_pacific_hake_survey,D20210914T004608_IFCB117,2021-09-14 00:46:08+00:00,117,4.5352018125,,,,,,,,24,,2,0
nwfsc_pacific_hake_survey,D20210914T010951_IFCB117,2021-09-14 01:09:51+00:00,117,4.344301262499999,,,,,,,,26,,2,0
nwfsc_pacific_hake_survey,D20210914T013333_IFCB117,2021-09-14 01:33:33+00:00,117,4.119984991666667,,,,,,,,22,,2,0
nwfsc_pacific_hake_survey,D20210914T015715_IFCB117,2021-09-14 01:57:15+00:00,117,4.766926874999999,,,,,,,,36,,2,0
nwfsc_pacific_hake_survey,D20210914T022057_IFCB117,2021-09-14 02:20:57+00:00,117,4.919414258333333,,,,,,,,56,,2,0
nwfsc_pacific_hake_survey,D20210914T024439_IFCB117,2021-09-14 02:44:39+00:00,117,4.910911775,,,,,,,,79,,2,0
nwfsc_pacific_hake_survey,D20210914T030821_IFCB117,2021-09-14 03:08:21+00:00,117,4.915693975,,,,,,,,94,,2,0
nwfsc_pacific_hake_survey,D20210914T033203_IFCB117,2021-09-14 03:32:03+00:00,117,4.851945295833334,,,,,,,,72,,2,0
nwfsc_pacific_hake_survey,D20210914T035545_IFCB117,2021-09-14 03:55:45+00:00,117,4.8024267499999995,,,,,,,,71,,2,0
nwfsc_pacific_hake_survey,D20210914T041928_IFCB117,2021-09-14 04:19:28+00:00,117,4.910298004166666,,,,,,,,67,,2,0
nwfsc_pacific_hake_survey,D20210914T044310_IFCB117,2021-09-14 04:43:10+00:00,117,4.5435125124999995,,,,,,,,51,,2,0
nwfsc_pacific_hake_survey,D20210914T050652_IFCB117,2021-09-14 05:06:52+00:00,117,4.885725241666666,,,,,,,,84,,2,0
nwfsc_pacific_hake_survey,D20210914T053036_IFCB117,2021-09-14 05:30:36+00:00,117,4.829744179166666,,,,,,,,73,,2,0
nwfsc_pacific_hake_survey,D20210914T055418_IFCB117,2021-09-14 05:54:18+00:00,117,4.7515341,,,,,,,,54,,2,0
nwfsc_pacific_hake_survey,D20210914T061801_IFCB117,2021-09-14 06:18:01+00:00,117,4.767790408333334,,,,,,,,53,,2,0
nwfsc_pacific_hake_survey,D20210914T064144_IFCB117,2021-09-14 06:41:44+00:00,117,4.659594254166667,,,,,,,,60,,2,0
nwfsc_pacific_hake_survey,D20210914T070526_IFCB117,2021-09-14 07:05:26+00:00,117,4.878452058333333,,,,,,,,62,,2,0
nwfsc_pacific_hake_survey,D20210914T072908_IFCB117,2021-09-14 07:29:08+00:00,117,4.908331254166667,,,,,,,,45,,2,0
nwfsc_pacific_hake_survey,D20210914T075251_IFCB117,2021-09-14 07:52:51+00:00,117,4.374860920833333,,,,,,,,47,,2,0
nwfsc_pacific_hake_survey,D20210914T081633_IFCB117,2021-09-14 08:16:33+00:00,117,4.9113137375,,,,,,,,37,,2,0
nwfsc_pacific_hake_survey,D20210914T084015_IFCB117,2021-09-14 08:40:15+00:00,117,4.762989329166667,,,,,,,,43,,2,0
nwfsc_pacific_hake_survey,D20210914T090357_IFCB117,2021-09-14 09:03:57+00:00,117,4.804271558333332,,,,,,,,60,,2,0
nwfsc_pacific_hake_survey,D20210914T092739_IFCB117,2021-09-14 09:27:39+00:00,117,4.733271104166666,,,,,,,,56,,2,0
nwfsc_pacific_hake_survey,D20210914T101726_IFCB117,2021-09-14 10:17:26+00:00,117,4.4704092583333335,,,,,,,,23,,2,0
nwfsc_pacific_hake_survey,D20210914T104108_IFCB117,2021-09-14 10:41:08+00:00,117,4.726506429166666,,,,,,,,32,,2,0
nwfsc_pacific_hake_survey,D20210914T110451_IFCB117,2021-09-14 11:04:51+00:00,117,4.746052112499999,,,,,,,,22,,2,0
nwfsc_pacific_hake_survey,D20210914T112833_IFCB117,2021-09-14 11:28:33+00:00,117,4.602785437500001,,,,,,,,43,,2,0
nwfsc_pacific_hake_survey,D20210914T115215_IFCB117,2021-09-14 11:52:15+00:00,117,4.383764975,,,,,,,,5,,2,0
nwfsc_pacific_hake_survey,D20210914T121558_IFCB117,2021-09-14 12:15:58+00:00,117,3.6159442625000002,,,,,,,,4,,2,0
nwfsc_pacific_hake_survey,D20210914T123941_IFCB117,2021-09-14 12:39:41+00:00,117,4.60124195,,,,,,,,6,,2,0
nwfsc_pacific_hake_survey,D20210914T130323_IFCB117,2021-09-14 13:03:23+00:00,117,3.4406674875,,,,,,,,7,,2,0
nwfsc_pacific_hake_survey,D20210914T132705_IFCB117,2021-09-14 13:27:05+00:00,117,3.1840118750000004,,,,,,,,3,,2,0
nwfsc_pacific_hake_survey,D20210914T135047_IFCB117,2021-09-14 13:50:47+00:00,117,4.8531161375,,,,,,,,12,,2,0
nwfsc_pacific_hake_survey,D20210914T141430_IFCB117,2021-09-14 14:14:30+00:00,117,4.9252256875,,,,,,,,8,,2,0
nwfsc_pacific_hake_survey,D20210914T143812_IFCB117,2021-09-14 14:38:12+00:00,117,4.8273831041666675,,,,,,,,12,,2,0
nwfsc_pacific_hake_survey,D20210914T150154_IFCB117,2021-09-14 15:01:54+00:00,117,4.863289141666667,,,,,,,,16,,2,0
nwfsc_pacific_hake_survey,D20210914T152536_IFCB117,2021-09-14 15:25:36+00:00,117,4.2086318291666664,,,,,,,,27,,2,0
nwfsc_pacific_hake_survey,D20210914T154918_IFCB117,2021-09-14 15:49:18+00:00,117,4.704527895833333,,,,,,,,35,,2,0
nwfsc_pacific_hake_survey,D20210914T161300_IFCB117,2021-09-14 16:13:00+00:00,117,4.781406775,,,,,,,,24,,2,0
nwfsc_pacific_hake_survey,D20210914T163643_IFCB117,2021-09-14 16:36:43+00:00,117,4.8358618,,,,,,,,32,,2,0
nwfsc_pacific_hake_survey,D20210914T170025_IFCB117,2021-09-14 17:00:25+00:00,117,4.661133745833333,,,,,,,,36,,2,0
nwfsc_pacific_hake_survey,D20210914T172407_IFCB117,2021-09-14 17:24:07+00:00,117,4.672361283333332,,,,,,,,31,,2,0
nwfsc_pacific_hake_survey,D20210914T174749_IFCB117,2021-09-14 17:47:49+00:00,117,4.463883841666667,,,,,,,,22,,2,0
nwfsc_pacific_hake_survey,D20210914T181132_IFCB117,2021-09-14 18:11:32+00:00,117,4.753932270833333,,,,,,,,24,,2,0
nwfsc_pacific_hake_survey,D20210914T183514_IFCB117,2021-09-14 18:35:14+00:00,117,4.737637254166667,,,,,,,,21,,2,0
nwfsc_pacific_hake_survey,D20210914T185856_IFCB117,2021-09-14 18:58:56+00:00,117,4.625039658333334,,,,,,,,23,,2,0
nwfsc_pacific_hake_survey,D20210914T192239_IFCB117,2021-09-14 19:22:39+00:00,117,4.68308655,,,,,,,,27,,2,0
nwfsc_pacific_hake_survey,D20210914T194621_IFCB117,2021-09-14 19:46:21+00:00,117,4.317133916666667,,,,,,,,26,,2,0
nwfsc_pacific_hake_survey,D20210914T201003_IFCB117,2021-09-14 20:10:03+00:00,117,4.9740454625,,,,,,,,20,,2,0
nwfsc_pacific_hake_survey,D20210914T203346_IFCB117,2021-09-14 20:33:46+00:00,117,4.513641345833333,,,,,,,,22,,2,0
nwfsc_pacific_hake_survey,D20210914T205728_IFCB117,2021-09-14 20:57:28+00:00,117,4.845478616666666,,,,,,,,31,,2,0
nwfsc_pacific_hake_survey,D20210914T212111_IFCB117,2021-09-14 21:21:11+00:00,117,4.799602808333334,,,,,,,,65,,2,0
nwfsc_pacific_hake_survey,D20210914T214453_IFCB117,2021-09-14 21:44:53+00:00,117,4.9080667125,,,,,,,,101,,2,0
nwfsc_pacific_hake_survey,D20210914T223439_IFCB117,2021-09-14 22:34:39+00:00,117,4.8217480375,,,,,,,,73,,2,0
nwfsc_pacific_hake_survey,D20210914T225822_IFCB117,2021-09-14 22:58:22+00:00,117,4.8400329499999994,,,,,,,,142,,2,0
nwfsc_pacific_hake_survey,D20210914T232204_IFCB117,2021-09-14 23:22:04+00:00,117,4.8641021875,,,,,,,,153,,2,0
nwfsc_pacific_hake_survey,D20210914T234547_IFCB117,2021-09-14 23:45:47+00:00,117,4.836782145833333,,,,,,,,133,,2,0
nwfsc_pacific_hake_survey,D20210915T000930_IFCB117,2021-09-15 00:09:30+00:00,117,4.9179905291666675,,,,,,,,81,,2,0
nwfsc_pacific_hake_survey,D20210915T003312_IFCB117,2021-09-15 00:33:12+00:00,117,4.787368866666667,,,,,,,,84,,2,0
nwfsc_pacific_hake_survey,D20210915T005654_IFCB117,2021-09-15 00:56:54+00:00,117,4.851541704166666,,,,,,,,38,,2,0
nwfsc_pacific_hake_survey,D20210915T012036_IFCB117,2021-09-15 01:20:36+00:00,117,4.802628779166667,,,,,,,,40,,2,0
nwfsc_pacific_hake_survey,D20210915T014419_IFCB117,2021-09-15 01:44:19+00:00,117,4.104638291666666,,,,,,,,35,,2,0
nwfsc_pacific_hake_survey,D20210915T020801_IFCB117,2021-09-15 02:08:01+00:00,117,4.956958054166666,,,,,,,,37,,2,0
nwfsc_pacific_hake_survey,D20210915T023143_IFCB117,2021-09-15 02:31:43+00:00,117,4.862662554166667,,,,,,,,29,,2,0
nwfsc_pacific_hake_survey,D20210915T025525_IFCB117,2021-09-15 02:55:25+00:00,117,4.868799933333334,,,,,,,,35,,2,0
nwfsc_pacific_hake_survey,D20210915T031907_IFCB117,2021-09-15 03:19:07+00:00,117,4.965958099999999,,,,,,,,31,,2,0
nwfsc_pacific_hake_survey,D20210915T034250_IFCB117,2021-09-15 03:42:50+00:00,117,4.376739195833334,,,,,,,,23,,2,0
nwfsc_pacific_hake_survey,D20210915T040632_IFCB117,2021-09-15 04:06:32+00:00,117,4.7184835624999995,,,,,,,,44,,2,0
nwfsc_pacific_hake_survey,D20210915T043014_IFCB117,2021-09-15 04:30:14+00:00,117,4.772238533333333,,,,,,,,67,,2,0
nwfsc_pacific_hake_survey,D20210915T045356_IFCB117,2021-09-15 04:53:56+00:00,117,4.847799354166667,,,,,,,,215,,2,0
nwfsc_pacific_hake_survey,D20210915T051738_IFCB117,2021-09-15 05:17:38+00:00,117,4.795347812499999,,,,,,,,283,,2,0
nwfsc_pacific_hake_survey,D20210915T054122_IFCB117,2021-09-15 05:41:22+00:00,117,4.835712708333333,,,,,,,,198,,2,0
nwfsc_pacific_hake_survey,D20210915T060504_IFCB117,2021-09-15 06:05:04+00:00,117,4.843313225,,,,,,,,226,,2,0
nwfsc_pacific_hake_survey,D20210915T062846_IFCB117,2021-09-15 06:28:46+00:00,117,4.817297833333333,,,,,,,,210,,2,0
nwfsc_pacific_hake_survey,D20210915T065228_IFCB117,2021-09-15 06:52:28+00:00,117,4.851994066666667,,,,,,,,216,,2,0
nwfsc_pacific_hake_survey,D20210915T071610_IFCB117,2021-09-15 07:16:10+00:00,117,4.856847791666667,,,,,,,,200,,2,0
nwfsc_pacific_hake_survey,D20210915T073952_IFCB117,2021-09-15 07:39:52+00:00,117,4.8587737833333335,,,,,,,,185,,2,0
nwfsc_pacific_hake_survey,D20210915T080334_IFCB117,2021-09-15 08:03:34+00:00,117,4.776808904166667,,,,,,,,175,,2,0
nwfsc_pacific_hake_survey,D20210915T082716_IFCB117,2021-09-15 08:27:16+00:00,117,4.873078062499999,,,,,,,,153,,2,0
nwfsc_pacific_hake_survey,D20210915T085059_IFCB117,2021-09-15 08:50:59+00:00,117,4.807746345833333,,,,,,,,161,,2,0
nwfsc_pacific_hake_survey,D20210915T091442_IFCB117,2021-09-15 09:14:42+00:00,117,4.8857761166666664,,,,,,,,150,,2,0
nwfsc_pacific_hake_survey,D20210915T093824_IFCB117,2021-09-15 09:38:24+00:00,117,4.878651620833334,,,,,,,,123,,2,0
nwfsc_pacific_hake_survey,D20210915T100206_IFCB117,2021-09-15 10:02:06+00:00,117,4.895253416666667,,,,,,,,141,,2,0
nwfsc_pacific_hake_survey,D20210915T105132_IFCB117,2021-09-15 10:51:32+00:00,117,4.527665116666667,,,,,,,,34,,2,0
nwfsc_pacific_hake_survey,D20210915T111515_IFCB117,2021-09-15 11:15:15+00:00,117,4.7206403083333335,,,,,,,,97,,2,0
nwfsc_pacific_hake_survey,D20210915T113857_IFCB117,2021-09-15 11:38:57+00:00,117,4.815309370833334,,,,,,,,91,,2,0
nwfsc_pacific_hake_survey,D20210915T120239_IFCB117,2021-09-15 12:02:39+00:00,117,4.820119708333334,,,,,,,,95,,2,0
nwfsc_pacific_hake_survey,D20210915T122621_IFCB117,2021-09-15 12:26:21+00:00,117,4.829564483333333,,,,,,,,76,,2,0
nwfsc_pacific_hake_survey,D20210915T125003_IFCB117,2021-09-15 12:50:03+00:00,117,4.91640775,,,,,,,,90,,2,0
nwfsc_pacific_hake_survey,D20210915T131346_IFCB117,2021-09-15 13:13:46+00:00,117,4.849583033333333,,,,,,,,72,,2,0
nwfsc_pacific_hake_survey,D20210915T133728_IFCB117,2021-09-15 13:37:28+00:00,117,4.865297725,,,,,,,,143,,2,0
nwfsc_pacific_hake_survey,D20210915T140110_IFCB117,2021-09-15 14:01:10+00:00,117,4.857768591666667,,,,,,,,187,,2,0
nwfsc_pacific_hake_survey,D20210915T142453_IFCB117,2021-09-15 14:24:53+00:00,117,4.849003941666666,,,,,,,,213,,2,0
nwfsc_pacific_hake_survey,D20210915T144835_IFCB117,2021-09-15 14:48:35+00:00,117,4.8379327,,,,,,,,182,,2,0
nwfsc_pacific_hake_survey,D20210915T151217_IFCB117,2021-09-15 15:12:17+00:00,117,4.853568654166667,,,,,,,,200,,2,0
nwfsc_pacific_hake_survey,D20210915T153600_IFCB117,2021-09-15 15:36:00+00:00,117,4.846374970833334,,,,,,,,229,,2,0
nwfsc_pacific_hake_survey,D20210915T155942_IFCB117,2021-09-15 15:59:42+00:00,117,4.8419698874999995,,,,,,,,237,,2,0
nwfsc_pacific_hake_survey,D20210915T162324_IFCB117,2021-09-15 16:23:24+00:00,117,4.824078,,,,,,,,263,,2,0
nwfsc_pacific_hake_survey,D20210915T164706_IFCB117,2021-09-15 16:47:06+00:00,117,4.826898141666667,,,,,,,,258,,2,0
nwfsc_pacific_hake_survey,D20210915T171048_IFCB117,2021-09-15 17:10:48+00:00,117,4.813532670833334,,,,,,,,257,,2,0
nwfsc_pacific_hake_survey,D20210915T173430_IFCB117,2021-09-15 17:34:30+00:00,117,4.840341287499999,,,,,,,,235,,2,0
nwfsc_pacific_hake_survey,D20210915T175813_IFCB117,2021-09-15 17:58:13+00:00,117,4.819729854166667,,,,,,,,253,,2,0
nwfsc_pacific_hake_survey,D20210915T182155_IFCB117,2021-09-15 18:21:55+00:00,117,4.8595668750000005,,,,,,,,264,,2,0
nwfsc_pacific_hake_survey,D20210915T184537_IFCB117,2021-09-15 18:45:37+00:00,117,4.840848795833334,,,,,,,,277,,2,0
nwfsc_pacific_hake_survey,D20210915T190920_IFCB117,2021-09-15 19:09:20+00:00,117,4.829427958333333,,,,,,,,263,,2,0
nwfsc_pacific_hake_survey,D20210915T193302_IFCB117,2021-09-15 19:33:02+00:00,117,4.844112916666668,,,,,,,,302,,2,0
nwfsc_pacific_hake_survey,D20210915T195645_IFCB117,2021-09-15 19:56:45+00:00,117,4.846109658333333,,,,,,,,269,,2,0
nwfsc_pacific_hake_survey,D20210915T202027_IFCB117,2021-09-15 20:20:27+00:00,117,4.859579283333334,,,,,,,,237,,2,0
nwfsc_pacific_hake_survey,D20210915T204409_IFCB117,2021-09-15 20:44:09+00:00,117,4.8679595625,,,,,,,,237,,2,0
nwfsc_pacific_hake_survey,D20210915T210752_IFCB117,2021-09-15 21:07:52+00:00,117,4.813273645833333,,,,,,,,355,,2,0
nwfsc_pacific_hake_survey,D20210915T213135_IFCB117,2021-09-15 21:31:35+00:00,117,4.817125020833333,,,,,,,,365,,2,0
nwfsc_pacific_hake_survey,D20210915T215517_IFCB117,2021-09-15 21:55:17+00:00,117,4.797964791666667,,,,,,,,367,,2,0
nwfsc_pacific_hake_survey,D20210915T221859_IFCB117,2021-09-15 22:18:59+00:00,117,4.787015800000001,,,,,,,,415,,2,0
nwfsc_pacific_hake_survey,D20210915T230825_IFCB117,2021-09-15 23:08:25+00:00,117,4.538603337500001,,,,,,,,126,,2,0
nwfsc_pacific_hake_survey,D20210915T233207_IFCB117,2021-09-15 23:32:07+00:00,117,4.849095620833334,,,,,,,,295,,2,0
nwfsc_pacific_hake_survey,D20210915T235549_IFCB117,2021-09-15 23:55:49+00:00,117,4.799942499999999,,,,,,,,335,,2,0
nwfsc_pacific_hake_survey,D20210916T001932_IFCB117,2021-09-16 00:19:32+00:00,117,4.808876583333333,,,,,,,,351,,2,0
nwfsc_pacific_hake_survey,D20210916T004314_IFCB117,2021-09-16 00:43:14+00:00,117,4.855255958333333,,,,,,,,264,,2,0
nwfsc_pacific_hake_survey,D20210916T010657_IFCB117,2021-09-16 01:06:57+00:00,117,4.8606711958333335,,,,,,,,225,,2,0
nwfsc_pacific_hake_survey,D20210916T013039_IFCB117,2021-09-16 01:30:39+00:00,117,4.8487711125,,,,,,,,249,,2,0
nwfsc_pacific_hake_survey,D20210916T015422_IFCB117,2021-09-16 01:54:22+00:00,117,4.871575945833333,,,,,,,,198,,2,0
nwfsc_pacific_hake_survey,D20210916T021804_IFCB117,2021-09-16 02:18:04+00:00,117,4.855927904166667,,,,,,,,184,,2,0
nwfsc_pacific_hake_survey,D20210916T024146_IFCB117,2021-09-16 02:41:46+00:00,117,4.8465797875,,,,,,,,221,,2,0
nwfsc_pacific_hake_survey,D20210916T030528_IFCB117,2021-09-16 03:05:28+00:00,117,4.816320720833334,,,,,,,,240,,2,0
nwfsc_pacific_hake_survey,D20210916T032910_IFCB117,2021-09-16 03:29:10+00:00,117,4.796798383333333,,,,,,,,231,,2,0
nwfsc_pacific_hake_survey,D20210916T035253_IFCB117,2021-09-16 03:52:53+00:00,117,4.843416895833332,,,,,,,,218,,2,0
nwfsc_pacific_hake_survey,D20210916T041635_IFCB117,2021-09-16 04:16:35+00:00,117,4.850551683333334,,,,,,,,219,,2,0
nwfsc_pacific_hake_survey,D20210916T044017_IFCB117,2021-09-16 04:40:17+00:00,117,4.827619295833333,,,,,,,,256,,2,0
nwfsc_pacific_hake_survey,D20210916T050400_IFCB117,2021-09-16 05:04:00+00:00,117,4.835295404166667,,,,,,,,245,,2,0
nwfsc_pacific_hake_survey,D20210916T052744_IFCB117,2021-09-16 05:27:44+00:00,117,4.827649658333333,,,,,,,,260,,2,0
nwfsc_pacific_hake_survey,D20210916T055126_IFCB117,2021-09-16 05:51:26+00:00,117,4.848288220833334,,,,,,,,221,,2,0
nwfsc_pacific_hake_survey,D20210916T061508_IFCB117,2021-09-16 06:15:08+00:00,117,4.834289941666667,,,,,,,,247,,2,0
nwfsc_pacific_hake_survey,D20210916T063851_IFCB117,2021-09-16 06:38:51+00:00,117,4.813985208333333,,,,,,,,244,,2,0
nwfsc_pacific_hake_survey,D20210916T070234_IFCB117,2021-09-16 07:02:34+00:00,117,4.816540916666667,,,,,,,,261,,2,0
nwfsc_pacific_hake_survey,D20210916T072616_IFCB117,2021-09-16 07:26:16+00:00,117,4.80665795,,,,,,,,290,,2,0
nwfsc_pacific_hake_survey,D20210916T074958_IFCB117,2021-09-16 07:49:58+00:00,117,4.773615858333333,,,,,,,,320,,2,0
nwfsc_pacific_hake_survey,D20210916T081341_IFCB117,2021-09-16 08:13:41+00:00,117,4.843307120833334,,,,,,,,213,,2,0
nwfsc_pacific_hake_survey,D20210916T083723_IFCB117,2021-09-16 08:37:23+00:00,117,4.898170437499999,,,,,,,,140,,2,0
nwfsc_pacific_hake_survey,D20210916T090105_IFCB117,2021-09-16 09:01:05+00:00,117,4.8788121958333335,,,,,,,,123,,2,0
nwfsc_pacific_hake_survey,D20210916T092447_IFCB117,2021-09-16 09:24:47+00:00,117,4.9124080875,,,,,,,,115,,2,0
nwfsc_pacific_hake_survey,D20210916T094829_IFCB117,2021-09-16 09:48:29+00:00,117,4.9084356375,,,,,,,,116,,2,0
nwfsc_pacific_hake_survey,D20210916T101211_IFCB117,2021-09-16 10:12:11+00:00,117,4.8113330875,,,,,,,,124,,2,0
nwfsc_pacific_hake_survey,D20210916T103553_IFCB117,2021-09-16 10:35:53+00:00,117,4.9201094375,,,,,,,,108,,2,0
nwfsc_pacific_hake_survey,D20210916T112517_IFCB117,2021-09-16 11:25:17+00:00,117,4.920007225000001,,,,,,,,90,,2,0
nwfsc_pacific_hake_survey,D20210916T114859_IFCB117,2021-09-16 11:48:59+00:00,117,4.853395316666666,,,,,,,,136,,2,0
nwfsc_pacific_hake_survey,D20210916T121242_IFCB117,2021-09-16 12:12:42+00:00,117,4.861816833333334,,,,,,,,149,,2,0
nwfsc_pacific_hake_survey,D20210916T123624_IFCB117,2021-09-16 12:36:24+00:00,117,4.9059703875,,,,,,,,131,,2,0
nwfsc_pacific_hake_survey,D20210916T130006_IFCB117,2021-09-16 13:00:06+00:00,117,4.924952508333334,,,,,,,,94,,2,0
nwfsc_pacific_hake_survey,D20210916T132349_IFCB117,2021-09-16 13:23:49+00:00,117,4.822061841666667,,,,,,,,74,,2,0
nwfsc_pacific_hake_survey,D20210916T134731_IFCB117,2021-09-16 13:47:31+00:00,117,4.9021369375,,,,,,,,70,,2,0
nwfsc_pacific_hake_survey,D20210916T141113_IFCB117,2021-09-16 14:11:13+00:00,117,4.8652318333333335,,,,,,,,82,,2,0
nwfsc_pacific_hake_survey,D20210916T143455_IFCB117,2021-09-16 14:34:55+00:00,117,4.877890704166666,,,,,,,,66,,2,0
nwfsc_pacific_hake_survey,D20210916T145837_IFCB117,2021-09-16 14:58:37+00:00,117,4.825369004166666,,,,,,,,57,,2,0
nwfsc_pacific_hake_survey,D20210916T152219_IFCB117,2021-09-16 15:22:19+00:00,117,4.906613800000001,,,,,,,,80,,2,0
nwfsc_pacific_hake_survey,D20210916T154602_IFCB117,2021-09-16 15:46:02+00:00,117,4.890885525,,,,,,,,119,,2,0
nwfsc_pacific_hake_survey,D20210916T160944_IFCB117,2021-09-16 16:09:44+00:00,117,4.916123308333334,,,,,,,,96,,2,0
nwfsc_pacific_hake_survey,D20210916T163326_IFCB117,2021-09-16 16:33:26+00:00,117,4.920115479166667,,,,,,,,103,,2,0
nwfsc_pacific_hake_survey,D20210916T165708_IFCB117,2021-09-16 16:57:08+00:00,117,4.8050815875,,,,,,,,300,,2,0
nwfsc_pacific_hake_survey,D20210916T172050_IFCB117,2021-09-16 17:20:50+00:00,117,4.731517695833333,,,,,,,,395,,2,0
nwfsc_pacific_hake_survey,D20210916T174434_IFCB117,2021-09-16 17:44:34+00:00,117,4.760006654166667,,,,,,,,356,,2,0
nwfsc_pacific_hake_survey,D20210916T180816_IFCB117,2021-09-16 18:08:16+00:00,117,4.753169379166667,,,,,,,,386,,2,0
nwfsc_pacific_hake_survey,D20210916T183158_IFCB117,2021-09-16 18:31:58+00:00,117,4.799285979166667,,,,,,,,261,,2,0
nwfsc_pacific_hake_survey,D20210916T185540_IFCB117,2021-09-16 18:55:40+00:00,117,4.817667929166666,,,,,,,,242,,2,0
nwfsc_pacific_hake_survey,D20210916T191923_IFCB117,2021-09-16 19:19:23+00:00,117,4.681580495833333,,,,,,,,257,,2,0
nwfsc_pacific_hake_survey,D20210916T194305_IFCB117,2021-09-16 19:43:05+00:00,117,4.849296095833333,,,,,,,,222,,2,0
nwfsc_pacific_hake_survey,D20210916T200647_IFCB117,2021-09-16 20:06:47+00:00,117,4.880920154166666,,,,,,,,153,,2,0
nwfsc_pacific_hake_survey,D20210916T203029_IFCB117,2021-09-16 20:30:29+00:00,117,4.916990241666666,,,,,,,,113,,2,0
nwfsc_pacific_hake_survey,D20210916T205412_IFCB117,2021-09-16 20:54:12+00:00,117,4.905643808333334,,,,,,,,110,,2,0
nwfsc_pacific_hake_survey,D20210916T211754_IFCB117,2021-09-16 21:17:54+00:00,117,4.911131675000001,,,,,,,,102,,2,0
nwfsc_pacific_hake_survey,D20210916T214136_IFCB117,2021-09-16 21:41:36+00:00,117,4.8326523,,,,,,,,236,,2,0
nwfsc_pacific_hake_survey,D20210916T220518_IFCB117,2021-09-16 22:05:18+00:00,117,4.784509708333333,,,,,,,,280,,2,0
nwfsc_pacific_hake_survey,D20210916T222901_IFCB117,2021-09-16 22:29:01+00:00,117,4.770112420833333,,,,,,,,319,,2,0
nwfsc_pacific_hake_survey,D20210916T225243_IFCB117,2021-09-16 22:52:43+00:00,117,4.852110091666666,,,,,,,,249,,2,0
nwfsc_pacific_hake_survey,D20210916T234209_IFCB117,2021-09-16 23:42:09+00:00,117,4.845049633333334,,,,,,,,162,,2,0
nwfsc_pacific_hake_survey,D20210917T000551_IFCB117,2021-09-17 00:05:51+00:00,117,4.861101579166667,,,,,,,,194,,2,0
nwfsc_pacific_hake_survey,D20210917T002933_IFCB117,2021-09-17 00:29:33+00:00,117,4.8786907625,,,,,,,,196,,2,0
nwfsc_pacific_hake_survey,D20210917T005316_IFCB117,2021-09-17 00:53:16+00:00,117,4.868799983333333,,,,,,,,130,,2,0
nwfsc_pacific_hake_survey,D20210917T011658_IFCB117,2021-09-17 01:16:58+00:00,117,4.916072879166666,,,,,,,,128,,2,0
nwfsc_pacific_hake_survey,D20210917T014040_IFCB117,2021-09-17 01:40:40+00:00,117,4.871480995833334,,,,,,,,205,,2,0
nwfsc_pacific_hake_survey,D20210917T020423_IFCB117,2021-09-17 02:04:23+00:00,117,4.8468534708333335,,,,,,,,260,,2,0
nwfsc_pacific_hake_survey,D20210917T022805_IFCB117,2021-09-17 02:28:05+00:00,117,4.858447712499999,,,,,,,,206,,2,0
nwfsc_pacific_hake_survey,D20210917T025148_IFCB117,2021-09-17 02:51:48+00:00,117,4.880510670833333,,,,,,,,162,,2,0
nwfsc_pacific_hake_survey,D20210917T031530_IFCB117,2021-09-17 03:15:30+00:00,117,4.890711879166667,,,,,,,,147,,2,0
nwfsc_pacific_hake_survey,D20210917T033912_IFCB117,2021-09-17 03:39:12+00:00,117,4.8478934916666665,,,,,,,,141,,2,0
nwfsc_pacific_hake_survey,D20210917T040255_IFCB117,2021-09-17 04:02:55+00:00,117,4.861628733333333,,,,,,,,156,,2,0
nwfsc_pacific_hake_survey,D20210917T042637_IFCB117,2021-09-17 04:26:37+00:00,117,4.919590404166668,,,,,,,,143,,2,0
nwfsc_pacific_hake_survey,D20210917T045020_IFCB117,2021-09-17 04:50:20+00:00,117,4.8639213041666665,,,,,,,,153,,2,0
nwfsc_pacific_hake_survey,D20210917T051403_IFCB117,2021-09-17 05:14:03+00:00,117,4.874771095833334,,,,,,,,155,,2,0
nwfsc_pacific_hake_survey,D20210917T053745_IFCB117,2021-09-17 05:37:45+00:00,117,4.891415933333334,,,,,,,,143,,2,0
nwfsc_pacific_hake_survey,D20210917T060129_IFCB117,2021-09-17 06:01:29+00:00,117,4.914700216666666,,,,,,,,109,,2,0
nwfsc_pacific_hake_survey,D20210917T062511_IFCB117,2021-09-17 06:25:11+00:00,117,4.930011729166667,,,,,,,,118,,2,0
nwfsc_pacific_hake_survey,D20210917T064854_IFCB117,2021-09-17 06:48:54+00:00,117,4.929483345833334,,,,,,,,108,,2,0
nwfsc_pacific_hake_survey,D20210917T071236_IFCB117,2021-09-17 07:12:36+00:00,117,4.9386994374999995,,,,,,,,94,,2,0
nwfsc_pacific_hake_survey,D20210917T073618_IFCB117,2021-09-17 07:36:18+00:00,117,4.943029983333333,,,,,,,,94,,2,0
nwfsc_pacific_hake_survey,D20210917T080000_IFCB117,2021-09-17 08:00:00+00:00,117,4.932360766666666,,,,,,,,94,,2,0
nwfsc_pacific_hake_survey,D20210917T082343_IFCB117,2021-09-17 08:23:43+00:00,117,4.8927514,,,,,,,,89,,2,0
nwfsc_pacific_hake_survey,D20210917T084725_IFCB117,2021-09-17 08:47:25+00:00,117,4.8330644875,,,,,,,,67,,2,0
nwfsc_pacific_hake_survey,D20210917T091107_IFCB117,2021-09-17 09:11:07+00:00,117,4.9480267125,,,,,,,,59,,2,0
nwfsc_pacific_hake_survey,D20210917T093450_IFCB117,2021-09-17 09:34:50+00:00,117,4.9045876,,,,,,,,71,,2,0
nwfsc_pacific_hake_survey,D20210917T095832_IFCB117,2021-09-17 09:58:32+00:00,117,4.9336520375,,,,,,,,69,,2,0
nwfsc_pacific_hake_survey,D20210917T102214_IFCB117,2021-09-17 10:22:14+00:00,117,4.6628465,,,,,,,,50,,2,0
nwfsc_pacific_hake_survey,D20210917T104557_IFCB117,2021-09-17 10:45:57+00:00,117,4.944390833333332,,,,,,,,24,,2,0
nwfsc_pacific_hake_survey,D20210917T110939_IFCB117,2021-09-17 11:09:39+00:00,117,4.952832095833332,,,,,,,,32,,2,0
nwfsc_pacific_hake_survey,D20210917T115904_IFCB117,2021-09-17 11:59:04+00:00,117,3.7149326166666667,,,,,,,,9,,2,0
nwfsc_pacific_hake_survey,D20210917T122247_IFCB117,2021-09-17 12:22:47+00:00,117,4.930981966666666,,,,,,,,28,,2,0
nwfsc_pacific_hake_survey,D20210917T124629_IFCB117,2021-09-17 12:46:29+00:00,117,4.762724574999999,,,,,,,,19,,2,0
nwfsc_pacific_hake_survey,D20210917T131012_IFCB117,2021-09-17 13:10:12+00:00,117,4.936270941666666,,,,,,,,29,,2,0
nwfsc_pacific_hake_survey,D20210917T133354_IFCB117,2021-09-17 13:33:54+00:00,117,4.823649279166667,,,,,,,,21,,2,0
nwfsc_pacific_hake_survey,D20210917T135737_IFCB117,2021-09-17 13:57:37+00:00,117,4.762610108333334,,,,,,,,35,,2,0
nwfsc_pacific_hake_survey,D20210917T142119_IFCB117,2021-09-17 14:21:19+00:00,117,4.968736633333333,,,,,,,,29,,2,0
nwfsc_pacific_hake_survey,D20210917T144501_IFCB117,2021-09-17 14:45:01+00:00,117,4.645445620833334,,,,,,,,41,,2,0
nwfsc_pacific_hake_survey,D20210917T150843_IFCB117,2021-09-17 15:08:43+00:00,117,4.910323612499999,,,,,,,,41,,2,0
nwfsc_pacific_hake_survey,D20210917T153226_IFCB117,2021-09-17 15:32:26+00:00,117,4.967440195833333,,,,,,,,21,,2,0
nwfsc_pacific_hake_survey,D20210917T155608_IFCB117,2021-09-17 15:56:08+00:00,117,4.832073441666666,,,,,,,,31,,2,0
nwfsc_pacific_hake_survey,D20210917T161950_IFCB117,2021-09-17 16:19:50+00:00,117,4.657217708333333,,,,,,,,26,,2,0
nwfsc_pacific_hake_survey,D20210917T164333_IFCB117,2021-09-17 16:43:33+00:00,117,4.7573254333333335,,,,,,,,18,,2,0
nwfsc_pacific_hake_survey,D20210917T170715_IFCB117,2021-09-17 17:07:15+00:00,117,4.885088670833334,,,,,,,,31,,2,0
nwfsc_pacific_hake_survey,D20210917T173057_IFCB117,2021-09-17 17:30:57+00:00,117,4.922266245833333,,,,,,,,35,,2,0
nwfsc_pacific_hake_survey,D20210917T175440_IFCB117,2021-09-17 17:54:40+00:00,117,4.832181958333334,,,,,,,,33,,2,0
nwfsc_pacific_hake_survey,D20210917T181823_IFCB117,2021-09-17 18:18:23+00:00,117,4.029839320833333,,,,,,,,41,,2,0
nwfsc_pacific_hake_survey,D20210917T184206_IFCB117,2021-09-17 18:42:06+00:00,117,4.959349995833334,,,,,,,,54,,2,0
nwfsc_pacific_hake_survey,D20210917T190548_IFCB117,2021-09-17 19:05:48+00:00,117,2.2115275875,,,,,,,,4169,,2,0
nwfsc_pacific_hake_survey,D20210917T192931_IFCB117,2021-09-17 19:29:31+00:00,117,3.052015470833333,,,,,,,,2978,,2,0
nwfsc_pacific_hake_survey,D20210917T195314_IFCB117,2021-09-17 19:53:14+00:00,117,3.2149940333333333,,,,,,,,2701,,2,0
nwfsc_pacific_hake_survey,D20210917T201656_IFCB117,2021-09-17 20:16:56+00:00,117,3.3521243208333327,,,,,,,,2475,,2,0
nwfsc_pacific_hake_survey,D20210917T204040_IFCB117,2021-09-17 20:40:40+00:00,117,3.3660947083333337,,,,,,,,2461,,2,0
nwfsc_pacific_hake_survey,D20210917T210423_IFCB117,2021-09-17 21:04:23+00:00,117,3.4978554874999994,,,,,,,,2252,,2,0
nwfsc_pacific_hake_survey,D20210917T212806_IFCB117,2021-09-17 21:28:06+00:00,117,3.524833920833333,,,,,,,,2201,,2,0
nwfsc_pacific_hake_survey,D20210917T215149_IFCB117,2021-09-17 21:51:49+00:00,117,3.715434641666667,,,,,,,,1933,,2,0
nwfsc_pacific_hake_survey,D20210917T221531_IFCB117,2021-09-17 22:15:31+00:00,117,3.916388345833333,,,,,,,,1643,,2,0
nwfsc_pacific_hake_survey,D20210917T223914_IFCB117,2021-09-17 22:39:14+00:00,117,4.060553133333333,,,,,,,,1401,,2,0
nwfsc_pacific_hake_survey,D20210917T230256_IFCB117,2021-09-17 23:02:56+00:00,117,4.598306245833333,,,,,,,,562,,2,0
nwfsc_pacific_hake_survey,D20210917T232638_IFCB117,2021-09-17 23:26:38+00:00,117,4.7542100624999994,,,,,,,,321,,2,0
nwfsc_pacific_hake_survey,D20210918T001603_IFCB117,2021-09-18 00:16:03+00:00,117,4.846071533333333,,,,,,,,67,,2,0
nwfsc_pacific_hake_survey,D20210918T003945_IFCB117,2021-09-18 00:39:45+00:00,117,4.9077138875,,,,,,,,71,,2,0
nwfsc_pacific_hake_survey,D20210918T010327_IFCB117,2021-09-18 01:03:27+00:00,117,4.9290633125,,,,,,,,65,,2,0
nwfsc_pacific_hake_survey,D20210918T012710_IFCB117,2021-09-18 01:27:10+00:00,117,4.877018425,,,,,,,,90,,2,0
nwfsc_pacific_hake_survey,D20210918T015052_IFCB117,2021-09-18 01:50:52+00:00,117,4.893294670833333,,,,,,,,73,,2,0
nwfsc_pacific_hake_survey,D20210918T021434_IFCB117,2021-09-18 02:14:34+00:00,117,4.9458969375,,,,,,,,53,,2,0
nwfsc_pacific_hake_survey,D20210918T023816_IFCB117,2021-09-18 02:38:16+00:00,117,4.880736104166667,,,,,,,,54,,2,0
nwfsc_pacific_hake_survey,D20210918T030158_IFCB117,2021-09-18 03:01:58+00:00,117,4.297435916666667,,,,,,,,51,,2,0
nwfsc_pacific_hake_survey,D20210918T032540_IFCB117,2021-09-18 03:25:40+00:00,117,4.878181233333334,,,,,,,,70,,2,0
nwfsc_pacific_hake_survey,D20210918T034922_IFCB117,2021-09-18 03:49:22+00:00,117,4.927692366666666,,,,,,,,54,,2,0
nwfsc_pacific_hake_survey,D20210918T041305_IFCB117,2021-09-18 04:13:05+00:00,117,4.620687670833333,,,,,,,,42,,2,0
nwfsc_pacific_hake_survey,D20210918T043647_IFCB117,2021-09-18 04:36:47+00:00,117,4.824477529166668,,,,,,,,66,,2,0
nwfsc_pacific_hake_survey,D20210918T050029_IFCB117,2021-09-18 05:00:29+00:00,117,4.92765665,,,,,,,,85,,2,0
nwfsc_pacific_hake_survey,D20210918T052411_IFCB117,2021-09-18 05:24:11+00:00,117,4.828145533333333,,,,,,,,127,,2,0
nwfsc_pacific_hake_survey,D20210918T054754_IFCB117,2021-09-18 05:47:54+00:00,117,4.8611794875,,,,,,,,139,,2,0
nwfsc_pacific_hake_survey,D20210918T061136_IFCB117,2021-09-18 06:11:36+00:00,117,4.876427258333333,,,,,,,,151,,2,0
nwfsc_pacific_hake_survey,D20210918T063518_IFCB117,2021-09-18 06:35:18+00:00,117,4.855970212499999,,,,,,,,152,,2,0
nwfsc_pacific_hake_survey,D20210918T065900_IFCB117,2021-09-18 06:59:00+00:00,117,4.872518654166667,,,,,,,,149,,2,0
nwfsc_pacific_hake_survey,D20210918T072243_IFCB117,2021-09-18 07:22:43+00:00,117,4.8648547791666665,,,,,,,,155,,2,0
nwfsc_pacific_hake_survey,D20210918T074625_IFCB117,2021-09-18 07:46:25+00:00,117,4.783733245833334,,,,,,,,173,,2,0
nwfsc_pacific_hake_survey,D20210918T081007_IFCB117,2021-09-18 08:10:07+00:00,117,4.836983237500001,,,,,,,,152,,2,0
nwfsc_pacific_hake_survey,D20210918T083349_IFCB117,2021-09-18 08:33:49+00:00,117,4.859331129166667,,,,,,,,182,,2,0
nwfsc_pacific_hake_survey,D20210918T085732_IFCB117,2021-09-18 08:57:32+00:00,117,4.855400045833334,,,,,,,,188,,2,0
nwfsc_pacific_hake_survey,D20210918T092114_IFCB117,2021-09-18 09:21:14+00:00,117,4.8783872583333325,,,,,,,,152,,2,0
nwfsc_pacific_hake_survey,D20210918T094456_IFCB117,2021-09-18 09:44:56+00:00,117,4.8867283624999995,,,,,,,,144,,2,0
nwfsc_pacific_hake_survey,D20210918T100838_IFCB117,2021-09-18 10:08:38+00:00,117,4.893501312500001,,,,,,,,146,,2,0
nwfsc_pacific_hake_survey,D20210918T103220_IFCB117,2021-09-18 10:32:20+00:00,117,4.893115675,,,,,,,,151,,2,0
nwfsc_pacific_hake_survey,D20210918T105603_IFCB117,2021-09-18 10:56:03+00:00,117,4.877929887500001,,,,,,,,164,,2,0
nwfsc_pacific_hake_survey,D20210918T111945_IFCB117,2021-09-18 11:19:45+00:00,117,4.8262255875,,,,,,,,169,,2,0
nwfsc_pacific_hake_survey,D20210918T114327_IFCB117,2021-09-18 11:43:27+00:00,117,4.85683675,,,,,,,,160,,2,0
nwfsc_pacific_hake_survey,D20210918T123252_IFCB117,2021-09-18 12:32:52+00:00,117,4.858804070833333,,,,,,,,62,,2,0
nwfsc_pacific_hake_survey,D20210918T125634_IFCB117,2021-09-18 12:56:34+00:00,117,4.8097592124999995,,,,,,,,149,,2,0
nwfsc_pacific_hake_survey,D20210918T132018_IFCB117,2021-09-18 13:20:18+00:00,117,4.8857474125,,,,,,,,152,,2,0
nwfsc_pacific_hake_survey,D20210918T134400_IFCB117,2021-09-18 13:44:00+00:00,117,4.882908133333333,,,,,,,,155,,2,0
nwfsc_pacific_hake_survey,D20210918T140742_IFCB117,2021-09-18 14:07:42+00:00,117,4.885435120833333,,,,,,,,145,,2,0
nwfsc_pacific_hake_survey,D20210918T143125_IFCB117,2021-09-18 14:31:25+00:00,117,4.808737691666667,,,,,,,,144,,2,0
nwfsc_pacific_hake_survey,D20210918T145507_IFCB117,2021-09-18 14:55:07+00:00,117,4.869946570833333,,,,,,,,185,,2,0
nwfsc_pacific_hake_survey,D20210918T151849_IFCB117,2021-09-18 15:18:49+00:00,117,4.8326644750000005,,,,,,,,166,,2,0
nwfsc_pacific_hake_survey,D20210918T154232_IFCB117,2021-09-18 15:42:32+00:00,117,4.756698316666667,,,,,,,,111,,2,0
nwfsc_pacific_hake_survey,D20210918T160614_IFCB117,2021-09-18 16:06:14+00:00,117,4.8666488875,,,,,,,,65,,2,0
nwfsc_pacific_hake_survey,D20210918T162956_IFCB117,2021-09-18 16:29:56+00:00,117,4.9354466666666665,,,,,,,,71,,2,0
nwfsc_pacific_hake_survey,D20210918T165338_IFCB117,2021-09-18 16:53:38+00:00,117,4.737493016666667,,,,,,,,47,,2,0
nwfsc_pacific_hake_survey,D20210918T171721_IFCB117,2021-09-18 17:17:21+00:00,117,4.901387541666667,,,,,,,,45,,2,0
nwfsc_pacific_hake_survey,D20210918T174102_IFCB117,2021-09-18 17:41:02+00:00,117,4.897823141666667,,,,,,,,47,,2,0
nwfsc_pacific_hake_survey,D20210918T180445_IFCB117,2021-09-18 18:04:45+00:00,117,4.857759475,,,,,,,,50,,2,0
nwfsc_pacific_hake_survey,D20210918T182827_IFCB117,2021-09-18 18:28:27+00:00,117,4.9301136375,,,,,,,,58,,2,0
nwfsc_pacific_hake_survey,D20210918T185209_IFCB117,2021-09-18 18:52:09+00:00,117,4.748553520833334,,,,,,,,64,,2,0
nwfsc_pacific_hake_survey,D20210918T191551_IFCB117,2021-09-18 19:15:51+00:00,117,4.862353775000001,,,,,,,,178,,2,0
nwfsc_pacific_hake_survey,D20210918T193933_IFCB117,2021-09-18 19:39:33+00:00,117,4.843968116666667,,,,,,,,221,,2,0
nwfsc_pacific_hake_survey,D20210918T200315_IFCB117,2021-09-18 20:03:15+00:00,117,4.9158943875,,,,,,,,110,,2,0
nwfsc_pacific_hake_survey,D20210918T202658_IFCB117,2021-09-18 20:26:58+00:00,117,4.854675825,,,,,,,,211,,2,0
nwfsc_pacific_hake_survey,D20210918T205040_IFCB117,2021-09-18 20:50:40+00:00,117,4.6835688375,,,,,,,,489,,2,0
nwfsc_pacific_hake_survey,D20210918T211422_IFCB117,2021-09-18 21:14:22+00:00,117,4.539242441666667,,,,,,,,723,,2,0
nwfsc_pacific_hake_survey,D20210918T213805_IFCB117,2021-09-18 21:38:05+00:00,117,4.392558770833333,,,,,,,,919,,2,0
nwfsc_pacific_hake_survey,D20210918T220147_IFCB117,2021-09-18 22:01:47+00:00,117,4.557816695833334,,,,,,,,670,,2,0
nwfsc_pacific_hake_survey,D20210918T222529_IFCB117,2021-09-18 22:25:29+00:00,117,4.6743566375,,,,,,,,498,,2,0
nwfsc_pacific_hake_survey,D20210918T224912_IFCB117,2021-09-18 22:49:12+00:00,117,4.6630558625,,,,,,,,528,,2,0
nwfsc_pacific_hake_survey,D20210918T231254_IFCB117,2021-09-18 23:12:54+00:00,117,4.773402220833333,,,,,,,,447,,2,0
nwfsc_pacific_hake_survey,D20210918T233637_IFCB117,2021-09-18 23:36:37+00:00,117,4.899698287500001,,,,,,,,178,,2,0
nwfsc_pacific_hake_survey,D20210919T000019_IFCB117,2021-09-19 00:00:19+00:00,117,4.895074275,,,,,,,,170,,2,0
nwfsc_pacific_hake_survey,D20210919T004944_IFCB117,2021-09-19 00:49:44+00:00,117,4.8765889375,,,,,,,,179,,2,0
nwfsc_pacific_hake_survey,D20210919T011326_IFCB117,2021-09-19 01:13:26+00:00,117,4.826850725,,,,,,,,323,,2,0
nwfsc_pacific_hake_survey,D20210919T013708_IFCB117,2021-09-19 01:37:08+00:00,117,4.8643568625,,,,,,,,254,,2,0
nwfsc_pacific_hake_survey,D20210919T020050_IFCB117,2021-09-19 02:00:50+00:00,117,4.8452311833333335,,,,,,,,268,,2,0
nwfsc_pacific_hake_survey,D20210919T022433_IFCB117,2021-09-19 02:24:33+00:00,117,4.8449482875,,,,,,,,261,,2,0
nwfsc_pacific_hake_survey,D20210919T024815_IFCB117,2021-09-19 02:48:15+00:00,117,4.839451975,,,,,,,,281,,2,0
nwfsc_pacific_hake_survey,D20210919T031157_IFCB117,2021-09-19 03:11:57+00:00,117,4.848804333333334,,,,,,,,287,,2,0
nwfsc_pacific_hake_survey,D20210919T033540_IFCB117,2021-09-19 03:35:40+00:00,117,4.8518601875,,,,,,,,280,,2,0
nwfsc_pacific_hake_survey,D20210919T035922_IFCB117,2021-09-19 03:59:22+00:00,117,4.803365858333334,,,,,,,,387,,2,0
nwfsc_pacific_hake_survey,D20210919T042305_IFCB117,2021-09-19 04:23:05+00:00,117,4.818859733333334,,,,,,,,341,,2,0
nwfsc_pacific_hake_survey,D20210919T044647_IFCB117,2021-09-19 04:46:47+00:00,117,4.8304774916666675,,,,,,,,298,,2,0
nwfsc_pacific_hake_survey,D20210919T051029_IFCB117,2021-09-19 05:10:29+00:00,117,4.810493129166667,,,,,,,,344,,2,0
nwfsc_pacific_hake_survey,D20210919T053412_IFCB117,2021-09-19 05:34:12+00:00,117,4.7891887125000006,,,,,,,,383,,2,0
nwfsc_pacific_hake_survey,D20210919T055754_IFCB117,2021-09-19 05:57:54+00:00,117,4.778223454166667,,,,,,,,430,,2,0
nwfsc_pacific_hake_survey,D20210919T062137_IFCB117,2021-09-19 06:21:37+00:00,117,4.816567729166667,,,,,,,,354,,2,0
nwfsc_pacific_hake_survey,D20210919T064519_IFCB117,2021-09-19 06:45:19+00:00,117,4.777990233333333,,,,,,,,435,,2,0
nwfsc_pacific_hake_survey,D20210919T070901_IFCB117,2021-09-19 07:09:01+00:00,117,4.7894552625,,,,,,,,398,,2,0
nwfsc_pacific_hake_survey,D20210919T073244_IFCB117,2021-09-19 07:32:44+00:00,117,4.776894125,,,,,,,,429,,2,0
nwfsc_pacific_hake_survey,D20210919T075626_IFCB117,2021-09-19 07:56:26+00:00,117,4.7619626083333335,,,,,,,,476,,2,0
nwfsc_pacific_hake_survey,D20210919T082009_IFCB117,2021-09-19 08:20:09+00:00,117,4.7906989125,,,,,,,,413,,2,0
nwfsc_pacific_hake_survey,D20210919T084351_IFCB117,2021-09-19 08:43:51+00:00,117,4.8045749041666665,,,,,,,,383,,2,0
nwfsc_pacific_hake_survey,D20210919T090733_IFCB117,2021-09-19 09:07:33+00:00,117,4.815133220833333,,,,,,,,353,,2,0
nwfsc_pacific_hake_survey,D20210919T093116_IFCB117,2021-09-19 09:31:16+00:00,117,4.79948895,,,,,,,,358,,2,0
nwfsc_pacific_hake_survey,D20210919T095458_IFCB117,2021-09-19 09:54:58+00:00,117,4.806062445833334,,,,,,,,357,,2,0
nwfsc_pacific_hake_survey,D20210919T101841_IFCB117,2021-09-19 10:18:41+00:00,117,4.801075133333333,,,,,,,,357,,2,0
nwfsc_pacific_hake_survey,D20210919T104223_IFCB117,2021-09-19 10:42:23+00:00,117,4.821550025,,,,,,,,351,,2,0
nwfsc_pacific_hake_survey,D20210919T110605_IFCB117,2021-09-19 11:06:05+00:00,117,4.788134275,,,,,,,,363,,2,0
nwfsc_pacific_hake_survey,D20210919T112947_IFCB117,2021-09-19 11:29:47+00:00,117,4.7889500625000005,,,,,,,,319,,2,0
nwfsc_pacific_hake_survey,D20210919T115330_IFCB117,2021-09-19 11:53:30+00:00,117,4.8736609625,,,,,,,,220,,2,0
nwfsc_pacific_hake_survey,D20210919T121712_IFCB117,2021-09-19 12:17:12+00:00,117,4.874260595833333,,,,,,,,206,,2,0
nwfsc_pacific_hake_survey,D20210919T130637_IFCB117,2021-09-19 13:06:37+00:00,117,4.836351491666667,,,,,,,,231,,2,0
nwfsc_pacific_hake_survey,D20210919T133020_IFCB117,2021-09-19 13:30:20+00:00,117,4.831987820833334,,,,,,,,289,,2,0
nwfsc_pacific_hake_survey,D20210919T135402_IFCB117,2021-09-19 13:54:02+00:00,117,4.831511391666667,,,,,,,,329,,2,0
nwfsc_pacific_hake_survey,D20210919T141744_IFCB117,2021-09-19 14:17:44+00:00,117,4.715427383333333,,,,,,,,476,,2,0
nwfsc_pacific_hake_survey,D20210919T144127_IFCB117,2021-09-19 14:41:27+00:00,117,4.656676537500001,,,,,,,,669,,2,0
nwfsc_pacific_hake_survey,D20210919T150509_IFCB117,2021-09-19 15:05:09+00:00,117,4.745009008333333,,,,,,,,470,,2,0
nwfsc_pacific_hake_survey,D20210919T152852_IFCB117,2021-09-19 15:28:52+00:00,117,4.746056254166667,,,,,,,,425,,2,0
nwfsc_pacific_hake_survey,D20210919T155235_IFCB117,2021-09-19 15:52:35+00:00,117,4.820886916666667,,,,,,,,324,,2,0
nwfsc_pacific_hake_survey,D20210919T161617_IFCB117,2021-09-19 16:16:17+00:00,117,4.815413175,,,,,,,,317,,2,0
nwfsc_pacific_hake_survey,D20210919T164000_IFCB117,2021-09-19 16:40:00+00:00,117,4.879157716666667,,,,,,,,218,,2,0
nwfsc_pacific_hake_survey,D20210919T170342_IFCB117,2021-09-19 17:03:42+00:00,117,4.865479058333333,,,,,,,,185,,2,0
nwfsc_pacific_hake_survey,D20210919T172725_IFCB117,2021-09-19 17:27:25+00:00,117,4.810602404166667,,,,,,,,349,,2,0
nwfsc_pacific_hake_survey,D20210919T175107_IFCB117,2021-09-19 17:51:07+00:00,117,4.8030820125,,,,,,,,361,,2,0
nwfsc_pacific_hake_survey,D20210919T181449_IFCB117,2021-09-19 18:14:49+00:00,117,4.773865766666666,,,,,,,,293,,2,0
nwfsc_pacific_hake_survey,D20210919T183832_IFCB117,2021-09-19 18:38:32+00:00,117,4.845429225,,,,,,,,271,,2,0
nwfsc_pacific_hake_survey,D20210919T190215_IFCB117,2021-09-19 19:02:15+00:00,117,4.835453395833333,,,,,,,,314,,2,0
nwfsc_pacific_hake_survey,D20210919T192557_IFCB117,2021-09-19 19:25:57+00:00,117,4.902158437500001,,,,,,,,128,,2,0
nwfsc_pacific_hake_survey,D20210919T194940_IFCB117,2021-09-19 19:49:40+00:00,117,4.879122566666667,,,,,,,,131,,2,0
nwfsc_pacific_hake_survey,D20210919T201322_IFCB117,2021-09-19 20:13:22+00:00,117,4.886368145833333,,,,,,,,149,,2,0
nwfsc_pacific_hake_survey,D20210919T203705_IFCB117,2021-09-19 20:37:05+00:00,117,4.892082070833334,,,,,,,,145,,2,0
nwfsc_pacific_hake_survey,D20210919T210047_IFCB117,2021-09-19 21:00:47+00:00,117,4.890737704166667,,,,,,,,109,,2,0
nwfsc_pacific_hake_survey,D20210919T212429_IFCB117,2021-09-19 21:24:29+00:00,117,4.713320891666667,,,,,,,,137,,2,0
nwfsc_pacific_hake_survey,D20210919T214811_IFCB117,2021-09-19 21:48:11+00:00,117,4.824438320833333,,,,,,,,260,,2,0
nwfsc_pacific_hake_survey,D20210919T221154_IFCB117,2021-09-19 22:11:54+00:00,117,4.882082920833333,,,,,,,,155,,2,0
nwfsc_pacific_hake_survey,D20210919T223536_IFCB117,2021-09-19 22:35:36+00:00,117,4.696434108333333,,,,,,,,458,,2,0
nwfsc_pacific_hake_survey,D20210919T225918_IFCB117,2021-09-19 22:59:18+00:00,117,4.705532154166666,,,,,,,,425,,2,0
nwfsc_pacific_hake_survey,D20210919T232300_IFCB117,2021-09-19 23:23:00+00:00,117,4.7246040833333325,,,,,,,,415,,2,0
nwfsc_pacific_hake_survey,D20210919T234642_IFCB117,2021-09-19 23:46:42+00:00,117,4.698806679166666,,,,,,,,465,,2,0
nwfsc_pacific_hake_survey,D20210920T001024_IFCB117,2021-09-20 00:10:24+00:00,117,4.704633724999999,,,,,,,,453,,2,0
nwfsc_pacific_hake_survey,D20210920T003406_IFCB117,2021-09-20 00:34:06+00:00,117,4.6811563125,,,,,,,,473,,2,0
nwfsc_pacific_hake_survey,D20210920T012331_IFCB117,2021-09-20 01:23:31+00:00,117,4.767337429166667,,,,,,,,342,,2,0
nwfsc_pacific_hake_survey,D20210920T014714_IFCB117,2021-09-20 01:47:14+00:00,117,4.640100866666668,,,,,,,,519,,2,0
nwfsc_pacific_hake_survey,D20210920T021056_IFCB117,2021-09-20 02:10:56+00:00,117,4.683222404166667,,,,,,,,466,,2,0
nwfsc_pacific_hake_survey,D20210920T023438_IFCB117,2021-09-20 02:34:38+00:00,117,4.642155970833333,,,,,,,,559,,2,0
nwfsc_pacific_hake_survey,D20210920T025820_IFCB117,2021-09-20 02:58:20+00:00,117,4.652450566666667,,,,,,,,524,,2,0
nwfsc_pacific_hake_survey,D20210920T032202_IFCB117,2021-09-20 03:22:02+00:00,117,4.5467611833333335,,,,,,,,716,,2,0
nwfsc_pacific_hake_survey,D20210920T034545_IFCB117,2021-09-20 03:45:45+00:00,117,4.698681766666667,,,,,,,,463,,2,0
nwfsc_pacific_hake_survey,D20210920T040927_IFCB117,2021-09-20 04:09:27+00:00,117,4.777132929166667,,,,,,,,340,,2,0
nwfsc_pacific_hake_survey,D20210920T043309_IFCB117,2021-09-20 04:33:09+00:00,117,4.787338091666667,,,,,,,,322,,2,0
nwfsc_pacific_hake_survey,D20210920T045651_IFCB117,2021-09-20 04:56:51+00:00,117,4.783299125,,,,,,,,321,,2,0
nwfsc_pacific_hake_survey,D20210920T052036_IFCB117,2021-09-20 05:20:36+00:00,117,4.794819654166667,,,,,,,,281,,2,0
nwfsc_pacific_hake_survey,D20210920T054419_IFCB117,2021-09-20 05:44:19+00:00,117,4.8200292125,,,,,,,,260,,2,0
nwfsc_pacific_hake_survey,D20210920T060801_IFCB117,2021-09-20 06:08:01+00:00,117,4.739667383333333,,,,,,,,392,,2,0
nwfsc_pacific_hake_survey,D20210920T063143_IFCB117,2021-09-20 06:31:43+00:00,117,4.719450920833333,,,,,,,,424,,2,0
nwfsc_pacific_hake_survey,D20210920T065526_IFCB117,2021-09-20 06:55:26+00:00,117,4.746593145833333,,,,,,,,380,,2,0
nwfsc_pacific_hake_survey,D20210920T071908_IFCB117,2021-09-20 07:19:08+00:00,117,4.7843663124999996,,,,,,,,311,,2,0
nwfsc_pacific_hake_survey,D20210920T074250_IFCB117,2021-09-20 07:42:50+00:00,117,4.822796866666666,,,,,,,,260,,2,0
nwfsc_pacific_hake_survey,D20210920T080632_IFCB117,2021-09-20 08:06:32+00:00,117,4.805356979166667,,,,,,,,263,,2,0
nwfsc_pacific_hake_survey,D20210920T083015_IFCB117,2021-09-20 08:30:15+00:00,117,4.8150323625,,,,,,,,239,,2,0
nwfsc_pacific_hake_survey,D20210920T085357_IFCB117,2021-09-20 08:53:57+00:00,117,4.831517641666666,,,,,,,,208,,2,0
nwfsc_pacific_hake_survey,D20210920T091739_IFCB117,2021-09-20 09:17:39+00:00,117,4.872606795833334,,,,,,,,179,,2,0
nwfsc_pacific_hake_survey,D20210920T094121_IFCB117,2021-09-20 09:41:21+00:00,117,4.84943525,,,,,,,,204,,2,0
nwfsc_pacific_hake_survey,D20210920T100503_IFCB117,2021-09-20 10:05:03+00:00,117,4.900228837499999,,,,,,,,83,,2,0
nwfsc_pacific_hake_survey,D20210920T102846_IFCB117,2021-09-20 10:28:46+00:00,117,4.838827895833334,,,,,,,,50,,2,0
nwfsc_pacific_hake_survey,D20210920T105228_IFCB117,2021-09-20 10:52:28+00:00,117,4.950987204166667,,,,,,,,43,,2,0
nwfsc_pacific_hake_survey,D20210920T111610_IFCB117,2021-09-20 11:16:10+00:00,117,4.578067216666667,,,,,,,,33,,2,0
nwfsc_pacific_hake_survey,D20210920T113952_IFCB117,2021-09-20 11:39:52+00:00,117,4.885971320833334,,,,,,,,34,,2,0
nwfsc_pacific_hake_survey,D20210920T120335_IFCB117,2021-09-20 12:03:35+00:00,117,4.897441991666667,,,,,,,,36,,2,0
nwfsc_pacific_hake_survey,D20210920T122717_IFCB117,2021-09-20 12:27:17+00:00,117,4.925185529166667,,,,,,,,46,,2,0
nwfsc_pacific_hake_survey,D20210920T125059_IFCB117,2021-09-20 12:50:59+00:00,117,4.934071712500001,,,,,,,,78,,2,0
nwfsc_pacific_hake_survey,D20210920T134046_IFCB117,2021-09-20 13:40:46+00:00,117,4.7770873375,,,,,,,,339,,2,0
nwfsc_pacific_hake_survey,D20210920T140428_IFCB117,2021-09-20 14:04:28+00:00,117,4.616227908333333,,,,,,,,604,,2,0
nwfsc_pacific_hake_survey,D20210920T142810_IFCB117,2021-09-20 14:28:10+00:00,117,4.644930408333333,,,,,,,,554,,2,0
nwfsc_pacific_hake_survey,D20210920T145152_IFCB117,2021-09-20 14:51:52+00:00,117,4.618448150000001,,,,,,,,591,,2,0
nwfsc_pacific_hake_survey,D20210920T151535_IFCB117,2021-09-20 15:15:35+00:00,117,4.767905554166666,,,,,,,,360,,2,0
nwfsc_pacific_hake_survey,D20210920T153917_IFCB117,2021-09-20 15:39:17+00:00,117,4.847516945833333,,,,,,,,225,,2,0
nwfsc_pacific_hake_survey,D20210920T160259_IFCB117,2021-09-20 16:02:59+00:00,117,4.837737458333334,,,,,,,,217,,2,0
nwfsc_pacific_hake_survey,D20210920T162641_IFCB117,2021-09-20 16:26:41+00:00,117,4.872966716666666,,,,,,,,167,,2,0
nwfsc_pacific_hake_survey,D20210920T165024_IFCB117,2021-09-20 16:50:24+00:00,117,4.9232239875,,,,,,,,132,,2,0
nwfsc_pacific_hake_survey,D20210920T171406_IFCB117,2021-09-20 17:14:06+00:00,117,4.9049388,,,,,,,,109,,2,0
nwfsc_pacific_hake_survey,D20210920T173748_IFCB117,2021-09-20 17:37:48+00:00,117,4.782038058333333,,,,,,,,80,,2,0
nwfsc_pacific_hake_survey,D20210920T180131_IFCB117,2021-09-20 18:01:31+00:00,117,4.924490116666666,,,,,,,,62,,2,0
nwfsc_pacific_hake_survey,D20210920T182513_IFCB117,2021-09-20 18:25:13+00:00,117,4.783882441666667,,,,,,,,60,,2,0
nwfsc_pacific_hake_survey,D20210920T184856_IFCB117,2021-09-20 18:48:56+00:00,117,4.896624575000001,,,,,,,,41,,2,0
nwfsc_pacific_hake_survey,D20210920T191239_IFCB117,2021-09-20 19:12:39+00:00,117,4.763707675,,,,,,,,46,,2,0
nwfsc_pacific_hake_survey,D20210920T193621_IFCB117,2021-09-20 19:36:21+00:00,117,4.964367425000001,,,,,,,,41,,2,0
nwfsc_pacific_hake_survey,D20210920T200004_IFCB117,2021-09-20 20:00:04+00:00,117,4.908619325,,,,,,,,45,,2,0
nwfsc_pacific_hake_survey,D20210920T202346_IFCB117,2021-09-20 20:23:46+00:00,117,4.890362004166667,,,,,,,,59,,2,0
nwfsc_pacific_hake_survey,D20210920T204729_IFCB117,2021-09-20 20:47:29+00:00,117,4.924205987500001,,,,,,,,121,,2,0
nwfsc_pacific_hake_survey,D20210920T211111_IFCB117,2021-09-20 21:11:11+00:00,117,4.9210954125,,,,,,,,72,,2,0
nwfsc_pacific_hake_survey,D20210920T213453_IFCB117,2021-09-20 21:34:53+00:00,117,4.955407141666667,,,,,,,,54,,2,0
nwfsc_pacific_hake_survey,D20210920T215836_IFCB117,2021-09-20 21:58:36+00:00,117,4.787066345833334,,,,,,,,48,,2,0
nwfsc_pacific_hake_survey,D20210920T222218_IFCB117,2021-09-20 22:22:18+00:00,117,4.960695458333333,,,,,,,,35,,2,0
nwfsc_pacific_hake_survey,D20210920T224600_IFCB117,2021-09-20 22:46:00+00:00,117,4.889156808333334,,,,,,,,162,,2,0
nwfsc_pacific_hake_survey,D20210920T230943_IFCB117,2021-09-20 23:09:43+00:00,117,4.64151405,,,,,,,,511,,2,0
nwfsc_pacific_hake_survey,D20210920T233325_IFCB117,2021-09-20 23:33:25+00:00,117,4.73028265,,,,,,,,401,,2,0
nwfsc_pacific_hake_survey,D20210920T235707_IFCB117,2021-09-20 23:57:07+00:00,117,4.846326458333333,,,,,,,,184,,2,0
nwfsc_pacific_hake_survey,D20210921T002049_IFCB117,2021-09-21 00:20:49+00:00,117,4.8605343625,,,,,,,,201,,2,0
nwfsc_pacific_hake_survey,D20210921T004431_IFCB117,2021-09-21 00:44:31+00:00,117,4.905475258333334,,,,,,,,84,,2,0
nwfsc_pacific_hake_survey,D20210921T010814_IFCB117,2021-09-21 01:08:14+00:00,117,4.899974066666667,,,,,,,,121,,2,0
nwfsc_pacific_hake_survey,D20210921T015801_IFCB117,2021-09-21 01:58:01+00:00,117,4.780446920833334,,,,,,,,85,,2,0
nwfsc_pacific_hake_survey,D20210921T022143_IFCB117,2021-09-21 02:21:43+00:00,117,4.726413983333334,,,,,,,,379,,2,0
nwfsc_pacific_hake_survey,D20210921T024525_IFCB117,2021-09-21 02:45:25+00:00,117,4.714437166666667,,,,,,,,398,,2,0
nwfsc_pacific_hake_survey,D20210921T030908_IFCB117,2021-09-21 03:09:08+00:00,117,4.741196670833333,,,,,,,,350,,2,0
nwfsc_pacific_hake_survey,D20210921T033250_IFCB117,2021-09-21 03:32:50+00:00,117,4.750235433333333,,,,,,,,363,,2,0
nwfsc_pacific_hake_survey,D20210921T035632_IFCB117,2021-09-21 03:56:32+00:00,117,4.8146169625,,,,,,,,268,,2,0
nwfsc_pacific_hake_survey,D20210921T042015_IFCB117,2021-09-21 04:20:15+00:00,117,4.848136374999999,,,,,,,,199,,2,0
nwfsc_pacific_hake_survey,D20210921T044357_IFCB117,2021-09-21 04:43:57+00:00,117,4.836046370833333,,,,,,,,210,,2,0
nwfsc_pacific_hake_survey,D20210921T050741_IFCB117,2021-09-21 05:07:41+00:00,117,4.827777829166667,,,,,,,,210,,2,0
nwfsc_pacific_hake_survey,D20210921T053124_IFCB117,2021-09-21 05:31:24+00:00,117,4.817733,,,,,,,,240,,2,0
nwfsc_pacific_hake_survey,D20210921T055506_IFCB117,2021-09-21 05:55:06+00:00,117,4.8538633791666665,,,,,,,,200,,2,0
nwfsc_pacific_hake_survey,D20210921T061849_IFCB117,2021-09-21 06:18:49+00:00,117,4.8491094583333325,,,,,,,,198,,2,0
nwfsc_pacific_hake_survey,D20210921T064231_IFCB117,2021-09-21 06:42:31+00:00,117,4.841266404166666,,,,,,,,220,,2,0
nwfsc_pacific_hake_survey,D20210921T070613_IFCB117,2021-09-21 07:06:13+00:00,117,4.7972393375,,,,,,,,209,,2,0
nwfsc_pacific_hake_survey,D20210921T072956_IFCB117,2021-09-21 07:29:56+00:00,117,4.859028670833333,,,,,,,,191,,2,0
nwfsc_pacific_hake_survey,D20210921T075338_IFCB117,2021-09-21 07:53:38+00:00,117,4.848063520833334,,,,,,,,190,,2,0
nwfsc_pacific_hake_survey,D20210921T081721_IFCB117,2021-09-21 08:17:21+00:00,117,4.835714029166667,,,,,,,,227,,2,0
nwfsc_pacific_hake_survey,D20210921T084103_IFCB117,2021-09-21 08:41:03+00:00,117,4.847842675,,,,,,,,215,,2,0
nwfsc_pacific_hake_survey,D20210921T090445_IFCB117,2021-09-21 09:04:45+00:00,117,4.780484175,,,,,,,,293,,2,0
nwfsc_pacific_hake_survey,D20210921T092828_IFCB117,2021-09-21 09:28:28+00:00,117,4.736037408333333,,,,,,,,354,,2,0
nwfsc_pacific_hake_survey,D20210921T095210_IFCB117,2021-09-21 09:52:10+00:00,117,4.734423195833333,,,,,,,,301,,2,0
nwfsc_pacific_hake_survey,D20210921T101553_IFCB117,2021-09-21 10:15:53+00:00,117,4.8224285375,,,,,,,,242,,2,0
nwfsc_pacific_hake_survey,D20210921T103935_IFCB117,2021-09-21 10:39:35+00:00,117,4.858849645833333,,,,,,,,201,,2,0
nwfsc_pacific_hake_survey,D20210921T110319_IFCB117,2021-09-21 11:03:19+00:00,117,4.856100270833334,,,,,,,,193,,2,0
nwfsc_pacific_hake_survey,D20210921T112701_IFCB117,2021-09-21 11:27:01+00:00,117,4.826950575,,,,,,,,190,,2,0
nwfsc_pacific_hake_survey,D20210921T115044_IFCB117,2021-09-21 11:50:44+00:00,117,4.806306541666667,,,,,,,,189,,2,0
nwfsc_pacific_hake_survey,D20210921T121426_IFCB117,2021-09-21 12:14:26+00:00,117,4.8872663125,,,,,,,,145,,2,0
nwfsc_pacific_hake_survey,D20210921T123808_IFCB117,2021-09-21 12:38:08+00:00,117,4.764818725,,,,,,,,149,,2,0
nwfsc_pacific_hake_survey,D20210921T130151_IFCB117,2021-09-21 13:01:51+00:00,117,4.873650916666667,,,,,,,,146,,2,0
nwfsc_pacific_hake_survey,D20210921T132533_IFCB117,2021-09-21 13:25:33+00:00,117,4.808699695833334,,,,,,,,137,,2,0
nwfsc_pacific_hake_survey,D20210921T141520_IFCB117,2021-09-21 14:15:20+00:00,117,4.472299904166666,,,,,,,,86,,2,0
nwfsc_pacific_hake_survey,D20210921T143902_IFCB117,2021-09-21 14:39:02+00:00,117,4.891404162499999,,,,,,,,92,,2,0
nwfsc_pacific_hake_survey,D20210921T150245_IFCB117,2021-09-21 15:02:45+00:00,117,4.821182925,,,,,,,,71,,2,0
nwfsc_pacific_hake_survey,D20210921T152627_IFCB117,2021-09-21 15:26:27+00:00,117,4.9335618666666665,,,,,,,,79,,2,0
nwfsc_pacific_hake_survey,D20210921T155010_IFCB117,2021-09-21 15:50:10+00:00,117,4.917535679166667,,,,,,,,82,,2,0
nwfsc_pacific_hake_survey,D20210921T161353_IFCB117,2021-09-21 16:13:53+00:00,117,4.9493159166666665,,,,,,,,55,,2,0
nwfsc_pacific_hake_survey,D20210921T163735_IFCB117,2021-09-21 16:37:35+00:00,117,4.910297191666667,,,,,,,,58,,2,0
nwfsc_pacific_hake_survey,D20210921T170118_IFCB117,2021-09-21 17:01:18+00:00,117,4.780489179166667,,,,,,,,65,,2,0
nwfsc_pacific_hake_survey,D20210921T172500_IFCB117,2021-09-21 17:25:00+00:00,117,4.809918283333333,,,,,,,,68,,2,0
nwfsc_pacific_hake_survey,D20210921T174842_IFCB117,2021-09-21 17:48:42+00:00,117,4.900945004166667,,,,,,,,51,,2,0
nwfsc_pacific_hake_survey,D20210921T181225_IFCB117,2021-09-21 18:12:25+00:00,117,4.871577349999999,,,,,,,,45,,2,0
nwfsc_pacific_hake_survey,D20210921T183607_IFCB117,2021-09-21 18:36:07+00:00,117,4.7522166708333335,,,,,,,,37,,2,0
nwfsc_pacific_hake_survey,D20210921T185949_IFCB117,2021-09-21 18:59:49+00:00,117,4.7300575375,,,,,,,,36,,2,0
nwfsc_pacific_hake_survey,D20210921T192332_IFCB117,2021-09-21 19:23:32+00:00,117,4.9599326249999995,,,,,,,,35,,2,0
nwfsc_pacific_hake_survey,D20210921T194714_IFCB117,2021-09-21 19:47:14+00:00,117,4.711572075,,,,,,,,34,,2,0
nwfsc_pacific_hake_survey,D20210921T201056_IFCB117,2021-09-21 20:10:56+00:00,117,4.8803600625,,,,,,,,44,,2,0
nwfsc_pacific_hake_survey,D20210921T203438_IFCB117,2021-09-21 20:34:38+00:00,117,4.826907233333333,,,,,,,,39,,2,0
nwfsc_pacific_hake_survey,D20210921T205820_IFCB117,2021-09-21 20:58:20+00:00,117,4.854252325000001,,,,,,,,106,,2,0
nwfsc_pacific_hake_survey,D20210921T212203_IFCB117,2021-09-21 21:22:03+00:00,117,4.880390333333334,,,,,,,,155,,2,0
nwfsc_pacific_hake_survey,D20210921T214546_IFCB117,2021-09-21 21:45:46+00:00,117,4.749223920833333,,,,,,,,247,,2,0
nwfsc_pacific_hake_survey,D20210921T220928_IFCB117,2021-09-21 22:09:28+00:00,117,4.8480203625,,,,,,,,162,,2,0
nwfsc_pacific_hake_survey,D20210921T223310_IFCB117,2021-09-21 22:33:10+00:00,117,4.866633291666667,,,,,,,,160,,2,0
nwfsc_pacific_hake_survey,D20210921T225653_IFCB117,2021-09-21 22:56:53+00:00,117,4.813126166666666,,,,,,,,149,,2,0
nwfsc_pacific_hake_survey,D20210921T232035_IFCB117,2021-09-21 23:20:35+00:00,117,4.8750807625,,,,,,,,154,,2,0
nwfsc_pacific_hake_survey,D20210921T234417_IFCB117,2021-09-21 23:44:17+00:00,117,4.8213991375,,,,,,,,168,,2,0
nwfsc_pacific_hake_survey,D20210922T000800_IFCB117,2021-09-22 00:08:00+00:00,117,4.834222020833334,,,,,,,,153,,2,0
nwfsc_pacific_hake_survey,D20210922T003142_IFCB117,2021-09-22 00:31:42+00:00,117,4.881537020833334,,,,,,,,149,,2,0
nwfsc_pacific_hake_survey,D20210922T005524_IFCB117,2021-09-22 00:55:24+00:00,117,4.699019595833334,,,,,,,,178,,2,0
nwfsc_pacific_hake_survey,D20210922T011906_IFCB117,2021-09-22 01:19:06+00:00,117,4.858049045833334,,,,,,,,157,,2,0
nwfsc_pacific_hake_survey,D20210922T014249_IFCB117,2021-09-22 01:42:49+00:00,117,4.879156375,,,,,,,,153,,2,0
nwfsc_pacific_hake_survey,D20210922T023214_IFCB117,2021-09-22 02:32:14+00:00,117,4.7622771083333335,,,,,,,,113,,2,0
nwfsc_pacific_hake_survey,D20210922T025556_IFCB117,2021-09-22 02:55:56+00:00,117,4.8381991625,,,,,,,,207,,2,0
nwfsc_pacific_hake_survey,D20210922T031940_IFCB117,2021-09-22 03:19:40+00:00,117,4.803626425,,,,,,,,199,,2,0
nwfsc_pacific_hake_survey,D20210922T034322_IFCB117,2021-09-22 03:43:22+00:00,117,4.850568729166667,,,,,,,,203,,2,0
nwfsc_pacific_hake_survey,D20210922T040704_IFCB117,2021-09-22 04:07:04+00:00,117,4.662415408333333,,,,,,,,184,,2,0
nwfsc_pacific_hake_survey,D20210922T043047_IFCB117,2021-09-22 04:30:47+00:00,117,4.858902416666667,,,,,,,,158,,2,0
nwfsc_pacific_hake_survey,D20210922T045429_IFCB117,2021-09-22 04:54:29+00:00,117,4.894447420833333,,,,,,,,140,,2,0
nwfsc_pacific_hake_survey,D20210922T051813_IFCB117,2021-09-22 05:18:13+00:00,117,4.837063095833333,,,,,,,,140,,2,0
nwfsc_pacific_hake_survey,D20210922T054155_IFCB117,2021-09-22 05:41:55+00:00,117,4.852346808333333,,,,,,,,165,,2,0
nwfsc_pacific_hake_survey,D20210922T060537_IFCB117,2021-09-22 06:05:37+00:00,117,4.8842742249999995,,,,,,,,154,,2,0
nwfsc_pacific_hake_survey,D20210922T062920_IFCB117,2021-09-22 06:29:20+00:00,117,4.828053220833334,,,,,,,,133,,2,0
nwfsc_pacific_hake_survey,D20210922T065302_IFCB117,2021-09-22 06:53:02+00:00,117,4.898097537500001,,,,,,,,116,,2,0
nwfsc_pacific_hake_survey,D20210922T071645_IFCB117,2021-09-22 07:16:45+00:00,117,4.8668906624999995,,,,,,,,136,,2,0
nwfsc_pacific_hake_survey,D20210922T074027_IFCB117,2021-09-22 07:40:27+00:00,117,4.836408708333333,,,,,,,,143,,2,0
nwfsc_pacific_hake_survey,D20210922T080409_IFCB117,2021-09-22 08:04:09+00:00,117,4.9084214500000005,,,,,,,,110,,2,0
nwfsc_pacific_hake_survey,D20210922T082752_IFCB117,2021-09-22 08:27:52+00:00,117,4.74997455,,,,,,,,117,,2,0
nwfsc_pacific_hake_survey,D20210922T085134_IFCB117,2021-09-22 08:51:34+00:00,117,4.8295402,,,,,,,,137,,2,0
nwfsc_pacific_hake_survey,D20210922T091516_IFCB117,2021-09-22 09:15:16+00:00,117,4.8478224375,,,,,,,,180,,2,0
nwfsc_pacific_hake_survey,D20210922T093858_IFCB117,2021-09-22 09:38:58+00:00,117,4.8444060125,,,,,,,,206,,2,0
nwfsc_pacific_hake_survey,D20210922T100241_IFCB117,2021-09-22 10:02:41+00:00,117,4.807355695833333,,,,,,,,232,,2,0
nwfsc_pacific_hake_survey,D20210922T102623_IFCB117,2021-09-22 10:26:23+00:00,117,4.822221183333332,,,,,,,,261,,2,0
nwfsc_pacific_hake_survey,D20210922T105006_IFCB117,2021-09-22 10:50:06+00:00,117,4.801905229166667,,,,,,,,251,,2,0
nwfsc_pacific_hake_survey,D20210922T111348_IFCB117,2021-09-22 11:13:48+00:00,117,4.759602708333333,,,,,,,,213,,2,0
nwfsc_pacific_hake_survey,D20210922T113730_IFCB117,2021-09-22 11:37:30+00:00,117,4.861879304166667,,,,,,,,177,,2,0
nwfsc_pacific_hake_survey,D20210922T120113_IFCB117,2021-09-22 12:01:13+00:00,117,4.849781891666666,,,,,,,,199,,2,0
nwfsc_pacific_hake_survey,D20210922T122455_IFCB117,2021-09-22 12:24:55+00:00,117,4.821507554166667,,,,,,,,223,,2,0
nwfsc_pacific_hake_survey,D20210922T124838_IFCB117,2021-09-22 12:48:38+00:00,117,4.813133058333333,,,,,,,,219,,2,0
nwfsc_pacific_hake_survey,D20210922T131220_IFCB117,2021-09-22 13:12:20+00:00,117,4.803727220833334,,,,,,,,194,,2,0
nwfsc_pacific_hake_survey,D20210922T133602_IFCB117,2021-09-22 13:36:02+00:00,117,4.854507033333333,,,,,,,,189,,2,0
nwfsc_pacific_hake_survey,D20210922T135945_IFCB117,2021-09-22 13:59:45+00:00,117,4.8199407291666665,,,,,,,,204,,2,0
nwfsc_pacific_hake_survey,D20210922T144850_IFCB117,2021-09-22 14:48:50+00:00,117,4.794253470833334,,,,,,,,66,,2,0
nwfsc_pacific_hake_survey,D20210922T151232_IFCB117,2021-09-22 15:12:32+00:00,117,4.90123455,,,,,,,,116,,2,0
nwfsc_pacific_hake_survey,D20210922T153615_IFCB117,2021-09-22 15:36:15+00:00,117,4.7819173416666665,,,,,,,,196,,2,0
nwfsc_pacific_hake_survey,D20210922T155957_IFCB117,2021-09-22 15:59:57+00:00,117,4.867728850000001,,,,,,,,148,,2,0
nwfsc_pacific_hake_survey,D20210922T162339_IFCB117,2021-09-22 16:23:39+00:00,117,4.829307366666667,,,,,,,,209,,2,0
nwfsc_pacific_hake_survey,D20210922T164722_IFCB117,2021-09-22 16:47:22+00:00,117,4.841730733333333,,,,,,,,194,,2,0
nwfsc_pacific_hake_survey,D20210922T171104_IFCB117,2021-09-22 17:11:04+00:00,117,4.905322425,,,,,,,,103,,2,0
nwfsc_pacific_hake_survey,D20210922T173446_IFCB117,2021-09-22 17:34:46+00:00,117,4.856497966666666,,,,,,,,89,,2,0
nwfsc_pacific_hake_survey,D20210922T175828_IFCB117,2021-09-22 17:58:28+00:00,117,4.7768830125,,,,,,,,72,,2,0
nwfsc_pacific_hake_survey,D20210922T182210_IFCB117,2021-09-22 18:22:10+00:00,117,4.9055979625,,,,,,,,73,,2,0
nwfsc_pacific_hake_survey,D20210922T184552_IFCB117,2021-09-22 18:45:52+00:00,117,4.8713164875,,,,,,,,84,,2,0
nwfsc_pacific_hake_survey,D20210922T190934_IFCB117,2021-09-22 19:09:34+00:00,117,4.920674758333333,,,,,,,,71,,2,0
nwfsc_pacific_hake_survey,D20210922T193316_IFCB117,2021-09-22 19:33:16+00:00,117,3.9955042666666665,,,,,,,,76,,2,0
nwfsc_pacific_hake_survey,D20210924T152903_IFCB117,2021-09-24 15:29:03+00:00,117,4.775023479166666,,,,,,,,439,,2,0
nwfsc_pacific_hake_survey,D20210924T161829_IFCB117,2021-09-24 16:18:29+00:00,117,4.7986782125,,,,,,,,385,,2,0
nwfsc_pacific_hake_survey,D20210924T164211_IFCB117,2021-09-24 16:42:11+00:00,117,4.7848704416666665,,,,,,,,411,,2,0
nwfsc_pacific_hake_survey,D20210924T170554_IFCB117,2021-09-24 17:05:54+00:00,117,4.7222693625000005,,,,,,,,546,,2,0
nwfsc_pacific_hake_survey,D20210924T172936_IFCB117,2021-09-24 17:29:36+00:00,117,4.527721562500001,,,,,,,,911,,2,0
nwfsc_pacific_hake_survey,D20210924T175318_IFCB117,2021-09-24 17:53:18+00:00,117,4.8468927666666675,,,,,,,,205,,2,0
nwfsc_pacific_hake_survey,D20210924T181701_IFCB117,2021-09-24 18:17:01+00:00,117,4.871505841666667,,,,,,,,83,,2,0
nwfsc_pacific_hake_survey,D20210924T184043_IFCB117,2021-09-24 18:40:43+00:00,117,4.803130370833333,,,,,,,,296,,2,0
nwfsc_pacific_hake_survey,D20210924T190426_IFCB117,2021-09-24 19:04:26+00:00,117,4.956066308333333,,,,,,,,52,,2,0
nwfsc_pacific_hake_survey,D20210924T192808_IFCB117,2021-09-24 19:28:08+00:00,117,4.530549170833334,,,,,,,,20,,2,0
nwfsc_pacific_hake_survey,D20210924T195151_IFCB117,2021-09-24 19:51:51+00:00,117,4.629729120833333,,,,,,,,30,,2,0
nwfsc_pacific_hake_survey,D20210924T201533_IFCB117,2021-09-24 20:15:33+00:00,117,4.792372145833332,,,,,,,,25,,2,0
nwfsc_pacific_hake_survey,D20210924T203916_IFCB117,2021-09-24 20:39:16+00:00,117,4.868724512499999,,,,,,,,20,,2,0
nwfsc_pacific_hake_survey,D20210924T210258_IFCB117,2021-09-24 21:02:58+00:00,117,4.880726870833334,,,,,,,,16,,2,0
nwfsc_pacific_hake_survey,D20210924T212640_IFCB117,2021-09-24 21:26:40+00:00,117,4.838250833333333,,,,,,,,14,,2,0
nwfsc_pacific_hake_survey,D20210924T215023_IFCB117,2021-09-24 21:50:23+00:00,117,4.400558441666666,,,,,,,,21,,2,0
nwfsc_pacific_hake_survey,D20210924T221405_IFCB117,2021-09-24 22:14:05+00:00,117,3.9071409499999996,,,,,,,,11,,2,0
nwfsc_pacific_hake_survey,D20210924T223747_IFCB117,2021-09-24 22:37:47+00:00,117,4.318953287499999,,,,,,,,18,,2,0
nwfsc_pacific_hake_survey,D20210924T230130_IFCB117,2021-09-24 23:01:30+00:00,117,4.503266962500001,,,,,,,,8,,2,0
nwfsc_pacific_hake_survey,D20210924T232512_IFCB117,2021-09-24 23:25:12+00:00,117,4.895441245833334,,,,,,,,8,,2,0
nwfsc_pacific_hake_survey,D20210924T234854_IFCB117,2021-09-24 23:48:54+00:00,117,4.673094779166666,,,,,,,,12,,2,0
nwfsc_pacific_hake_survey,D20210925T001237_IFCB117,2021-09-25 00:12:37+00:00,117,4.892956462499999,,,,,,,,23,,2,0
nwfsc_pacific_hake_survey,D20210925T003619_IFCB117,2021-09-25 00:36:19+00:00,117,4.136722258333333,,,,,,,,11,,2,0
nwfsc_pacific_hake_survey,D20210925T010002_IFCB117,2021-09-25 01:00:02+00:00,117,4.630760779166667,,,,,,,,22,,2,0
nwfsc_pacific_hake_survey,D20210925T012344_IFCB117,2021-09-25 01:23:44+00:00,117,4.931846479166667,,,,,,,,80,,2,0
nwfsc_pacific_hake_survey,D20210925T014726_IFCB117,2021-09-25 01:47:26+00:00,117,4.9547128625,,,,,,,,36,,2,0
nwfsc_pacific_hake_survey,D20210925T021109_IFCB117,2021-09-25 02:11:09+00:00,117,4.959990679166666,,,,,,,,47,,2,0
nwfsc_pacific_hake_survey,D20210925T023451_IFCB117,2021-09-25 02:34:51+00:00,117,4.917559404166667,,,,,,,,48,,2,0
nwfsc_pacific_hake_survey,D20210925T025834_IFCB117,2021-09-25 02:58:34+00:00,117,4.560408708333333,,,,,,,,58,,2,0
nwfsc_pacific_hake_survey,D20210925T032216_IFCB117,2021-09-25 03:22:16+00:00,117,4.562843525000001,,,,,,,,59,,2,0
nwfsc_pacific_hake_survey,D20210925T034559_IFCB117,2021-09-25 03:45:59+00:00,117,4.94591145,,,,,,,,50,,2,0
nwfsc_pacific_hake_survey,D20210925T040941_IFCB117,2021-09-25 04:09:41+00:00,117,4.867150229166667,,,,,,,,27,,2,0
nwfsc_pacific_hake_survey,D20210925T043323_IFCB117,2021-09-25 04:33:23+00:00,117,4.9274468208333335,,,,,,,,27,,2,0
nwfsc_pacific_hake_survey,D20210925T045705_IFCB117,2021-09-25 04:57:05+00:00,117,4.875660454166667,,,,,,,,36,,2,0
nwfsc_pacific_hake_survey,D20210925T052049_IFCB117,2021-09-25 05:20:49+00:00,117,4.859840308333333,,,,,,,,47,,2,0
nwfsc_pacific_hake_survey,D20210925T054432_IFCB117,2021-09-25 05:44:32+00:00,117,4.772614683333333,,,,,,,,32,,2,0
nwfsc_pacific_hake_survey,D20210925T060814_IFCB117,2021-09-25 06:08:14+00:00,117,4.508056775,,,,,,,,18,,2,0
nwfsc_pacific_hake_survey,D20210925T063157_IFCB117,2021-09-25 06:31:57+00:00,117,4.881646783333333,,,,,,,,35,,2,0
nwfsc_pacific_hake_survey,D20210925T065539_IFCB117,2021-09-25 06:55:39+00:00,117,4.8982494375,,,,,,,,137,,2,0
nwfsc_pacific_hake_survey,D20210925T071921_IFCB117,2021-09-25 07:19:21+00:00,117,4.868696758333333,,,,,,,,81,,2,0
nwfsc_pacific_hake_survey,D20210925T074304_IFCB117,2021-09-25 07:43:04+00:00,117,4.763369483333333,,,,,,,,379,,2,0
nwfsc_pacific_hake_survey,D20210925T083229_IFCB117,2021-09-25 08:32:29+00:00,117,4.800356162499999,,,,,,,,85,,2,0
nwfsc_pacific_hake_survey,D20210925T085612_IFCB117,2021-09-25 08:56:12+00:00,117,4.953658283333334,,,,,,,,59,,2,0
nwfsc_pacific_hake_survey,D20210925T091955_IFCB117,2021-09-25 09:19:55+00:00,117,4.9576898875,,,,,,,,58,,2,0
nwfsc_pacific_hake_survey,D20210925T094338_IFCB117,2021-09-25 09:43:38+00:00,117,4.869044504166667,,,,,,,,45,,2,0
nwfsc_pacific_hake_survey,D20210925T100720_IFCB117,2021-09-25 10:07:20+00:00,117,4.261200745833333,,,,,,,,26,,2,0
nwfsc_pacific_hake_survey,D20210925T103103_IFCB117,2021-09-25 10:31:03+00:00,117,4.811825954166666,,,,,,,,48,,2,0
nwfsc_pacific_hake_survey,D20210925T105445_IFCB117,2021-09-25 10:54:45+00:00,117,4.731748725000001,,,,,,,,28,,2,0
nwfsc_pacific_hake_survey,D20210925T111827_IFCB117,2021-09-25 11:18:27+00:00,117,4.939022791666667,,,,,,,,22,,2,0
nwfsc_pacific_hake_survey,D20210925T114210_IFCB117,2021-09-25 11:42:10+00:00,117,4.373627833333333,,,,,,,,18,,2,0
nwfsc_pacific_hake_survey,D20210925T120552_IFCB117,2021-09-25 12:05:52+00:00,117,4.842854691666667,,,,,,,,22,,2,0
nwfsc_pacific_hake_survey,D20210925T122934_IFCB117,2021-09-25 12:29:34+00:00,117,4.783020037499999,,,,,,,,127,,2,0
nwfsc_pacific_hake_survey,D20210925T125317_IFCB117,2021-09-25 12:53:17+00:00,117,4.386465704166667,,,,,,,,13,,2,0
nwfsc_pacific_hake_survey,D20210925T131659_IFCB117,2021-09-25 13:16:59+00:00,117,4.844861749999999,,,,,,,,61,,2,0
nwfsc_pacific_hake_survey,D20210925T134041_IFCB117,2021-09-25 13:40:41+00:00,117,4.507178604166667,,,,,,,,32,,2,0
nwfsc_pacific_hake_survey,D20210925T140424_IFCB117,2021-09-25 14:04:24+00:00,117,4.590410291666667,,,,,,,,13,,2,0
nwfsc_pacific_hake_survey,D20210925T142806_IFCB117,2021-09-25 14:28:06+00:00,117,4.496213508333333,,,,,,,,14,,2,0
nwfsc_pacific_hake_survey,D20210925T145149_IFCB117,2021-09-25 14:51:49+00:00,117,4.272070041666667,,,,,,,,14,,2,0
nwfsc_pacific_hake_survey,D20210925T151532_IFCB117,2021-09-25 15:15:32+00:00,117,4.914635045833333,,,,,,,,104,,2,0
nwfsc_pacific_hake_survey,D20210925T153914_IFCB117,2021-09-25 15:39:14+00:00,117,4.552246770833333,,,,,,,,594,,2,0
nwfsc_pacific_hake_survey,D20210925T160257_IFCB117,2021-09-25 16:02:57+00:00,117,4.6902081375,,,,,,,,409,,2,0
nwfsc_pacific_hake_survey,D20210925T162639_IFCB117,2021-09-25 16:26:39+00:00,117,4.435634124999999,,,,,,,,748,,2,0
nwfsc_pacific_hake_survey,D20210925T165021_IFCB117,2021-09-25 16:50:21+00:00,117,4.514169325,,,,,,,,665,,2,0
nwfsc_pacific_hake_survey,D20210925T171403_IFCB117,2021-09-25 17:14:03+00:00,117,4.8032105750000005,,,,,,,,236,,2,0
nwfsc_pacific_hake_survey,D20210925T173745_IFCB117,2021-09-25 17:37:45+00:00,117,4.78022565,,,,,,,,148,,2,0
nwfsc_pacific_hake_survey,D20210925T180128_IFCB117,2021-09-25 18:01:28+00:00,117,4.653812191666666,,,,,,,,136,,2,0
nwfsc_pacific_hake_survey,D20210925T182510_IFCB117,2021-09-25 18:25:10+00:00,117,4.596789562500001,,,,,,,,490,,2,0
nwfsc_pacific_hake_survey,D20210925T184852_IFCB117,2021-09-25 18:48:52+00:00,117,4.623082383333332,,,,,,,,537,,2,0
nwfsc_pacific_hake_survey,D20210925T191234_IFCB117,2021-09-25 19:12:34+00:00,117,4.720919979166666,,,,,,,,387,,2,0
nwfsc_pacific_hake_survey,D20210925T193617_IFCB117,2021-09-25 19:36:17+00:00,117,4.704961091666667,,,,,,,,402,,2,0
nwfsc_pacific_hake_survey,D20210925T195958_IFCB117,2021-09-25 19:59:58+00:00,117,4.708091083333333,,,,,,,,403,,2,0
nwfsc_pacific_hake_survey,D20210925T202341_IFCB117,2021-09-25 20:23:41+00:00,117,4.6964289,,,,,,,,371,,2,0
nwfsc_pacific_hake_survey,D20210925T204723_IFCB117,2021-09-25 20:47:23+00:00,117,4.6370193749999995,,,,,,,,473,,2,0
nwfsc_pacific_hake_survey,D20210925T211105_IFCB117,2021-09-25 21:11:05+00:00,117,1.1688562458333331,,,,,,,,120,,2,0
nwfsc_pacific_hake_survey,D20230706T011746_IFCB117,2023-07-06 01:17:46+00:00,117,4.769650535300926,,,,,,,,689,,2,0
nwfsc_pacific_hake_survey,D20230706T014132_IFCB117,2023-07-06 01:41:32+00:00,117,4.616557834201389,,,,,,,,1137,,2,0
nwfsc_pacific_hake_survey,D20230706T020517_IFCB117,2023-07-06 02:05:17+00:00,117,4.789312120225694,,,,,,,,620,,2,0
nwfsc_pacific_hake_survey,D20230706T022903_IFCB117,2023-07-06 02:29:03+00:00,117,4.795062970196761,,,,,,,,626,,2,0
nwfsc_pacific_hake_survey,D20230706T025249_IFCB117,2023-07-06 02:52:49+00:00,117,4.938918429904514,,,,,,,,188,,2,0
nwfsc_pacific_hake_survey,D20230706T031635_IFCB117,2023-07-06 03:16:35+00:00,117,4.97657081886574,,,,,,,,80,,2,0
nwfsc_pacific_hake_survey,D20230706T034021_IFCB117,2023-07-06 03:40:21+00:00,117,4.988040988498264,,,,,,,,46,,2,0
nwfsc_pacific_hake_survey,D20230706T040406_IFCB117,2023-07-06 04:04:06+00:00,117,4.9651242223668985,,,,,,,,116,,2,0
nwfsc_pacific_hake_survey,D20230706T042752_IFCB117,2023-07-06 04:27:52+00:00,117,4.9787922363281245,,,,,,,,74,,2,0
nwfsc_pacific_hake_survey,D20230706T045138_IFCB117,2023-07-06 04:51:38+00:00,117,4.9809070999710645,,,,,,,,70,,2,0
nwfsc_pacific_hake_survey,D20230706T051524_IFCB117,2023-07-06 05:15:24+00:00,117,4.973501066984953,,,,,,,,87,,2,0
nwfsc_pacific_hake_survey,D20230706T053910_IFCB117,2023-07-06 05:39:10+00:00,117,4.870095929181134,,,,,,,,370,,2,0
nwfsc_pacific_hake_survey,D20230706T060256_IFCB117,2023-07-06 06:02:56+00:00,117,4.912754873770255,,,,,,,,263,,2,0
nwfsc_pacific_hake_survey,D20230706T062642_IFCB117,2023-07-06 06:26:42+00:00,117,4.9179345341435186,,,,,,,,250,,2,0
nwfsc_pacific_hake_survey,D20230706T065028_IFCB117,2023-07-06 06:50:28+00:00,117,4.973105170355903,,,,,,,,89,,2,0
nwfsc_pacific_hake_survey,D20230706T071413_IFCB117,2023-07-06 07:14:13+00:00,117,4.982980387369792,,,,,,,,61,,2,0
nwfsc_pacific_hake_survey,D20230706T073759_IFCB117,2023-07-06 07:37:59+00:00,117,4.972495117187501,,,,,,,,92,,2,0
nwfsc_pacific_hake_survey,D20230706T080146_IFCB117,2023-07-06 08:01:46+00:00,117,4.9847485894097225,,,,,,,,57,,2,0
nwfsc_pacific_hake_survey,D20230706T082532_IFCB117,2023-07-06 08:25:32+00:00,117,4.805348126446758,,,,,,,,576,,2,0
nwfsc_pacific_hake_survey,D20230706T084917_IFCB117,2023-07-06 08:49:17+00:00,117,4.622240487557871,,,,,,,,1123,,2,0
nwfsc_pacific_hake_survey,D20230706T091303_IFCB117,2023-07-06 09:13:03+00:00,117,4.874930573640047,,,,,,,,391,,2,0
nwfsc_pacific_hake_survey,D20230706T093649_IFCB117,2023-07-06 09:36:49+00:00,117,4.7972318431712955,,,,,,,,626,,2,0
nwfsc_pacific_hake_survey,D20230706T100035_IFCB117,2023-07-06 10:00:35+00:00,117,4.539695999710648,,,,,,,,1368,,2,0
nwfsc_pacific_hake_survey,D20230706T102422_IFCB117,2023-07-06 10:24:22+00:00,117,4.834874457465277,,,,,,,,489,,2,0
nwfsc_pacific_hake_survey,D20230706T104808_IFCB117,2023-07-06 10:48:08+00:00,117,4.9841106499565955,,,,,,,,58,,2,0
nwfsc_pacific_hake_survey,D20230706T111154_IFCB117,2023-07-06 11:11:54+00:00,117,4.9649336932147,,,,,,,,112,,2,0
nwfsc_pacific_hake_survey,D20230706T113539_IFCB117,2023-07-06 11:35:39+00:00,117,4.9306837745949075,,,,,,,,214,,2,0
nwfsc_pacific_hake_survey,D20230706T115925_IFCB117,2023-07-06 11:59:25+00:00,117,4.834124602141204,,,,,,,,478,,2,0
nwfsc_pacific_hake_survey,D20230706T122311_IFCB117,2023-07-06 12:23:11+00:00,117,4.786635000723379,,,,,,,,636,,2,0
nwfsc_pacific_hake_survey,D20230706T124659_IFCB117,2023-07-06 12:46:59+00:00,117,4.907462990089699,,,,,,,,284,,2,0
nwfsc_pacific_hake_survey,D20230706T131045_IFCB117,2023-07-06 13:10:45+00:00,117,4.934447527850115,,,,,,,,199,,2,0
nwfsc_pacific_hake_survey,D20230706T133431_IFCB117,2023-07-06 13:34:31+00:00,117,4.886184163411458,,,,,,,,337,,2,0
nwfsc_pacific_hake_survey,D20230706T135816_IFCB117,2023-07-06 13:58:16+00:00,117,4.954994719328704,,,,,,,,141,,2,0
nwfsc_pacific_hake_survey,D20230706T142202_IFCB117,2023-07-06 14:22:02+00:00,117,4.925900499131945,,,,,,,,228,,2,0
nwfsc_pacific_hake_survey,D20230706T144549_IFCB117,2023-07-06 14:45:49+00:00,117,4.964916838469329,,,,,,,,113,,2,0
nwfsc_pacific_hake_survey,D20230706T150935_IFCB117,2023-07-06 15:09:35+00:00,117,4.983092800564236,,,,,,,,59,,2,0
nwfsc_pacific_hake_survey,D20230706T153321_IFCB117,2023-07-06 15:33:21+00:00,117,4.975629340277778,,,,,,,,81,,2,0
nwfsc_pacific_hake_survey,D20230706T155707_IFCB117,2023-07-06 15:57:07+00:00,117,4.980947934751157,,,,,,,,66,,2,0
nwfsc_pacific_hake_survey,D20230706T162052_IFCB117,2023-07-06 16:20:52+00:00,117,4.9533600893373855,,,,,,,,144,,2,0
nwfsc_pacific_hake_survey,D20230706T164439_IFCB117,2023-07-06 16:44:39+00:00,117,4.974890832971644,,,,,,,,83,,2,0
nwfsc_pacific_hake_survey,D20230706T172609_IFCB117,2023-07-06 17:26:09+00:00,117,4.948229555483218,,,,,,,,165,,2,0
nwfsc_pacific_hake_survey,D20230706T174955_IFCB117,2023-07-06 17:49:55+00:00,117,4.935636537905093,,,,,,,,199,,2,0
nwfsc_pacific_hake_survey,D20230706T181340_IFCB117,2023-07-06 18:13:40+00:00,117,4.882517080801504,,,,,,,,351,,2,0
nwfsc_pacific_hake_survey,D20230706T183726_IFCB117,2023-07-06 18:37:26+00:00,117,4.888615152994792,,,,,,,,334,,2,0
nwfsc_pacific_hake_survey,D20230706T190112_IFCB117,2023-07-06 19:01:12+00:00,117,4.898504059968172,,,,,,,,307,,2,0
nwfsc_pacific_hake_survey,D20230706T192458_IFCB117,2023-07-06 19:24:58+00:00,117,4.897693504050926,,,,,,,,307,,2,0
nwfsc_pacific_hake_survey,D20230706T194844_IFCB117,2023-07-06 19:48:44+00:00,117,4.940682128906249,,,,,,,,189,,2,0
nwfsc_pacific_hake_survey,D20230706T201231_IFCB117,2023-07-06 20:12:31+00:00,117,4.922206289785879,,,,,,,,233,,2,0
nwfsc_pacific_hake_survey,D20230706T203617_IFCB117,2023-07-06 20:36:17+00:00,117,4.944536422164352,,,,,,,,173,,2,0
nwfsc_pacific_hake_survey,D20230706T210003_IFCB117,2023-07-06 21:00:03+00:00,117,4.960121428313078,,,,,,,,129,,2,0
nwfsc_pacific_hake_survey,D20230706T212349_IFCB117,2023-07-06 21:23:49+00:00,117,4.948403483072917,,,,,,,,164,,2,0
nwfsc_pacific_hake_survey,D20230706T214734_IFCB117,2023-07-06 21:47:34+00:00,117,4.9626266004774315,,,,,,,,120,,2,0
nwfsc_pacific_hake_survey,D20230706T221121_IFCB117,2023-07-06 22:11:21+00:00,117,4.957167227285879,,,,,,,,141,,2,0
nwfsc_pacific_hake_survey,D20230706T223507_IFCB117,2023-07-06 22:35:07+00:00,117,4.949303484881366,,,,,,,,158,,2,0
nwfsc_pacific_hake_survey,D20230706T225853_IFCB117,2023-07-06 22:58:53+00:00,117,4.948072057653357,,,,,,,,161,,2,0
nwfsc_pacific_hake_survey,D20230706T232238_IFCB117,2023-07-06 23:22:38+00:00,117,4.953375153718171,,,,,,,,148,,2,0
nwfsc_pacific_hake_survey,D20230706T234623_IFCB117,2023-07-06 23:46:23+00:00,117,4.935986454716434,,,,,,,,196,,2,0
nwfsc_pacific_hake_survey,D20230707T001009_IFCB117,2023-07-07 00:10:09+00:00,117,4.94100339988426,,,,,,,,185,,2,0
nwfsc_pacific_hake_survey,D20230707T003356_IFCB117,2023-07-07 00:33:56+00:00,117,4.923207845052085,,,,,,,,234,,2,0
nwfsc_pacific_hake_survey,D20230707T005742_IFCB117,2023-07-07 00:57:42+00:00,117,4.772728551793981,,,,,,,,684,,2,0
nwfsc_pacific_hake_survey,D20230707T012128_IFCB117,2023-07-07 01:21:28+00:00,117,4.688162181712963,,,,,,,,925,,2,0
nwfsc_pacific_hake_survey,D20230707T014514_IFCB117,2023-07-07 01:45:14+00:00,117,4.82007029441551,,,,,,,,536,,2,0
nwfsc_pacific_hake_survey,D20230707T020901_IFCB117,2023-07-07 02:09:01+00:00,117,4.955181206597222,,,,,,,,143,,2,0
nwfsc_pacific_hake_survey,D20230707T023247_IFCB117,2023-07-07 02:32:47+00:00,117,4.9753920355902785,,,,,,,,81,,2,0
nwfsc_pacific_hake_survey,D20230707T025632_IFCB117,2023-07-07 02:56:32+00:00,117,4.9752788085937505,,,,,,,,83,,2,0
nwfsc_pacific_hake_survey,D20230707T032017_IFCB117,2023-07-07 03:20:17+00:00,117,4.928604094328705,,,,,,,,219,,2,0
nwfsc_pacific_hake_survey,D20230707T034403_IFCB117,2023-07-07 03:44:03+00:00,117,4.904449996383103,,,,,,,,279,,2,0
nwfsc_pacific_hake_survey,D20230707T040749_IFCB117,2023-07-07 04:07:49+00:00,117,4.910273645471644,,,,,,,,272,,2,0
nwfsc_pacific_hake_survey,D20230707T043136_IFCB117,2023-07-07 04:31:36+00:00,117,4.907655119719328,,,,,,,,287,,2,0
nwfsc_pacific_hake_survey,D20230707T045522_IFCB117,2023-07-07 04:55:22+00:00,117,4.900439181857639,,,,,,,,300,,2,0
nwfsc_pacific_hake_survey,D20230707T051907_IFCB117,2023-07-07 05:19:07+00:00,117,4.896034161603009,,,,,,,,321,,2,0
nwfsc_pacific_hake_survey,D20230707T054253_IFCB117,2023-07-07 05:42:53+00:00,117,4.928765254267939,,,,,,,,221,,2,0
nwfsc_pacific_hake_survey,D20230707T060639_IFCB117,2023-07-07 06:06:39+00:00,117,4.975468876591435,,,,,,,,82,,2,0
nwfsc_pacific_hake_survey,D20230707T063025_IFCB117,2023-07-07 06:30:25+00:00,117,4.962413529007524,,,,,,,,121,,2,0
nwfsc_pacific_hake_survey,D20230707T065412_IFCB117,2023-07-07 06:54:12+00:00,117,4.971128119574653,,,,,,,,94,,2,0
nwfsc_pacific_hake_survey,D20230707T071758_IFCB117,2023-07-07 07:17:58+00:00,117,4.948134874131944,,,,,,,,175,,2,0
nwfsc_pacific_hake_survey,D20230707T074144_IFCB117,2023-07-07 07:41:44+00:00,117,4.802554687500001,,,,,,,,585,,2,0
nwfsc_pacific_hake_survey,D20230707T080530_IFCB117,2023-07-07 08:05:30+00:00,117,4.915920410156249,,,,,,,,258,,2,0
nwfsc_pacific_hake_survey,D20230707T082916_IFCB117,2023-07-07 08:29:16+00:00,117,4.92085511610243,,,,,,,,243,,2,0
nwfsc_pacific_hake_survey,D20230707T085303_IFCB117,2023-07-07 08:53:03+00:00,117,4.914013961226852,,,,,,,,259,,2,0
nwfsc_pacific_hake_survey,D20230707T091649_IFCB117,2023-07-07 09:16:49+00:00,117,4.910586534288195,,,,,,,,272,,2,0
nwfsc_pacific_hake_survey,D20230707T094035_IFCB117,2023-07-07 09:40:35+00:00,117,4.8978404857494215,,,,,,,,306,,2,0
nwfsc_pacific_hake_survey,D20230707T100420_IFCB117,2023-07-07 10:04:20+00:00,117,4.897897497106482,,,,,,,,305,,2,0
nwfsc_pacific_hake_survey,D20230707T102806_IFCB117,2023-07-07 10:28:06+00:00,117,4.8988866825810184,,,,,,,,306,,2,0
nwfsc_pacific_hake_survey,D20230707T105152_IFCB117,2023-07-07 10:51:52+00:00,117,4.898389512803819,,,,,,,,306,,2,0
nwfsc_pacific_hake_survey,D20230707T111539_IFCB117,2023-07-07 11:15:39+00:00,117,4.901623345269097,,,,,,,,290,,2,0
nwfsc_pacific_hake_survey,D20230707T113925_IFCB117,2023-07-07 11:39:25+00:00,117,4.891668149594907,,,,,,,,328,,2,0
nwfsc_pacific_hake_survey,D20230707T120311_IFCB117,2023-07-07 12:03:11+00:00,117,4.906885959201389,,,,,,,,281,,2,0
nwfsc_pacific_hake_survey,D20230707T122656_IFCB117,2023-07-07 12:26:56+00:00,117,4.891928747106481,,,,,,,,324,,2,0
nwfsc_pacific_hake_survey,D20230707T125042_IFCB117,2023-07-07 12:50:42+00:00,117,4.900542805989583,,,,,,,,300,,2,0
nwfsc_pacific_hake_survey,D20230707T131427_IFCB117,2023-07-07 13:14:27+00:00,117,4.881269865813079,,,,,,,,356,,2,0
nwfsc_pacific_hake_survey,D20230707T133813_IFCB117,2023-07-07 13:38:13+00:00,117,4.835859736689815,,,,,,,,491,,2,0
nwfsc_pacific_hake_survey,D20230707T140200_IFCB117,2023-07-07 14:02:00+00:00,117,4.818142921730324,,,,,,,,540,,2,0
nwfsc_pacific_hake_survey,D20230707T142546_IFCB117,2023-07-07 14:25:46+00:00,117,4.87704994032118,,,,,,,,370,,2,0
nwfsc_pacific_hake_survey,D20230707T144932_IFCB117,2023-07-07 14:49:32+00:00,117,4.887700285734954,,,,,,,,337,,2,0
nwfsc_pacific_hake_survey,D20230707T151318_IFCB117,2023-07-07 15:13:18+00:00,117,4.863720603660301,,,,,,,,415,,2,0
nwfsc_pacific_hake_survey,D20230707T153703_IFCB117,2023-07-07 15:37:03+00:00,117,4.8589586136429395,,,,,,,,421,,2,0
nwfsc_pacific_hake_survey,D20230707T160049_IFCB117,2023-07-07 16:00:49+00:00,117,4.894584933810764,,,,,,,,318,,2,0
nwfsc_pacific_hake_survey,D20230707T162436_IFCB117,2023-07-07 16:24:36+00:00,117,4.865344581886575,,,,,,,,405,,2,0
nwfsc_pacific_hake_survey,D20230707T170502_IFCB117,2023-07-07 17:05:02+00:00,117,4.868855025679977,,,,,,,,382,,2,0
nwfsc_pacific_hake_survey,D20230707T172848_IFCB117,2023-07-07 17:28:48+00:00,117,4.8625648148148155,,,,,,,,409,,2,0
nwfsc_pacific_hake_survey,D20230707T175234_IFCB117,2023-07-07 17:52:34+00:00,117,4.9073947753906255,,,,,,,,282,,2,0
nwfsc_pacific_hake_survey,D20230707T181620_IFCB117,2023-07-07 18:16:20+00:00,117,4.941418719256365,,,,,,,,183,,2,0
nwfsc_pacific_hake_survey,D20230707T184006_IFCB117,2023-07-07 18:40:06+00:00,117,4.9326203432436335,,,,,,,,206,,2,0
nwfsc_pacific_hake_survey,D20230707T190352_IFCB117,2023-07-07 19:03:52+00:00,117,4.947907940899884,,,,,,,,164,,2,0
nwfsc_pacific_hake_survey,D20230707T192739_IFCB117,2023-07-07 19:27:39+00:00,117,4.85730738208912,,,,,,,,432,,2,0
nwfsc_pacific_hake_survey,D20230707T195125_IFCB117,2023-07-07 19:51:25+00:00,117,4.817447048611111,,,,,,,,544,,2,0
nwfsc_pacific_hake_survey,D20230707T201512_IFCB117,2023-07-07 20:15:12+00:00,117,4.9581788104022,,,,,,,,132,,2,0
nwfsc_pacific_hake_survey,D20230707T203858_IFCB117,2023-07-07 20:38:58+00:00,117,4.929185375072338,,,,,,,,216,,2,0
nwfsc_pacific_hake_survey,D20230707T210243_IFCB117,2023-07-07 21:02:43+00:00,117,4.740234483506944,,,,,,,,778,,2,0
nwfsc_pacific_hake_survey,D20230707T212630_IFCB117,2023-07-07 21:26:30+00:00,117,4.793328305844907,,,,,,,,630,,2,0
nwfsc_pacific_hake_survey,D20230707T215016_IFCB117,2023-07-07 21:50:16+00:00,117,4.887081931785302,,,,,,,,339,,2,0
nwfsc_pacific_hake_survey,D20230707T221402_IFCB117,2023-07-07 22:14:02+00:00,117,4.7754116572627305,,,,,,,,678,,2,0
nwfsc_pacific_hake_survey,D20230707T223747_IFCB117,2023-07-07 22:37:47+00:00,117,4.878777135778356,,,,,,,,368,,2,0
nwfsc_pacific_hake_survey,D20230707T230133_IFCB117,2023-07-07 23:01:33+00:00,117,4.833667787905093,,,,,,,,499,,2,0
nwfsc_pacific_hake_survey,D20230707T232519_IFCB117,2023-07-07 23:25:19+00:00,117,4.845623589409722,,,,,,,,467,,2,0
nwfsc_pacific_hake_survey,D20230707T234906_IFCB117,2023-07-07 23:49:06+00:00,117,4.873975115740739,,,,,,,,377,,2,0
nwfsc_pacific_hake_survey,D20230708T001252_IFCB117,2023-07-08 00:12:52+00:00,117,4.867729636863426,,,,,,,,399,,2,0
nwfsc_pacific_hake_survey,D20230708T003638_IFCB117,2023-07-08 00:36:38+00:00,117,4.830234212239584,,,,,,,,515,,2,0
nwfsc_pacific_hake_survey,D20230708T010023_IFCB117,2023-07-08 01:00:23+00:00,117,4.868058286313656,,,,,,,,402,,2,0
nwfsc_pacific_hake_survey,D20230708T012409_IFCB117,2023-07-08 01:24:09+00:00,117,4.844144278067129,,,,,,,,483,,2,0
nwfsc_pacific_hake_survey,D20230708T014754_IFCB117,2023-07-08 01:47:54+00:00,117,4.844872612847222,,,,,,,,476,,2,0
nwfsc_pacific_hake_survey,D20230708T021141_IFCB117,2023-07-08 02:11:41+00:00,117,4.842334327980325,,,,,,,,476,,2,0
nwfsc_pacific_hake_survey,D20230708T023526_IFCB117,2023-07-08 02:35:26+00:00,117,4.822758174189816,,,,,,,,541,,2,0
nwfsc_pacific_hake_survey,D20230708T025912_IFCB117,2023-07-08 02:59:12+00:00,117,4.820030562789351,,,,,,,,552,,2,0
nwfsc_pacific_hake_survey,D20230708T032258_IFCB117,2023-07-08 03:22:58+00:00,117,4.830007884837963,,,,,,,,521,,2,0
nwfsc_pacific_hake_survey,D20230708T034644_IFCB117,2023-07-08 03:46:44+00:00,117,4.792161277488426,,,,,,,,623,,2,0
nwfsc_pacific_hake_survey,D20230708T041029_IFCB117,2023-07-08 04:10:29+00:00,117,4.86966030996817,,,,,,,,388,,2,0
nwfsc_pacific_hake_survey,D20230708T043416_IFCB117,2023-07-08 04:34:16+00:00,117,4.827663990162037,,,,,,,,508,,2,0
nwfsc_pacific_hake_survey,D20230708T045802_IFCB117,2023-07-08 04:58:02+00:00,117,4.781983796296297,,,,,,,,651,,2,0
nwfsc_pacific_hake_survey,D20230708T052149_IFCB117,2023-07-08 05:21:49+00:00,117,4.876953405309607,,,,,,,,369,,2,0
nwfsc_pacific_hake_survey,D20230708T054535_IFCB117,2023-07-08 05:45:35+00:00,117,4.918462149160879,,,,,,,,246,,2,0
nwfsc_pacific_hake_survey,D20230708T060921_IFCB117,2023-07-08 06:09:21+00:00,117,4.9158967104311335,,,,,,,,255,,2,0
nwfsc_pacific_hake_survey,D20230708T063308_IFCB117,2023-07-08 06:33:08+00:00,117,4.779725332754629,,,,,,,,652,,2,0
nwfsc_pacific_hake_survey,D20230708T065653_IFCB117,2023-07-08 06:56:53+00:00,117,4.592078522858796,,,,,,,,1199,,2,0
nwfsc_pacific_hake_survey,D20230708T072039_IFCB117,2023-07-08 07:20:39+00:00,117,4.584356372974537,,,,,,,,1221,,2,0
nwfsc_pacific_hake_survey,D20230708T074424_IFCB117,2023-07-08 07:44:24+00:00,117,4.7089082573784715,,,,,,,,859,,2,0
nwfsc_pacific_hake_survey,D20230708T080809_IFCB117,2023-07-08 08:08:09+00:00,117,4.845362919560185,,,,,,,,458,,2,0
nwfsc_pacific_hake_survey,D20230708T083155_IFCB117,2023-07-08 08:31:55+00:00,117,4.881597104673032,,,,,,,,352,,2,0
nwfsc_pacific_hake_survey,D20230708T085542_IFCB117,2023-07-08 08:55:42+00:00,117,4.788041919849537,,,,,,,,636,,2,0
nwfsc_pacific_hake_survey,D20230708T091927_IFCB117,2023-07-08 09:19:27+00:00,117,4.764423972800926,,,,,,,,698,,2,0
nwfsc_pacific_hake_survey,D20230708T094313_IFCB117,2023-07-08 09:43:13+00:00,117,4.7076779875578705,,,,,,,,864,,2,0
nwfsc_pacific_hake_survey,D20230708T100700_IFCB117,2023-07-08 10:07:00+00:00,117,4.651495117187499,,,,,,,,1029,,2,0
nwfsc_pacific_hake_survey,D20230708T103046_IFCB117,2023-07-08 10:30:46+00:00,117,4.557185546875,,,,,,,,1318,,2,0
nwfsc_pacific_hake_survey,D20230708T105431_IFCB117,2023-07-08 10:54:31+00:00,117,4.570020326967593,,,,,,,,1283,,2,0
nwfsc_pacific_hake_survey,D20230708T111817_IFCB117,2023-07-08 11:18:17+00:00,117,4.852441324869791,,,,,,,,438,,2,0
nwfsc_pacific_hake_survey,D20230708T114203_IFCB117,2023-07-08 11:42:03+00:00,117,4.910297453703704,,,,,,,,271,,2,0
nwfsc_pacific_hake_survey,D20230708T120548_IFCB117,2023-07-08 12:05:48+00:00,117,4.930464789496528,,,,,,,,213,,2,0
nwfsc_pacific_hake_survey,D20230708T122934_IFCB117,2023-07-08 12:29:34+00:00,117,4.936914189091436,,,,,,,,193,,2,0
nwfsc_pacific_hake_survey,D20230708T125320_IFCB117,2023-07-08 12:53:20+00:00,117,4.942080204716435,,,,,,,,180,,2,0
nwfsc_pacific_hake_survey,D20230708T131707_IFCB117,2023-07-08 13:17:07+00:00,117,4.947924605758102,,,,,,,,160,,2,0
nwfsc_pacific_hake_survey,D20230708T134052_IFCB117,2023-07-08 13:40:52+00:00,117,4.9280914080584495,,,,,,,,219,,2,0
nwfsc_pacific_hake_survey,D20230708T140438_IFCB117,2023-07-08 14:04:38+00:00,117,4.914601291232639,,,,,,,,259,,2,0
nwfsc_pacific_hake_survey,D20230708T142824_IFCB117,2023-07-08 14:28:24+00:00,117,4.683008572048611,,,,,,,,938,,2,0
nwfsc_pacific_hake_survey,D20230708T145210_IFCB117,2023-07-08 14:52:10+00:00,117,4.527025571469908,,,,,,,,1394,,2,0
nwfsc_pacific_hake_survey,D20230708T151558_IFCB117,2023-07-08 15:15:58+00:00,117,4.685791702835647,,,,,,,,922,,2,0
nwfsc_pacific_hake_survey,D20230708T153944_IFCB117,2023-07-08 15:39:44+00:00,117,4.865954191984954,,,,,,,,403,,2,0
nwfsc_pacific_hake_survey,D20230708T160331_IFCB117,2023-07-08 16:03:31+00:00,117,0.22674537037037037,,,,,,,,18,,2,0
nwfsc_pacific_hake_survey,D20230708T162639_IFCB117,2023-07-08 16:26:39+00:00,117,4.921078522858796,,,,,,,,245,,2,0
nwfsc_pacific_hake_survey,D20230708T165025_IFCB117,2023-07-08 16:50:25+00:00,117,4.795775607638888,,,,,,,,606,,2,0
nwfsc_pacific_hake_survey,D20230708T171412_IFCB117,2023-07-08 17:14:12+00:00,117,4.741832465277778,,,,,,,,758,,2,0
nwfsc_pacific_hake_survey,D20230708T173758_IFCB117,2023-07-08 17:37:58+00:00,117,4.78899244068287,,,,,,,,625,,2,0
nwfsc_pacific_hake_survey,D20230708T180145_IFCB117,2023-07-08 18:01:45+00:00,117,4.795123806423612,,,,,,,,609,,2,0
nwfsc_pacific_hake_survey,D20230708T182531_IFCB117,2023-07-08 18:25:31+00:00,117,4.480217194733796,,,,,,,,1527,,2,0
nwfsc_pacific_hake_survey,D20230708T184918_IFCB117,2023-07-08 18:49:18+00:00,117,4.502160409432871,,,,,,,,1476,,2,0
nwfsc_pacific_hake_survey,D20230708T191304_IFCB117,2023-07-08 19:13:04+00:00,117,4.251235026041667,,,,,,,,2197,,2,0
nwfsc_pacific_hake_survey,D20230708T193650_IFCB117,2023-07-08 19:36:50+00:00,117,4.423297019675926,,,,,,,,1717,,2,0
nwfsc_pacific_hake_survey,D20230708T200037_IFCB117,2023-07-08 20:00:37+00:00,117,4.5473666811342595,,,,,,,,1326,,2,0
nwfsc_pacific_hake_survey,D20230708T202424_IFCB117,2023-07-08 20:24:24+00:00,117,4.5290683593750005,,,,,,,,1389,,2,0
nwfsc_pacific_hake_survey,D20230708T204810_IFCB117,2023-07-08 20:48:10+00:00,117,4.6046977719907405,,,,,,,,1164,,2,0
nwfsc_pacific_hake_survey,D20230708T211156_IFCB117,2023-07-08 21:11:56+00:00,117,4.696950159143518,,,,,,,,896,,2,0
nwfsc_pacific_hake_survey,D20230708T213542_IFCB117,2023-07-08 21:35:42+00:00,117,4.649830403645833,,,,,,,,1038,,2,0
nwfsc_pacific_hake_survey,D20230708T215929_IFCB117,2023-07-08 21:59:29+00:00,117,4.332732060185185,,,,,,,,1971,,2,0
nwfsc_pacific_hake_survey,D20230708T222316_IFCB117,2023-07-08 22:23:16+00:00,117,4.4205669849537035,,,,,,,,1700,,2,0
nwfsc_pacific_hake_survey,D20230708T224703_IFCB117,2023-07-08 22:47:03+00:00,117,4.388046223958332,,,,,,,,1810,,2,0
nwfsc_pacific_hake_survey,D20230708T231050_IFCB117,2023-07-08 23:10:50+00:00,117,4.2695611979166666,,,,,,,,2135,,2,0
nwfsc_pacific_hake_survey,D20230708T233437_IFCB117,2023-07-08 23:34:37+00:00,117,4.383025101273148,,,,,,,,1824,,2,0
nwfsc_pacific_hake_survey,D20230708T235824_IFCB117,2023-07-08 23:58:24+00:00,117,4.4100040509259255,,,,,,,,1739,,2,0
nwfsc_pacific_hake_survey,D20230709T002210_IFCB117,2023-07-09 00:22:10+00:00,117,4.35731032986111,,,,,,,,1899,,2,0
nwfsc_pacific_hake_survey,D20230709T004557_IFCB117,2023-07-09 00:45:57+00:00,117,4.464097475405093,,,,,,,,1575,,2,0
nwfsc_pacific_hake_survey,D20230709T010945_IFCB117,2023-07-09 01:09:45+00:00,117,4.279861400462963,,,,,,,,2119,,2,0
nwfsc_pacific_hake_survey,D20230709T013332_IFCB117,2023-07-09 01:33:32+00:00,117,4.306862268518519,,,,,,,,2038,,2,0
nwfsc_pacific_hake_survey,D20230709T015718_IFCB117,2023-07-09 01:57:18+00:00,117,4.486432617187501,,,,,,,,1512,,2,0
nwfsc_pacific_hake_survey,D20230709T022104_IFCB117,2023-07-09 02:21:04+00:00,117,4.584144169560186,,,,,,,,1228,,2,0
nwfsc_pacific_hake_survey,D20230709T024450_IFCB117,2023-07-09 02:44:50+00:00,117,4.602990523726851,,,,,,,,1164,,2,0
nwfsc_pacific_hake_survey,D20230709T030837_IFCB117,2023-07-09 03:08:37+00:00,117,4.611581741898148,,,,,,,,1144,,2,0
nwfsc_pacific_hake_survey,D20230709T033223_IFCB117,2023-07-09 03:32:23+00:00,117,4.531685980902776,,,,,,,,1381,,2,0
nwfsc_pacific_hake_survey,D20230709T035610_IFCB117,2023-07-09 03:56:10+00:00,117,4.331587456597222,,,,,,,,1968,,2,0
nwfsc_pacific_hake_survey,D20230709T041957_IFCB117,2023-07-09 04:19:57+00:00,117,4.358962384259259,,,,,,,,1888,,2,0
nwfsc_pacific_hake_survey,D20230709T044344_IFCB117,2023-07-09 04:43:44+00:00,117,4.339695023148149,,,,,,,,1937,,2,0
nwfsc_pacific_hake_survey,D20230709T050731_IFCB117,2023-07-09 05:07:31+00:00,117,4.411319661458334,,,,,,,,1732,,2,0
nwfsc_pacific_hake_survey,D20230709T053118_IFCB117,2023-07-09 05:31:18+00:00,117,4.424017650462963,,,,,,,,1696,,2,0
nwfsc_pacific_hake_survey,D20230709T055505_IFCB117,2023-07-09 05:55:05+00:00,117,4.465918330439815,,,,,,,,1576,,2,0
nwfsc_pacific_hake_survey,D20230709T061853_IFCB117,2023-07-09 06:18:53+00:00,117,4.476540473090278,,,,,,,,1552,,2,0
nwfsc_pacific_hake_survey,D20230709T064240_IFCB117,2023-07-09 06:42:40+00:00,117,4.504361147280092,,,,,,,,1462,,2,0
nwfsc_pacific_hake_survey,D20230709T070626_IFCB117,2023-07-09 07:06:26+00:00,117,4.521409613715278,,,,,,,,1400,,2,0
nwfsc_pacific_hake_survey,D20230709T073012_IFCB117,2023-07-09 07:30:12+00:00,117,4.533142180266203,,,,,,,,1375,,2,0
nwfsc_pacific_hake_survey,D20230709T075358_IFCB117,2023-07-09 07:53:58+00:00,117,4.63514207175926,,,,,,,,1079,,2,0
nwfsc_pacific_hake_survey,D20230709T081746_IFCB117,2023-07-09 08:17:46+00:00,117,4.587057906539353,,,,,,,,1204,,2,0
nwfsc_pacific_hake_survey,D20230709T084132_IFCB117,2023-07-09 08:41:32+00:00,117,4.5958128978587975,,,,,,,,1197,,2,0
nwfsc_pacific_hake_survey,D20230709T090519_IFCB117,2023-07-09 09:05:19+00:00,117,4.597560112847222,,,,,,,,1189,,2,0
nwfsc_pacific_hake_survey,D20230709T092906_IFCB117,2023-07-09 09:29:06+00:00,117,4.994841950593171,,,,,,,,10,,2,0
nwfsc_pacific_hake_survey,D20230709T095252_IFCB117,2023-07-09 09:52:52+00:00,117,4.994112051504629,,,,,,,,9,,2,0
nwfsc_pacific_hake_survey,D20230709T101638_IFCB117,2023-07-09 10:16:38+00:00,117,4.9963006004050925,,,,,,,,9,,2,0
nwfsc_pacific_hake_survey,D20230709T104025_IFCB117,2023-07-09 10:40:25+00:00,117,5.002468532986112,,,,,,,,3,,2,0
nwfsc_pacific_hake_survey,D20230709T110411_IFCB117,2023-07-09 11:04:11+00:00,117,5.001894476996528,,,,,,,,3,,2,0
nwfsc_pacific_hake_survey,D20230709T112757_IFCB117,2023-07-09 11:27:57+00:00,117,5.000091154875578,,,,,,,,11,,2,0
nwfsc_pacific_hake_survey,D20230709T115143_IFCB117,2023-07-09 11:51:43+00:00,117,4.998143735532409,,,,,,,,30,,2,0
nwfsc_pacific_hake_survey,D20230709T121530_IFCB117,2023-07-09 12:15:30+00:00,117,5.002231119791667,,,,,,,,3,,2,0
nwfsc_pacific_hake_survey,D20230709T123916_IFCB117,2023-07-09 12:39:16+00:00,117,5.002266493055555,,,,,,,,5,,2,0
nwfsc_pacific_hake_survey,D20230709T130302_IFCB117,2023-07-09 13:03:02+00:00,117,5.002983805338542,,,,,,,,5,,2,0
nwfsc_pacific_hake_survey,D20230709T132648_IFCB117,2023-07-09 13:26:48+00:00,117,5.003253580729167,,,,,,,,1,,2,0
nwfsc_pacific_hake_survey,D20230709T135034_IFCB117,2023-07-09 13:50:34+00:00,117,5.002094627097802,,,,,,,,6,,2,0
nwfsc_pacific_hake_survey,D20230709T141420_IFCB117,2023-07-09 14:14:20+00:00,117,4.527088290292245,,,,,,,,3,,2,0
nwfsc_pacific_hake_survey,D20230709T143710_IFCB117,2023-07-09 14:37:10+00:00,117,4.536746021412038,,,,,,,,609,,2,0
nwfsc_pacific_hake_survey,D20230709T150056_IFCB117,2023-07-09 15:00:56+00:00,117,0.6141583206741897,,,,,,,,181,,2,0
nwfsc_pacific_hake_survey,D20230711T003613_IFCB117,2023-07-11 00:36:13+00:00,117,4.869771683304397,,,,,,,,402,,2,0
nwfsc_pacific_hake_survey,D20230711T005959_IFCB117,2023-07-11 00:59:59+00:00,117,4.857538420500579,,,,,,,,445,,2,0
nwfsc_pacific_hake_survey,D20230711T012346_IFCB117,2023-07-11 01:23:46+00:00,117,4.5808573495370375,,,,,,,,1258,,2,0
nwfsc_pacific_hake_survey,D20230711T014733_IFCB117,2023-07-11 01:47:33+00:00,117,4.368052372685184,,,,,,,,1883,,2,0
nwfsc_pacific_hake_survey,D20230711T021120_IFCB117,2023-07-11 02:11:20+00:00,117,4.883837339048032,,,,,,,,349,,2,0
nwfsc_pacific_hake_survey,D20230711T023506_IFCB117,2023-07-11 02:35:06+00:00,117,4.9540957483362265,,,,,,,,143,,2,0
nwfsc_pacific_hake_survey,D20230711T025852_IFCB117,2023-07-11 02:58:52+00:00,117,4.929813141999421,,,,,,,,221,,2,0
nwfsc_pacific_hake_survey,D20230711T032238_IFCB117,2023-07-11 03:22:38+00:00,117,4.907688539858217,,,,,,,,281,,2,0
nwfsc_pacific_hake_survey,D20230711T034624_IFCB117,2023-07-11 03:46:24+00:00,117,4.907833550347222,,,,,,,,283,,2,0
nwfsc_pacific_hake_survey,D20230711T041010_IFCB117,2023-07-11 04:10:10+00:00,117,4.94845607277199,,,,,,,,163,,2,0
nwfsc_pacific_hake_survey,D20230711T043356_IFCB117,2023-07-11 04:33:56+00:00,117,4.9564855776186345,,,,,,,,141,,2,0
nwfsc_pacific_hake_survey,D20230711T045743_IFCB117,2023-07-11 04:57:43+00:00,117,4.9616906014901625,,,,,,,,127,,2,0
nwfsc_pacific_hake_survey,D20230711T052128_IFCB117,2023-07-11 05:21:28+00:00,117,4.890310754846643,,,,,,,,340,,2,0
nwfsc_pacific_hake_survey,D20230711T054514_IFCB117,2023-07-11 05:45:14+00:00,117,4.974936324508102,,,,,,,,83,,2,0
nwfsc_pacific_hake_survey,D20230711T060900_IFCB117,2023-07-11 06:09:00+00:00,117,4.976392876519098,,,,,,,,81,,2,0
nwfsc_pacific_hake_survey,D20230711T063246_IFCB117,2023-07-11 06:32:46+00:00,117,4.977256881148729,,,,,,,,77,,2,0
nwfsc_pacific_hake_survey,D20230711T065633_IFCB117,2023-07-11 06:56:33+00:00,117,4.980901927806713,,,,,,,,66,,2,0
nwfsc_pacific_hake_survey,D20230711T072018_IFCB117,2023-07-11 07:20:18+00:00,117,4.96902904369213,,,,,,,,102,,2,0
nwfsc_pacific_hake_survey,D20230711T074404_IFCB117,2023-07-11 07:44:04+00:00,117,4.972558358651621,,,,,,,,92,,2,0
nwfsc_pacific_hake_survey,D20230711T080749_IFCB117,2023-07-11 08:07:49+00:00,117,4.979716389973959,,,,,,,,72,,2,0
nwfsc_pacific_hake_survey,D20230711T083135_IFCB117,2023-07-11 08:31:35+00:00,117,4.977343017578125,,,,,,,,77,,2,0
nwfsc_pacific_hake_survey,D20230711T085521_IFCB117,2023-07-11 08:55:21+00:00,117,4.979720883969907,,,,,,,,70,,2,0
nwfsc_pacific_hake_survey,D20230711T091908_IFCB117,2023-07-11 09:19:08+00:00,117,4.978394341362847,,,,,,,,73,,2,0
nwfsc_pacific_hake_survey,D20230711T094253_IFCB117,2023-07-11 09:42:53+00:00,117,4.980352900752314,,,,,,,,69,,2,0
nwfsc_pacific_hake_survey,D20230711T100639_IFCB117,2023-07-11 10:06:39+00:00,117,4.8173989257812515,,,,,,,,548,,2,0
nwfsc_pacific_hake_survey,D20230711T103025_IFCB117,2023-07-11 10:30:25+00:00,117,4.459155671296297,,,,,,,,1594,,2,0
nwfsc_pacific_hake_survey,D20230711T105413_IFCB117,2023-07-11 10:54:13+00:00,117,4.640959852430555,,,,,,,,1069,,2,0
nwfsc_pacific_hake_survey,D20230711T111759_IFCB117,2023-07-11 11:17:59+00:00,117,4.56197482638889,,,,,,,,1314,,2,0
nwfsc_pacific_hake_survey,D20230711T114145_IFCB117,2023-07-11 11:41:45+00:00,117,4.59757298900463,,,,,,,,1210,,2,0
nwfsc_pacific_hake_survey,D20230711T120532_IFCB117,2023-07-11 12:05:32+00:00,117,4.777763780381945,,,,,,,,665,,2,0
nwfsc_pacific_hake_survey,D20230711T122919_IFCB117,2023-07-11 12:29:19+00:00,117,4.726623155381945,,,,,,,,821,,2,0
nwfsc_pacific_hake_survey,D20230711T125306_IFCB117,2023-07-11 12:53:06+00:00,117,4.805953197337963,,,,,,,,594,,2,0
nwfsc_pacific_hake_survey,D20230711T131653_IFCB117,2023-07-11 13:16:53+00:00,117,4.793019205729166,,,,,,,,624,,2,0
nwfsc_pacific_hake_survey,D20230711T134040_IFCB117,2023-07-11 13:40:40+00:00,117,4.5599145326967605,,,,,,,,1315,,2,0
nwfsc_pacific_hake_survey,D20230711T140426_IFCB117,2023-07-11 14:04:26+00:00,117,4.663022171585649,,,,,,,,998,,2,0
nwfsc_pacific_hake_survey,D20230711T142812_IFCB117,2023-07-11 14:28:12+00:00,117,4.707149612991898,,,,,,,,882,,2,0
nwfsc_pacific_hake_survey,D20230711T145157_IFCB117,2023-07-11 14:51:57+00:00,117,4.503753544560185,,,,,,,,1463,,2,0
nwfsc_pacific_hake_survey,D20230711T151544_IFCB117,2023-07-11 15:15:44+00:00,117,4.507754123263889,,,,,,,,1467,,2,0
nwfsc_pacific_hake_survey,D20230711T153931_IFCB117,2023-07-11 15:39:31+00:00,117,4.946558159722222,,,,,,,,169,,2,0
nwfsc_pacific_hake_survey,D20230711T160317_IFCB117,2023-07-11 16:03:17+00:00,117,4.96333827944155,,,,,,,,119,,2,0
nwfsc_pacific_hake_survey,D20230711T162703_IFCB117,2023-07-11 16:27:03+00:00,117,4.963376401548032,,,,,,,,120,,2,0
nwfsc_pacific_hake_survey,D20230711T165049_IFCB117,2023-07-11 16:50:49+00:00,117,4.961524938512732,,,,,,,,126,,2,0
nwfsc_pacific_hake_survey,D20230711T171435_IFCB117,2023-07-11 17:14:35+00:00,117,4.97987890625,,,,,,,,68,,2,0
nwfsc_pacific_hake_survey,D20230711T173822_IFCB117,2023-07-11 17:38:22+00:00,117,4.968439172815394,,,,,,,,103,,2,0
nwfsc_pacific_hake_survey,D20230711T180208_IFCB117,2023-07-11 18:02:08+00:00,117,4.976287615740741,,,,,,,,81,,2,0
nwfsc_pacific_hake_survey,D20230711T182554_IFCB117,2023-07-11 18:25:54+00:00,117,4.982280282479746,,,,,,,,63,,2,0
nwfsc_pacific_hake_survey,D20230711T184940_IFCB117,2023-07-11 18:49:40+00:00,117,4.97048474573206,,,,,,,,103,,2,0
nwfsc_pacific_hake_survey,D20230711T191326_IFCB117,2023-07-11 19:13:26+00:00,117,4.911931749131943,,,,,,,,267,,2,0
nwfsc_pacific_hake_survey,D20230711T193712_IFCB117,2023-07-11 19:37:12+00:00,117,4.788414623119213,,,,,,,,626,,2,0
nwfsc_pacific_hake_survey,D20230711T200059_IFCB117,2023-07-11 20:00:59+00:00,117,4.873214690031828,,,,,,,,383,,2,0
nwfsc_pacific_hake_survey,D20230711T202445_IFCB117,2023-07-11 20:24:45+00:00,117,4.936129421657985,,,,,,,,198,,2,0
nwfsc_pacific_hake_survey,D20230711T204831_IFCB117,2023-07-11 20:48:31+00:00,117,4.859606318721064,,,,,,,,428,,2,0
nwfsc_pacific_hake_survey,D20230711T211217_IFCB117,2023-07-11 21:12:17+00:00,117,4.684238208912037,,,,,,,,942,,2,0
nwfsc_pacific_hake_survey,D20230711T213604_IFCB117,2023-07-11 21:36:04+00:00,117,4.804879611545139,,,,,,,,586,,2,0
nwfsc_pacific_hake_survey,D20230711T215951_IFCB117,2023-07-11 21:59:51+00:00,117,4.722128002025463,,,,,,,,832,,2,0
nwfsc_pacific_hake_survey,D20230711T222337_IFCB117,2023-07-11 22:23:37+00:00,117,4.796532877604166,,,,,,,,613,,2,0
nwfsc_pacific_hake_survey,D20230711T224723_IFCB117,2023-07-11 22:47:23+00:00,117,4.7810598777488424,,,,,,,,674,,2,0
nwfsc_pacific_hake_survey,D20230711T231108_IFCB117,2023-07-11 23:11:08+00:00,117,4.801720739293983,,,,,,,,603,,2,0
nwfsc_pacific_hake_survey,D20230711T233455_IFCB117,2023-07-11 23:34:55+00:00,117,4.923172580295139,,,,,,,,240,,2,0
nwfsc_pacific_hake_survey,D20230712T001522_IFCB117,2023-07-12 00:15:22+00:00,117,4.934731626157407,,,,,,,,203,,2,0
nwfsc_pacific_hake_survey,D20230712T003908_IFCB117,2023-07-12 00:39:08+00:00,117,4.937583902994792,,,,,,,,195,,2,0
nwfsc_pacific_hake_survey,D20230712T010254_IFCB117,2023-07-12 01:02:54+00:00,117,4.928273039641204,,,,,,,,226,,2,0
nwfsc_pacific_hake_survey,D20230712T012640_IFCB117,2023-07-12 01:26:40+00:00,117,4.950909306278936,,,,,,,,159,,2,0
nwfsc_pacific_hake_survey,D20230712T015027_IFCB117,2023-07-12 01:50:27+00:00,117,4.939126256872107,,,,,,,,192,,2,0
nwfsc_pacific_hake_survey,D20230712T021413_IFCB117,2023-07-12 02:14:13+00:00,117,4.913285400390625,,,,,,,,270,,2,0
nwfsc_pacific_hake_survey,D20230712T023758_IFCB117,2023-07-12 02:37:58+00:00,117,4.935454282407408,,,,,,,,200,,2,0
nwfsc_pacific_hake_survey,D20230712T030144_IFCB117,2023-07-12 03:01:44+00:00,117,4.907465350115741,,,,,,,,278,,2,0
nwfsc_pacific_hake_survey,D20230712T032531_IFCB117,2023-07-12 03:25:31+00:00,117,4.927034143518518,,,,,,,,230,,2,0
nwfsc_pacific_hake_survey,D20230712T034917_IFCB117,2023-07-12 03:49:17+00:00,117,4.898088342737268,,,,,,,,310,,2,0
nwfsc_pacific_hake_survey,D20230712T041303_IFCB117,2023-07-12 04:13:03+00:00,117,4.924382333260994,,,,,,,,233,,2,0
nwfsc_pacific_hake_survey,D20230712T043649_IFCB117,2023-07-12 04:36:49+00:00,117,4.93388783094618,,,,,,,,206,,2,0
nwfsc_pacific_hake_survey,D20230712T050035_IFCB117,2023-07-12 05:00:35+00:00,117,4.946811668113425,,,,,,,,170,,2,0
nwfsc_pacific_hake_survey,D20230712T052421_IFCB117,2023-07-12 05:24:21+00:00,117,4.951743444372107,,,,,,,,152,,2,0
nwfsc_pacific_hake_survey,D20230712T054808_IFCB117,2023-07-12 05:48:08+00:00,117,4.952455177589699,,,,,,,,150,,2,0
nwfsc_pacific_hake_survey,D20230712T061154_IFCB117,2023-07-12 06:11:54+00:00,117,4.968163583260995,,,,,,,,103,,2,0
nwfsc_pacific_hake_survey,D20230712T063540_IFCB117,2023-07-12 06:35:40+00:00,117,4.976695945457177,,,,,,,,74,,2,0
nwfsc_pacific_hake_survey,D20230712T065926_IFCB117,2023-07-12 06:59:26+00:00,117,4.977194760923032,,,,,,,,77,,2,0
nwfsc_pacific_hake_survey,D20230712T072312_IFCB117,2023-07-12 07:23:12+00:00,117,4.966313205295139,,,,,,,,111,,2,0
nwfsc_pacific_hake_survey,D20230712T074659_IFCB117,2023-07-12 07:46:59+00:00,117,4.974469174985533,,,,,,,,86,,2,0
nwfsc_pacific_hake_survey,D20230712T081045_IFCB117,2023-07-12 08:10:45+00:00,117,4.970081389250579,,,,,,,,98,,2,0
nwfsc_pacific_hake_survey,D20230712T083431_IFCB117,2023-07-12 08:34:31+00:00,117,4.967840304904514,,,,,,,,104,,2,0
nwfsc_pacific_hake_survey,D20230712T085817_IFCB117,2023-07-12 08:58:17+00:00,117,4.95727197265625,,,,,,,,137,,2,0
nwfsc_pacific_hake_survey,D20230712T092203_IFCB117,2023-07-12 09:22:03+00:00,117,4.959189742476853,,,,,,,,132,,2,0
nwfsc_pacific_hake_survey,D20230712T094550_IFCB117,2023-07-12 09:45:50+00:00,117,4.972455873842592,,,,,,,,91,,2,0
nwfsc_pacific_hake_survey,D20230712T100936_IFCB117,2023-07-12 10:09:36+00:00,117,4.967384937427663,,,,,,,,110,,2,0
nwfsc_pacific_hake_survey,D20230712T103321_IFCB117,2023-07-12 10:33:21+00:00,117,4.981202021846064,,,,,,,,68,,2,0
nwfsc_pacific_hake_survey,D20230712T105707_IFCB117,2023-07-12 10:57:07+00:00,117,4.973388798466434,,,,,,,,89,,2,0
nwfsc_pacific_hake_survey,D20230712T112052_IFCB117,2023-07-12 11:20:52+00:00,117,4.979039378978587,,,,,,,,72,,2,0
nwfsc_pacific_hake_survey,D20230712T114438_IFCB117,2023-07-12 11:44:38+00:00,117,4.9562977701822915,,,,,,,,137,,2,0
nwfsc_pacific_hake_survey,D20230712T120825_IFCB117,2023-07-12 12:08:25+00:00,117,4.928295147931134,,,,,,,,222,,2,0
nwfsc_pacific_hake_survey,D20230712T123210_IFCB117,2023-07-12 12:32:10+00:00,117,4.917736291956019,,,,,,,,252,,2,0
nwfsc_pacific_hake_survey,D20230712T125556_IFCB117,2023-07-12 12:55:56+00:00,117,4.92036839916088,,,,,,,,243,,2,0
nwfsc_pacific_hake_survey,D20230712T131942_IFCB117,2023-07-12 13:19:42+00:00,117,4.950815592447916,,,,,,,,152,,2,0
nwfsc_pacific_hake_survey,D20230712T134328_IFCB117,2023-07-12 13:43:28+00:00,117,4.888687273943867,,,,,,,,336,,2,0
nwfsc_pacific_hake_survey,D20230712T140715_IFCB117,2023-07-12 14:07:15+00:00,117,4.880269196686921,,,,,,,,362,,2,0
nwfsc_pacific_hake_survey,D20230712T143101_IFCB117,2023-07-12 14:31:01+00:00,117,4.915350830078125,,,,,,,,256,,2,0
nwfsc_pacific_hake_survey,D20230712T145447_IFCB117,2023-07-12 14:54:47+00:00,117,4.900223090277778,,,,,,,,307,,2,0
nwfsc_pacific_hake_survey,D20230712T151833_IFCB117,2023-07-12 15:18:33+00:00,117,4.902198486328126,,,,,,,,300,,2,0
nwfsc_pacific_hake_survey,D20230712T154219_IFCB117,2023-07-12 15:42:19+00:00,117,4.946647569444446,,,,,,,,168,,2,0
nwfsc_pacific_hake_survey,D20230712T160604_IFCB117,2023-07-12 16:06:04+00:00,117,4.984978759765625,,,,,,,,54,,2,0
nwfsc_pacific_hake_survey,D20230712T162951_IFCB117,2023-07-12 16:29:51+00:00,117,4.977970567491321,,,,,,,,78,,2,0
nwfsc_pacific_hake_survey,D20230712T165337_IFCB117,2023-07-12 16:53:37+00:00,117,4.97647865125868,,,,,,,,79,,2,0
nwfsc_pacific_hake_survey,D20230712T171723_IFCB117,2023-07-12 17:17:23+00:00,117,4.988849708839698,,,,,,,,45,,2,0
nwfsc_pacific_hake_survey,D20230712T174109_IFCB117,2023-07-12 17:41:09+00:00,117,4.98337478298611,,,,,,,,60,,2,0
nwfsc_pacific_hake_survey,D20230712T180455_IFCB117,2023-07-12 18:04:55+00:00,117,4.973152904369213,,,,,,,,89,,2,0
nwfsc_pacific_hake_survey,D20230712T182842_IFCB117,2023-07-12 18:28:42+00:00,117,4.989050817418981,,,,,,,,42,,2,0
nwfsc_pacific_hake_survey,D20230712T185228_IFCB117,2023-07-12 18:52:28+00:00,117,4.99171459056713,,,,,,,,34,,2,0
nwfsc_pacific_hake_survey,D20230712T191613_IFCB117,2023-07-12 19:16:13+00:00,117,4.990045093677662,,,,,,,,39,,2,0
nwfsc_pacific_hake_survey,D20230712T193959_IFCB117,2023-07-12 19:39:59+00:00,117,4.983091200086806,,,,,,,,61,,2,0
nwfsc_pacific_hake_survey,D20230712T200345_IFCB117,2023-07-12 20:03:45+00:00,117,4.9519346607349535,,,,,,,,151,,2,0
nwfsc_pacific_hake_survey,D20230712T202731_IFCB117,2023-07-12 20:27:31+00:00,117,4.973150056061922,,,,,,,,88,,2,0
nwfsc_pacific_hake_survey,D20230712T205118_IFCB117,2023-07-12 20:51:18+00:00,117,4.989619909215857,,,,,,,,41,,2,0
nwfsc_pacific_hake_survey,D20230712T211504_IFCB117,2023-07-12 21:15:04+00:00,117,4.9819919614438675,,,,,,,,64,,2,0
nwfsc_pacific_hake_survey,D20230712T213850_IFCB117,2023-07-12 21:38:50+00:00,117,4.985592872902199,,,,,,,,52,,2,0
nwfsc_pacific_hake_survey,D20230712T220235_IFCB117,2023-07-12 22:02:35+00:00,117,4.986707781756365,,,,,,,,52,,2,0
nwfsc_pacific_hake_survey,D20230712T222621_IFCB117,2023-07-12 22:26:21+00:00,117,4.992297064887152,,,,,,,,34,,2,0
nwfsc_pacific_hake_survey,D20230712T225008_IFCB117,2023-07-12 22:50:08+00:00,117,4.9862551450376165,,,,,,,,51,,2,0
nwfsc_pacific_hake_survey,D20230712T231354_IFCB117,2023-07-12 23:13:54+00:00,117,4.9779354021990745,,,,,,,,76,,2,0
nwfsc_pacific_hake_survey,D20230712T235421_IFCB117,2023-07-12 23:54:21+00:00,117,4.961925618489584,,,,,,,,113,,2,0
nwfsc_pacific_hake_survey,D20230713T001807_IFCB117,2023-07-13 00:18:07+00:00,117,4.980825981987847,,,,,,,,65,,2,0
nwfsc_pacific_hake_survey,D20230713T004152_IFCB117,2023-07-13 00:41:52+00:00,117,4.982894847728588,,,,,,,,63,,2,0
nwfsc_pacific_hake_survey,D20230713T010538_IFCB117,2023-07-13 01:05:38+00:00,117,4.942718542028356,,,,,,,,178,,2,0
nwfsc_pacific_hake_survey,D20230713T012925_IFCB117,2023-07-13 01:29:25+00:00,117,4.90668382884838,,,,,,,,287,,2,0
nwfsc_pacific_hake_survey,D20230713T015311_IFCB117,2023-07-13 01:53:11+00:00,117,4.848845160590278,,,,,,,,413,,2,0
nwfsc_pacific_hake_survey,D20230713T021657_IFCB117,2023-07-13 02:16:57+00:00,117,4.858157805266204,,,,,,,,380,,2,0
nwfsc_pacific_hake_survey,D20230713T024043_IFCB117,2023-07-13 02:40:43+00:00,117,4.915843207465278,,,,,,,,231,,2,0
nwfsc_pacific_hake_survey,D20230713T030429_IFCB117,2023-07-13 03:04:29+00:00,117,4.972679470486111,,,,,,,,79,,2,0
nwfsc_pacific_hake_survey,D20230713T032814_IFCB117,2023-07-13 03:28:14+00:00,117,4.940759720413774,,,,,,,,168,,2,0
nwfsc_pacific_hake_survey,D20230713T035201_IFCB117,2023-07-13 03:52:01+00:00,117,4.940653130425347,,,,,,,,161,,2,0
nwfsc_pacific_hake_survey,D20230713T041547_IFCB117,2023-07-13 04:15:47+00:00,117,4.916421097366897,,,,,,,,222,,2,0
nwfsc_pacific_hake_survey,D20230713T043932_IFCB117,2023-07-13 04:39:32+00:00,117,4.931201199001737,,,,,,,,186,,2,0
nwfsc_pacific_hake_survey,D20230713T050318_IFCB117,2023-07-13 05:03:18+00:00,117,4.9402803819444445,,,,,,,,181,,2,0
nwfsc_pacific_hake_survey,D20230713T052704_IFCB117,2023-07-13 05:27:04+00:00,117,4.92382603624132,,,,,,,,235,,2,0
nwfsc_pacific_hake_survey,D20230713T055050_IFCB117,2023-07-13 05:50:50+00:00,117,4.888886962890625,,,,,,,,314,,2,0
nwfsc_pacific_hake_survey,D20230713T061435_IFCB117,2023-07-13 06:14:35+00:00,117,4.888023753978588,,,,,,,,300,,2,0
nwfsc_pacific_hake_survey,D20230713T063821_IFCB117,2023-07-13 06:38:21+00:00,117,4.937666386357061,,,,,,,,175,,2,0
nwfsc_pacific_hake_survey,D20230713T070207_IFCB117,2023-07-13 07:02:07+00:00,117,4.952270191333912,,,,,,,,141,,2,0
nwfsc_pacific_hake_survey,D20230713T072553_IFCB117,2023-07-13 07:25:53+00:00,117,4.956158293547454,,,,,,,,134,,2,0
nwfsc_pacific_hake_survey,D20230713T074940_IFCB117,2023-07-13 07:49:40+00:00,117,4.952623725043404,,,,,,,,149,,2,0
nwfsc_pacific_hake_survey,D20230713T081326_IFCB117,2023-07-13 08:13:26+00:00,117,4.953359130859375,,,,,,,,143,,2,0
nwfsc_pacific_hake_survey,D20230713T083712_IFCB117,2023-07-13 08:37:12+00:00,117,4.954073296440972,,,,,,,,146,,2,0
nwfsc_pacific_hake_survey,D20230713T090058_IFCB117,2023-07-13 09:00:58+00:00,117,4.969652162905093,,,,,,,,100,,2,0
nwfsc_pacific_hake_survey,D20230713T092444_IFCB117,2023-07-13 09:24:44+00:00,117,4.972685221354168,,,,,,,,90,,2,0
nwfsc_pacific_hake_survey,D20230713T094830_IFCB117,2023-07-13 09:48:30+00:00,117,4.9773116861979165,,,,,,,,76,,2,0
nwfsc_pacific_hake_survey,D20230713T101217_IFCB117,2023-07-13 10:12:17+00:00,117,4.9725393880208335,,,,,,,,87,,2,0
nwfsc_pacific_hake_survey,D20230713T103602_IFCB117,2023-07-13 10:36:02+00:00,117,4.979699978298611,,,,,,,,67,,2,0
nwfsc_pacific_hake_survey,D20230713T105947_IFCB117,2023-07-13 10:59:47+00:00,117,4.977219491464121,,,,,,,,76,,2,0
nwfsc_pacific_hake_survey,D20230713T112333_IFCB117,2023-07-13 11:23:33+00:00,117,4.984832058376736,,,,,,,,55,,2,0
nwfsc_pacific_hake_survey,D20230713T114719_IFCB117,2023-07-13 11:47:19+00:00,117,4.984023139105903,,,,,,,,55,,2,0
nwfsc_pacific_hake_survey,D20230713T121104_IFCB117,2023-07-13 12:11:04+00:00,117,4.9655833695023155,,,,,,,,110,,2,0
nwfsc_pacific_hake_survey,D20230713T123451_IFCB117,2023-07-13 12:34:51+00:00,117,4.967496220341435,,,,,,,,105,,2,0
nwfsc_pacific_hake_survey,D20230713T125836_IFCB117,2023-07-13 12:58:36+00:00,117,4.947608552155672,,,,,,,,162,,2,0
nwfsc_pacific_hake_survey,D20230713T132222_IFCB117,2023-07-13 13:22:22+00:00,117,4.93668359375,,,,,,,,193,,2,0
nwfsc_pacific_hake_survey,D20230713T134608_IFCB117,2023-07-13 13:46:08+00:00,117,4.960663746021412,,,,,,,,122,,2,0
nwfsc_pacific_hake_survey,D20230713T140954_IFCB117,2023-07-13 14:09:54+00:00,117,4.966100206163194,,,,,,,,111,,2,0
nwfsc_pacific_hake_survey,D20230713T143340_IFCB117,2023-07-13 14:33:40+00:00,117,4.967177083333334,,,,,,,,103,,2,0
nwfsc_pacific_hake_survey,D20230713T145726_IFCB117,2023-07-13 14:57:26+00:00,117,4.968561812789352,,,,,,,,100,,2,0
nwfsc_pacific_hake_survey,D20230713T152112_IFCB117,2023-07-13 15:21:12+00:00,117,1.0208682273582175,,,,,,,,31,,2,0
nwfsc_pacific_hake_survey,D20230713T153041_IFCB117,2023-07-13 15:30:41+00:00,117,4.9660502748842585,,,,,,,,106,,2,0
nwfsc_pacific_hake_survey,D20230713T155426_IFCB117,2023-07-13 15:54:26+00:00,117,4.967758210358796,,,,,,,,107,,2,0
nwfsc_pacific_hake_survey,D20230713T161812_IFCB117,2023-07-13 16:18:12+00:00,117,4.97337572337963,,,,,,,,88,,2,0
nwfsc_pacific_hake_survey,D20230713T164157_IFCB117,2023-07-13 16:41:57+00:00,117,4.979345965350116,,,,,,,,76,,2,0
nwfsc_pacific_hake_survey,D20230713T170543_IFCB117,2023-07-13 17:05:43+00:00,117,4.889550880714698,,,,,,,,333,,2,0
nwfsc_pacific_hake_survey,D20230713T172929_IFCB117,2023-07-13 17:29:29+00:00,117,4.8789629267939825,,,,,,,,366,,2,0
nwfsc_pacific_hake_survey,D20230713T175314_IFCB117,2023-07-13 17:53:14+00:00,117,4.986595223885995,,,,,,,,51,,2,0
nwfsc_pacific_hake_survey,D20230713T181700_IFCB117,2023-07-13 18:17:00+00:00,117,4.9844371563946765,,,,,,,,56,,2,0
nwfsc_pacific_hake_survey,D20230713T184047_IFCB117,2023-07-13 18:40:47+00:00,117,4.982955738208911,,,,,,,,58,,2,0
nwfsc_pacific_hake_survey,D20230713T190432_IFCB117,2023-07-13 19:04:32+00:00,117,4.994621437355324,,,,,,,,27,,2,0
nwfsc_pacific_hake_survey,D20230713T192818_IFCB117,2023-07-13 19:28:18+00:00,117,4.998589816623263,,,,,,,,15,,2,0
nwfsc_pacific_hake_survey,D20230713T195203_IFCB117,2023-07-13 19:52:03+00:00,117,4.999213740596065,,,,,,,,12,,2,0
nwfsc_pacific_hake_survey,D20230713T201549_IFCB117,2023-07-13 20:15:49+00:00,117,4.998399133752893,,,,,,,,15,,2,0
nwfsc_pacific_hake_survey,D20230713T203935_IFCB117,2023-07-13 20:39:35+00:00,117,4.994306495949075,,,,,,,,27,,2,0
nwfsc_pacific_hake_survey,D20230713T210322_IFCB117,2023-07-13 21:03:22+00:00,117,4.932304678457754,,,,,,,,211,,2,0
nwfsc_pacific_hake_survey,D20230713T212708_IFCB117,2023-07-13 21:27:08+00:00,117,4.890604799623842,,,,,,,,330,,2,0
nwfsc_pacific_hake_survey,D20230713T215054_IFCB117,2023-07-13 21:50:54+00:00,117,4.851641456886574,,,,,,,,441,,2,0
nwfsc_pacific_hake_survey,D20230713T221439_IFCB117,2023-07-13 22:14:39+00:00,117,4.869365008318866,,,,,,,,393,,2,0
nwfsc_pacific_hake_survey,D20230713T223825_IFCB117,2023-07-13 22:38:25+00:00,117,4.922909649884258,,,,,,,,232,,2,0
nwfsc_pacific_hake_survey,D20230713T231852_IFCB117,2023-07-13 23:18:52+00:00,117,4.960935411241319,,,,,,,,119,,2,0
nwfsc_pacific_hake_survey,D20230713T234238_IFCB117,2023-07-13 23:42:38+00:00,117,4.980206280743634,,,,,,,,67,,2,0
nwfsc_pacific_hake_survey,D20230714T000625_IFCB117,2023-07-14 00:06:25+00:00,117,4.976336064091435,,,,,,,,79,,2,0
nwfsc_pacific_hake_survey,D20230714T003011_IFCB117,2023-07-14 00:30:11+00:00,117,4.986579616970486,,,,,,,,51,,2,0
nwfsc_pacific_hake_survey,D20230714T005357_IFCB117,2023-07-14 00:53:57+00:00,117,4.975825538917824,,,,,,,,84,,2,0
nwfsc_pacific_hake_survey,D20230714T011743_IFCB117,2023-07-14 01:17:43+00:00,117,4.987987973813658,,,,,,,,46,,2,0
nwfsc_pacific_hake_survey,D20230714T014129_IFCB117,2023-07-14 01:41:29+00:00,117,4.987872965494793,,,,,,,,48,,2,0
nwfsc_pacific_hake_survey,D20230714T020515_IFCB117,2023-07-14 02:05:15+00:00,117,4.978106743706598,,,,,,,,74,,2,0
nwfsc_pacific_hake_survey,D20230714T022901_IFCB117,2023-07-14 02:29:01+00:00,117,4.974128273292824,,,,,,,,87,,2,0
nwfsc_pacific_hake_survey,D20230714T031632_IFCB117,2023-07-14 03:16:32+00:00,117,4.9284614167390055,,,,,,,,220,,2,0
nwfsc_pacific_hake_survey,D20230714T034017_IFCB117,2023-07-14 03:40:17+00:00,117,4.923199010778356,,,,,,,,239,,2,0
nwfsc_pacific_hake_survey,D20230714T040404_IFCB117,2023-07-14 04:04:04+00:00,117,4.898141049985532,,,,,,,,301,,2,0
nwfsc_pacific_hake_survey,D20230714T042750_IFCB117,2023-07-14 04:27:50+00:00,117,4.939434425636574,,,,,,,,191,,2,0
nwfsc_pacific_hake_survey,D20230714T045136_IFCB117,2023-07-14 04:51:36+00:00,117,4.946880768952547,,,,,,,,167,,2,0
nwfsc_pacific_hake_survey,D20230714T051522_IFCB117,2023-07-14 05:15:22+00:00,117,4.946783175998264,,,,,,,,165,,2,0
nwfsc_pacific_hake_survey,D20230714T053907_IFCB117,2023-07-14 05:39:07+00:00,117,4.952174524377894,,,,,,,,146,,2,0
nwfsc_pacific_hake_survey,D20230714T060252_IFCB117,2023-07-14 06:02:52+00:00,117,4.968024567780673,,,,,,,,105,,2,0
nwfsc_pacific_hake_survey,D20230714T062639_IFCB117,2023-07-14 06:26:39+00:00,117,4.964594174985533,,,,,,,,113,,2,0
nwfsc_pacific_hake_survey,D20230714T065025_IFCB117,2023-07-14 06:50:25+00:00,117,4.967882215711806,,,,,,,,102,,2,0
nwfsc_pacific_hake_survey,D20230714T071411_IFCB117,2023-07-14 07:14:11+00:00,117,4.95601880787037,,,,,,,,141,,2,0
nwfsc_pacific_hake_survey,D20230714T073757_IFCB117,2023-07-14 07:37:57+00:00,117,4.9483780743634265,,,,,,,,163,,2,0
nwfsc_pacific_hake_survey,D20230714T080142_IFCB117,2023-07-14 08:01:42+00:00,117,4.950923294632523,,,,,,,,152,,2,0
nwfsc_pacific_hake_survey,D20230714T082528_IFCB117,2023-07-14 08:25:28+00:00,117,4.958088568793403,,,,,,,,136,,2,0
nwfsc_pacific_hake_survey,D20230714T084915_IFCB117,2023-07-14 08:49:15+00:00,117,4.83089330150463,,,,,,,,512,,2,0
nwfsc_pacific_hake_survey,D20230714T091301_IFCB117,2023-07-14 09:13:01+00:00,117,4.832595775462964,,,,,,,,498,,2,0
nwfsc_pacific_hake_survey,D20230714T093647_IFCB117,2023-07-14 09:36:47+00:00,117,4.845102936921296,,,,,,,,457,,2,0
nwfsc_pacific_hake_survey,D20230714T100033_IFCB117,2023-07-14 10:00:33+00:00,117,4.9154112322772,,,,,,,,262,,2,0
nwfsc_pacific_hake_survey,D20230714T102419_IFCB117,2023-07-14 10:24:19+00:00,117,4.949729067201968,,,,,,,,158,,2,0
nwfsc_pacific_hake_survey,D20230714T104805_IFCB117,2023-07-14 10:48:05+00:00,117,4.972872088396991,,,,,,,,89,,2,0
nwfsc_pacific_hake_survey,D20230714T111150_IFCB117,2023-07-14 11:11:50+00:00,117,4.928660970052083,,,,,,,,217,,2,0
nwfsc_pacific_hake_survey,D20230714T113536_IFCB117,2023-07-14 11:35:36+00:00,117,4.976327220775463,,,,,,,,81,,2,0
nwfsc_pacific_hake_survey,D20230714T115922_IFCB117,2023-07-14 11:59:22+00:00,117,4.974626808449074,,,,,,,,87,,2,0
nwfsc_pacific_hake_survey,D20230714T122308_IFCB117,2023-07-14 12:23:08+00:00,117,4.985036829065393,,,,,,,,54,,2,0
nwfsc_pacific_hake_survey,D20230714T124653_IFCB117,2023-07-14 12:46:53+00:00,117,4.988215151186343,,,,,,,,48,,2,0
nwfsc_pacific_hake_survey,D20230714T131040_IFCB117,2023-07-14 13:10:40+00:00,117,4.992215205439814,,,,,,,,31,,2,0
nwfsc_pacific_hake_survey,D20230714T133426_IFCB117,2023-07-14 13:34:26+00:00,117,4.95835206886574,,,,,,,,132,,2,0
nwfsc_pacific_hake_survey,D20230714T135811_IFCB117,2023-07-14 13:58:11+00:00,117,4.918328803168403,,,,,,,,245,,2,0
nwfsc_pacific_hake_survey,D20230714T142157_IFCB117,2023-07-14 14:21:57+00:00,117,4.801802680121528,,,,,,,,584,,2,0
nwfsc_pacific_hake_survey,D20230714T144544_IFCB117,2023-07-14 14:45:44+00:00,117,4.952023781105324,,,,,,,,152,,2,0
nwfsc_pacific_hake_survey,D20230714T150931_IFCB117,2023-07-14 15:09:31+00:00,117,4.952610478153934,,,,,,,,147,,2,0
nwfsc_pacific_hake_survey,D20230714T153317_IFCB117,2023-07-14 15:33:17+00:00,117,4.961836154513889,,,,,,,,119,,2,0
nwfsc_pacific_hake_survey,D20230714T155702_IFCB117,2023-07-14 15:57:02+00:00,117,4.958319751880787,,,,,,,,130,,2,0
nwfsc_pacific_hake_survey,D20230714T162047_IFCB117,2023-07-14 16:20:47+00:00,117,4.96586595775463,,,,,,,,110,,2,0
nwfsc_pacific_hake_survey,D20230714T164433_IFCB117,2023-07-14 16:44:33+00:00,117,4.959631067346644,,,,,,,,124,,2,0
nwfsc_pacific_hake_survey,D20230714T170818_IFCB117,2023-07-14 17:08:18+00:00,117,4.9637154767071765,,,,,,,,117,,2,0
nwfsc_pacific_hake_survey,D20230714T173203_IFCB117,2023-07-14 17:32:03+00:00,117,4.96251171875,,,,,,,,121,,2,0
nwfsc_pacific_hake_survey,D20230714T175549_IFCB117,2023-07-14 17:55:49+00:00,117,4.946552146629051,,,,,,,,164,,2,0
nwfsc_pacific_hake_survey,D20230714T181935_IFCB117,2023-07-14 18:19:35+00:00,117,4.930288935908564,,,,,,,,215,,2,0
nwfsc_pacific_hake_survey,D20230714T184321_IFCB117,2023-07-14 18:43:21+00:00,117,4.9686969401041665,,,,,,,,102,,2,0
nwfsc_pacific_hake_survey,D20230714T190708_IFCB117,2023-07-14 19:07:08+00:00,117,4.967123001663774,,,,,,,,101,,2,0
nwfsc_pacific_hake_survey,D20230714T193053_IFCB117,2023-07-14 19:30:53+00:00,117,4.967419560185187,,,,,,,,107,,2,0
nwfsc_pacific_hake_survey,D20230714T195438_IFCB117,2023-07-14 19:54:38+00:00,117,4.972548213252314,,,,,,,,89,,2,0
nwfsc_pacific_hake_survey,D20230714T201824_IFCB117,2023-07-14 20:18:24+00:00,117,4.975622459129052,,,,,,,,80,,2,0
nwfsc_pacific_hake_survey,D20230714T204210_IFCB117,2023-07-14 20:42:10+00:00,117,4.971292444299769,,,,,,,,97,,2,0
nwfsc_pacific_hake_survey,D20230714T210555_IFCB117,2023-07-14 21:05:55+00:00,117,4.953207040292246,,,,,,,,149,,2,0
nwfsc_pacific_hake_survey,D20230714T212941_IFCB117,2023-07-14 21:29:41+00:00,117,4.94417431640625,,,,,,,,171,,2,0
nwfsc_pacific_hake_survey,D20230714T215326_IFCB117,2023-07-14 21:53:26+00:00,117,4.9587774612991895,,,,,,,,130,,2,0
nwfsc_pacific_hake_survey,D20230714T221712_IFCB117,2023-07-14 22:17:12+00:00,117,4.967118923611111,,,,,,,,105,,2,0
nwfsc_pacific_hake_survey,D20230714T225739_IFCB117,2023-07-14 22:57:39+00:00,117,4.966660825376157,,,,,,,,110,,2,0
nwfsc_pacific_hake_survey,D20230714T232125_IFCB117,2023-07-14 23:21:25+00:00,117,4.936910499855324,,,,,,,,196,,2,0
nwfsc_pacific_hake_survey,D20230714T234511_IFCB117,2023-07-14 23:45:11+00:00,117,4.928041603370948,,,,,,,,217,,2,0
nwfsc_pacific_hake_survey,D20230715T000857_IFCB117,2023-07-15 00:08:57+00:00,117,4.917970232928241,,,,,,,,254,,2,0
nwfsc_pacific_hake_survey,D20230715T003243_IFCB117,2023-07-15 00:32:43+00:00,117,4.9285483308015055,,,,,,,,218,,2,0
nwfsc_pacific_hake_survey,D20230715T005629_IFCB117,2023-07-15 00:56:29+00:00,117,4.911992702907985,,,,,,,,263,,2,0
nwfsc_pacific_hake_survey,D20230715T012015_IFCB117,2023-07-15 01:20:15+00:00,117,4.926435221354166,,,,,,,,228,,2,0
nwfsc_pacific_hake_survey,D20230715T014400_IFCB117,2023-07-15 01:44:00+00:00,117,4.889407760054977,,,,,,,,333,,2,0
nwfsc_pacific_hake_survey,D20230715T020746_IFCB117,2023-07-15 02:07:46+00:00,117,4.911645652488427,,,,,,,,262,,2,0
nwfsc_pacific_hake_survey,D20230715T023133_IFCB117,2023-07-15 02:31:33+00:00,117,4.941553756148727,,,,,,,,177,,2,0
nwfsc_pacific_hake_survey,D20230715T025519_IFCB117,2023-07-15 02:55:19+00:00,117,4.929308186848958,,,,,,,,215,,2,0
nwfsc_pacific_hake_survey,D20230715T031904_IFCB117,2023-07-15 03:19:04+00:00,117,4.8626821831597224,,,,,,,,414,,2,0
nwfsc_pacific_hake_survey,D20230715T034249_IFCB117,2023-07-15 03:42:49+00:00,117,4.805777018229167,,,,,,,,570,,2,0
nwfsc_pacific_hake_survey,D20230715T040635_IFCB117,2023-07-15 04:06:35+00:00,117,4.7207245370370385,,,,,,,,827,,2,0
nwfsc_pacific_hake_survey,D20230715T043021_IFCB117,2023-07-15 04:30:21+00:00,117,4.700646846064816,,,,,,,,879,,2,0
nwfsc_pacific_hake_survey,D20230715T045408_IFCB117,2023-07-15 04:54:08+00:00,117,4.696131799768518,,,,,,,,890,,2,0
nwfsc_pacific_hake_survey,D20230715T051754_IFCB117,2023-07-15 05:17:54+00:00,117,4.769729890046296,,,,,,,,681,,2,0
nwfsc_pacific_hake_survey,D20230715T054140_IFCB117,2023-07-15 05:41:40+00:00,117,4.804927372685185,,,,,,,,581,,2,0
nwfsc_pacific_hake_survey,D20230715T060527_IFCB117,2023-07-15 06:05:27+00:00,117,4.881416142216435,,,,,,,,356,,2,0
nwfsc_pacific_hake_survey,D20230715T062914_IFCB117,2023-07-15 06:29:14+00:00,117,4.903421540436921,,,,,,,,291,,2,0
nwfsc_pacific_hake_survey,D20230715T065301_IFCB117,2023-07-15 06:53:01+00:00,117,4.822484176070602,,,,,,,,530,,2,0
nwfsc_pacific_hake_survey,D20230715T071648_IFCB117,2023-07-15 07:16:48+00:00,117,4.836948549623842,,,,,,,,483,,2,0
nwfsc_pacific_hake_survey,D20230715T074035_IFCB117,2023-07-15 07:40:35+00:00,117,4.952247486255787,,,,,,,,150,,2,0
nwfsc_pacific_hake_survey,D20230715T080421_IFCB117,2023-07-15 08:04:21+00:00,117,4.958371355975116,,,,,,,,132,,2,0
nwfsc_pacific_hake_survey,D20230715T082807_IFCB117,2023-07-15 08:28:07+00:00,117,4.950937554253472,,,,,,,,154,,2,0
nwfsc_pacific_hake_survey,D20230715T085153_IFCB117,2023-07-15 08:51:53+00:00,117,4.94086253978588,,,,,,,,181,,2,0
nwfsc_pacific_hake_survey,D20230715T091539_IFCB117,2023-07-15 09:15:39+00:00,117,4.942541621455439,,,,,,,,180,,2,0
nwfsc_pacific_hake_survey,D20230715T093925_IFCB117,2023-07-15 09:39:25+00:00,117,4.93268748191551,,,,,,,,202,,2,0
nwfsc_pacific_hake_survey,D20230715T100311_IFCB117,2023-07-15 10:03:11+00:00,117,4.932698558666088,,,,,,,,203,,2,0
nwfsc_pacific_hake_survey,D20230715T102657_IFCB117,2023-07-15 10:26:57+00:00,117,4.943244493272569,,,,,,,,178,,2,0
nwfsc_pacific_hake_survey,D20230715T105044_IFCB117,2023-07-15 10:50:44+00:00,117,4.951310393156828,,,,,,,,146,,2,0
nwfsc_pacific_hake_survey,D20230715T111429_IFCB117,2023-07-15 11:14:29+00:00,117,4.952897135416667,,,,,,,,148,,2,0
nwfsc_pacific_hake_survey,D20230715T113815_IFCB117,2023-07-15 11:38:15+00:00,117,4.982307626229745,,,,,,,,62,,2,0
nwfsc_pacific_hake_survey,D20230715T120201_IFCB117,2023-07-15 12:02:01+00:00,117,4.945742567274306,,,,,,,,169,,2,0
nwfsc_pacific_hake_survey,D20230715T122546_IFCB117,2023-07-15 12:25:46+00:00,117,4.984441767939814,,,,,,,,54,,2,0
nwfsc_pacific_hake_survey,D20230715T124932_IFCB117,2023-07-15 12:49:32+00:00,117,4.838708206741898,,,,,,,,478,,2,0
nwfsc_pacific_hake_survey,D20230715T131319_IFCB117,2023-07-15 13:13:19+00:00,117,4.886371934678819,,,,,,,,339,,2,0
nwfsc_pacific_hake_survey,D20230715T133705_IFCB117,2023-07-15 13:37:05+00:00,117,4.798688585069444,,,,,,,,595,,2,0
nwfsc_pacific_hake_survey,D20230715T140050_IFCB117,2023-07-15 14:00:50+00:00,117,4.88428357385706,,,,,,,,341,,2,0
nwfsc_pacific_hake_survey,D20230715T142436_IFCB117,2023-07-15 14:24:36+00:00,117,4.951403320312499,,,,,,,,151,,2,0
nwfsc_pacific_hake_survey,D20230715T144822_IFCB117,2023-07-15 14:48:22+00:00,117,4.941618453414352,,,,,,,,179,,2,0
nwfsc_pacific_hake_survey,D20230715T151209_IFCB117,2023-07-15 15:12:09+00:00,117,4.887589500144675,,,,,,,,337,,2,0
nwfsc_pacific_hake_survey,D20230715T153554_IFCB117,2023-07-15 15:35:54+00:00,117,4.8844612630208335,,,,,,,,346,,2,0
nwfsc_pacific_hake_survey,D20230715T155939_IFCB117,2023-07-15 15:59:39+00:00,117,4.777977267795139,,,,,,,,659,,2,0
nwfsc_pacific_hake_survey,D20230715T162326_IFCB117,2023-07-15 16:23:26+00:00,117,4.892553385416667,,,,,,,,326,,2,0
nwfsc_pacific_hake_survey,D20230715T164712_IFCB117,2023-07-15 16:47:12+00:00,117,4.8139462890625,,,,,,,,552,,2,0
nwfsc_pacific_hake_survey,D20230715T171058_IFCB117,2023-07-15 17:10:58+00:00,117,4.803212058738426,,,,,,,,583,,2,0
nwfsc_pacific_hake_survey,D20230715T173445_IFCB117,2023-07-15 17:34:45+00:00,117,4.965565158420138,,,,,,,,110,,2,0
nwfsc_pacific_hake_survey,D20230715T175831_IFCB117,2023-07-15 17:58:31+00:00,117,4.946953993055556,,,,,,,,165,,2,0
nwfsc_pacific_hake_survey,D20230715T182216_IFCB117,2023-07-15 18:22:16+00:00,117,4.947872142650463,,,,,,,,161,,2,0
nwfsc_pacific_hake_survey,D20230715T184602_IFCB117,2023-07-15 18:46:02+00:00,117,4.97663658311632,,,,,,,,80,,2,0
nwfsc_pacific_hake_survey,D20230715T190948_IFCB117,2023-07-15 19:09:48+00:00,117,4.924185483579282,,,,,,,,231,,2,0
nwfsc_pacific_hake_survey,D20230715T193333_IFCB117,2023-07-15 19:33:33+00:00,117,4.974535445601851,,,,,,,,84,,2,0
nwfsc_pacific_hake_survey,D20230715T195720_IFCB117,2023-07-15 19:57:20+00:00,117,4.936712827329283,,,,,,,,192,,2,0
nwfsc_pacific_hake_survey,D20230715T202106_IFCB117,2023-07-15 20:21:06+00:00,117,4.951329833984375,,,,,,,,152,,2,0
nwfsc_pacific_hake_survey,D20230715T204452_IFCB117,2023-07-15 20:44:52+00:00,117,4.609961660879629,,,,,,,,1159,,2,0
nwfsc_pacific_hake_survey,D20230715T210837_IFCB117,2023-07-15 21:08:37+00:00,117,4.8850636664496525,,,,,,,,348,,2,0
nwfsc_pacific_hake_survey,D20230715T213222_IFCB117,2023-07-15 21:32:22+00:00,117,4.946535563151042,,,,,,,,167,,2,0
nwfsc_pacific_hake_survey,D20230715T215608_IFCB117,2023-07-15 21:56:08+00:00,117,4.950044967086226,,,,,,,,158,,2,0
nwfsc_pacific_hake_survey,D20230715T223635_IFCB117,2023-07-15 22:36:35+00:00,117,4.973479763454861,,,,,,,,91,,2,0
nwfsc_pacific_hake_survey,D20230715T230021_IFCB117,2023-07-15 23:00:21+00:00,117,4.9727194914641215,,,,,,,,90,,2,0
nwfsc_pacific_hake_survey,D20230715T232408_IFCB117,2023-07-15 23:24:08+00:00,117,4.947067355685763,,,,,,,,168,,2,0
nwfsc_pacific_hake_survey,D20230715T234754_IFCB117,2023-07-15 23:47:54+00:00,117,4.94452746129919,,,,,,,,173,,2,0
nwfsc_pacific_hake_survey,D20230716T001140_IFCB117,2023-07-16 00:11:40+00:00,117,4.952293854890045,,,,,,,,144,,2,0
nwfsc_pacific_hake_survey,D20230716T003526_IFCB117,2023-07-16 00:35:26+00:00,117,4.973787181712963,,,,,,,,90,,2,0
nwfsc_pacific_hake_survey,D20230716T005912_IFCB117,2023-07-16 00:59:12+00:00,117,4.9821768030237275,,,,,,,,62,,2,0
nwfsc_pacific_hake_survey,D20230716T012259_IFCB117,2023-07-16 01:22:59+00:00,117,4.977768021195023,,,,,,,,75,,2,0
nwfsc_pacific_hake_survey,D20230716T014644_IFCB117,2023-07-16 01:46:44+00:00,117,4.901341588903356,,,,,,,,298,,2,0
nwfsc_pacific_hake_survey,D20230716T021029_IFCB117,2023-07-16 02:10:29+00:00,117,4.783634331597223,,,,,,,,641,,2,0
nwfsc_pacific_hake_survey,D20230716T023416_IFCB117,2023-07-16 02:34:16+00:00,117,4.889681342230902,,,,,,,,337,,2,0
nwfsc_pacific_hake_survey,D20230716T025802_IFCB117,2023-07-16 02:58:02+00:00,117,4.870286087601273,,,,,,,,386,,2,0
nwfsc_pacific_hake_survey,D20230716T032149_IFCB117,2023-07-16 03:21:49+00:00,117,4.770234899450232,,,,,,,,680,,2,0
nwfsc_pacific_hake_survey,D20230716T034536_IFCB117,2023-07-16 03:45:36+00:00,117,4.7424377531828705,,,,,,,,771,,2,0
nwfsc_pacific_hake_survey,D20230716T040922_IFCB117,2023-07-16 04:09:22+00:00,117,4.919208396629051,,,,,,,,249,,2,0
nwfsc_pacific_hake_survey,D20230716T043308_IFCB117,2023-07-16 04:33:08+00:00,117,4.933542634186921,,,,,,,,202,,2,0
nwfsc_pacific_hake_survey,D20230716T045654_IFCB117,2023-07-16 04:56:54+00:00,117,4.963685763888888,,,,,,,,116,,2,0
nwfsc_pacific_hake_survey,D20230716T052040_IFCB117,2023-07-16 05:20:40+00:00,117,4.96190099645544,,,,,,,,121,,2,0
nwfsc_pacific_hake_survey,D20230716T054427_IFCB117,2023-07-16 05:44:27+00:00,117,4.938723225911458,,,,,,,,189,,2,0
nwfsc_pacific_hake_survey,D20230716T060813_IFCB117,2023-07-16 06:08:13+00:00,117,4.945577446831597,,,,,,,,167,,2,0
nwfsc_pacific_hake_survey,D20230716T063159_IFCB117,2023-07-16 06:31:59+00:00,117,4.955540237991899,,,,,,,,139,,2,0
nwfsc_pacific_hake_survey,D20230716T065545_IFCB117,2023-07-16 06:55:45+00:00,117,4.965773880570024,,,,,,,,112,,2,0
nwfsc_pacific_hake_survey,D20230716T071932_IFCB117,2023-07-16 07:19:32+00:00,117,4.955857783564816,,,,,,,,135,,2,0
nwfsc_pacific_hake_survey,D20230716T074318_IFCB117,2023-07-16 07:43:18+00:00,117,4.926383698640047,,,,,,,,224,,2,0
nwfsc_pacific_hake_survey,D20230716T080704_IFCB117,2023-07-16 08:07:04+00:00,117,4.894561423972801,,,,,,,,321,,2,0
nwfsc_pacific_hake_survey,D20230716T083050_IFCB117,2023-07-16 08:30:50+00:00,117,4.92363064236111,,,,,,,,238,,2,0
nwfsc_pacific_hake_survey,D20230716T085437_IFCB117,2023-07-16 08:54:37+00:00,117,4.917063069661458,,,,,,,,260,,2,0
nwfsc_pacific_hake_survey,D20230716T091822_IFCB117,2023-07-16 09:18:22+00:00,117,4.942319146050347,,,,,,,,178,,2,0
nwfsc_pacific_hake_survey,D20230716T094209_IFCB117,2023-07-16 09:42:09+00:00,117,4.968299578631364,,,,,,,,101,,2,0
nwfsc_pacific_hake_survey,D20230716T100555_IFCB117,2023-07-16 10:05:55+00:00,117,4.973823612919561,,,,,,,,87,,2,0
nwfsc_pacific_hake_survey,D20230716T102940_IFCB117,2023-07-16 10:29:40+00:00,117,4.975489800347223,,,,,,,,80,,2,0
nwfsc_pacific_hake_survey,D20230716T105326_IFCB117,2023-07-16 10:53:26+00:00,117,4.980218325014468,,,,,,,,66,,2,0
nwfsc_pacific_hake_survey,D20230716T111712_IFCB117,2023-07-16 11:17:12+00:00,117,4.9810924931278935,,,,,,,,65,,2,0
nwfsc_pacific_hake_survey,D20230716T114058_IFCB117,2023-07-16 11:40:58+00:00,117,4.978121536820024,,,,,,,,74,,2,0
nwfsc_pacific_hake_survey,D20230716T120445_IFCB117,2023-07-16 12:04:45+00:00,117,4.980727240668403,,,,,,,,66,,2,0
nwfsc_pacific_hake_survey,D20230716T122831_IFCB117,2023-07-16 12:28:31+00:00,117,4.973401728877315,,,,,,,,88,,2,0
nwfsc_pacific_hake_survey,D20230716T125217_IFCB117,2023-07-16 12:52:17+00:00,117,4.991686297381366,,,,,,,,14,,2,0
nwfsc_pacific_hake_survey,D20230716T131603_IFCB117,2023-07-16 13:16:03+00:00,117,4.994577229817708,,,,,,,,3,,2,0
nwfsc_pacific_hake_survey,D20230716T133948_IFCB117,2023-07-16 13:39:48+00:00,117,4.998495723017939,,,,,,,,1,,2,0
nwfsc_pacific_hake_survey,D20230716T142721_IFCB117,2023-07-16 14:27:21+00:00,117,4.991099943938079,,,,,,,,21,,2,0
nwfsc_pacific_hake_survey,D20230716T145107_IFCB117,2023-07-16 14:51:07+00:00,117,4.986173620153356,,,,,,,,28,,2,0
nwfsc_pacific_hake_survey,D20230716T151453_IFCB117,2023-07-16 15:14:53+00:00,117,4.943083016854745,,,,,,,,176,,2,0
nwfsc_pacific_hake_survey,D20230716T153838_IFCB117,2023-07-16 15:38:38+00:00,117,4.899381302445024,,,,,,,,304,,2,0
nwfsc_pacific_hake_survey,D20230716T160224_IFCB117,2023-07-16 16:02:24+00:00,117,4.941540066189235,,,,,,,,183,,2,0
nwfsc_pacific_hake_survey,D20230716T162610_IFCB117,2023-07-16 16:26:10+00:00,117,4.938618914568866,,,,,,,,193,,2,0
nwfsc_pacific_hake_survey,D20230716T164956_IFCB117,2023-07-16 16:49:56+00:00,117,0.7043571053964119,,,,,,,,102,,2,0
nwfsc_pacific_hake_survey,D20230716T165819_IFCB117,2023-07-16 16:58:19+00:00,117,4.919200900607638,,,,,,,,198,,2,0
nwfsc_pacific_hake_survey,D20230716T172205_IFCB117,2023-07-16 17:22:05+00:00,117,4.986594129774305,,,,,,,,48,,2,0
nwfsc_pacific_hake_survey,D20230716T174550_IFCB117,2023-07-16 17:45:50+00:00,117,4.963589328342014,,,,,,,,101,,2,0
nwfsc_pacific_hake_survey,D20230716T180936_IFCB117,2023-07-16 18:09:36+00:00,117,4.93249631076389,,,,,,,,163,,2,0
nwfsc_pacific_hake_survey,D20230716T183321_IFCB117,2023-07-16 18:33:21+00:00,117,4.973557617187499,,,,,,,,69,,2,0
nwfsc_pacific_hake_survey,D20230716T185707_IFCB117,2023-07-16 18:57:07+00:00,117,4.988859953703704,,,,,,,,23,,2,0
nwfsc_pacific_hake_survey,D20230716T192053_IFCB117,2023-07-16 19:20:53+00:00,117,4.993538547092014,,,,,,,,10,,2,0
nwfsc_pacific_hake_survey,D20230716T194439_IFCB117,2023-07-16 19:44:39+00:00,117,4.988313774956597,,,,,,,,32,,2,0
nwfsc_pacific_hake_survey,D20230716T200826_IFCB117,2023-07-16 20:08:26+00:00,117,4.953581090856482,,,,,,,,147,,2,0
nwfsc_pacific_hake_survey,D20230716T203212_IFCB117,2023-07-16 20:32:12+00:00,117,4.960712176287616,,,,,,,,125,,2,0
nwfsc_pacific_hake_survey,D20230716T205558_IFCB117,2023-07-16 20:55:58+00:00,117,4.897579806857639,,,,,,,,285,,2,0
nwfsc_pacific_hake_survey,D20230716T211943_IFCB117,2023-07-16 21:19:43+00:00,117,4.914075981987848,,,,,,,,223,,2,0
nwfsc_pacific_hake_survey,D20230716T220010_IFCB117,2023-07-16 22:00:10+00:00,117,4.926096480758101,,,,,,,,231,,2,0
nwfsc_pacific_hake_survey,D20230716T222355_IFCB117,2023-07-16 22:23:55+00:00,117,4.932245867693867,,,,,,,,217,,2,0
nwfsc_pacific_hake_survey,D20230716T224741_IFCB117,2023-07-16 22:47:41+00:00,117,4.941965865523728,,,,,,,,179,,2,0
nwfsc_pacific_hake_survey,D20230716T231126_IFCB117,2023-07-16 23:11:26+00:00,117,4.841766040943287,,,,,,,,487,,2,0
nwfsc_pacific_hake_survey,D20230716T233512_IFCB117,2023-07-16 23:35:12+00:00,117,4.234032588252314,,,,,,,,336,,2,0
nwfsc_pacific_hake_survey,D20230717T022920_IFCB117,2023-07-17 02:29:20+00:00,117,4.963735586660879,,,,,,,,116,,2,0
nwfsc_pacific_hake_survey,D20230717T025306_IFCB117,2023-07-17 02:53:06+00:00,117,4.861809109157985,,,,,,,,410,,2,0
nwfsc_pacific_hake_survey,D20230717T031652_IFCB117,2023-07-17 03:16:52+00:00,117,4.960734691478589,,,,,,,,128,,2,0
nwfsc_pacific_hake_survey,D20230717T034038_IFCB117,2023-07-17 03:40:38+00:00,117,4.952334454571759,,,,,,,,154,,2,0
nwfsc_pacific_hake_survey,D20230717T040424_IFCB117,2023-07-17 04:04:24+00:00,117,4.9373928855613425,,,,,,,,198,,2,0
nwfsc_pacific_hake_survey,D20230717T042811_IFCB117,2023-07-17 04:28:11+00:00,117,4.972811948423032,,,,,,,,87,,2,0
nwfsc_pacific_hake_survey,D20230717T045157_IFCB117,2023-07-17 04:51:57+00:00,117,4.971795428240741,,,,,,,,91,,2,0
nwfsc_pacific_hake_survey,D20230717T051542_IFCB117,2023-07-17 05:15:42+00:00,117,4.971002188223379,,,,,,,,95,,2,0
nwfsc_pacific_hake_survey,D20230717T053927_IFCB117,2023-07-17 05:39:27+00:00,117,4.944859691478587,,,,,,,,168,,2,0
nwfsc_pacific_hake_survey,D20230717T060313_IFCB117,2023-07-17 06:03:13+00:00,117,4.879973461009838,,,,,,,,358,,2,0
nwfsc_pacific_hake_survey,D20230717T062659_IFCB117,2023-07-17 06:26:59+00:00,117,4.873040030020254,,,,,,,,371,,2,0
nwfsc_pacific_hake_survey,D20230717T065045_IFCB117,2023-07-17 06:50:45+00:00,117,4.912416965060762,,,,,,,,266,,2,0
nwfsc_pacific_hake_survey,D20230717T071431_IFCB117,2023-07-17 07:14:31+00:00,117,4.903634910300926,,,,,,,,283,,2,0
nwfsc_pacific_hake_survey,D20230717T073817_IFCB117,2023-07-17 07:38:17+00:00,117,4.924408004195602,,,,,,,,225,,2,0
nwfsc_pacific_hake_survey,D20230717T080203_IFCB117,2023-07-17 08:02:03+00:00,117,4.9026219798900454,,,,,,,,291,,2,0
nwfsc_pacific_hake_survey,D20230717T082549_IFCB117,2023-07-17 08:25:49+00:00,117,4.896302544487848,,,,,,,,315,,2,0
nwfsc_pacific_hake_survey,D20230717T084935_IFCB117,2023-07-17 08:49:35+00:00,117,4.973549623842592,,,,,,,,87,,2,0
nwfsc_pacific_hake_survey,D20230717T091320_IFCB117,2023-07-17 09:13:20+00:00,117,4.960619439019097,,,,,,,,123,,2,0
nwfsc_pacific_hake_survey,D20230717T093705_IFCB117,2023-07-17 09:37:05+00:00,117,4.939715069806133,,,,,,,,186,,2,0
nwfsc_pacific_hake_survey,D20230717T100051_IFCB117,2023-07-17 10:00:51+00:00,117,4.95394125253183,,,,,,,,144,,2,0
nwfsc_pacific_hake_survey,D20230717T102436_IFCB117,2023-07-17 10:24:36+00:00,117,4.944453513816551,,,,,,,,173,,2,0
nwfsc_pacific_hake_survey,D20230717T104823_IFCB117,2023-07-17 10:48:23+00:00,117,4.937439462167245,,,,,,,,189,,2,0
nwfsc_pacific_hake_survey,D20230717T111209_IFCB117,2023-07-17 11:12:09+00:00,117,4.929332275390625,,,,,,,,204,,2,0
nwfsc_pacific_hake_survey,D20230717T113555_IFCB117,2023-07-17 11:35:55+00:00,117,4.943564453125,,,,,,,,173,,2,0
nwfsc_pacific_hake_survey,D20230717T115940_IFCB117,2023-07-17 11:59:40+00:00,117,4.9346035156250005,,,,,,,,200,,2,0
nwfsc_pacific_hake_survey,D20230717T122326_IFCB117,2023-07-17 12:23:26+00:00,117,4.954953540943287,,,,,,,,141,,2,0
nwfsc_pacific_hake_survey,D20230717T124712_IFCB117,2023-07-17 12:47:12+00:00,117,4.927452085141783,,,,,,,,220,,2,0
nwfsc_pacific_hake_survey,D20230717T131059_IFCB117,2023-07-17 13:10:59+00:00,117,4.9607648925781245,,,,,,,,125,,2,0
nwfsc_pacific_hake_survey,D20230717T133942_IFCB117,2023-07-17 13:39:42+00:00,117,4.981523925781249,,,,,,,,63,,2,0
nwfsc_pacific_hake_survey,D20230717T140327_IFCB117,2023-07-17 14:03:27+00:00,117,4.986956289785879,,,,,,,,48,,2,0
nwfsc_pacific_hake_survey,D20230717T142712_IFCB117,2023-07-17 14:27:12+00:00,117,4.989428466796876,,,,,,,,42,,2,0
nwfsc_pacific_hake_survey,D20230717T145059_IFCB117,2023-07-17 14:50:59+00:00,117,4.963795835141782,,,,,,,,116,,2,0
nwfsc_pacific_hake_survey,D20230717T151445_IFCB117,2023-07-17 15:14:45+00:00,117,4.936652488425926,,,,,,,,193,,2,0
nwfsc_pacific_hake_survey,D20230717T153831_IFCB117,2023-07-17 15:38:31+00:00,117,4.892311776620371,,,,,,,,320,,2,0
nwfsc_pacific_hake_survey,D20230717T160217_IFCB117,2023-07-17 16:02:17+00:00,117,4.751938603153935,,,,,,,,738,,2,0
nwfsc_pacific_hake_survey,D20230717T162603_IFCB117,2023-07-17 16:26:03+00:00,117,4.7453066948784715,,,,,,,,747,,2,0
nwfsc_pacific_hake_survey,D20230717T164950_IFCB117,2023-07-17 16:49:50+00:00,117,4.806479853877315,,,,,,,,577,,2,0
nwfsc_pacific_hake_survey,D20230717T171337_IFCB117,2023-07-17 17:13:37+00:00,117,4.95270324254919,,,,,,,,149,,2,0
nwfsc_pacific_hake_survey,D20230717T173723_IFCB117,2023-07-17 17:37:23+00:00,117,4.964051359953703,,,,,,,,115,,2,0
nwfsc_pacific_hake_survey,D20230717T180109_IFCB117,2023-07-17 18:01:09+00:00,117,4.739426070601851,,,,,,,,765,,2,0
nwfsc_pacific_hake_survey,D20230717T182456_IFCB117,2023-07-17 18:24:56+00:00,117,4.756025716145833,,,,,,,,732,,2,0
nwfsc_pacific_hake_survey,D20230717T184843_IFCB117,2023-07-17 18:48:43+00:00,117,4.658515299479165,,,,,,,,1003,,2,0
nwfsc_pacific_hake_survey,D20230717T191230_IFCB117,2023-07-17 19:12:30+00:00,117,4.760245008680556,,,,,,,,709,,2,0
nwfsc_pacific_hake_survey,D20230717T193617_IFCB117,2023-07-17 19:36:17+00:00,117,4.887141185619212,,,,,,,,342,,2,0
nwfsc_pacific_hake_survey,D20230717T200003_IFCB117,2023-07-17 20:00:03+00:00,117,4.905795184100115,,,,,,,,286,,2,0
nwfsc_pacific_hake_survey,D20230717T202349_IFCB117,2023-07-17 20:23:49+00:00,117,4.803242024739584,,,,,,,,587,,2,0
nwfsc_pacific_hake_survey,D20230717T205919_IFCB117,2023-07-17 20:59:19+00:00,117,4.731404730902778,,,,,,,,803,,2,0
nwfsc_pacific_hake_survey,D20230717T212305_IFCB117,2023-07-17 21:23:05+00:00,117,4.429259006076389,,,,,,,,1706,,2,0
nwfsc_pacific_hake_survey,D20230717T214651_IFCB117,2023-07-17 21:46:51+00:00,117,4.372330222800926,,,,,,,,1860,,2,0
nwfsc_pacific_hake_survey,D20230717T221039_IFCB117,2023-07-17 22:10:39+00:00,117,4.909975179036459,,,,,,,,279,,2,0
nwfsc_pacific_hake_survey,D20230717T223424_IFCB117,2023-07-17 22:34:24+00:00,117,4.927538619429977,,,,,,,,226,,2,0
nwfsc_pacific_hake_survey,D20230717T225810_IFCB117,2023-07-17 22:58:10+00:00,117,4.876409686053241,,,,,,,,374,,2,0
nwfsc_pacific_hake_survey,D20230717T232156_IFCB117,2023-07-17 23:21:56+00:00,117,4.866265643084491,,,,,,,,403,,2,0
nwfsc_pacific_hake_survey,D20230717T234542_IFCB117,2023-07-17 23:45:42+00:00,117,4.830675962094907,,,,,,,,507,,2,0
nwfsc_pacific_hake_survey,D20230718T000928_IFCB117,2023-07-18 00:09:28+00:00,117,4.857557083695024,,,,,,,,429,,2,0
nwfsc_pacific_hake_survey,D20230718T003316_IFCB117,2023-07-18 00:33:16+00:00,117,4.940624005353009,,,,,,,,179,,2,0
nwfsc_pacific_hake_survey,D20230718T005702_IFCB117,2023-07-18 00:57:02+00:00,117,0.4715535933883102,,,,,,,,25,,2,0
nwfsc_pacific_hake_survey,D20230718T192059_IFCB117,2023-07-18 19:20:59+00:00,117,4.717435655381944,,,,,,,,860,,2,0
nwfsc_pacific_hake_survey,D20230718T194446_IFCB117,2023-07-18 19:44:46+00:00,117,4.798756040219909,,,,,,,,598,,2,0
nwfsc_pacific_hake_survey,D20230718T202016_IFCB117,2023-07-18 20:20:16+00:00,117,4.575575376157407,,,,,,,,1260,,2,0
nwfsc_pacific_hake_survey,D20230718T204403_IFCB117,2023-07-18 20:44:03+00:00,117,4.8045932074652775,,,,,,,,252,,2,0
nwfsc_pacific_hake_survey,D20230718T210748_IFCB117,2023-07-18 21:07:48+00:00,117,4.847540943287038,,,,,,,,235,,2,0
nwfsc_pacific_hake_survey,D20230718T213134_IFCB117,2023-07-18 21:31:34+00:00,117,4.925206316912616,,,,,,,,67,,2,0
nwfsc_pacific_hake_survey,D20230718T215520_IFCB117,2023-07-18 21:55:20+00:00,117,4.97112730577257,,,,,,,,19,,2,0
nwfsc_pacific_hake_survey,D20230718T221906_IFCB117,2023-07-18 22:19:06+00:00,117,4.993997386791088,,,,,,,,7,,2,0
nwfsc_pacific_hake_survey,D20230718T224251_IFCB117,2023-07-18 22:42:51+00:00,117,4.99276404260706,,,,,,,,15,,2,0
nwfsc_pacific_hake_survey,D20230718T230636_IFCB117,2023-07-18 23:06:36+00:00,117,4.996071994357639,,,,,,,,7,,2,0
nwfsc_pacific_hake_survey,D20230718T233021_IFCB117,2023-07-18 23:30:21+00:00,117,4.996903971354167,,,,,,,,13,,2,0
nwfsc_pacific_hake_survey,D20230718T235408_IFCB117,2023-07-18 23:54:08+00:00,117,4.988113190827547,,,,,,,,42,,2,0
nwfsc_pacific_hake_survey,D20230719T001754_IFCB117,2023-07-19 00:17:54+00:00,117,4.985009865089698,,,,,,,,54,,2,0
nwfsc_pacific_hake_survey,D20230719T004140_IFCB117,2023-07-19 00:41:40+00:00,117,4.986681586371529,,,,,,,,49,,2,0
nwfsc_pacific_hake_survey,D20230719T010526_IFCB117,2023-07-19 01:05:26+00:00,117,4.994983552155672,,,,,,,,26,,2,0
nwfsc_pacific_hake_survey,D20230719T012912_IFCB117,2023-07-19 01:29:12+00:00,117,4.991117106119791,,,,,,,,35,,2,0
nwfsc_pacific_hake_survey,D20230719T015259_IFCB117,2023-07-19 01:52:59+00:00,117,4.9924845829716435,,,,,,,,33,,2,0
nwfsc_pacific_hake_survey,D20230719T021645_IFCB117,2023-07-19 02:16:45+00:00,117,4.995164243344907,,,,,,,,25,,2,0
nwfsc_pacific_hake_survey,D20230719T024030_IFCB117,2023-07-19 02:40:30+00:00,117,4.994913239655672,,,,,,,,26,,2,0
nwfsc_pacific_hake_survey,D20230719T030416_IFCB117,2023-07-19 03:04:16+00:00,117,4.973184733072915,,,,,,,,87,,2,0
nwfsc_pacific_hake_survey,D20230719T032801_IFCB117,2023-07-19 03:28:01+00:00,117,4.807188585069444,,,,,,,,590,,2,0
nwfsc_pacific_hake_survey,D20230719T035146_IFCB117,2023-07-19 03:51:46+00:00,117,4.705078559027778,,,,,,,,882,,2,0
nwfsc_pacific_hake_survey,D20230719T041532_IFCB117,2023-07-19 04:15:32+00:00,117,4.701969907407407,,,,,,,,875,,2,0
nwfsc_pacific_hake_survey,D20230719T043919_IFCB117,2023-07-19 04:39:19+00:00,117,4.162562717013889,,,,,,,,2521,,2,0
nwfsc_pacific_hake_survey,D20230719T050307_IFCB117,2023-07-19 05:03:07+00:00,117,3.748196903935185,,,,,,,,3709,,2,0
nwfsc_pacific_hake_survey,D20230719T052653_IFCB117,2023-07-19 05:26:53+00:00,117,3.6256903935185183,,,,,,,,4026,,2,0
nwfsc_pacific_hake_survey,D20230719T055041_IFCB117,2023-07-19 05:50:41+00:00,117,3.611405815972222,,,,,,,,4030,,2,0
nwfsc_pacific_hake_survey,D20230719T061429_IFCB117,2023-07-19 06:14:29+00:00,117,3.886356915509259,,,,,,,,3251,,2,0
nwfsc_pacific_hake_survey,D20230719T063817_IFCB117,2023-07-19 06:38:17+00:00,117,3.6609856770833327,,,,,,,,3893,,2,0
nwfsc_pacific_hake_survey,D20230719T070203_IFCB117,2023-07-19 07:02:03+00:00,117,3.988865162037037,,,,,,,,2985,,2,0
nwfsc_pacific_hake_survey,D20230719T072551_IFCB117,2023-07-19 07:25:51+00:00,117,4.066462311921296,,,,,,,,2782,,2,0
nwfsc_pacific_hake_survey,D20230719T074937_IFCB117,2023-07-19 07:49:37+00:00,117,3.9433149594907406,,,,,,,,3108,,2,0
nwfsc_pacific_hake_survey,D20230719T081323_IFCB117,2023-07-19 08:13:23+00:00,117,3.7454247685185185,,,,,,,,3669,,2,0
nwfsc_pacific_hake_survey,D20230719T083712_IFCB117,2023-07-19 08:37:12+00:00,117,3.9463259548611114,,,,,,,,3114,,2,0
nwfsc_pacific_hake_survey,D20230719T090058_IFCB117,2023-07-19 09:00:58+00:00,117,4.08290552662037,,,,,,,,2671,,2,0
nwfsc_pacific_hake_survey,D20230719T092444_IFCB117,2023-07-19 09:24:44+00:00,117,4.136219111689814,,,,,,,,2517,,2,0
nwfsc_pacific_hake_survey,D20230719T094832_IFCB117,2023-07-19 09:48:32+00:00,117,4.301170138888889,,,,,,,,2053,,2,0
nwfsc_pacific_hake_survey,D20230719T101220_IFCB117,2023-07-19 10:12:20+00:00,117,4.289998842592594,,,,,,,,2103,,2,0
nwfsc_pacific_hake_survey,D20230719T103608_IFCB117,2023-07-19 10:36:08+00:00,117,4.257798394097222,,,,,,,,2168,,2,0
nwfsc_pacific_hake_survey,D20230719T110452_IFCB117,2023-07-19 11:04:52+00:00,117,4.220656756365741,,,,,,,,2268,,2,0
nwfsc_pacific_hake_survey,D20230719T112839_IFCB117,2023-07-19 11:28:39+00:00,117,4.232595124421296,,,,,,,,2249,,2,0
nwfsc_pacific_hake_survey,D20230719T115226_IFCB117,2023-07-19 11:52:26+00:00,117,4.257970124421297,,,,,,,,2186,,2,0
nwfsc_pacific_hake_survey,D20230719T121612_IFCB117,2023-07-19 12:16:12+00:00,117,4.318128038194444,,,,,,,,2002,,2,0
nwfsc_pacific_hake_survey,D20230719T124001_IFCB117,2023-07-19 12:40:01+00:00,117,4.299067201967592,,,,,,,,2075,,2,0
nwfsc_pacific_hake_survey,D20230719T130348_IFCB117,2023-07-19 13:03:48+00:00,117,4.263193721064815,,,,,,,,2157,,2,0
nwfsc_pacific_hake_survey,D20230719T132735_IFCB117,2023-07-19 13:27:35+00:00,117,4.149610966435185,,,,,,,,2485,,2,0
nwfsc_pacific_hake_survey,D20230719T135122_IFCB117,2023-07-19 13:51:22+00:00,117,4.173660734953704,,,,,,,,2411,,2,0
nwfsc_pacific_hake_survey,D20230719T141510_IFCB117,2023-07-19 14:15:10+00:00,117,4.321265190972223,,,,,,,,2011,,2,0
nwfsc_pacific_hake_survey,D20230719T143858_IFCB117,2023-07-19 14:38:58+00:00,117,4.237775318287037,,,,,,,,2230,,2,0
nwfsc_pacific_hake_survey,D20230719T150246_IFCB117,2023-07-19 15:02:46+00:00,117,4.195374638310185,,,,,,,,2357,,2,0
nwfsc_pacific_hake_survey,D20230719T152633_IFCB117,2023-07-19 15:26:33+00:00,117,4.05822728587963,,,,,,,,2766,,2,0
nwfsc_pacific_hake_survey,D20230719T155021_IFCB117,2023-07-19 15:50:21+00:00,117,4.2548794126157405,,,,,,,,2138,,2,0
nwfsc_pacific_hake_survey,D20230719T161409_IFCB117,2023-07-19 16:14:09+00:00,117,4.29341673900463,,,,,,,,2032,,2,0
nwfsc_pacific_hake_survey,D20230719T163757_IFCB117,2023-07-19 16:37:57+00:00,117,4.288325086805555,,,,,,,,2088,,2,0
nwfsc_pacific_hake_survey,D20230719T170144_IFCB117,2023-07-19 17:01:44+00:00,117,4.395137225115741,,,,,,,,1773,,2,0
nwfsc_pacific_hake_survey,D20230719T172530_IFCB117,2023-07-19 17:25:30+00:00,117,4.317680121527778,,,,,,,,1996,,2,0
nwfsc_pacific_hake_survey,D20230719T174917_IFCB117,2023-07-19 17:49:17+00:00,117,4.336217158564815,,,,,,,,1952,,2,0
nwfsc_pacific_hake_survey,D20230719T181304_IFCB117,2023-07-19 18:13:04+00:00,117,4.218850405092592,,,,,,,,2283,,2,0
nwfsc_pacific_hake_survey,D20230719T183652_IFCB117,2023-07-19 18:36:52+00:00,117,4.321897063078704,,,,,,,,1988,,2,0
nwfsc_pacific_hake_survey,D20230719T190040_IFCB117,2023-07-19 19:00:40+00:00,117,4.281205873842593,,,,,,,,2099,,2,0
nwfsc_pacific_hake_survey,D20230719T192427_IFCB117,2023-07-19 19:24:27+00:00,117,1.4253181785300926,,,,,,,,700,,2,0
nwfsc_pacific_hake_survey,D20230724T020200_IFCB117,2023-07-24 02:02:00+00:00,117,3.788562210648148,,,,,,,,3637,,2,0
nwfsc_pacific_hake_survey,D20230724T022549_IFCB117,2023-07-24 02:25:49+00:00,117,3.76749291087963,,,,,,,,3571,,2,0
nwfsc_pacific_hake_survey,D20230724T024938_IFCB117,2023-07-24 02:49:38+00:00,117,3.7136877893518516,,,,,,,,3676,,2,0
nwfsc_pacific_hake_survey,D20230724T031328_IFCB117,2023-07-24 03:13:28+00:00,117,3.910203342013889,,,,,,,,3111,,2,0
nwfsc_pacific_hake_survey,D20230724T033716_IFCB117,2023-07-24 03:37:16+00:00,117,3.960372974537037,,,,,,,,2902,,2,0
nwfsc_pacific_hake_survey,D20230724T040104_IFCB117,2023-07-24 04:01:04+00:00,117,3.8467990451388903,,,,,,,,3312,,2,0
nwfsc_pacific_hake_survey,D20230724T042452_IFCB117,2023-07-24 04:24:52+00:00,117,4.101384259259259,,,,,,,,2551,,2,0
nwfsc_pacific_hake_survey,D20230724T044841_IFCB117,2023-07-24 04:48:41+00:00,117,4.214451574074074,,,,,,,,2253,,2,0
nwfsc_pacific_hake_survey,D20230724T051228_IFCB117,2023-07-24 05:12:28+00:00,117,4.292859447337962,,,,,,,,2049,,2,0
nwfsc_pacific_hake_survey,D20230724T053615_IFCB117,2023-07-24 05:36:15+00:00,117,4.53409273726852,,,,,,,,1223,,2,0
nwfsc_pacific_hake_survey,D20230724T060002_IFCB117,2023-07-24 06:00:02+00:00,117,4.6024460358796295,,,,,,,,1144,,2,0
nwfsc_pacific_hake_survey,D20230724T063533_IFCB117,2023-07-24 06:35:33+00:00,117,4.765130099826389,,,,,,,,665,,2,0
nwfsc_pacific_hake_survey,D20230724T065919_IFCB117,2023-07-24 06:59:19+00:00,117,4.83925902416088,,,,,,,,474,,2,0
nwfsc_pacific_hake_survey,D20230724T072306_IFCB117,2023-07-24 07:23:06+00:00,117,4.845027705439815,,,,,,,,467,,2,0
nwfsc_pacific_hake_survey,D20230724T074653_IFCB117,2023-07-24 07:46:53+00:00,117,4.853178403501158,,,,,,,,434,,2,0
nwfsc_pacific_hake_survey,D20230724T081039_IFCB117,2023-07-24 08:10:39+00:00,117,4.859525101273149,,,,,,,,409,,2,0
nwfsc_pacific_hake_survey,D20230724T083425_IFCB117,2023-07-24 08:34:25+00:00,117,4.8610966525607635,,,,,,,,410,,2,0
nwfsc_pacific_hake_survey,D20230724T085812_IFCB117,2023-07-24 08:58:12+00:00,117,4.850871075665509,,,,,,,,430,,2,0
nwfsc_pacific_hake_survey,D20230724T092158_IFCB117,2023-07-24 09:21:58+00:00,117,4.872457546657986,,,,,,,,374,,2,0
nwfsc_pacific_hake_survey,D20230724T094544_IFCB117,2023-07-24 09:45:44+00:00,117,4.856761266637732,,,,,,,,417,,2,0
nwfsc_pacific_hake_survey,D20230724T100930_IFCB117,2023-07-24 10:09:30+00:00,117,4.927447003399885,,,,,,,,220,,2,0
nwfsc_pacific_hake_survey,D20230724T103316_IFCB117,2023-07-24 10:33:16+00:00,117,4.931282063802083,,,,,,,,208,,2,0
nwfsc_pacific_hake_survey,D20230724T105703_IFCB117,2023-07-24 10:57:03+00:00,117,4.88166267903646,,,,,,,,352,,2,0
nwfsc_pacific_hake_survey,D20230724T112049_IFCB117,2023-07-24 11:20:49+00:00,117,4.845345486111111,,,,,,,,465,,2,0
nwfsc_pacific_hake_survey,D20230724T114436_IFCB117,2023-07-24 11:44:36+00:00,117,4.857263102213542,,,,,,,,424,,2,0
nwfsc_pacific_hake_survey,D20230724T120823_IFCB117,2023-07-24 12:08:23+00:00,117,4.680827944155093,,,,,,,,939,,2,0
nwfsc_pacific_hake_survey,D20230724T123211_IFCB117,2023-07-24 12:32:11+00:00,117,4.885079029224537,,,,,,,,346,,2,0
nwfsc_pacific_hake_survey,D20230724T125558_IFCB117,2023-07-24 12:55:58+00:00,117,4.940451316550925,,,,,,,,180,,2,0
nwfsc_pacific_hake_survey,D20230724T131944_IFCB117,2023-07-24 13:19:44+00:00,117,4.955667950665509,,,,,,,,137,,2,0
nwfsc_pacific_hake_survey,D20230724T134330_IFCB117,2023-07-24 13:43:30+00:00,117,4.931624475549768,,,,,,,,205,,2,0
nwfsc_pacific_hake_survey,D20230724T140717_IFCB117,2023-07-24 14:07:17+00:00,117,4.9310153085214115,,,,,,,,199,,2,0
nwfsc_pacific_hake_survey,D20230724T143103_IFCB117,2023-07-24 14:31:03+00:00,117,4.926407389322917,,,,,,,,223,,2,0
nwfsc_pacific_hake_survey,D20230724T145449_IFCB117,2023-07-24 14:54:49+00:00,117,4.926184597439235,,,,,,,,224,,2,0
nwfsc_pacific_hake_survey,D20230724T151835_IFCB117,2023-07-24 15:18:35+00:00,117,4.945679578993055,,,,,,,,166,,2,0
nwfsc_pacific_hake_survey,D20230724T154221_IFCB117,2023-07-24 15:42:21+00:00,117,4.944104193793403,,,,,,,,169,,2,0
nwfsc_pacific_hake_survey,D20230724T160607_IFCB117,2023-07-24 16:06:07+00:00,117,4.951742205584491,,,,,,,,149,,2,0
nwfsc_pacific_hake_survey,D20230724T162954_IFCB117,2023-07-24 16:29:54+00:00,117,4.949444037543404,,,,,,,,157,,2,0
nwfsc_pacific_hake_survey,D20230724T165340_IFCB117,2023-07-24 16:53:40+00:00,117,4.942664161964699,,,,,,,,175,,2,0
nwfsc_pacific_hake_survey,D20230724T171726_IFCB117,2023-07-24 17:17:26+00:00,117,4.924766339337384,,,,,,,,225,,2,0
nwfsc_pacific_hake_survey,D20230724T174112_IFCB117,2023-07-24 17:41:12+00:00,117,4.923565881799769,,,,,,,,229,,2,0
nwfsc_pacific_hake_survey,D20230725T155943_IFCB117,2023-07-25 15:59:43+00:00,117,4.073084056712963,,,,,,,,2715,,2,0
nwfsc_pacific_hake_survey,D20230725T162331_IFCB117,2023-07-25 16:23:31+00:00,117,3.960014322916666,,,,,,,,3069,,2,0
nwfsc_pacific_hake_survey,D20230725T164718_IFCB117,2023-07-25 16:47:18+00:00,117,3.884045211226851,,,,,,,,3283,,2,0
nwfsc_pacific_hake_survey,D20230725T171104_IFCB117,2023-07-25 17:11:04+00:00,117,3.8722204137731486,,,,,,,,3330,,2,0
nwfsc_pacific_hake_survey,D20230725T173451_IFCB117,2023-07-25 17:34:51+00:00,117,4.001077690972222,,,,,,,,2931,,2,0
nwfsc_pacific_hake_survey,D20230725T175837_IFCB117,2023-07-25 17:58:37+00:00,117,4.087397641782408,,,,,,,,2675,,2,0
nwfsc_pacific_hake_survey,D20230725T182224_IFCB117,2023-07-25 18:22:24+00:00,117,4.0225869502314815,,,,,,,,2863,,2,0
nwfsc_pacific_hake_survey,D20230725T184612_IFCB117,2023-07-25 18:46:12+00:00,117,4.1208361545138885,,,,,,,,2597,,2,0
nwfsc_pacific_hake_survey,D20230725T190959_IFCB117,2023-07-25 19:09:59+00:00,117,4.186462601273148,,,,,,,,2418,,2,0
nwfsc_pacific_hake_survey,D20230725T193345_IFCB117,2023-07-25 19:33:45+00:00,117,4.162962673611111,,,,,,,,2470,,2,0
nwfsc_pacific_hake_survey,D20230725T195732_IFCB117,2023-07-25 19:57:32+00:00,117,4.048621889467593,,,,,,,,2811,,2,0
nwfsc_pacific_hake_survey,D20230725T202120_IFCB117,2023-07-25 20:21:20+00:00,117,4.078927951388889,,,,,,,,2754,,2,0
nwfsc_pacific_hake_survey,D20230725T204508_IFCB117,2023-07-25 20:45:08+00:00,117,4.0644042245370375,,,,,,,,2789,,2,0
nwfsc_pacific_hake_survey,D20230725T210855_IFCB117,2023-07-25 21:08:55+00:00,117,4.084065972222222,,,,,,,,2711,,2,0
nwfsc_pacific_hake_survey,D20230725T213242_IFCB117,2023-07-25 21:32:42+00:00,117,4.299962094907406,,,,,,,,2056,,2,0
nwfsc_pacific_hake_survey,D20230725T215629_IFCB117,2023-07-25 21:56:29+00:00,117,4.125795138888889,,,,,,,,2568,,2,0
nwfsc_pacific_hake_survey,D20230725T222016_IFCB117,2023-07-25 22:20:16+00:00,117,4.735929343894677,,,,,,,,791,,2,0
nwfsc_pacific_hake_survey,D20230725T224402_IFCB117,2023-07-25 22:44:02+00:00,117,4.882984845196759,,,,,,,,354,,2,0
nwfsc_pacific_hake_survey,D20230725T231246_IFCB117,2023-07-25 23:12:46+00:00,117,4.941298873336227,,,,,,,,184,,2,0
nwfsc_pacific_hake_survey,D20230725T233631_IFCB117,2023-07-25 23:36:31+00:00,117,4.913417227285879,,,,,,,,261,,2,0
nwfsc_pacific_hake_survey,D20230726T000016_IFCB117,2023-07-26 00:00:16+00:00,117,4.888126238787616,,,,,,,,341,,2,0
nwfsc_pacific_hake_survey,D20230726T002401_IFCB117,2023-07-26 00:24:01+00:00,117,4.909463948567708,,,,,,,,275,,2,0
nwfsc_pacific_hake_survey,D20230726T004748_IFCB117,2023-07-26 00:47:48+00:00,117,4.922514431423612,,,,,,,,236,,2,0
nwfsc_pacific_hake_survey,D20230726T011134_IFCB117,2023-07-26 01:11:34+00:00,117,4.92997814489294,,,,,,,,223,,2,0
nwfsc_pacific_hake_survey,D20230726T013519_IFCB117,2023-07-26 01:35:19+00:00,117,4.902223777488426,,,,,,,,296,,2,0
nwfsc_pacific_hake_survey,D20230726T015904_IFCB117,2023-07-26 01:59:04+00:00,117,4.930350314670139,,,,,,,,217,,2,0
nwfsc_pacific_hake_survey,D20230726T022250_IFCB117,2023-07-26 02:22:50+00:00,117,4.877939896195023,,,,,,,,369,,2,0
nwfsc_pacific_hake_survey,D20230726T024636_IFCB117,2023-07-26 02:46:36+00:00,117,4.945441252531828,,,,,,,,170,,2,0
nwfsc_pacific_hake_survey,D20230726T031021_IFCB117,2023-07-26 03:10:21+00:00,117,4.966219916449652,,,,,,,,109,,2,0
nwfsc_pacific_hake_survey,D20230726T034550_IFCB117,2023-07-26 03:45:50+00:00,117,4.949554850260417,,,,,,,,156,,2,0
nwfsc_pacific_hake_survey,D20230726T040937_IFCB117,2023-07-26 04:09:37+00:00,117,4.951669135199653,,,,,,,,155,,2,0
nwfsc_pacific_hake_survey,D20230726T043323_IFCB117,2023-07-26 04:33:23+00:00,117,4.953730667679397,,,,,,,,144,,2,0
nwfsc_pacific_hake_survey,D20230726T045709_IFCB117,2023-07-26 04:57:09+00:00,117,4.937332962601272,,,,,,,,194,,2,0
nwfsc_pacific_hake_survey,D20230726T052055_IFCB117,2023-07-26 05:20:55+00:00,117,4.953624041521991,,,,,,,,146,,2,0
nwfsc_pacific_hake_survey,D20230726T054441_IFCB117,2023-07-26 05:44:41+00:00,117,4.931522063078705,,,,,,,,206,,2,0
nwfsc_pacific_hake_survey,D20230726T060826_IFCB117,2023-07-26 06:08:26+00:00,117,4.942485026041667,,,,,,,,178,,2,0
nwfsc_pacific_hake_survey,D20230726T063212_IFCB117,2023-07-26 06:32:12+00:00,117,4.913376916956017,,,,,,,,263,,2,0
nwfsc_pacific_hake_survey,D20230726T065557_IFCB117,2023-07-26 06:55:57+00:00,117,4.934909686053241,,,,,,,,201,,2,0
nwfsc_pacific_hake_survey,D20230726T071943_IFCB117,2023-07-26 07:19:43+00:00,117,4.933036783854167,,,,,,,,205,,2,0
nwfsc_pacific_hake_survey,D20230726T074329_IFCB117,2023-07-26 07:43:29+00:00,117,4.921210223162616,,,,,,,,239,,2,0
nwfsc_pacific_hake_survey,D20230726T080715_IFCB117,2023-07-26 08:07:15+00:00,117,4.760462547019676,,,,,,,,717,,2,0
nwfsc_pacific_hake_survey,D20230726T083101_IFCB117,2023-07-26 08:31:01+00:00,117,4.662794053819444,,,,,,,,1002,,2,0
nwfsc_pacific_hake_survey,D20230726T085446_IFCB117,2023-07-26 08:54:46+00:00,117,4.780609230324075,,,,,,,,654,,2,0
nwfsc_pacific_hake_survey,D20230726T091832_IFCB117,2023-07-26 09:18:32+00:00,117,4.7748945493344905,,,,,,,,664,,2,0
nwfsc_pacific_hake_survey,D20230726T094217_IFCB117,2023-07-26 09:42:17+00:00,117,4.944201379846644,,,,,,,,177,,2,0
nwfsc_pacific_hake_survey,D20230726T100602_IFCB117,2023-07-26 10:06:02+00:00,117,4.890571831597223,,,,,,,,330,,2,0
nwfsc_pacific_hake_survey,D20230726T102947_IFCB117,2023-07-26 10:29:47+00:00,117,4.8985664605034716,,,,,,,,312,,2,0
nwfsc_pacific_hake_survey,D20230726T105333_IFCB117,2023-07-26 10:53:33+00:00,117,4.889398410373264,,,,,,,,335,,2,0
nwfsc_pacific_hake_survey,D20230726T111718_IFCB117,2023-07-26 11:17:18+00:00,117,4.536998010706018,,,,,,,,1386,,2,0
nwfsc_pacific_hake_survey,D20230726T114104_IFCB117,2023-07-26 11:41:04+00:00,117,4.688428023726851,,,,,,,,929,,2,0
nwfsc_pacific_hake_survey,D20230726T120451_IFCB117,2023-07-26 12:04:51+00:00,117,4.762852014612268,,,,,,,,705,,2,0
nwfsc_pacific_hake_survey,D20230726T122837_IFCB117,2023-07-26 12:28:37+00:00,117,4.736588794849537,,,,,,,,778,,2,0
nwfsc_pacific_hake_survey,D20230726T125223_IFCB117,2023-07-26 12:52:23+00:00,117,4.881803186487269,,,,,,,,354,,2,0
nwfsc_pacific_hake_survey,D20230726T131610_IFCB117,2023-07-26 13:16:10+00:00,117,4.856296965422454,,,,,,,,433,,2,0
nwfsc_pacific_hake_survey,D20230726T133956_IFCB117,2023-07-26 13:39:56+00:00,117,4.849723506221065,,,,,,,,449,,2,0
nwfsc_pacific_hake_survey,D20230726T140341_IFCB117,2023-07-26 14:03:41+00:00,117,4.665285698784722,,,,,,,,983,,2,0
nwfsc_pacific_hake_survey,D20230726T142726_IFCB117,2023-07-26 14:27:26+00:00,117,4.369170066550926,,,,,,,,1865,,2,0
nwfsc_pacific_hake_survey,D20230726T145112_IFCB117,2023-07-26 14:51:12+00:00,117,4.508878761574073,,,,,,,,1458,,2,0
nwfsc_pacific_hake_survey,D20230726T151500_IFCB117,2023-07-26 15:15:00+00:00,117,4.362998408564815,,,,,,,,1870,,2,0
nwfsc_pacific_hake_survey,D20230726T153846_IFCB117,2023-07-26 15:38:46+00:00,117,4.281264467592592,,,,,,,,2110,,2,0
nwfsc_pacific_hake_survey,D20230726T160233_IFCB117,2023-07-26 16:02:33+00:00,117,4.2264053096064815,,,,,,,,2274,,2,0
nwfsc_pacific_hake_survey,D20230726T162619_IFCB117,2023-07-26 16:26:19+00:00,117,4.473677517361112,,,,,,,,1557,,2,0
nwfsc_pacific_hake_survey,D20230726T165006_IFCB117,2023-07-26 16:50:06+00:00,117,4.523227864583333,,,,,,,,1415,,2,0
nwfsc_pacific_hake_survey,D20230726T171352_IFCB117,2023-07-26 17:13:52+00:00,117,4.558375831886575,,,,,,,,1309,,2,0
nwfsc_pacific_hake_survey,D20230726T173739_IFCB117,2023-07-26 17:37:39+00:00,117,4.810400933159723,,,,,,,,566,,2,0
nwfsc_pacific_hake_survey,D20230726T180126_IFCB117,2023-07-26 18:01:26+00:00,117,4.9168327727141214,,,,,,,,253,,2,0
nwfsc_pacific_hake_survey,D20230726T182511_IFCB117,2023-07-26 18:25:11+00:00,117,4.915049985532407,,,,,,,,258,,2,0
nwfsc_pacific_hake_survey,D20230726T184856_IFCB117,2023-07-26 18:48:56+00:00,117,4.9314979926215265,,,,,,,,212,,2,0
nwfsc_pacific_hake_survey,D20230726T191241_IFCB117,2023-07-26 19:12:41+00:00,117,4.97202027271412,,,,,,,,91,,2,0
nwfsc_pacific_hake_survey,D20230726T193628_IFCB117,2023-07-26 19:36:28+00:00,117,4.952360396773727,,,,,,,,150,,2,0
nwfsc_pacific_hake_survey,D20230726T200013_IFCB117,2023-07-26 20:00:13+00:00,117,4.945923927589699,,,,,,,,171,,2,0
nwfsc_pacific_hake_survey,D20230726T202358_IFCB117,2023-07-26 20:23:58+00:00,117,4.947417869285301,,,,,,,,154,,2,0
nwfsc_pacific_hake_survey,D20230726T204744_IFCB117,2023-07-26 20:47:44+00:00,117,4.961041892722801,,,,,,,,127,,2,0
nwfsc_pacific_hake_survey,D20230726T211130_IFCB117,2023-07-26 21:11:30+00:00,117,4.97134556749132,,,,,,,,93,,2,0
nwfsc_pacific_hake_survey,D20230726T213517_IFCB117,2023-07-26 21:35:17+00:00,117,4.973665997540509,,,,,,,,88,,2,0
nwfsc_pacific_hake_survey,D20230726T215902_IFCB117,2023-07-26 21:59:02+00:00,117,4.962427336516202,,,,,,,,121,,2,0
nwfsc_pacific_hake_survey,D20230726T222247_IFCB117,2023-07-26 22:22:47+00:00,117,2.407162823712384,,,,,,,,121,,2,0
nwfsc_pacific_hake_survey,D20230726T224203_IFCB117,2023-07-26 22:42:03+00:00,117,4.924949055989583,,,,,,,,230,,2,0
nwfsc_pacific_hake_survey,D20230726T230549_IFCB117,2023-07-26 23:05:49+00:00,117,4.98166663953993,,,,,,,,65,,2,0
nwfsc_pacific_hake_survey,D20230726T232935_IFCB117,2023-07-26 23:29:35+00:00,117,4.977315185546875,,,,,,,,76,,2,0
nwfsc_pacific_hake_survey,D20230726T235320_IFCB117,2023-07-26 23:53:20+00:00,117,4.970635769314237,,,,,,,,99,,2,0
nwfsc_pacific_hake_survey,D20230727T001706_IFCB117,2023-07-27 00:17:06+00:00,117,4.931590503833912,,,,,,,,202,,2,0
nwfsc_pacific_hake_survey,D20230727T004052_IFCB117,2023-07-27 00:40:52+00:00,117,4.864689914279513,,,,,,,,405,,2,0
nwfsc_pacific_hake_survey,D20230727T010439_IFCB117,2023-07-27 01:04:39+00:00,117,4.924804777922454,,,,,,,,230,,2,0
nwfsc_pacific_hake_survey,D20230727T012825_IFCB117,2023-07-27 01:28:25+00:00,117,4.891407316984954,,,,,,,,323,,2,0
nwfsc_pacific_hake_survey,D20230727T015210_IFCB117,2023-07-27 01:52:10+00:00,117,4.947486337167246,,,,,,,,161,,2,0
nwfsc_pacific_hake_survey,D20230727T021555_IFCB117,2023-07-27 02:15:55+00:00,117,4.942780490451389,,,,,,,,173,,2,0
nwfsc_pacific_hake_survey,D20230727T023941_IFCB117,2023-07-27 02:39:41+00:00,117,4.947976571542245,,,,,,,,162,,2,0
nwfsc_pacific_hake_survey,D20230727T031510_IFCB117,2023-07-27 03:15:10+00:00,117,4.965311360677083,,,,,,,,112,,2,0
nwfsc_pacific_hake_survey,D20230727T033856_IFCB117,2023-07-27 03:38:56+00:00,117,4.962798303674768,,,,,,,,117,,2,0
nwfsc_pacific_hake_survey,D20230727T040242_IFCB117,2023-07-27 04:02:42+00:00,117,4.95821728515625,,,,,,,,133,,2,0
nwfsc_pacific_hake_survey,D20230727T042628_IFCB117,2023-07-27 04:26:28+00:00,117,4.950014847366898,,,,,,,,155,,2,0
nwfsc_pacific_hake_survey,D20230727T045013_IFCB117,2023-07-27 04:50:13+00:00,117,4.840920066550926,,,,,,,,469,,2,0
nwfsc_pacific_hake_survey,D20230727T051359_IFCB117,2023-07-27 05:13:59+00:00,117,4.722473017939815,,,,,,,,821,,2,0
nwfsc_pacific_hake_survey,D20230727T053745_IFCB117,2023-07-27 05:37:45+00:00,117,4.350942563657408,,,,,,,,1923,,2,0
nwfsc_pacific_hake_survey,D20230727T060132_IFCB117,2023-07-27 06:01:32+00:00,117,4.3123460648148155,,,,,,,,2040,,2,0
nwfsc_pacific_hake_survey,D20230727T062520_IFCB117,2023-07-27 06:25:20+00:00,117,4.251530815972222,,,,,,,,2211,,2,0
nwfsc_pacific_hake_survey,D20230727T064907_IFCB117,2023-07-27 06:49:07+00:00,117,4.268044632523147,,,,,,,,2173,,2,0
nwfsc_pacific_hake_survey,D20230727T071253_IFCB117,2023-07-27 07:12:53+00:00,117,4.312358434606481,,,,,,,,2030,,2,0
nwfsc_pacific_hake_survey,D20230727T073640_IFCB117,2023-07-27 07:36:40+00:00,117,4.391140552662036,,,,,,,,1801,,2,0
nwfsc_pacific_hake_survey,D20230727T080027_IFCB117,2023-07-27 08:00:27+00:00,117,4.3067669994212965,,,,,,,,2050,,2,0
nwfsc_pacific_hake_survey,D20230727T082414_IFCB117,2023-07-27 08:24:14+00:00,117,4.31439525462963,,,,,,,,2025,,2,0
nwfsc_pacific_hake_survey,D20230727T084802_IFCB117,2023-07-27 08:48:02+00:00,117,4.090470992476852,,,,,,,,2708,,2,0
nwfsc_pacific_hake_survey,D20230727T091149_IFCB117,2023-07-27 09:11:49+00:00,117,4.545335286458333,,,,,,,,1344,,2,0
nwfsc_pacific_hake_survey,D20230727T093536_IFCB117,2023-07-27 09:35:36+00:00,117,4.692582356770832,,,,,,,,912,,2,0
nwfsc_pacific_hake_survey,D20230727T095922_IFCB117,2023-07-27 09:59:22+00:00,117,4.85046412037037,,,,,,,,451,,2,0
nwfsc_pacific_hake_survey,D20230727T102308_IFCB117,2023-07-27 10:23:08+00:00,117,4.924864438657408,,,,,,,,228,,2,0
nwfsc_pacific_hake_survey,D20230727T104655_IFCB117,2023-07-27 10:46:55+00:00,117,4.921831127025464,,,,,,,,235,,2,0
nwfsc_pacific_hake_survey,D20230727T111041_IFCB117,2023-07-27 11:10:41+00:00,117,4.917346037688079,,,,,,,,257,,2,0
nwfsc_pacific_hake_survey,D20230727T113426_IFCB117,2023-07-27 11:34:26+00:00,117,4.949947970920139,,,,,,,,157,,2,0
nwfsc_pacific_hake_survey,D20230727T115811_IFCB117,2023-07-27 11:58:11+00:00,117,4.9472141294126155,,,,,,,,164,,2,0
nwfsc_pacific_hake_survey,D20230727T122156_IFCB117,2023-07-27 12:21:56+00:00,117,4.9561471715856475,,,,,,,,140,,2,0
nwfsc_pacific_hake_survey,D20230727T124542_IFCB117,2023-07-27 12:45:42+00:00,117,4.9564295970775465,,,,,,,,139,,2,0
nwfsc_pacific_hake_survey,D20230727T130929_IFCB117,2023-07-27 13:09:29+00:00,117,4.959313494646991,,,,,,,,129,,2,0
nwfsc_pacific_hake_survey,D20230727T133315_IFCB117,2023-07-27 13:33:15+00:00,117,4.9297102231626155,,,,,,,,216,,2,0
nwfsc_pacific_hake_survey,D20230727T135700_IFCB117,2023-07-27 13:57:00+00:00,117,4.9192608145254635,,,,,,,,243,,2,0
nwfsc_pacific_hake_survey,D20230727T142045_IFCB117,2023-07-27 14:20:45+00:00,117,4.915013328269676,,,,,,,,259,,2,0
nwfsc_pacific_hake_survey,D20230727T144430_IFCB117,2023-07-27 14:44:30+00:00,117,4.715715675636575,,,,,,,,848,,2,0
nwfsc_pacific_hake_survey,D20230727T150818_IFCB117,2023-07-27 15:08:18+00:00,117,4.549445276331018,,,,,,,,1340,,2,0
nwfsc_pacific_hake_survey,D20230727T153204_IFCB117,2023-07-27 15:32:04+00:00,117,4.6199382595486105,,,,,,,,1113,,2,0
nwfsc_pacific_hake_survey,D20230727T155551_IFCB117,2023-07-27 15:55:51+00:00,117,4.693012152777778,,,,,,,,902,,2,0
nwfsc_pacific_hake_survey,D20230727T161938_IFCB117,2023-07-27 16:19:38+00:00,117,4.444349464699074,,,,,,,,1633,,2,0
nwfsc_pacific_hake_survey,D20230727T164325_IFCB117,2023-07-27 16:43:25+00:00,117,4.42963697193287,,,,,,,,1688,,2,0
nwfsc_pacific_hake_survey,D20230727T170712_IFCB117,2023-07-27 17:07:12+00:00,117,4.385572482638889,,,,,,,,1809,,2,0
nwfsc_pacific_hake_survey,D20230727T173059_IFCB117,2023-07-27 17:30:59+00:00,117,4.302673177083333,,,,,,,,2052,,2,0
nwfsc_pacific_hake_survey,D20230727T175447_IFCB117,2023-07-27 17:54:47+00:00,117,4.248877965856481,,,,,,,,2223,,2,0
nwfsc_pacific_hake_survey,D20230727T181834_IFCB117,2023-07-27 18:18:34+00:00,117,4.4774370659722225,,,,,,,,1554,,2,0
nwfsc_pacific_hake_survey,D20230727T184220_IFCB117,2023-07-27 18:42:20+00:00,117,4.5698738425925916,,,,,,,,1282,,2,0
nwfsc_pacific_hake_survey,D20230727T190607_IFCB117,2023-07-27 19:06:07+00:00,117,4.188836082175926,,,,,,,,2415,,2,0
nwfsc_pacific_hake_survey,D20230727T192955_IFCB117,2023-07-27 19:29:55+00:00,117,4.585432581018519,,,,,,,,1252,,2,0
nwfsc_pacific_hake_survey,D20230727T195341_IFCB117,2023-07-27 19:53:41+00:00,117,4.212765335648149,,,,,,,,2369,,2,0
nwfsc_pacific_hake_survey,D20230727T201728_IFCB117,2023-07-27 20:17:28+00:00,117,4.1359965277777775,,,,,,,,2600,,2,0
nwfsc_pacific_hake_survey,D20230727T204115_IFCB117,2023-07-27 20:41:15+00:00,117,4.4154109519675915,,,,,,,,1755,,2,0
nwfsc_pacific_hake_survey,D20230727T210502_IFCB117,2023-07-27 21:05:02+00:00,117,4.429145326967592,,,,,,,,1724,,2,0
nwfsc_pacific_hake_survey,D20230727T212848_IFCB117,2023-07-27 21:28:48+00:00,117,4.551604853877317,,,,,,,,1371,,2,0
nwfsc_pacific_hake_survey,D20230727T215236_IFCB117,2023-07-27 21:52:36+00:00,117,4.300128761574073,,,,,,,,2103,,2,0
nwfsc_pacific_hake_survey,D20230727T222120_IFCB117,2023-07-27 22:21:20+00:00,117,4.397435980902778,,,,,,,,1811,,2,0
nwfsc_pacific_hake_survey,D20230727T224507_IFCB117,2023-07-27 22:45:07+00:00,117,4.496189561631946,,,,,,,,1538,,2,0
nwfsc_pacific_hake_survey,D20230727T230853_IFCB117,2023-07-27 23:08:53+00:00,117,4.384727864583334,,,,,,,,1844,,2,0
nwfsc_pacific_hake_survey,D20230727T233239_IFCB117,2023-07-27 23:32:39+00:00,117,4.42378219039352,,,,,,,,1760,,2,0
nwfsc_pacific_hake_survey,D20230727T235627_IFCB117,2023-07-27 23:56:27+00:00,117,4.3584570312499995,,,,,,,,1924,,2,0
nwfsc_pacific_hake_survey,D20230728T002013_IFCB117,2023-07-28 00:20:13+00:00,117,4.339577112268517,,,,,,,,1996,,2,0
nwfsc_pacific_hake_survey,D20230728T004400_IFCB117,2023-07-28 00:44:00+00:00,117,4.165369719328703,,,,,,,,2500,,2,0
nwfsc_pacific_hake_survey,D20230728T010747_IFCB117,2023-07-28 01:07:47+00:00,117,4.5932923900462965,,,,,,,,1201,,2,0
nwfsc_pacific_hake_survey,D20230728T013132_IFCB117,2023-07-28 01:31:32+00:00,117,4.706867476851852,,,,,,,,871,,2,0
nwfsc_pacific_hake_survey,D20230728T015518_IFCB117,2023-07-28 01:55:18+00:00,117,4.640857494212963,,,,,,,,1071,,2,0
nwfsc_pacific_hake_survey,D20230728T021905_IFCB117,2023-07-28 02:19:05+00:00,117,4.5759199942129625,,,,,,,,1276,,2,0
nwfsc_pacific_hake_survey,D20230728T025434_IFCB117,2023-07-28 02:54:34+00:00,117,4.523945023148148,,,,,,,,1422,,2,0
nwfsc_pacific_hake_survey,D20230728T031821_IFCB117,2023-07-28 03:18:21+00:00,117,4.613948423032408,,,,,,,,1147,,2,0
nwfsc_pacific_hake_survey,D20230728T034207_IFCB117,2023-07-28 03:42:07+00:00,117,4.627927083333334,,,,,,,,1081,,2,0
nwfsc_pacific_hake_survey,D20230728T040553_IFCB117,2023-07-28 04:05:53+00:00,117,4.596001808449074,,,,,,,,1187,,2,0
nwfsc_pacific_hake_survey,D20230728T042939_IFCB117,2023-07-28 04:29:39+00:00,117,4.634771990740742,,,,,,,,1082,,2,0
nwfsc_pacific_hake_survey,D20230728T045325_IFCB117,2023-07-28 04:53:25+00:00,117,4.6740815610532405,,,,,,,,965,,2,0
nwfsc_pacific_hake_survey,D20230728T051711_IFCB117,2023-07-28 05:17:11+00:00,117,4.664533745659724,,,,,,,,991,,2,0
nwfsc_pacific_hake_survey,D20230728T054057_IFCB117,2023-07-28 05:40:57+00:00,117,4.61719632523148,,,,,,,,1139,,2,0
nwfsc_pacific_hake_survey,D20230728T060443_IFCB117,2023-07-28 06:04:43+00:00,117,4.647484157986112,,,,,,,,1053,,2,0
nwfsc_pacific_hake_survey,D20230728T062829_IFCB117,2023-07-28 06:28:29+00:00,117,4.457542100694444,,,,,,,,1628,,2,0
nwfsc_pacific_hake_survey,D20230728T065215_IFCB117,2023-07-28 06:52:15+00:00,117,4.458033347800926,,,,,,,,1604,,2,0
nwfsc_pacific_hake_survey,D20230728T071601_IFCB117,2023-07-28 07:16:01+00:00,117,4.413427047164352,,,,,,,,1745,,2,0
nwfsc_pacific_hake_survey,D20230728T073948_IFCB117,2023-07-28 07:39:48+00:00,117,4.4209943576388895,,,,,,,,1704,,2,0
nwfsc_pacific_hake_survey,D20230728T080334_IFCB117,2023-07-28 08:03:34+00:00,117,4.334806568287037,,,,,,,,1999,,2,0
nwfsc_pacific_hake_survey,D20230728T082720_IFCB117,2023-07-28 08:27:20+00:00,117,4.527871274594906,,,,,,,,1385,,2,0
nwfsc_pacific_hake_survey,D20230728T085106_IFCB117,2023-07-28 08:51:06+00:00,117,4.37353052662037,,,,,,,,1851,,2,0
nwfsc_pacific_hake_survey,D20230728T091453_IFCB117,2023-07-28 09:14:53+00:00,117,4.698215386284722,,,,,,,,885,,2,0
nwfsc_pacific_hake_survey,D20230728T093839_IFCB117,2023-07-28 09:38:39+00:00,117,4.593801215277779,,,,,,,,1204,,2,0
nwfsc_pacific_hake_survey,D20230728T100225_IFCB117,2023-07-28 10:02:25+00:00,117,4.564274124710648,,,,,,,,1281,,2,0
nwfsc_pacific_hake_survey,D20230728T102612_IFCB117,2023-07-28 10:26:12+00:00,117,4.601318142361111,,,,,,,,1185,,2,0
nwfsc_pacific_hake_survey,D20230728T104958_IFCB117,2023-07-28 10:49:58+00:00,117,4.531701280381943,,,,,,,,1390,,2,0
nwfsc_pacific_hake_survey,D20230728T111344_IFCB117,2023-07-28 11:13:44+00:00,117,4.583192853009259,,,,,,,,1226,,2,0
nwfsc_pacific_hake_survey,D20230728T113731_IFCB117,2023-07-28 11:37:31+00:00,117,4.58496166087963,,,,,,,,1240,,2,0
nwfsc_pacific_hake_survey,D20230728T120119_IFCB117,2023-07-28 12:01:19+00:00,117,4.581795175057871,,,,,,,,1243,,2,0
nwfsc_pacific_hake_survey,D20230728T122505_IFCB117,2023-07-28 12:25:05+00:00,117,4.500353153935185,,,,,,,,1489,,2,0
nwfsc_pacific_hake_survey,D20230728T124852_IFCB117,2023-07-28 12:48:52+00:00,117,4.415017180266204,,,,,,,,1798,,2,0
nwfsc_pacific_hake_survey,D20230728T131239_IFCB117,2023-07-28 13:12:39+00:00,117,4.343733868634259,,,,,,,,1980,,2,0
nwfsc_pacific_hake_survey,D20230728T133625_IFCB117,2023-07-28 13:36:25+00:00,117,4.407266673900463,,,,,,,,1752,,2,0
nwfsc_pacific_hake_survey,D20230728T140011_IFCB117,2023-07-28 14:00:11+00:00,117,4.521331090856481,,,,,,,,1418,,2,0
nwfsc_pacific_hake_survey,D20230728T142358_IFCB117,2023-07-28 14:23:58+00:00,117,4.540025535300926,,,,,,,,1372,,2,0
nwfsc_pacific_hake_survey,D20230728T144744_IFCB117,2023-07-28 14:47:44+00:00,117,4.641406756365741,,,,,,,,1065,,2,0
nwfsc_pacific_hake_survey,D20230728T151131_IFCB117,2023-07-28 15:11:31+00:00,117,4.471702907986112,,,,,,,,1574,,2,0
nwfsc_pacific_hake_survey,D20230728T153518_IFCB117,2023-07-28 15:35:18+00:00,117,4.460422996238425,,,,,,,,1614,,2,0
nwfsc_pacific_hake_survey,D20230728T155904_IFCB117,2023-07-28 15:59:04+00:00,117,2.447224826388889,,,,,,,,997,,2,0
nwfsc_pacific_hake_survey,D20230728T161512_IFCB117,2023-07-28 16:15:12+00:00,117,4.638452510127314,,,,,,,,1084,,2,0
nwfsc_pacific_hake_survey,D20230728T163859_IFCB117,2023-07-28 16:38:59+00:00,117,4.865660291883681,,,,,,,,415,,2,0
nwfsc_pacific_hake_survey,D20230728T170245_IFCB117,2023-07-28 17:02:45+00:00,117,4.4868612196180555,,,,,,,,1516,,2,0
nwfsc_pacific_hake_survey,D20230728T172632_IFCB117,2023-07-28 17:26:32+00:00,117,4.529883463541666,,,,,,,,1393,,2,0
nwfsc_pacific_hake_survey,D20230728T175018_IFCB117,2023-07-28 17:50:18+00:00,117,4.359404441550925,,,,,,,,1889,,2,0
nwfsc_pacific_hake_survey,D20230728T181405_IFCB117,2023-07-28 18:14:05+00:00,117,4.408790183738427,,,,,,,,1761,,2,0
nwfsc_pacific_hake_survey,D20230728T183752_IFCB117,2023-07-28 18:37:52+00:00,117,4.47468529369213,,,,,,,,1569,,2,0
nwfsc_pacific_hake_survey,D20230728T190140_IFCB117,2023-07-28 19:01:40+00:00,117,4.646303096064815,,,,,,,,1043,,2,0
nwfsc_pacific_hake_survey,D20230728T192527_IFCB117,2023-07-28 19:25:27+00:00,117,4.789995261863426,,,,,,,,627,,2,0
nwfsc_pacific_hake_survey,D20230728T194913_IFCB117,2023-07-28 19:49:13+00:00,117,4.86856115270544,,,,,,,,398,,2,0
nwfsc_pacific_hake_survey,D20230728T201259_IFCB117,2023-07-28 20:12:59+00:00,117,4.826737521701389,,,,,,,,521,,2,0
nwfsc_pacific_hake_survey,D20230728T203644_IFCB117,2023-07-28 20:36:44+00:00,117,4.701724971064816,,,,,,,,886,,2,0
nwfsc_pacific_hake_survey,D20230728T210030_IFCB117,2023-07-28 21:00:30+00:00,117,4.703377206307871,,,,,,,,879,,2,0
nwfsc_pacific_hake_survey,D20230728T212417_IFCB117,2023-07-28 21:24:17+00:00,117,4.746861798321759,,,,,,,,751,,2,0
nwfsc_pacific_hake_survey,D20230728T215300_IFCB117,2023-07-28 21:53:00+00:00,117,4.799550274884258,,,,,,,,594,,2,0
nwfsc_pacific_hake_survey,D20230728T221646_IFCB117,2023-07-28 22:16:46+00:00,117,4.687292281539352,,,,,,,,912,,2,0
nwfsc_pacific_hake_survey,D20230728T224032_IFCB117,2023-07-28 22:40:32+00:00,117,4.763991500289351,,,,,,,,698,,2,0
nwfsc_pacific_hake_survey,D20230728T230418_IFCB117,2023-07-28 23:04:18+00:00,117,4.804538049768519,,,,,,,,587,,2,0
nwfsc_pacific_hake_survey,D20230728T232805_IFCB117,2023-07-28 23:28:05+00:00,117,4.793365360966435,,,,,,,,619,,2,0
nwfsc_pacific_hake_survey,D20230728T235151_IFCB117,2023-07-28 23:51:51+00:00,117,4.833572808159722,,,,,,,,494,,2,0
nwfsc_pacific_hake_survey,D20230729T001537_IFCB117,2023-07-29 00:15:37+00:00,117,4.676202690972222,,,,,,,,957,,2,0
nwfsc_pacific_hake_survey,D20230729T003922_IFCB117,2023-07-29 00:39:22+00:00,117,4.559828269675925,,,,,,,,1311,,2,0
nwfsc_pacific_hake_survey,D20230729T010308_IFCB117,2023-07-29 01:03:08+00:00,117,4.665919741030093,,,,,,,,991,,2,0
nwfsc_pacific_hake_survey,D20230729T012655_IFCB117,2023-07-29 01:26:55+00:00,117,4.742703522858796,,,,,,,,779,,2,0
nwfsc_pacific_hake_survey,D20230729T015041_IFCB117,2023-07-29 01:50:41+00:00,117,4.758979293258102,,,,,,,,715,,2,0
nwfsc_pacific_hake_survey,D20230729T022611_IFCB117,2023-07-29 02:26:11+00:00,117,4.704222077546296,,,,,,,,880,,2,0
nwfsc_pacific_hake_survey,D20230729T024957_IFCB117,2023-07-29 02:49:57+00:00,117,4.746538194444444,,,,,,,,755,,2,0
nwfsc_pacific_hake_survey,D20230729T031342_IFCB117,2023-07-29 03:13:42+00:00,117,4.709623860677085,,,,,,,,844,,2,0
nwfsc_pacific_hake_survey,D20230729T033728_IFCB117,2023-07-29 03:37:28+00:00,117,4.775658655237268,,,,,,,,671,,2,0
nwfsc_pacific_hake_survey,D20230729T040113_IFCB117,2023-07-29 04:01:13+00:00,117,4.631154586226852,,,,,,,,1100,,2,0
nwfsc_pacific_hake_survey,D20230729T042459_IFCB117,2023-07-29 04:24:59+00:00,117,4.7044580078125,,,,,,,,881,,2,0
nwfsc_pacific_hake_survey,D20230729T044846_IFCB117,2023-07-29 04:48:46+00:00,117,4.605224175347223,,,,,,,,1182,,2,0
nwfsc_pacific_hake_survey,D20230729T051232_IFCB117,2023-07-29 05:12:32+00:00,117,4.772468135127315,,,,,,,,677,,2,0
nwfsc_pacific_hake_survey,D20230729T053617_IFCB117,2023-07-29 05:36:17+00:00,117,4.7382097077546295,,,,,,,,784,,2,0
nwfsc_pacific_hake_survey,D20230729T060002_IFCB117,2023-07-29 06:00:02+00:00,117,4.889328314887153,,,,,,,,341,,2,0
nwfsc_pacific_hake_survey,D20230729T062348_IFCB117,2023-07-29 06:23:48+00:00,117,4.884482421875,,,,,,,,344,,2,0
nwfsc_pacific_hake_survey,D20230729T064733_IFCB117,2023-07-29 06:47:33+00:00,117,4.86785800962095,,,,,,,,404,,2,0
nwfsc_pacific_hake_survey,D20230729T071120_IFCB117,2023-07-29 07:11:20+00:00,117,4.7606378399884255,,,,,,,,715,,2,0
nwfsc_pacific_hake_survey,D20230729T073506_IFCB117,2023-07-29 07:35:06+00:00,117,4.769815863715277,,,,,,,,690,,2,0
nwfsc_pacific_hake_survey,D20230729T075851_IFCB117,2023-07-29 07:58:51+00:00,117,4.776767668547453,,,,,,,,660,,2,0
nwfsc_pacific_hake_survey,D20230729T082236_IFCB117,2023-07-29 08:22:36+00:00,117,4.907575855396413,,,,,,,,277,,2,0
nwfsc_pacific_hake_survey,D20230729T084622_IFCB117,2023-07-29 08:46:22+00:00,117,4.959464111328125,,,,,,,,130,,2,0
nwfsc_pacific_hake_survey,D20230729T091007_IFCB117,2023-07-29 09:10:07+00:00,117,4.924643030237268,,,,,,,,233,,2,0
nwfsc_pacific_hake_survey,D20230729T093353_IFCB117,2023-07-29 09:33:53+00:00,117,4.958749150028935,,,,,,,,131,,2,0
nwfsc_pacific_hake_survey,D20230729T095738_IFCB117,2023-07-29 09:57:38+00:00,117,4.94743238208912,,,,,,,,166,,2,0
nwfsc_pacific_hake_survey,D20230729T102123_IFCB117,2023-07-29 10:21:23+00:00,117,4.949382830584492,,,,,,,,159,,2,0
nwfsc_pacific_hake_survey,D20230729T104509_IFCB117,2023-07-29 10:45:09+00:00,117,4.966890236183449,,,,,,,,106,,2,0
nwfsc_pacific_hake_survey,D20230729T110855_IFCB117,2023-07-29 11:08:55+00:00,117,4.96072533275463,,,,,,,,126,,2,0
nwfsc_pacific_hake_survey,D20230729T113240_IFCB117,2023-07-29 11:32:40+00:00,117,4.95954625108507,,,,,,,,129,,2,0
nwfsc_pacific_hake_survey,D20230729T115626_IFCB117,2023-07-29 11:56:26+00:00,117,4.954888472945601,,,,,,,,145,,2,0
nwfsc_pacific_hake_survey,D20230729T122011_IFCB117,2023-07-29 12:20:11+00:00,117,4.971196623625579,,,,,,,,95,,2,0
nwfsc_pacific_hake_survey,D20230729T124357_IFCB117,2023-07-29 12:43:57+00:00,117,4.961102792245371,,,,,,,,125,,2,0
nwfsc_pacific_hake_survey,D20230729T130743_IFCB117,2023-07-29 13:07:43+00:00,117,4.96413648365162,,,,,,,,116,,2,0
nwfsc_pacific_hake_survey,D20230729T133129_IFCB117,2023-07-29 13:31:29+00:00,117,4.932732774522569,,,,,,,,206,,2,0
nwfsc_pacific_hake_survey,D20230729T135516_IFCB117,2023-07-29 13:55:16+00:00,117,4.792392541956019,,,,,,,,624,,2,0
nwfsc_pacific_hake_survey,D20230729T141902_IFCB117,2023-07-29 14:19:02+00:00,117,4.857090675636575,,,,,,,,432,,2,0
nwfsc_pacific_hake_survey,D20230729T144248_IFCB117,2023-07-29 14:42:48+00:00,117,4.933117702907986,,,,,,,,209,,2,0
nwfsc_pacific_hake_survey,D20230729T150633_IFCB117,2023-07-29 15:06:33+00:00,117,4.923987313729745,,,,,,,,235,,2,0
nwfsc_pacific_hake_survey,D20230729T153019_IFCB117,2023-07-29 15:30:19+00:00,117,4.937453848379629,,,,,,,,195,,2,0
nwfsc_pacific_hake_survey,D20230729T155405_IFCB117,2023-07-29 15:54:05+00:00,117,4.932839789496527,,,,,,,,210,,2,0
nwfsc_pacific_hake_survey,D20230729T161752_IFCB117,2023-07-29 16:17:52+00:00,117,4.804061197916667,,,,,,,,588,,2,0
nwfsc_pacific_hake_survey,D20230729T164138_IFCB117,2023-07-29 16:41:38+00:00,117,4.769901837384258,,,,,,,,688,,2,0
nwfsc_pacific_hake_survey,D20230729T170524_IFCB117,2023-07-29 17:05:24+00:00,117,4.876061333550347,,,,,,,,380,,2,0
nwfsc_pacific_hake_survey,D20230729T172909_IFCB117,2023-07-29 17:29:09+00:00,117,3.812429226345486,,,,,,,,361,,2,0
nwfsc_pacific_hake_survey,D20230729T174926_IFCB117,2023-07-29 17:49:26+00:00,117,4.780340422453704,,,,,,,,648,,2,0
nwfsc_pacific_hake_survey,D20230729T181311_IFCB117,2023-07-29 18:13:11+00:00,117,4.804056134259259,,,,,,,,575,,2,0
nwfsc_pacific_hake_survey,D20230729T183657_IFCB117,2023-07-29 18:36:57+00:00,117,4.892862349898727,,,,,,,,328,,2,0
nwfsc_pacific_hake_survey,D20230729T190043_IFCB117,2023-07-29 19:00:43+00:00,117,4.879093334056713,,,,,,,,363,,2,0
nwfsc_pacific_hake_survey,D20230729T192428_IFCB117,2023-07-29 19:24:28+00:00,117,4.86489416051794,,,,,,,,410,,2,0
nwfsc_pacific_hake_survey,D20230729T194813_IFCB117,2023-07-29 19:48:13+00:00,117,4.833477466724537,,,,,,,,492,,2,0
nwfsc_pacific_hake_survey,D20230729T201200_IFCB117,2023-07-29 20:12:00+00:00,117,4.889127712673611,,,,,,,,328,,2,0
nwfsc_pacific_hake_survey,D20230729T203545_IFCB117,2023-07-29 20:35:45+00:00,117,4.905961371527778,,,,,,,,285,,2,0
nwfsc_pacific_hake_survey,D20230729T205931_IFCB117,2023-07-29 20:59:31+00:00,117,4.895620035807292,,,,,,,,301,,2,0
nwfsc_pacific_hake_survey,D20230729T212814_IFCB117,2023-07-29 21:28:14+00:00,117,4.910215051721645,,,,,,,,274,,2,0
nwfsc_pacific_hake_survey,D20230729T215200_IFCB117,2023-07-29 21:52:00+00:00,117,4.9493294722945596,,,,,,,,160,,2,0
nwfsc_pacific_hake_survey,D20230729T221547_IFCB117,2023-07-29 22:15:47+00:00,117,4.962654378255207,,,,,,,,121,,2,0
nwfsc_pacific_hake_survey,D20230729T223932_IFCB117,2023-07-29 22:39:32+00:00,117,4.974468108000578,,,,,,,,85,,2,0
nwfsc_pacific_hake_survey,D20230729T230318_IFCB117,2023-07-29 23:03:18+00:00,117,4.9602609049479165,,,,,,,,130,,2,0
nwfsc_pacific_hake_survey,D20230729T232703_IFCB117,2023-07-29 23:27:03+00:00,117,4.955603976779514,,,,,,,,140,,2,0
nwfsc_pacific_hake_survey,D20230729T235048_IFCB117,2023-07-29 23:50:48+00:00,117,4.964311704282407,,,,,,,,116,,2,0
nwfsc_pacific_hake_survey,D20230730T001435_IFCB117,2023-07-30 00:14:35+00:00,117,4.950540807653357,,,,,,,,148,,2,0
nwfsc_pacific_hake_survey,D20230730T003820_IFCB117,2023-07-30 00:38:20+00:00,117,4.95547154405382,,,,,,,,131,,2,0
nwfsc_pacific_hake_survey,D20230730T010206_IFCB117,2023-07-30 01:02:06+00:00,117,4.957866310402198,,,,,,,,132,,2,0
nwfsc_pacific_hake_survey,D20230730T012551_IFCB117,2023-07-30 01:25:51+00:00,117,4.963175338179977,,,,,,,,119,,2,0
nwfsc_pacific_hake_survey,D20230730T020121_IFCB117,2023-07-30 02:01:21+00:00,117,4.951145209418403,,,,,,,,157,,2,0
nwfsc_pacific_hake_survey,D20230730T022506_IFCB117,2023-07-30 02:25:06+00:00,117,4.97567283347801,,,,,,,,82,,2,0
nwfsc_pacific_hake_survey,D20230730T024851_IFCB117,2023-07-30 02:48:51+00:00,117,4.97603429723669,,,,,,,,83,,2,0
nwfsc_pacific_hake_survey,D20230730T031237_IFCB117,2023-07-30 03:12:37+00:00,117,4.942711932146991,,,,,,,,183,,2,0
nwfsc_pacific_hake_survey,D20230730T033624_IFCB117,2023-07-30 03:36:24+00:00,117,4.842957465277778,,,,,,,,480,,2,0
nwfsc_pacific_hake_survey,D20230730T040010_IFCB117,2023-07-30 04:00:10+00:00,117,4.829243272569444,,,,,,,,503,,2,0
nwfsc_pacific_hake_survey,D20230730T042355_IFCB117,2023-07-30 04:23:55+00:00,117,4.869998408564815,,,,,,,,398,,2,0
nwfsc_pacific_hake_survey,D20230730T044741_IFCB117,2023-07-30 04:47:41+00:00,117,4.8780600947627315,,,,,,,,373,,2,0
nwfsc_pacific_hake_survey,D20230730T051127_IFCB117,2023-07-30 05:11:27+00:00,117,4.840311197916667,,,,,,,,483,,2,0
nwfsc_pacific_hake_survey,D20230730T053513_IFCB117,2023-07-30 05:35:13+00:00,117,4.920256600839121,,,,,,,,249,,2,0
nwfsc_pacific_hake_survey,D20230730T055900_IFCB117,2023-07-30 05:59:00+00:00,117,4.974603741681134,,,,,,,,87,,2,0
nwfsc_pacific_hake_survey,D20230730T062245_IFCB117,2023-07-30 06:22:45+00:00,117,4.974892107928241,,,,,,,,86,,2,0
nwfsc_pacific_hake_survey,D20230730T064631_IFCB117,2023-07-30 06:46:31+00:00,117,4.976006781684027,,,,,,,,82,,2,0
nwfsc_pacific_hake_survey,D20230730T071017_IFCB117,2023-07-30 07:10:17+00:00,117,4.977245252821181,,,,,,,,76,,2,0
nwfsc_pacific_hake_survey,D20230730T073402_IFCB117,2023-07-30 07:34:02+00:00,117,4.949081940827546,,,,,,,,155,,2,0
nwfsc_pacific_hake_survey,D20230730T075749_IFCB117,2023-07-30 07:57:49+00:00,117,4.977348632812499,,,,,,,,78,,2,0
nwfsc_pacific_hake_survey,D20230730T082134_IFCB117,2023-07-30 08:21:34+00:00,117,4.944417860243054,,,,,,,,182,,2,0
nwfsc_pacific_hake_survey,D20230730T084520_IFCB117,2023-07-30 08:45:20+00:00,117,4.970858642578125,,,,,,,,99,,2,0
nwfsc_pacific_hake_survey,D20230730T090905_IFCB117,2023-07-30 09:09:05+00:00,117,4.953409206814237,,,,,,,,147,,2,0
nwfsc_pacific_hake_survey,D20230730T093251_IFCB117,2023-07-30 09:32:51+00:00,117,4.9571059841579865,,,,,,,,136,,2,0
nwfsc_pacific_hake_survey,D20230730T095636_IFCB117,2023-07-30 09:56:36+00:00,117,4.9630082646122675,,,,,,,,120,,2,0
nwfsc_pacific_hake_survey,D20230730T102022_IFCB117,2023-07-30 10:20:22+00:00,117,4.947464029947915,,,,,,,,165,,2,0
nwfsc_pacific_hake_survey,D20230730T104407_IFCB117,2023-07-30 10:44:07+00:00,117,4.96006541160301,,,,,,,,131,,2,0
nwfsc_pacific_hake_survey,D20230730T110753_IFCB117,2023-07-30 11:07:53+00:00,117,4.962738154658564,,,,,,,,121,,2,0
nwfsc_pacific_hake_survey,D20230730T113139_IFCB117,2023-07-30 11:31:39+00:00,117,4.966315719039352,,,,,,,,113,,2,0
nwfsc_pacific_hake_survey,D20230730T115525_IFCB117,2023-07-30 11:55:25+00:00,117,4.965051441333911,,,,,,,,119,,2,0
nwfsc_pacific_hake_survey,D20230730T121912_IFCB117,2023-07-30 12:19:12+00:00,117,4.901035210503472,,,,,,,,306,,2,0
nwfsc_pacific_hake_survey,D20230730T124258_IFCB117,2023-07-30 12:42:58+00:00,117,4.849453920717592,,,,,,,,456,,2,0
nwfsc_pacific_hake_survey,D20230730T130643_IFCB117,2023-07-30 13:06:43+00:00,117,4.890675265842014,,,,,,,,337,,2,0
nwfsc_pacific_hake_survey,D20230730T133029_IFCB117,2023-07-30 13:30:29+00:00,117,4.920960964626736,,,,,,,,238,,2,0
nwfsc_pacific_hake_survey,D20230730T135414_IFCB117,2023-07-30 13:54:14+00:00,117,4.921207429108796,,,,,,,,236,,2,0
nwfsc_pacific_hake_survey,D20230730T141759_IFCB117,2023-07-30 14:17:59+00:00,117,4.932367739076967,,,,,,,,227,,2,0
nwfsc_pacific_hake_survey,D20230730T144146_IFCB117,2023-07-30 14:41:46+00:00,117,4.8653260814525465,,,,,,,,416,,2,0
nwfsc_pacific_hake_survey,D20230730T150531_IFCB117,2023-07-30 15:05:31+00:00,117,4.877901041666666,,,,,,,,372,,2,0
nwfsc_pacific_hake_survey,D20230730T152916_IFCB117,2023-07-30 15:29:16+00:00,117,4.899829327618634,,,,,,,,315,,2,0
nwfsc_pacific_hake_survey,D20230730T155301_IFCB117,2023-07-30 15:53:01+00:00,117,4.906356825086804,,,,,,,,268,,2,0
nwfsc_pacific_hake_survey,D20230730T161646_IFCB117,2023-07-30 16:16:46+00:00,117,4.965632396556712,,,,,,,,112,,2,0
nwfsc_pacific_hake_survey,D20230730T164033_IFCB117,2023-07-30 16:40:33+00:00,117,4.978999213324653,,,,,,,,71,,2,0
nwfsc_pacific_hake_survey,D20230730T170418_IFCB117,2023-07-30 17:04:18+00:00,117,4.965280644169559,,,,,,,,113,,2,0
nwfsc_pacific_hake_survey,D20230730T172804_IFCB117,2023-07-30 17:28:04+00:00,117,4.935873706958912,,,,,,,,197,,2,0
nwfsc_pacific_hake_survey,D20230730T175150_IFCB117,2023-07-30 17:51:50+00:00,117,4.9640328052662035,,,,,,,,117,,2,0
nwfsc_pacific_hake_survey,D20230730T181536_IFCB117,2023-07-30 18:15:36+00:00,117,4.9368334508825225,,,,,,,,195,,2,0
nwfsc_pacific_hake_survey,D20230730T183923_IFCB117,2023-07-30 18:39:23+00:00,117,4.947362169053819,,,,,,,,164,,2,0
nwfsc_pacific_hake_survey,D20230730T190309_IFCB117,2023-07-30 19:03:09+00:00,117,4.976298267505786,,,,,,,,80,,2,0
nwfsc_pacific_hake_survey,D20230730T192655_IFCB117,2023-07-30 19:26:55+00:00,117,4.977853045428241,,,,,,,,74,,2,0
nwfsc_pacific_hake_survey,D20230730T195041_IFCB117,2023-07-30 19:50:41+00:00,117,4.982183132595485,,,,,,,,63,,2,0
nwfsc_pacific_hake_survey,D20230730T201427_IFCB117,2023-07-30 20:14:27+00:00,117,4.979896366825811,,,,,,,,67,,2,0
nwfsc_pacific_hake_survey,D20230730T203814_IFCB117,2023-07-30 20:38:14+00:00,117,4.984734221281829,,,,,,,,54,,2,0
nwfsc_pacific_hake_survey,D20230730T210657_IFCB117,2023-07-30 21:06:57+00:00,117,4.975504918981481,,,,,,,,85,,2,0
nwfsc_pacific_hake_survey,D20230730T213043_IFCB117,2023-07-30 21:30:43+00:00,117,4.984355866608796,,,,,,,,57,,2,0
nwfsc_pacific_hake_survey,D20230730T215429_IFCB117,2023-07-30 21:54:29+00:00,117,4.974757866753473,,,,,,,,84,,2,0
nwfsc_pacific_hake_survey,D20230730T221816_IFCB117,2023-07-30 22:18:16+00:00,117,4.971971019603588,,,,,,,,90,,2,0
nwfsc_pacific_hake_survey,D20230730T224202_IFCB117,2023-07-30 22:42:02+00:00,117,4.986477575231481,,,,,,,,49,,2,0
nwfsc_pacific_hake_survey,D20230730T230548_IFCB117,2023-07-30 23:05:48+00:00,117,4.984338116681134,,,,,,,,58,,2,0
nwfsc_pacific_hake_survey,D20230730T232934_IFCB117,2023-07-30 23:29:34+00:00,117,4.9739515606915505,,,,,,,,83,,2,0
nwfsc_pacific_hake_survey,D20230730T235320_IFCB117,2023-07-30 23:53:20+00:00,117,4.930780680338541,,,,,,,,212,,2,0
nwfsc_pacific_hake_survey,D20230731T001707_IFCB117,2023-07-31 00:17:07+00:00,117,4.926832139756945,,,,,,,,227,,2,0
nwfsc_pacific_hake_survey,D20230731T004053_IFCB117,2023-07-31 00:40:53+00:00,117,4.9059007884837955,,,,,,,,283,,2,0
nwfsc_pacific_hake_survey,D20230731T010439_IFCB117,2023-07-31 01:04:39+00:00,117,4.903519712094908,,,,,,,,283,,2,0
nwfsc_pacific_hake_survey,D20230731T014009_IFCB117,2023-07-31 01:40:09+00:00,117,4.926625153718172,,,,,,,,226,,2,0
nwfsc_pacific_hake_survey,D20230731T020354_IFCB117,2023-07-31 02:03:54+00:00,117,4.836930519386574,,,,,,,,495,,2,0
nwfsc_pacific_hake_survey,D20230731T022741_IFCB117,2023-07-31 02:27:41+00:00,117,4.910616382740162,,,,,,,,270,,2,0
nwfsc_pacific_hake_survey,D20230731T025127_IFCB117,2023-07-31 02:51:27+00:00,117,4.954615731698495,,,,,,,,143,,2,0
nwfsc_pacific_hake_survey,D20230731T031513_IFCB117,2023-07-31 03:15:13+00:00,117,4.958353732638888,,,,,,,,132,,2,0
nwfsc_pacific_hake_survey,D20230731T033858_IFCB117,2023-07-31 03:38:58+00:00,117,4.9659871328848375,,,,,,,,113,,2,0
nwfsc_pacific_hake_survey,D20230731T040244_IFCB117,2023-07-31 04:02:44+00:00,117,4.947103624131943,,,,,,,,165,,2,0
nwfsc_pacific_hake_survey,D20230731T042630_IFCB117,2023-07-31 04:26:30+00:00,117,4.96111867042824,,,,,,,,122,,2,0
nwfsc_pacific_hake_survey,D20230731T045017_IFCB117,2023-07-31 04:50:17+00:00,117,4.96807420066551,,,,,,,,103,,2,0
nwfsc_pacific_hake_survey,D20230731T051403_IFCB117,2023-07-31 05:14:03+00:00,117,4.979231436270255,,,,,,,,71,,2,0
nwfsc_pacific_hake_survey,D20230731T053748_IFCB117,2023-07-31 05:37:48+00:00,117,4.968258698640047,,,,,,,,104,,2,0
nwfsc_pacific_hake_survey,D20230731T060134_IFCB117,2023-07-31 06:01:34+00:00,117,4.974787443938079,,,,,,,,82,,2,0
nwfsc_pacific_hake_survey,D20230731T062520_IFCB117,2023-07-31 06:25:20+00:00,117,4.980910183376736,,,,,,,,64,,2,0
nwfsc_pacific_hake_survey,D20230731T064906_IFCB117,2023-07-31 06:49:06+00:00,117,4.961906964337383,,,,,,,,120,,2,0
nwfsc_pacific_hake_survey,D20230731T071252_IFCB117,2023-07-31 07:12:52+00:00,117,4.95626744249132,,,,,,,,137,,2,0
nwfsc_pacific_hake_survey,D20230731T073637_IFCB117,2023-07-31 07:36:37+00:00,117,4.958728343822338,,,,,,,,131,,2,0
nwfsc_pacific_hake_survey,D20230731T080023_IFCB117,2023-07-31 08:00:23+00:00,117,4.969501808449073,,,,,,,,98,,2,0
nwfsc_pacific_hake_survey,D20230731T082410_IFCB117,2023-07-31 08:24:10+00:00,117,4.978491473162617,,,,,,,,75,,2,0
nwfsc_pacific_hake_survey,D20230731T084756_IFCB117,2023-07-31 08:47:56+00:00,117,4.949037181712963,,,,,,,,160,,2,0
nwfsc_pacific_hake_survey,D20230731T091142_IFCB117,2023-07-31 09:11:42+00:00,117,4.959254448784723,,,,,,,,128,,2,0
nwfsc_pacific_hake_survey,D20230731T093528_IFCB117,2023-07-31 09:35:28+00:00,117,4.948658239293981,,,,,,,,158,,2,0
nwfsc_pacific_hake_survey,D20230731T095915_IFCB117,2023-07-31 09:59:15+00:00,117,4.963512586805556,,,,,,,,119,,2,0
nwfsc_pacific_hake_survey,D20230731T102300_IFCB117,2023-07-31 10:23:00+00:00,117,4.96119859483507,,,,,,,,122,,2,0
nwfsc_pacific_hake_survey,D20230731T104646_IFCB117,2023-07-31 10:46:46+00:00,117,4.937190547236691,,,,,,,,195,,2,0
nwfsc_pacific_hake_survey,D20230731T111032_IFCB117,2023-07-31 11:10:32+00:00,117,4.944227159288194,,,,,,,,171,,2,0
nwfsc_pacific_hake_survey,D20230731T113417_IFCB117,2023-07-31 11:34:17+00:00,117,4.934158564814816,,,,,,,,199,,2,0
nwfsc_pacific_hake_survey,D20230731T115804_IFCB117,2023-07-31 11:58:04+00:00,117,4.962502350983796,,,,,,,,123,,2,0
nwfsc_pacific_hake_survey,D20230731T122150_IFCB117,2023-07-31 12:21:50+00:00,117,4.94172240306713,,,,,,,,179,,2,0
nwfsc_pacific_hake_survey,D20230731T124536_IFCB117,2023-07-31 12:45:36+00:00,117,4.946508508752895,,,,,,,,168,,2,0
nwfsc_pacific_hake_survey,D20230731T130922_IFCB117,2023-07-31 13:09:22+00:00,117,4.966128915292245,,,,,,,,107,,2,0
nwfsc_pacific_hake_survey,D20230731T133309_IFCB117,2023-07-31 13:33:09+00:00,117,4.964077880859375,,,,,,,,109,,2,0
nwfsc_pacific_hake_survey,D20230731T135655_IFCB117,2023-07-31 13:56:55+00:00,117,4.958864402488427,,,,,,,,127,,2,0
nwfsc_pacific_hake_survey,D20230731T142041_IFCB117,2023-07-31 14:20:41+00:00,117,4.980785282841436,,,,,,,,65,,2,0
nwfsc_pacific_hake_survey,D20230731T144427_IFCB117,2023-07-31 14:44:27+00:00,117,4.975680121527778,,,,,,,,81,,2,0
nwfsc_pacific_hake_survey,D20230731T150813_IFCB117,2023-07-31 15:08:13+00:00,117,4.976168583622685,,,,,,,,79,,2,0
nwfsc_pacific_hake_survey,D20230731T153200_IFCB117,2023-07-31 15:32:00+00:00,117,4.987217502170139,,,,,,,,50,,2,0
nwfsc_pacific_hake_survey,D20230731T155546_IFCB117,2023-07-31 15:55:46+00:00,117,4.956301368995949,,,,,,,,134,,2,0
nwfsc_pacific_hake_survey,D20230731T161932_IFCB117,2023-07-31 16:19:32+00:00,117,4.952063467520255,,,,,,,,146,,2,0
nwfsc_pacific_hake_survey,D20230731T164317_IFCB117,2023-07-31 16:43:17+00:00,117,4.974030427155672,,,,,,,,84,,2,0
nwfsc_pacific_hake_survey,D20230731T170703_IFCB117,2023-07-31 17:07:03+00:00,117,4.962793683087383,,,,,,,,119,,2,0
nwfsc_pacific_hake_survey,D20230731T173050_IFCB117,2023-07-31 17:30:50+00:00,117,4.917071478949652,,,,,,,,256,,2,0
nwfsc_pacific_hake_survey,D20230731T175436_IFCB117,2023-07-31 17:54:36+00:00,117,4.960272750289352,,,,,,,,124,,2,0
nwfsc_pacific_hake_survey,D20230731T181822_IFCB117,2023-07-31 18:18:22+00:00,117,4.967611508969907,,,,,,,,103,,2,0
nwfsc_pacific_hake_survey,D20230731T184208_IFCB117,2023-07-31 18:42:08+00:00,117,4.9766393862123826,,,,,,,,76,,2,0
nwfsc_pacific_hake_survey,D20230731T190555_IFCB117,2023-07-31 19:05:55+00:00,117,4.971553005642361,,,,,,,,93,,2,0
nwfsc_pacific_hake_survey,D20230731T192940_IFCB117,2023-07-31 19:29:40+00:00,117,4.933877622251158,,,,,,,,207,,2,0
nwfsc_pacific_hake_survey,D20230731T195325_IFCB117,2023-07-31 19:53:25+00:00,117,4.69597265625,,,,,,,,891,,2,0
nwfsc_pacific_hake_survey,D20230731T201712_IFCB117,2023-07-31 20:17:12+00:00,117,4.718889648437501,,,,,,,,815,,2,0
nwfsc_pacific_hake_survey,D20230731T204557_IFCB117,2023-07-31 20:45:57+00:00,117,4.904635814525463,,,,,,,,285,,2,0
nwfsc_pacific_hake_survey,D20230731T210943_IFCB117,2023-07-31 21:09:43+00:00,117,4.369917028356482,,,,,,,,1845,,2,0
nwfsc_pacific_hake_survey,D20230731T213330_IFCB117,2023-07-31 21:33:30+00:00,117,4.4196098090277784,,,,,,,,1715,,2,0
nwfsc_pacific_hake_survey,D20230731T215718_IFCB117,2023-07-31 21:57:18+00:00,117,4.341959780092592,,,,,,,,1907,,2,0
nwfsc_pacific_hake_survey,D20230731T222107_IFCB117,2023-07-31 22:21:07+00:00,117,4.447725296585648,,,,,,,,1632,,2,0
nwfsc_pacific_hake_survey,D20230731T224455_IFCB117,2023-07-31 22:44:55+00:00,117,4.373033998842592,,,,,,,,1823,,2,0
nwfsc_pacific_hake_survey,D20230731T230843_IFCB117,2023-07-31 23:08:43+00:00,117,4.700884458188656,,,,,,,,880,,2,0
nwfsc_pacific_hake_survey,D20230731T233230_IFCB117,2023-07-31 23:32:30+00:00,117,4.209051215277778,,,,,,,,2278,,2,0
nwfsc_pacific_hake_survey,D20230731T235619_IFCB117,2023-07-31 23:56:19+00:00,117,4.146228298611111,,,,,,,,2463,,2,0
nwfsc_pacific_hake_survey,D20230801T002008_IFCB117,2023-08-01 00:20:08+00:00,117,4.379108506944444,,,,,,,,1805,,2,0
nwfsc_pacific_hake_survey,D20230801T004354_IFCB117,2023-08-01 00:43:54+00:00,117,4.437719256365741,,,,,,,,1658,,2,0
nwfsc_pacific_hake_survey,D20230801T011925_IFCB117,2023-08-01 01:19:25+00:00,117,4.458859989872685,,,,,,,,1574,,2,0
nwfsc_pacific_hake_survey,D20230801T014312_IFCB117,2023-08-01 01:43:12+00:00,117,4.54741847511574,,,,,,,,1354,,2,0
nwfsc_pacific_hake_survey,D20230801T020659_IFCB117,2023-08-01 02:06:59+00:00,117,4.8351918041087965,,,,,,,,493,,2,0
nwfsc_pacific_hake_survey,D20230801T023045_IFCB117,2023-08-01 02:30:45+00:00,117,4.904933051215278,,,,,,,,293,,2,0
nwfsc_pacific_hake_survey,D20230801T025431_IFCB117,2023-08-01 02:54:31+00:00,117,4.9620270634403925,,,,,,,,134,,2,0
nwfsc_pacific_hake_survey,D20230801T031817_IFCB117,2023-08-01 03:18:17+00:00,117,4.970910725911458,,,,,,,,98,,2,0
nwfsc_pacific_hake_survey,D20230801T034203_IFCB117,2023-08-01 03:42:03+00:00,117,4.981128038194445,,,,,,,,66,,2,0
nwfsc_pacific_hake_survey,D20230801T040549_IFCB117,2023-08-01 04:05:49+00:00,117,4.987287579571758,,,,,,,,47,,2,0
nwfsc_pacific_hake_survey,D20230801T042935_IFCB117,2023-08-01 04:29:35+00:00,117,4.992490686487269,,,,,,,,33,,2,0
nwfsc_pacific_hake_survey,D20230801T045320_IFCB117,2023-08-01 04:53:20+00:00,117,4.979730504918981,,,,,,,,68,,2,0
nwfsc_pacific_hake_survey,D20230801T051706_IFCB117,2023-08-01 05:17:06+00:00,117,4.984545229311342,,,,,,,,58,,2,0
nwfsc_pacific_hake_survey,D20230801T054052_IFCB117,2023-08-01 05:40:52+00:00,117,4.977159622757523,,,,,,,,78,,2,0
nwfsc_pacific_hake_survey,D20230801T060437_IFCB117,2023-08-01 06:04:37+00:00,117,4.964662868923611,,,,,,,,117,,2,0
nwfsc_pacific_hake_survey,D20230801T062822_IFCB117,2023-08-01 06:28:22+00:00,117,4.9574238009982645,,,,,,,,139,,2,0
nwfsc_pacific_hake_survey,D20230801T065207_IFCB117,2023-08-01 06:52:07+00:00,117,4.910825249565973,,,,,,,,273,,2,0
nwfsc_pacific_hake_survey,D20230801T071553_IFCB117,2023-08-01 07:15:53+00:00,117,4.935433611834491,,,,,,,,200,,2,0
nwfsc_pacific_hake_survey,D20230801T073939_IFCB117,2023-08-01 07:39:39+00:00,117,4.946481888382523,,,,,,,,180,,2,0
nwfsc_pacific_hake_survey,D20230801T080325_IFCB117,2023-08-01 08:03:25+00:00,117,4.9426900589554394,,,,,,,,178,,2,0
nwfsc_pacific_hake_survey,D20230801T082711_IFCB117,2023-08-01 08:27:11+00:00,117,4.815945818865742,,,,,,,,559,,2,0
nwfsc_pacific_hake_survey,D20230801T085056_IFCB117,2023-08-01 08:50:56+00:00,117,4.959375994646991,,,,,,,,133,,2,0
nwfsc_pacific_hake_survey,D20230801T091441_IFCB117,2023-08-01 09:14:41+00:00,117,4.956619954427083,,,,,,,,138,,2,0
nwfsc_pacific_hake_survey,D20230801T093827_IFCB117,2023-08-01 09:38:27+00:00,117,4.9533023003472225,,,,,,,,149,,2,0
nwfsc_pacific_hake_survey,D20230801T100214_IFCB117,2023-08-01 10:02:14+00:00,117,4.95602490234375,,,,,,,,143,,2,0
nwfsc_pacific_hake_survey,D20230801T102600_IFCB117,2023-08-01 10:26:00+00:00,117,4.868356065538194,,,,,,,,399,,2,0
nwfsc_pacific_hake_survey,D20230801T104946_IFCB117,2023-08-01 10:49:46+00:00,117,4.850305971498843,,,,,,,,450,,2,0
nwfsc_pacific_hake_survey,D20230801T111332_IFCB117,2023-08-01 11:13:32+00:00,117,4.849770941840277,,,,,,,,458,,2,0
nwfsc_pacific_hake_survey,D20230801T113718_IFCB117,2023-08-01 11:37:18+00:00,117,4.702027633101853,,,,,,,,897,,2,0
nwfsc_pacific_hake_survey,D20230801T120105_IFCB117,2023-08-01 12:01:05+00:00,117,4.760038628472222,,,,,,,,711,,2,0
nwfsc_pacific_hake_survey,D20230801T122452_IFCB117,2023-08-01 12:24:52+00:00,117,4.575168475115741,,,,,,,,1235,,2,0
nwfsc_pacific_hake_survey,D20230801T124839_IFCB117,2023-08-01 12:48:39+00:00,117,4.586955186631944,,,,,,,,1192,,2,0
nwfsc_pacific_hake_survey,D20230801T131226_IFCB117,2023-08-01 13:12:26+00:00,117,4.615332682291666,,,,,,,,1130,,2,0
nwfsc_pacific_hake_survey,D20230801T133613_IFCB117,2023-08-01 13:36:13+00:00,117,4.891730694806133,,,,,,,,318,,2,0
nwfsc_pacific_hake_survey,D20230802T142150_IFCB117,2023-08-02 14:21:50+00:00,117,4.977375072337964,,,,,,,,27,,2,0
nwfsc_pacific_hake_survey,D20230802T144536_IFCB117,2023-08-02 14:45:36+00:00,117,4.980300509982639,,,,,,,,27,,2,0
nwfsc_pacific_hake_survey,D20230802T150922_IFCB117,2023-08-02 15:09:22+00:00,117,4.994986680772569,,,,,,,,9,,2,0
nwfsc_pacific_hake_survey,D20230802T153308_IFCB117,2023-08-02 15:33:08+00:00,117,4.997268717447917,,,,,,,,2,,2,0
nwfsc_pacific_hake_survey,D20230802T181929_IFCB117,2023-08-02 18:19:29+00:00,117,4.99933507848669,,,,,,,,8,,2,0
nwfsc_pacific_hake_survey,D20230802T184314_IFCB117,2023-08-02 18:43:14+00:00,117,4.948905716507524,,,,,,,,163,,2,0
nwfsc_pacific_hake_survey,D20230802T190700_IFCB117,2023-08-02 19:07:00+00:00,117,4.960147307219328,,,,,,,,132,,2,0
nwfsc_pacific_hake_survey,D20230802T193047_IFCB117,2023-08-02 19:30:47+00:00,117,4.953389865451388,,,,,,,,148,,2,0
nwfsc_pacific_hake_survey,D20230802T195930_IFCB117,2023-08-02 19:59:30+00:00,117,4.9449426450376155,,,,,,,,178,,2,0
nwfsc_pacific_hake_survey,D20230802T202315_IFCB117,2023-08-02 20:23:15+00:00,117,4.971369936342593,,,,,,,,97,,2,0
nwfsc_pacific_hake_survey,D20230802T204700_IFCB117,2023-08-02 20:47:00+00:00,117,4.97041788736979,,,,,,,,98,,2,0
nwfsc_pacific_hake_survey,D20230802T211045_IFCB117,2023-08-02 21:10:45+00:00,117,4.936925229673033,,,,,,,,204,,2,0
nwfsc_pacific_hake_survey,D20230802T213430_IFCB117,2023-08-02 21:34:30+00:00,117,4.941644956235534,,,,,,,,186,,2,0
nwfsc_pacific_hake_survey,D20230802T215817_IFCB117,2023-08-02 21:58:17+00:00,117,4.952530454282408,,,,,,,,157,,2,0
nwfsc_pacific_hake_survey,D20230802T222203_IFCB117,2023-08-02 22:22:03+00:00,117,4.940125651041667,,,,,,,,189,,2,0
nwfsc_pacific_hake_survey,D20230802T224549_IFCB117,2023-08-02 22:45:49+00:00,117,4.956087311921296,,,,,,,,140,,2,0
nwfsc_pacific_hake_survey,D20230802T230935_IFCB117,2023-08-02 23:09:35+00:00,117,4.9587851110387735,,,,,,,,130,,2,0
nwfsc_pacific_hake_survey,D20230802T233320_IFCB117,2023-08-02 23:33:20+00:00,117,4.868003562644676,,,,,,,,393,,2,0
nwfsc_pacific_hake_survey,D20230802T235706_IFCB117,2023-08-02 23:57:06+00:00,117,4.810118959780093,,,,,,,,574,,2,0
nwfsc_pacific_hake_survey,D20230803T003236_IFCB117,2023-08-03 00:32:36+00:00,117,4.696864076967592,,,,,,,,912,,2,0
nwfsc_pacific_hake_survey,D20230803T005622_IFCB117,2023-08-03 00:56:22+00:00,117,4.6552150245949075,,,,,,,,1029,,2,0
nwfsc_pacific_hake_survey,D20230803T012007_IFCB117,2023-08-03 01:20:07+00:00,117,4.780877477575231,,,,,,,,677,,2,0
nwfsc_pacific_hake_survey,D20230803T014353_IFCB117,2023-08-03 01:43:53+00:00,117,4.901625669126157,,,,,,,,308,,2,0
nwfsc_pacific_hake_survey,D20230803T020738_IFCB117,2023-08-03 02:07:38+00:00,117,4.948855541087963,,,,,,,,164,,2,0
nwfsc_pacific_hake_survey,D20230803T023124_IFCB117,2023-08-03 02:31:24+00:00,117,4.965497323495371,,,,,,,,115,,2,0
nwfsc_pacific_hake_survey,D20230803T025510_IFCB117,2023-08-03 02:55:10+00:00,117,4.984326506438079,,,,,,,,61,,2,0
nwfsc_pacific_hake_survey,D20230803T031856_IFCB117,2023-08-03 03:18:56+00:00,117,4.990677879050926,,,,,,,,40,,2,0
nwfsc_pacific_hake_survey,D20230803T034241_IFCB117,2023-08-03 03:42:41+00:00,117,4.991971272786458,,,,,,,,34,,2,0
nwfsc_pacific_hake_survey,D20230803T040626_IFCB117,2023-08-03 04:06:26+00:00,117,4.991978190104166,,,,,,,,35,,2,0
nwfsc_pacific_hake_survey,D20230803T043011_IFCB117,2023-08-03 04:30:11+00:00,117,4.994498300057869,,,,,,,,27,,2,0
nwfsc_pacific_hake_survey,D20230803T045357_IFCB117,2023-08-03 04:53:57+00:00,117,4.9904474916811346,,,,,,,,38,,2,0
nwfsc_pacific_hake_survey,D20230803T051744_IFCB117,2023-08-03 05:17:44+00:00,117,4.996001103153935,,,,,,,,22,,2,0
nwfsc_pacific_hake_survey,D20230803T054130_IFCB117,2023-08-03 05:41:30+00:00,117,4.9940922580295135,,,,,,,,27,,2,0
nwfsc_pacific_hake_survey,D20230803T060516_IFCB117,2023-08-03 06:05:16+00:00,117,4.995625831886573,,,,,,,,23,,2,0
nwfsc_pacific_hake_survey,D20230803T062901_IFCB117,2023-08-03 06:29:01+00:00,117,4.9947157298900455,,,,,,,,27,,2,0
nwfsc_pacific_hake_survey,D20230803T065247_IFCB117,2023-08-03 06:52:47+00:00,117,4.992282280815972,,,,,,,,33,,2,0
nwfsc_pacific_hake_survey,D20230803T071633_IFCB117,2023-08-03 07:16:33+00:00,117,4.99709607385706,,,,,,,,20,,2,0
nwfsc_pacific_hake_survey,D20230803T074020_IFCB117,2023-08-03 07:40:20+00:00,117,4.992304777922453,,,,,,,,33,,2,0
nwfsc_pacific_hake_survey,D20230803T080405_IFCB117,2023-08-03 08:04:05+00:00,117,4.98520654296875,,,,,,,,55,,2,0
nwfsc_pacific_hake_survey,D20230803T082751_IFCB117,2023-08-03 08:27:51+00:00,117,4.9687918113425935,,,,,,,,100,,2,0
nwfsc_pacific_hake_survey,D20230803T085136_IFCB117,2023-08-03 08:51:36+00:00,117,4.962385579427083,,,,,,,,119,,2,0
nwfsc_pacific_hake_survey,D20230803T091522_IFCB117,2023-08-03 09:15:22+00:00,117,4.963605993200231,,,,,,,,124,,2,0
nwfsc_pacific_hake_survey,D20230803T093909_IFCB117,2023-08-03 09:39:09+00:00,117,4.966728804976852,,,,,,,,110,,2,0
nwfsc_pacific_hake_survey,D20230803T100255_IFCB117,2023-08-03 10:02:55+00:00,117,4.982470883969908,,,,,,,,63,,2,0
nwfsc_pacific_hake_survey,D20230803T102640_IFCB117,2023-08-03 10:26:40+00:00,117,4.985309100115741,,,,,,,,55,,2,0
nwfsc_pacific_hake_survey,D20230803T105025_IFCB117,2023-08-03 10:50:25+00:00,117,4.985598958333332,,,,,,,,56,,2,0
nwfsc_pacific_hake_survey,D20230803T111410_IFCB117,2023-08-03 11:14:10+00:00,117,4.98234386754919,,,,,,,,62,,2,0
nwfsc_pacific_hake_survey,D20230803T113756_IFCB117,2023-08-03 11:37:56+00:00,117,4.98775755931713,,,,,,,,47,,2,0
nwfsc_pacific_hake_survey,D20230803T120143_IFCB117,2023-08-03 12:01:43+00:00,117,4.975633318865741,,,,,,,,81,,2,0
nwfsc_pacific_hake_survey,D20230803T122529_IFCB117,2023-08-03 12:25:29+00:00,117,4.976696641710069,,,,,,,,80,,2,0
nwfsc_pacific_hake_survey,D20230803T124914_IFCB117,2023-08-03 12:49:14+00:00,117,4.982626021773727,,,,,,,,63,,2,0
nwfsc_pacific_hake_survey,D20230803T131300_IFCB117,2023-08-03 13:13:00+00:00,117,4.987481363932292,,,,,,,,48,,2,0
nwfsc_pacific_hake_survey,D20230803T133645_IFCB117,2023-08-03 13:36:45+00:00,117,4.992980541087962,,,,,,,,31,,2,0
nwfsc_pacific_hake_survey,D20230803T140032_IFCB117,2023-08-03 14:00:32+00:00,117,4.982778139467593,,,,,,,,61,,2,0
nwfsc_pacific_hake_survey,D20230803T142417_IFCB117,2023-08-03 14:24:17+00:00,117,4.984988082320602,,,,,,,,54,,2,0
nwfsc_pacific_hake_survey,D20230803T144803_IFCB117,2023-08-03 14:48:03+00:00,117,4.9933505588107625,,,,,,,,30,,2,0
nwfsc_pacific_hake_survey,D20230803T151148_IFCB117,2023-08-03 15:11:48+00:00,117,4.990035572193288,,,,,,,,41,,2,0
nwfsc_pacific_hake_survey,D20230803T153534_IFCB117,2023-08-03 15:35:34+00:00,117,4.990687536168981,,,,,,,,38,,2,0
nwfsc_pacific_hake_survey,D20230803T155919_IFCB117,2023-08-03 15:59:19+00:00,117,4.990982584635417,,,,,,,,38,,2,0
nwfsc_pacific_hake_survey,D20230803T162306_IFCB117,2023-08-03 16:23:06+00:00,117,4.9927658058449085,,,,,,,,31,,2,0
nwfsc_pacific_hake_survey,D20230803T164652_IFCB117,2023-08-03 16:46:52+00:00,117,4.991211850766783,,,,,,,,38,,2,0
nwfsc_pacific_hake_survey,D20230803T171038_IFCB117,2023-08-03 17:10:38+00:00,117,4.984823857060186,,,,,,,,55,,2,0
nwfsc_pacific_hake_survey,D20230803T173424_IFCB117,2023-08-03 17:34:24+00:00,117,4.98040879087095,,,,,,,,70,,2,0
nwfsc_pacific_hake_survey,D20230803T175810_IFCB117,2023-08-03 17:58:10+00:00,117,4.97987804723669,,,,,,,,70,,2,0
nwfsc_pacific_hake_survey,D20230803T182157_IFCB117,2023-08-03 18:21:57+00:00,117,4.985375361689815,,,,,,,,54,,2,0
nwfsc_pacific_hake_survey,D20230803T184543_IFCB117,2023-08-03 18:45:43+00:00,117,4.986726951316552,,,,,,,,52,,2,0
nwfsc_pacific_hake_survey,D20230803T190928_IFCB117,2023-08-03 19:09:28+00:00,117,4.990221959997106,,,,,,,,42,,2,0
nwfsc_pacific_hake_survey,D20230803T193811_IFCB117,2023-08-03 19:38:11+00:00,117,4.978450186270254,,,,,,,,72,,2,0
nwfsc_pacific_hake_survey,D20230803T200157_IFCB117,2023-08-03 20:01:57+00:00,117,4.98383771882234,,,,,,,,57,,2,0
nwfsc_pacific_hake_survey,D20230803T202544_IFCB117,2023-08-03 20:25:44+00:00,117,4.985329924406829,,,,,,,,58,,2,0
nwfsc_pacific_hake_survey,D20230803T204930_IFCB117,2023-08-03 20:49:30+00:00,117,4.9883721607349525,,,,,,,,44,,2,0
nwfsc_pacific_hake_survey,D20230803T211316_IFCB117,2023-08-03 21:13:16+00:00,117,4.984242919921875,,,,,,,,56,,2,0
nwfsc_pacific_hake_survey,D20230803T213701_IFCB117,2023-08-03 21:37:01+00:00,117,4.952953839337384,,,,,,,,152,,2,0
nwfsc_pacific_hake_survey,D20230803T220047_IFCB117,2023-08-03 22:00:47+00:00,117,4.898308855975116,,,,,,,,307,,2,0
nwfsc_pacific_hake_survey,D20230803T222433_IFCB117,2023-08-03 22:24:33+00:00,117,4.6978971354166665,,,,,,,,916,,2,0
nwfsc_pacific_hake_survey,D20230803T224819_IFCB117,2023-08-03 22:48:19+00:00,117,4.645901222511574,,,,,,,,1081,,2,0
nwfsc_pacific_hake_survey,D20230803T231205_IFCB117,2023-08-03 23:12:05+00:00,117,4.083827618634259,,,,,,,,179,,2,0
nwfsc_pacific_hake_survey,D20230803T233320_IFCB117,2023-08-03 23:33:20+00:00,117,4.962797489872685,,,,,,,,120,,2,0
nwfsc_pacific_hake_survey,D20230804T000850_IFCB117,2023-08-04 00:08:50+00:00,117,4.857188331886574,,,,,,,,430,,2,0
nwfsc_pacific_hake_survey,D20230804T003236_IFCB117,2023-08-04 00:32:36+00:00,117,4.935422281901041,,,,,,,,203,,2,0
nwfsc_pacific_hake_survey,D20230804T005622_IFCB117,2023-08-04 00:56:22+00:00,117,4.974807517722801,,,,,,,,86,,2,0
nwfsc_pacific_hake_survey,D20230804T012008_IFCB117,2023-08-04 01:20:08+00:00,117,4.986438711660879,,,,,,,,51,,2,0
nwfsc_pacific_hake_survey,D20230804T014354_IFCB117,2023-08-04 01:43:54+00:00,117,4.992113389756944,,,,,,,,35,,2,0
nwfsc_pacific_hake_survey,D20230804T020741_IFCB117,2023-08-04 02:07:41+00:00,117,4.997060510706019,,,,,,,,20,,2,0
nwfsc_pacific_hake_survey,D20230804T023127_IFCB117,2023-08-04 02:31:27+00:00,117,4.996233506944445,,,,,,,,21,,2,0
nwfsc_pacific_hake_survey,D20230804T025513_IFCB117,2023-08-04 02:55:13+00:00,117,4.999027723524305,,,,,,,,13,,2,0
nwfsc_pacific_hake_survey,D20230804T031858_IFCB117,2023-08-04 03:18:58+00:00,117,4.996829671223958,,,,,,,,20,,2,0
nwfsc_pacific_hake_survey,D20230804T034243_IFCB117,2023-08-04 03:42:43+00:00,117,4.996048493561921,,,,,,,,22,,2,0
nwfsc_pacific_hake_survey,D20230804T040630_IFCB117,2023-08-04 04:06:30+00:00,117,4.998735143590857,,,,,,,,15,,2,0
nwfsc_pacific_hake_survey,D20230804T043015_IFCB117,2023-08-04 04:30:15+00:00,117,4.998871817129629,,,,,,,,14,,2,0
nwfsc_pacific_hake_survey,D20230804T045401_IFCB117,2023-08-04 04:54:01+00:00,117,4.995712076822916,,,,,,,,24,,2,0
nwfsc_pacific_hake_survey,D20230804T051746_IFCB117,2023-08-04 05:17:46+00:00,117,4.998626880787038,,,,,,,,14,,2,0
nwfsc_pacific_hake_survey,D20230804T054131_IFCB117,2023-08-04 05:41:31+00:00,117,4.997520173249422,,,,,,,,19,,2,0
nwfsc_pacific_hake_survey,D20230804T060517_IFCB117,2023-08-04 06:05:17+00:00,117,4.997329282407408,,,,,,,,18,,2,0
nwfsc_pacific_hake_survey,D20230804T062904_IFCB117,2023-08-04 06:29:04+00:00,117,4.998163682725695,,,,,,,,16,,2,0
nwfsc_pacific_hake_survey,D20230804T065250_IFCB117,2023-08-04 06:52:50+00:00,117,4.998353542751736,,,,,,,,15,,2,0
nwfsc_pacific_hake_survey,D20230804T071636_IFCB117,2023-08-04 07:16:36+00:00,117,4.989991364655671,,,,,,,,42,,2,0
nwfsc_pacific_hake_survey,D20230804T074021_IFCB117,2023-08-04 07:40:21+00:00,117,4.986970793547454,,,,,,,,50,,2,0
nwfsc_pacific_hake_survey,D20230804T080407_IFCB117,2023-08-04 08:04:07+00:00,117,4.990157199435763,,,,,,,,38,,2,0
nwfsc_pacific_hake_survey,D20230804T082754_IFCB117,2023-08-04 08:27:54+00:00,117,4.992688657407408,,,,,,,,30,,2,0
nwfsc_pacific_hake_survey,D20230804T085140_IFCB117,2023-08-04 08:51:40+00:00,117,4.973840087890626,,,,,,,,86,,2,0
nwfsc_pacific_hake_survey,D20230804T091526_IFCB117,2023-08-04 09:15:26+00:00,117,4.8551452455873845,,,,,,,,447,,2,0
nwfsc_pacific_hake_survey,D20230804T093912_IFCB117,2023-08-04 09:39:12+00:00,117,4.928049786603009,,,,,,,,224,,2,0
nwfsc_pacific_hake_survey,D20230804T100257_IFCB117,2023-08-04 10:02:57+00:00,117,4.966969337745949,,,,,,,,108,,2,0
nwfsc_pacific_hake_survey,D20230804T102643_IFCB117,2023-08-04 10:26:43+00:00,117,4.957687409577548,,,,,,,,135,,2,0
nwfsc_pacific_hake_survey,D20230804T105029_IFCB117,2023-08-04 10:50:29+00:00,117,4.847871419270833,,,,,,,,459,,2,0
nwfsc_pacific_hake_survey,D20230804T111414_IFCB117,2023-08-04 11:14:14+00:00,117,4.916986228660301,,,,,,,,259,,2,0
nwfsc_pacific_hake_survey,D20230804T113759_IFCB117,2023-08-04 11:37:59+00:00,117,4.8982089210792825,,,,,,,,324,,2,0
nwfsc_pacific_hake_survey,D20230804T120145_IFCB117,2023-08-04 12:01:45+00:00,117,4.887027913411459,,,,,,,,344,,2,0
nwfsc_pacific_hake_survey,D20230804T122531_IFCB117,2023-08-04 12:25:31+00:00,117,4.844876482928241,,,,,,,,466,,2,0
nwfsc_pacific_hake_survey,D20230804T124917_IFCB117,2023-08-04 12:49:17+00:00,117,4.879062228732639,,,,,,,,367,,2,0
nwfsc_pacific_hake_survey,D20230804T131303_IFCB117,2023-08-04 13:13:03+00:00,117,4.763979365596065,,,,,,,,723,,2,0
nwfsc_pacific_hake_survey,D20230804T133649_IFCB117,2023-08-04 13:36:49+00:00,117,4.706366482204861,,,,,,,,880,,2,0
nwfsc_pacific_hake_survey,D20230804T140035_IFCB117,2023-08-04 14:00:35+00:00,117,4.900596851490162,,,,,,,,300,,2,0
nwfsc_pacific_hake_survey,D20230804T142420_IFCB117,2023-08-04 14:24:20+00:00,117,4.95607125289352,,,,,,,,137,,2,0
nwfsc_pacific_hake_survey,D20230804T144806_IFCB117,2023-08-04 14:48:06+00:00,117,4.974970657913773,,,,,,,,86,,2,0
nwfsc_pacific_hake_survey,D20230804T151153_IFCB117,2023-08-04 15:11:53+00:00,117,4.989319381148727,,,,,,,,43,,2,0
nwfsc_pacific_hake_survey,D20230804T153538_IFCB117,2023-08-04 15:35:38+00:00,117,4.9911843623408565,,,,,,,,37,,2,0
nwfsc_pacific_hake_survey,D20230804T155924_IFCB117,2023-08-04 15:59:24+00:00,117,4.989432291666666,,,,,,,,43,,2,0
nwfsc_pacific_hake_survey,D20230804T162310_IFCB117,2023-08-04 16:23:10+00:00,117,4.989140028211805,,,,,,,,45,,2,0
nwfsc_pacific_hake_survey,D20230804T164655_IFCB117,2023-08-04 16:46:55+00:00,117,4.989995496961805,,,,,,,,42,,2,0
nwfsc_pacific_hake_survey,D20230804T171041_IFCB117,2023-08-04 17:10:41+00:00,117,4.988866156684028,,,,,,,,46,,2,0
nwfsc_pacific_hake_survey,D20230804T173427_IFCB117,2023-08-04 17:34:27+00:00,117,4.992895290798612,,,,,,,,32,,2,0
nwfsc_pacific_hake_survey,D20230804T175813_IFCB117,2023-08-04 17:58:13+00:00,117,4.997210566767939,,,,,,,,20,,2,0
nwfsc_pacific_hake_survey,D20230804T182159_IFCB117,2023-08-04 18:21:59+00:00,117,0.49433134403935186,,,,,,,,2,,2,0
nwfsc_pacific_hake_survey,D20230804T182912_IFCB117,2023-08-04 18:29:12+00:00,117,4.99648558666088,,,,,,,,21,,2,0
nwfsc_pacific_hake_survey,D20230804T185755_IFCB117,2023-08-04 18:57:55+00:00,117,4.996371374059606,,,,,,,,22,,2,0
nwfsc_pacific_hake_survey,D20230804T192141_IFCB117,2023-08-04 19:21:41+00:00,117,4.998323079427084,,,,,,,,16,,2,0
nwfsc_pacific_hake_survey,D20230804T194526_IFCB117,2023-08-04 19:45:26+00:00,117,5.000234691478588,,,,,,,,10,,2,0
nwfsc_pacific_hake_survey,D20230804T200913_IFCB117,2023-08-04 20:09:13+00:00,117,4.994951967592593,,,,,,,,25,,2,0
nwfsc_pacific_hake_survey,D20230804T203258_IFCB117,2023-08-04 20:32:58+00:00,117,5.000147433810763,,,,,,,,11,,2,0
nwfsc_pacific_hake_survey,D20230804T205644_IFCB117,2023-08-04 20:56:44+00:00,117,4.997023790147569,,,,,,,,19,,2,0
nwfsc_pacific_hake_survey,D20230804T212030_IFCB117,2023-08-04 21:20:30+00:00,117,4.999926115813079,,,,,,,,12,,2,0
nwfsc_pacific_hake_survey,D20230804T214416_IFCB117,2023-08-04 21:44:16+00:00,117,4.999475522641783,,,,,,,,13,,2,0
nwfsc_pacific_hake_survey,D20230804T220803_IFCB117,2023-08-04 22:08:03+00:00,117,4.999805356626157,,,,,,,,12,,2,0
nwfsc_pacific_hake_survey,D20230804T223149_IFCB117,2023-08-04 22:31:49+00:00,117,5.000259304470487,,,,,,,,12,,2,0
nwfsc_pacific_hake_survey,D20230804T225534_IFCB117,2023-08-04 22:55:34+00:00,117,4.9998595377604165,,,,,,,,12,,2,0
nwfsc_pacific_hake_survey,D20230804T233103_IFCB117,2023-08-04 23:31:03+00:00,117,4.995211507161459,,,,,,,,24,,2,0
nwfsc_pacific_hake_survey,D20230804T235449_IFCB117,2023-08-04 23:54:49+00:00,117,4.9996222601996525,,,,,,,,13,,2,0
nwfsc_pacific_hake_survey,D20230805T001834_IFCB117,2023-08-05 00:18:34+00:00,117,4.996971978081597,,,,,,,,19,,2,0
nwfsc_pacific_hake_survey,D20230805T004219_IFCB117,2023-08-05 00:42:19+00:00,117,4.993592800564236,,,,,,,,29,,2,0
nwfsc_pacific_hake_survey,D20230805T010606_IFCB117,2023-08-05 01:06:06+00:00,117,4.983555980541088,,,,,,,,61,,2,0
nwfsc_pacific_hake_survey,D20230805T012952_IFCB117,2023-08-05 01:29:52+00:00,117,4.946402922453703,,,,,,,,172,,2,0
nwfsc_pacific_hake_survey,D20230805T015337_IFCB117,2023-08-05 01:53:37+00:00,117,4.924412941261575,,,,,,,,237,,2,0
nwfsc_pacific_hake_survey,D20230805T021722_IFCB117,2023-08-05 02:17:22+00:00,117,4.620600911458334,,,,,,,,1139,,2,0
nwfsc_pacific_hake_survey,D20230805T024108_IFCB117,2023-08-05 02:41:08+00:00,117,4.4727374131944435,,,,,,,,1574,,2,0
nwfsc_pacific_hake_survey,D20230805T030455_IFCB117,2023-08-05 03:04:55+00:00,117,4.79938208912037,,,,,,,,611,,2,0
nwfsc_pacific_hake_survey,D20230805T032840_IFCB117,2023-08-05 03:28:40+00:00,117,4.910297263816549,,,,,,,,283,,2,0
nwfsc_pacific_hake_survey,D20230805T035227_IFCB117,2023-08-05 03:52:27+00:00,117,4.935094030309606,,,,,,,,208,,2,0
nwfsc_pacific_hake_survey,D20230805T041612_IFCB117,2023-08-05 04:16:12+00:00,117,4.933986988208913,,,,,,,,205,,2,0
nwfsc_pacific_hake_survey,D20230805T043957_IFCB117,2023-08-05 04:39:57+00:00,117,4.938588107638889,,,,,,,,193,,2,0
nwfsc_pacific_hake_survey,D20230805T050343_IFCB117,2023-08-05 05:03:43+00:00,117,4.963841606987847,,,,,,,,123,,2,0
nwfsc_pacific_hake_survey,D20230805T052729_IFCB117,2023-08-05 05:27:29+00:00,117,4.9834653410734955,,,,,,,,59,,2,0
nwfsc_pacific_hake_survey,D20230805T055116_IFCB117,2023-08-05 05:51:16+00:00,117,4.982893518518519,,,,,,,,61,,2,0
nwfsc_pacific_hake_survey,D20230805T061501_IFCB117,2023-08-05 06:15:01+00:00,117,4.994506175853588,,,,,,,,26,,2,0
nwfsc_pacific_hake_survey,D20230805T063847_IFCB117,2023-08-05 06:38:47+00:00,117,4.997058883101852,,,,,,,,21,,2,0
nwfsc_pacific_hake_survey,D20230805T070232_IFCB117,2023-08-05 07:02:32+00:00,117,4.992365614149306,,,,,,,,33,,2,0
nwfsc_pacific_hake_survey,D20230805T072618_IFCB117,2023-08-05 07:26:18+00:00,117,4.996504864728009,,,,,,,,21,,2,0
nwfsc_pacific_hake_survey,D20230805T075005_IFCB117,2023-08-05 07:50:05+00:00,117,4.998238796657986,,,,,,,,18,,2,0
nwfsc_pacific_hake_survey,D20230805T081351_IFCB117,2023-08-05 08:13:51+00:00,117,4.996945882161459,,,,,,,,19,,2,0
nwfsc_pacific_hake_survey,D20230805T083737_IFCB117,2023-08-05 08:37:37+00:00,117,4.998346516927083,,,,,,,,15,,2,0
nwfsc_pacific_hake_survey,D20230805T090122_IFCB117,2023-08-05 09:01:22+00:00,117,4.997364013671874,,,,,,,,19,,2,0
nwfsc_pacific_hake_survey,D20230805T092507_IFCB117,2023-08-05 09:25:07+00:00,117,4.997768355758102,,,,,,,,17,,2,0
nwfsc_pacific_hake_survey,D20230805T094853_IFCB117,2023-08-05 09:48:53+00:00,117,4.995780192057293,,,,,,,,24,,2,0
nwfsc_pacific_hake_survey,D20230805T101239_IFCB117,2023-08-05 10:12:39+00:00,117,4.998234266493055,,,,,,,,17,,2,0
nwfsc_pacific_hake_survey,D20230805T103625_IFCB117,2023-08-05 10:36:25+00:00,117,4.998781991464119,,,,,,,,14,,2,0
nwfsc_pacific_hake_survey,D20230805T110011_IFCB117,2023-08-05 11:00:11+00:00,117,4.995781476056134,,,,,,,,24,,2,0
nwfsc_pacific_hake_survey,D20230805T112357_IFCB117,2023-08-05 11:23:57+00:00,117,4.992131664134837,,,,,,,,34,,2,0
nwfsc_pacific_hake_survey,D20230805T114743_IFCB117,2023-08-05 11:47:43+00:00,117,4.991162480107059,,,,,,,,36,,2,0
nwfsc_pacific_hake_survey,D20230805T121129_IFCB117,2023-08-05 12:11:29+00:00,117,4.996239718967014,,,,,,,,22,,2,0
nwfsc_pacific_hake_survey,D20230805T123515_IFCB117,2023-08-05 12:35:15+00:00,117,4.995636338975695,,,,,,,,24,,2,0
nwfsc_pacific_hake_survey,D20230805T125901_IFCB117,2023-08-05 12:59:01+00:00,117,4.992648527922454,,,,,,,,32,,2,0
nwfsc_pacific_hake_survey,D20230805T132246_IFCB117,2023-08-05 13:22:46+00:00,117,4.996234456380209,,,,,,,,21,,2,0
nwfsc_pacific_hake_survey,D20230805T134632_IFCB117,2023-08-05 13:46:32+00:00,117,4.9914587764033564,,,,,,,,35,,2,0
nwfsc_pacific_hake_survey,D20230805T141018_IFCB117,2023-08-05 14:10:18+00:00,117,4.993392831307871,,,,,,,,33,,2,0
nwfsc_pacific_hake_survey,D20230805T143404_IFCB117,2023-08-05 14:34:04+00:00,117,4.868373399522571,,,,,,,,396,,2,0
nwfsc_pacific_hake_survey,D20230805T145750_IFCB117,2023-08-05 14:57:50+00:00,117,4.934520209418403,,,,,,,,203,,2,0
nwfsc_pacific_hake_survey,D20230805T152136_IFCB117,2023-08-05 15:21:36+00:00,117,4.866998508029513,,,,,,,,399,,2,0
nwfsc_pacific_hake_survey,D20230805T154522_IFCB117,2023-08-05 15:45:22+00:00,117,4.765782588252315,,,,,,,,698,,2,0
nwfsc_pacific_hake_survey,D20230805T160907_IFCB117,2023-08-05 16:09:07+00:00,117,4.436170934606482,,,,,,,,1661,,2,0
nwfsc_pacific_hake_survey,D20230805T163253_IFCB117,2023-08-05 16:32:53+00:00,117,4.077334418402778,,,,,,,,2744,,2,0
nwfsc_pacific_hake_survey,D20230805T165641_IFCB117,2023-08-05 16:56:41+00:00,117,3.864403139467592,,,,,,,,3350,,2,0
nwfsc_pacific_hake_survey,D20230805T172027_IFCB117,2023-08-05 17:20:27+00:00,117,4.124230324074074,,,,,,,,2576,,2,0
nwfsc_pacific_hake_survey,D20230805T174414_IFCB117,2023-08-05 17:44:14+00:00,117,4.275433304398148,,,,,,,,2145,,2,0
nwfsc_pacific_hake_survey,D20230805T180801_IFCB117,2023-08-05 18:08:01+00:00,117,4.2947097800925915,,,,,,,,2093,,2,0
nwfsc_pacific_hake_survey,D20230805T183645_IFCB117,2023-08-05 18:36:45+00:00,117,4.26510691550926,,,,,,,,2168,,2,0
nwfsc_pacific_hake_survey,D20230805T190032_IFCB117,2023-08-05 19:00:32+00:00,117,4.414305844907407,,,,,,,,1724,,2,0
nwfsc_pacific_hake_survey,D20230805T192418_IFCB117,2023-08-05 19:24:18+00:00,117,4.687193359375001,,,,,,,,927,,2,0
nwfsc_pacific_hake_survey,D20230805T194804_IFCB117,2023-08-05 19:48:04+00:00,117,4.710153826678241,,,,,,,,860,,2,0
nwfsc_pacific_hake_survey,D20230805T201149_IFCB117,2023-08-05 20:11:49+00:00,117,1.3097738353587964,,,,,,,,479,,2,0
nwfsc_pacific_hake_survey,D20230810T193130_IFCB117,2023-08-10 19:31:30+00:00,117,3.8679864728009266,,,,,,,,3302,,2,0
nwfsc_pacific_hake_survey,D20230810T195517_IFCB117,2023-08-10 19:55:17+00:00,117,4.8456680049189815,,,,,,,,476,,2,0
nwfsc_pacific_hake_survey,D20230810T201903_IFCB117,2023-08-10 20:19:03+00:00,117,4.9748536150897,,,,,,,,87,,2,0
nwfsc_pacific_hake_survey,D20230810T204249_IFCB117,2023-08-10 20:42:49+00:00,117,4.976466860170717,,,,,,,,80,,2,0
nwfsc_pacific_hake_survey,D20230810T210634_IFCB117,2023-08-10 21:06:34+00:00,117,4.97460290979456,,,,,,,,94,,2,0
nwfsc_pacific_hake_survey,D20230810T213020_IFCB117,2023-08-10 21:30:20+00:00,117,4.981848253038194,,,,,,,,64,,2,0
nwfsc_pacific_hake_survey,D20230810T215406_IFCB117,2023-08-10 21:54:06+00:00,117,4.9827535626446755,,,,,,,,61,,2,0
nwfsc_pacific_hake_survey,D20230810T221752_IFCB117,2023-08-10 22:17:52+00:00,117,4.967216751663773,,,,,,,,108,,2,0
nwfsc_pacific_hake_survey,D20230810T224138_IFCB117,2023-08-10 22:41:38+00:00,117,4.951975821035879,,,,,,,,154,,2,0
nwfsc_pacific_hake_survey,D20230810T230524_IFCB117,2023-08-10 23:05:24+00:00,117,4.975691587094908,,,,,,,,83,,2,0
nwfsc_pacific_hake_survey,D20230810T232910_IFCB117,2023-08-10 23:29:10+00:00,117,4.996201877170139,,,,,,,,24,,2,0
nwfsc_pacific_hake_survey,D20230810T235256_IFCB117,2023-08-10 23:52:56+00:00,117,4.9959248046875,,,,,,,,23,,2,0
nwfsc_pacific_hake_survey,D20230811T001642_IFCB117,2023-08-11 00:16:42+00:00,117,4.997597140842014,,,,,,,,18,,2,0
nwfsc_pacific_hake_survey,D20230811T004029_IFCB117,2023-08-11 00:40:29+00:00,117,4.997225857204861,,,,,,,,19,,2,0
nwfsc_pacific_hake_survey,D20230811T010415_IFCB117,2023-08-11 01:04:15+00:00,117,4.997638120298032,,,,,,,,17,,2,0
nwfsc_pacific_hake_survey,D20230811T012801_IFCB117,2023-08-11 01:28:01+00:00,117,4.997539397063079,,,,,,,,17,,2,0
nwfsc_pacific_hake_survey,D20230811T015147_IFCB117,2023-08-11 01:51:47+00:00,117,4.998975604021992,,,,,,,,13,,2,0
nwfsc_pacific_hake_survey,D20230811T021534_IFCB117,2023-08-11 02:15:34+00:00,117,4.995838650173611,,,,,,,,23,,2,0
nwfsc_pacific_hake_survey,D20230811T023920_IFCB117,2023-08-11 02:39:20+00:00,117,4.9966417100694445,,,,,,,,20,,2,0
nwfsc_pacific_hake_survey,D20230811T030306_IFCB117,2023-08-11 03:03:06+00:00,117,4.999326687282986,,,,,,,,13,,2,0
nwfsc_pacific_hake_survey,D20230811T032652_IFCB117,2023-08-11 03:26:52+00:00,117,4.999388120298032,,,,,,,,12,,2,0
nwfsc_pacific_hake_survey,D20230811T035037_IFCB117,2023-08-11 03:50:37+00:00,117,4.995195222077546,,,,,,,,25,,2,0
nwfsc_pacific_hake_survey,D20230811T041423_IFCB117,2023-08-11 04:14:23+00:00,117,4.997239945023148,,,,,,,,18,,2,0
nwfsc_pacific_hake_survey,D20230811T043809_IFCB117,2023-08-11 04:38:09+00:00,117,4.997962339048032,,,,,,,,16,,2,0
nwfsc_pacific_hake_survey,D20230811T050154_IFCB117,2023-08-11 05:01:54+00:00,117,4.996235053168403,,,,,,,,21,,2,0
nwfsc_pacific_hake_survey,D20230811T052540_IFCB117,2023-08-11 05:25:40+00:00,117,4.991042100694445,,,,,,,,38,,2,0
nwfsc_pacific_hake_survey,D20230811T054927_IFCB117,2023-08-11 05:49:27+00:00,117,4.929033600983797,,,,,,,,218,,2,0
nwfsc_pacific_hake_survey,D20230811T061312_IFCB117,2023-08-11 06:13:12+00:00,117,4.649725875289351,,,,,,,,1025,,2,0
nwfsc_pacific_hake_survey,D20230811T063659_IFCB117,2023-08-11 06:36:59+00:00,117,4.879103569878472,,,,,,,,361,,2,0
nwfsc_pacific_hake_survey,D20230811T070045_IFCB117,2023-08-11 07:00:45+00:00,117,4.977051215277779,,,,,,,,77,,2,0
nwfsc_pacific_hake_survey,D20230811T072431_IFCB117,2023-08-11 07:24:31+00:00,117,4.991684118200231,,,,,,,,35,,2,0
nwfsc_pacific_hake_survey,D20230811T074818_IFCB117,2023-08-11 07:48:18+00:00,117,4.994477701822917,,,,,,,,26,,2,0
nwfsc_pacific_hake_survey,D20230811T081204_IFCB117,2023-08-11 08:12:04+00:00,117,4.995306676793982,,,,,,,,26,,2,0
nwfsc_pacific_hake_survey,D20230811T083550_IFCB117,2023-08-11 08:35:50+00:00,117,4.998755452473959,,,,,,,,14,,2,0
nwfsc_pacific_hake_survey,D20230811T085936_IFCB117,2023-08-11 08:59:36+00:00,117,4.9964362160011575,,,,,,,,21,,2,0
nwfsc_pacific_hake_survey,D20230811T092322_IFCB117,2023-08-11 09:23:22+00:00,117,4.996593279803241,,,,,,,,21,,2,0
nwfsc_pacific_hake_survey,D20230811T095850_IFCB117,2023-08-11 09:58:50+00:00,117,4.997926549840857,,,,,,,,18,,2,0
nwfsc_pacific_hake_survey,D20230811T102237_IFCB117,2023-08-11 10:22:37+00:00,117,4.997892144097222,,,,,,,,17,,2,0
nwfsc_pacific_hake_survey,D20230811T104623_IFCB117,2023-08-11 10:46:23+00:00,117,5.001431676793983,,,,,,,,6,,2,0
nwfsc_pacific_hake_survey,D20230811T111506_IFCB117,2023-08-11 11:15:06+00:00,117,4.998505380135996,,,,,,,,15,,2,0
nwfsc_pacific_hake_survey,D20230811T113851_IFCB117,2023-08-11 11:38:51+00:00,117,4.999762234157987,,,,,,,,11,,2,0
nwfsc_pacific_hake_survey,D20230811T120236_IFCB117,2023-08-11 12:02:36+00:00,117,4.9966024757667835,,,,,,,,21,,2,0
nwfsc_pacific_hake_survey,D20230811T122621_IFCB117,2023-08-11 12:26:21+00:00,117,4.998650462962963,,,,,,,,15,,2,0
nwfsc_pacific_hake_survey,D20230811T125008_IFCB117,2023-08-11 12:50:08+00:00,117,5.000072356047453,,,,,,,,11,,2,0
nwfsc_pacific_hake_survey,D20230811T131354_IFCB117,2023-08-11 13:13:54+00:00,117,5.001212013527199,,,,,,,,7,,2,0
nwfsc_pacific_hake_survey,D20230811T133740_IFCB117,2023-08-11 13:37:40+00:00,117,4.998919587311921,,,,,,,,15,,2,0
nwfsc_pacific_hake_survey,D20230811T140125_IFCB117,2023-08-11 14:01:25+00:00,117,5.000053177445023,,,,,,,,10,,2,0
nwfsc_pacific_hake_survey,D20230811T142511_IFCB117,2023-08-11 14:25:11+00:00,117,4.999883454499422,,,,,,,,12,,2,0
nwfsc_pacific_hake_survey,D20230811T144858_IFCB117,2023-08-11 14:48:58+00:00,117,5.002671233000579,,,,,,,,4,,2,0
nwfsc_pacific_hake_survey,D20230811T151243_IFCB117,2023-08-11 15:12:43+00:00,117,4.9979173719618055,,,,,,,,17,,2,0
nwfsc_pacific_hake_survey,D20230811T153629_IFCB117,2023-08-11 15:36:29+00:00,117,4.9815634765625,,,,,,,,68,,2,0
nwfsc_pacific_hake_survey,D20230811T160015_IFCB117,2023-08-11 16:00:15+00:00,117,4.993834110966436,,,,,,,,32,,2,0
nwfsc_pacific_hake_survey,D20230811T162400_IFCB117,2023-08-11 16:24:00+00:00,117,4.992538845486111,,,,,,,,33,,2,0
nwfsc_pacific_hake_survey,D20230811T164747_IFCB117,2023-08-11 16:47:47+00:00,117,4.992260868778936,,,,,,,,33,,2,0
nwfsc_pacific_hake_survey,D20230811T171133_IFCB117,2023-08-11 17:11:33+00:00,117,4.999412742332175,,,,,,,,13,,2,0
nwfsc_pacific_hake_survey,D20230811T173519_IFCB117,2023-08-11 17:35:19+00:00,117,5.001296106409145,,,,,,,,9,,2,0
nwfsc_pacific_hake_survey,D20230811T175905_IFCB117,2023-08-11 17:59:05+00:00,117,5.001279640480323,,,,,,,,8,,2,0
nwfsc_pacific_hake_survey,D20230811T182251_IFCB117,2023-08-11 18:22:51+00:00,117,4.9986221064814815,,,,,,,,15,,2,0
nwfsc_pacific_hake_survey,D20230811T184637_IFCB117,2023-08-11 18:46:37+00:00,117,5.002292932581018,,,,,,,,5,,2,0
nwfsc_pacific_hake_survey,D20230811T191022_IFCB117,2023-08-11 19:10:22+00:00,117,5.003243760850695,,,,,,,,2,,2,0
nwfsc_pacific_hake_survey,D20230811T193409_IFCB117,2023-08-11 19:34:09+00:00,117,5.001441605179398,,,,,,,,8,,2,0
nwfsc_pacific_hake_survey,D20230811T195755_IFCB117,2023-08-11 19:57:55+00:00,117,5.001290843822338,,,,,,,,8,,2,0
nwfsc_pacific_hake_survey,D20230811T202141_IFCB117,2023-08-11 20:21:41+00:00,117,5.00238144712095,,,,,,,,4,,2,0
nwfsc_pacific_hake_survey,D20230811T204526_IFCB117,2023-08-11 20:45:26+00:00,117,5.000729772497107,,,,,,,,9,,2,0
nwfsc_pacific_hake_survey,D20230811T210912_IFCB117,2023-08-11 21:09:12+00:00,117,4.98319738317419,,,,,,,,63,,2,0
nwfsc_pacific_hake_survey,D20230811T213257_IFCB117,2023-08-11 21:32:57+00:00,117,4.952851390697337,,,,,,,,156,,2,0
nwfsc_pacific_hake_survey,D20230811T215643_IFCB117,2023-08-11 21:56:43+00:00,117,4.99923474573206,,,,,,,,14,,2,0
nwfsc_pacific_hake_survey,D20230811T222029_IFCB117,2023-08-11 22:20:29+00:00,117,5.001388147424768,,,,,,,,6,,2,0
nwfsc_pacific_hake_survey,D20230811T224415_IFCB117,2023-08-11 22:44:15+00:00,117,4.999621120876737,,,,,,,,14,,2,0
nwfsc_pacific_hake_survey,D20230811T230800_IFCB117,2023-08-11 23:08:00+00:00,117,5.000616147641782,,,,,,,,10,,2,0
nwfsc_pacific_hake_survey,D20230811T233147_IFCB117,2023-08-11 23:31:47+00:00,117,4.984681866681134,,,,,,,,57,,2,0
nwfsc_pacific_hake_survey,D20230811T235533_IFCB117,2023-08-11 23:55:33+00:00,117,4.895718858506944,,,,,,,,329,,2,0
nwfsc_pacific_hake_survey,D20230812T001919_IFCB117,2023-08-12 00:19:19+00:00,117,4.797586281105324,,,,,,,,616,,2,0
nwfsc_pacific_hake_survey,D20230812T004304_IFCB117,2023-08-12 00:43:04+00:00,117,4.9608980486834495,,,,,,,,129,,2,0
nwfsc_pacific_hake_survey,D20230812T010650_IFCB117,2023-08-12 01:06:50+00:00,117,4.9669678548177085,,,,,,,,115,,2,0
nwfsc_pacific_hake_survey,D20230812T013035_IFCB117,2023-08-12 01:30:35+00:00,117,4.957605441623264,,,,,,,,140,,2,0
nwfsc_pacific_hake_survey,D20230812T015422_IFCB117,2023-08-12 01:54:22+00:00,117,4.458201931423611,,,,,,,,1622,,2,0
nwfsc_pacific_hake_survey,D20230812T021808_IFCB117,2023-08-12 02:18:08+00:00,117,4.690918547453704,,,,,,,,941,,2,0
nwfsc_pacific_hake_survey,D20230812T024154_IFCB117,2023-08-12 02:41:54+00:00,117,4.47114308449074,,,,,,,,1565,,2,0
nwfsc_pacific_hake_survey,D20230812T031037_IFCB117,2023-08-12 03:10:37+00:00,117,4.812760923032408,,,,,,,,570,,2,0
nwfsc_pacific_hake_survey,D20230812T033422_IFCB117,2023-08-12 03:34:22+00:00,117,4.662283854166666,,,,,,,,1005,,2,0
nwfsc_pacific_hake_survey,D20230812T035807_IFCB117,2023-08-12 03:58:07+00:00,117,4.688634693287037,,,,,,,,941,,2,0
nwfsc_pacific_hake_survey,D20230812T042153_IFCB117,2023-08-12 04:21:53+00:00,117,4.91852490234375,,,,,,,,252,,2,0
nwfsc_pacific_hake_survey,D20230812T044539_IFCB117,2023-08-12 04:45:39+00:00,117,4.924794939959492,,,,,,,,239,,2,0
nwfsc_pacific_hake_survey,D20230812T050924_IFCB117,2023-08-12 05:09:24+00:00,117,4.344252314814814,,,,,,,,1963,,2,0
nwfsc_pacific_hake_survey,D20230812T053310_IFCB117,2023-08-12 05:33:10+00:00,117,4.469794813368056,,,,,,,,1589,,2,0
nwfsc_pacific_hake_survey,D20230812T055657_IFCB117,2023-08-12 05:56:57+00:00,117,4.852440393518519,,,,,,,,472,,2,0
nwfsc_pacific_hake_survey,D20230812T062044_IFCB117,2023-08-12 06:20:44+00:00,117,4.963742368344908,,,,,,,,123,,2,0
nwfsc_pacific_hake_survey,D20230812T064429_IFCB117,2023-08-12 06:44:29+00:00,117,4.9437794867621525,,,,,,,,171,,2,0
nwfsc_pacific_hake_survey,D20230812T070814_IFCB117,2023-08-12 07:08:14+00:00,117,4.917131040219908,,,,,,,,260,,2,0
nwfsc_pacific_hake_survey,D20230812T073200_IFCB117,2023-08-12 07:32:00+00:00,117,4.933463270399305,,,,,,,,205,,2,0
nwfsc_pacific_hake_survey,D20230812T075545_IFCB117,2023-08-12 07:55:45+00:00,117,4.916446524160879,,,,,,,,262,,2,0
nwfsc_pacific_hake_survey,D20230812T081931_IFCB117,2023-08-12 08:19:31+00:00,117,4.910062102141203,,,,,,,,280,,2,0
nwfsc_pacific_hake_survey,D20230812T084318_IFCB117,2023-08-12 08:43:18+00:00,117,4.9185126772280094,,,,,,,,249,,2,0
nwfsc_pacific_hake_survey,D20230812T091847_IFCB117,2023-08-12 09:18:47+00:00,117,4.933217330367477,,,,,,,,212,,2,0
nwfsc_pacific_hake_survey,D20230812T094234_IFCB117,2023-08-12 09:42:34+00:00,117,4.967542778862847,,,,,,,,108,,2,0
nwfsc_pacific_hake_survey,D20230812T100620_IFCB117,2023-08-12 10:06:20+00:00,117,4.970519929108796,,,,,,,,101,,2,0
nwfsc_pacific_hake_survey,D20230812T103006_IFCB117,2023-08-12 10:30:06+00:00,117,4.981102810329862,,,,,,,,67,,2,0
nwfsc_pacific_hake_survey,D20230812T105352_IFCB117,2023-08-12 10:53:52+00:00,117,4.9820873028790515,,,,,,,,64,,2,0
nwfsc_pacific_hake_survey,D20230812T111738_IFCB117,2023-08-12 11:17:38+00:00,117,4.991120596426504,,,,,,,,37,,2,0
nwfsc_pacific_hake_survey,D20230812T114125_IFCB117,2023-08-12 11:41:25+00:00,117,4.9919922688802085,,,,,,,,36,,2,0
nwfsc_pacific_hake_survey,D20230812T120510_IFCB117,2023-08-12 12:05:10+00:00,117,4.986729012948496,,,,,,,,51,,2,0
nwfsc_pacific_hake_survey,D20230812T122855_IFCB117,2023-08-12 12:28:55+00:00,117,4.9822161187065985,,,,,,,,64,,2,0
nwfsc_pacific_hake_survey,D20230812T125241_IFCB117,2023-08-12 12:52:41+00:00,117,4.979346498842592,,,,,,,,73,,2,0
nwfsc_pacific_hake_survey,D20230812T131627_IFCB117,2023-08-12 13:16:27+00:00,117,4.983023781105325,,,,,,,,61,,2,0
nwfsc_pacific_hake_survey,D20230812T134012_IFCB117,2023-08-12 13:40:12+00:00,117,4.929500045211227,,,,,,,,228,,2,0
nwfsc_pacific_hake_survey,D20230812T140358_IFCB117,2023-08-12 14:03:58+00:00,117,4.945413628472222,,,,,,,,176,,2,0
nwfsc_pacific_hake_survey,D20230812T142745_IFCB117,2023-08-12 14:27:45+00:00,117,4.9582809335214115,,,,,,,,129,,2,0
nwfsc_pacific_hake_survey,D20230812T145130_IFCB117,2023-08-12 14:51:30+00:00,117,4.940659686053241,,,,,,,,191,,2,0
nwfsc_pacific_hake_survey,D20230812T151516_IFCB117,2023-08-12 15:15:16+00:00,117,4.915168945312501,,,,,,,,267,,2,0
nwfsc_pacific_hake_survey,D20230812T153901_IFCB117,2023-08-12 15:39:01+00:00,117,4.930167317708334,,,,,,,,221,,2,0
nwfsc_pacific_hake_survey,D20230812T160248_IFCB117,2023-08-12 16:02:48+00:00,117,4.944729284215856,,,,,,,,179,,2,0
nwfsc_pacific_hake_survey,D20230812T162633_IFCB117,2023-08-12 16:26:33+00:00,117,4.941905264395254,,,,,,,,184,,2,0
nwfsc_pacific_hake_survey,D20230812T165019_IFCB117,2023-08-12 16:50:19+00:00,117,4.925056993272569,,,,,,,,236,,2,0
nwfsc_pacific_hake_survey,D20230812T171404_IFCB117,2023-08-12 17:14:04+00:00,117,4.95772962782118,,,,,,,,138,,2,0
nwfsc_pacific_hake_survey,D20230812T173749_IFCB117,2023-08-12 17:37:49+00:00,117,4.949788221571181,,,,,,,,155,,2,0
nwfsc_pacific_hake_survey,D20230812T180134_IFCB117,2023-08-12 18:01:34+00:00,117,4.720308828848379,,,,,,,,847,,2,0
nwfsc_pacific_hake_survey,D20230812T182520_IFCB117,2023-08-12 18:25:20+00:00,117,4.560877025462963,,,,,,,,1297,,2,0
nwfsc_pacific_hake_survey,D20230812T185404_IFCB117,2023-08-12 18:54:04+00:00,117,4.907931251808449,,,,,,,,289,,2,0
nwfsc_pacific_hake_survey,D20230812T191750_IFCB117,2023-08-12 19:17:50+00:00,117,4.95070849609375,,,,,,,,156,,2,0
nwfsc_pacific_hake_survey,D20230812T194135_IFCB117,2023-08-12 19:41:35+00:00,117,4.961890100549768,,,,,,,,123,,2,0
nwfsc_pacific_hake_survey,D20230812T200521_IFCB117,2023-08-12 20:05:21+00:00,117,4.793707736545139,,,,,,,,616,,2,0
nwfsc_pacific_hake_survey,D20230812T202907_IFCB117,2023-08-12 20:29:07+00:00,117,4.5822267795138885,,,,,,,,1248,,2,0
nwfsc_pacific_hake_survey,D20230812T205254_IFCB117,2023-08-12 20:52:54+00:00,117,4.301641276041667,,,,,,,,2066,,2,0
nwfsc_pacific_hake_survey,D20230812T211640_IFCB117,2023-08-12 21:16:40+00:00,117,4.754518844039351,,,,,,,,728,,2,0
nwfsc_pacific_hake_survey,D20230812T214025_IFCB117,2023-08-12 21:40:25+00:00,117,4.748353153935185,,,,,,,,744,,2,0
nwfsc_pacific_hake_survey,D20230812T220410_IFCB117,2023-08-12 22:04:10+00:00,117,4.515655960648148,,,,,,,,1423,,2,0
nwfsc_pacific_hake_survey,D20230812T222755_IFCB117,2023-08-12 22:27:55+00:00,117,4.384378761574074,,,,,,,,1806,,2,0
nwfsc_pacific_hake_survey,D20230812T225141_IFCB117,2023-08-12 22:51:41+00:00,117,4.314617621527778,,,,,,,,2019,,2,0
nwfsc_pacific_hake_survey,D20230812T231529_IFCB117,2023-08-12 23:15:29+00:00,117,4.234668981481481,,,,,,,,2246,,2,0
nwfsc_pacific_hake_survey,D20230812T233916_IFCB117,2023-08-12 23:39:16+00:00,117,4.784135253906251,,,,,,,,646,,2,0
nwfsc_pacific_hake_survey,D20230813T000302_IFCB117,2023-08-13 00:03:02+00:00,117,4.952002785011574,,,,,,,,150,,2,0
nwfsc_pacific_hake_survey,D20230813T002648_IFCB117,2023-08-13 00:26:48+00:00,117,4.9626391691984955,,,,,,,,121,,2,0
nwfsc_pacific_hake_survey,D20230813T005035_IFCB117,2023-08-13 00:50:35+00:00,117,4.965579951533566,,,,,,,,113,,2,0
nwfsc_pacific_hake_survey,D20230813T011421_IFCB117,2023-08-13 01:14:21+00:00,117,4.977451723451967,,,,,,,,77,,2,0
nwfsc_pacific_hake_survey,D20230813T013806_IFCB117,2023-08-13 01:38:06+00:00,117,4.956520634403935,,,,,,,,139,,2,0
nwfsc_pacific_hake_survey,D20230813T020151_IFCB117,2023-08-13 02:01:51+00:00,117,4.966174325448495,,,,,,,,110,,2,0
nwfsc_pacific_hake_survey,D20230813T022537_IFCB117,2023-08-13 02:25:37+00:00,117,4.97465697337963,,,,,,,,84,,2,0
nwfsc_pacific_hake_survey,D20230813T024922_IFCB117,2023-08-13 02:49:22+00:00,117,4.977445845992477,,,,,,,,68,,2,0
nwfsc_pacific_hake_survey,D20230813T031307_IFCB117,2023-08-13 03:13:07+00:00,117,4.987502884476273,,,,,,,,47,,2,0
nwfsc_pacific_hake_survey,D20230813T033654_IFCB117,2023-08-13 03:36:54+00:00,117,4.971745994285301,,,,,,,,95,,2,0
nwfsc_pacific_hake_survey,D20230813T040040_IFCB117,2023-08-13 04:00:40+00:00,117,4.972768590856481,,,,,,,,86,,2,0
nwfsc_pacific_hake_survey,D20230813T042425_IFCB117,2023-08-13 04:24:25+00:00,117,4.984841805917244,,,,,,,,54,,2,0
nwfsc_pacific_hake_survey,D20230813T044811_IFCB117,2023-08-13 04:48:11+00:00,117,4.990445393880208,,,,,,,,38,,2,0
nwfsc_pacific_hake_survey,D20230813T051157_IFCB117,2023-08-13 05:11:57+00:00,117,4.99095921947338,,,,,,,,37,,2,0
nwfsc_pacific_hake_survey,D20230813T053544_IFCB117,2023-08-13 05:35:44+00:00,117,4.990931405526621,,,,,,,,37,,2,0
nwfsc_pacific_hake_survey,D20230813T055929_IFCB117,2023-08-13 05:59:29+00:00,117,4.990275896990741,,,,,,,,38,,2,0
nwfsc_pacific_hake_survey,D20230813T062314_IFCB117,2023-08-13 06:23:14+00:00,117,4.993844310619213,,,,,,,,29,,2,0
nwfsc_pacific_hake_survey,D20230813T064700_IFCB117,2023-08-13 06:47:00+00:00,117,4.990118860315392,,,,,,,,38,,2,0
nwfsc_pacific_hake_survey,D20230813T071046_IFCB117,2023-08-13 07:10:46+00:00,117,4.993727023654515,,,,,,,,30,,2,0
nwfsc_pacific_hake_survey,D20230813T073433_IFCB117,2023-08-13 07:34:33+00:00,117,4.990182662398727,,,,,,,,38,,2,0
nwfsc_pacific_hake_survey,D20230813T075818_IFCB117,2023-08-13 07:58:18+00:00,117,4.996896448206018,,,,,,,,20,,2,0
nwfsc_pacific_hake_survey,D20230813T082204_IFCB117,2023-08-13 08:22:04+00:00,117,4.989800681785301,,,,,,,,40,,2,0
nwfsc_pacific_hake_survey,D20230813T085734_IFCB117,2023-08-13 08:57:34+00:00,117,4.990993869357638,,,,,,,,37,,2,0
nwfsc_pacific_hake_survey,D20230813T092120_IFCB117,2023-08-13 09:21:20+00:00,117,4.99583117223669,,,,,,,,22,,2,0
nwfsc_pacific_hake_survey,D20230813T094507_IFCB117,2023-08-13 09:45:07+00:00,117,4.991566749855323,,,,,,,,34,,2,0
nwfsc_pacific_hake_survey,D20230813T100852_IFCB117,2023-08-13 10:08:52+00:00,117,4.993442274305555,,,,,,,,29,,2,0
nwfsc_pacific_hake_survey,D20230813T103735_IFCB117,2023-08-13 10:37:35+00:00,117,4.98184242078993,,,,,,,,63,,2,0
nwfsc_pacific_hake_survey,D20230813T110121_IFCB117,2023-08-13 11:01:21+00:00,117,4.993292254412615,,,,,,,,31,,2,0
nwfsc_pacific_hake_survey,D20230813T112507_IFCB117,2023-08-13 11:25:07+00:00,117,4.898558168764469,,,,,,,,300,,2,0
nwfsc_pacific_hake_survey,D20230813T114853_IFCB117,2023-08-13 11:48:53+00:00,117,4.903027470341434,,,,,,,,292,,2,0
nwfsc_pacific_hake_survey,D20230813T121239_IFCB117,2023-08-13 12:12:39+00:00,117,4.986710367838541,,,,,,,,48,,2,0
nwfsc_pacific_hake_survey,D20230813T123625_IFCB117,2023-08-13 12:36:25+00:00,117,4.985928756148726,,,,,,,,51,,2,0
nwfsc_pacific_hake_survey,D20230813T130011_IFCB117,2023-08-13 13:00:11+00:00,117,4.993911774811921,,,,,,,,28,,2,0
nwfsc_pacific_hake_survey,D20230813T132358_IFCB117,2023-08-13 13:23:58+00:00,117,4.985403618706598,,,,,,,,52,,2,0
nwfsc_pacific_hake_survey,D20230813T134744_IFCB117,2023-08-13 13:47:44+00:00,117,4.9817736816406235,,,,,,,,63,,2,0
nwfsc_pacific_hake_survey,D20230813T141130_IFCB117,2023-08-13 14:11:30+00:00,117,4.9838842321325245,,,,,,,,57,,2,0
nwfsc_pacific_hake_survey,D20230813T143515_IFCB117,2023-08-13 14:35:15+00:00,117,4.979600296585648,,,,,,,,68,,2,0
nwfsc_pacific_hake_survey,D20230813T145901_IFCB117,2023-08-13 14:59:01+00:00,117,4.983720694082755,,,,,,,,56,,2,0
nwfsc_pacific_hake_survey,D20230813T152248_IFCB117,2023-08-13 15:22:48+00:00,117,4.982505597149884,,,,,,,,60,,2,0
nwfsc_pacific_hake_survey,D20230813T154634_IFCB117,2023-08-13 15:46:34+00:00,117,4.9953829662181715,,,,,,,,24,,2,0
nwfsc_pacific_hake_survey,D20230813T161020_IFCB117,2023-08-13 16:10:20+00:00,117,4.996015380859374,,,,,,,,22,,2,0
nwfsc_pacific_hake_survey,D20230813T163406_IFCB117,2023-08-13 16:34:06+00:00,117,4.99606714771412,,,,,,,,23,,2,0
nwfsc_pacific_hake_survey,D20230813T165752_IFCB117,2023-08-13 16:57:52+00:00,117,4.985233506944444,,,,,,,,53,,2,0
nwfsc_pacific_hake_survey,D20230813T172138_IFCB117,2023-08-13 17:21:38+00:00,117,4.991515163845486,,,,,,,,34,,2,0
nwfsc_pacific_hake_survey,D20230813T174524_IFCB117,2023-08-13 17:45:24+00:00,117,4.805196795428241,,,,,,,,571,,2,0
nwfsc_pacific_hake_survey,D20230813T180910_IFCB117,2023-08-13 18:09:10+00:00,117,4.40362962962963,,,,,,,,1722,,2,0
nwfsc_pacific_hake_survey,D20230813T183257_IFCB117,2023-08-13 18:32:57+00:00,117,4.1245531684027785,,,,,,,,2526,,2,0
nwfsc_pacific_hake_survey,D20230813T185646_IFCB117,2023-08-13 18:56:46+00:00,117,3.033884403935185,,,,,,,,5531,,2,0
nwfsc_pacific_hake_survey,D20230813T192036_IFCB117,2023-08-13 19:20:36+00:00,117,3.4083233506944444,,,,,,,,4536,,2,0
nwfsc_pacific_hake_survey,D20230813T194425_IFCB117,2023-08-13 19:44:25+00:00,117,3.3909311342592594,,,,,,,,4598,,2,0
nwfsc_pacific_hake_survey,D20230813T200813_IFCB117,2023-08-13 20:08:13+00:00,117,3.8010844184027786,,,,,,,,3494,,2,0
nwfsc_pacific_hake_survey,D20230813T203202_IFCB117,2023-08-13 20:32:02+00:00,117,3.520755208333333,,,,,,,,4252,,2,0
nwfsc_pacific_hake_survey,D20230813T205551_IFCB117,2023-08-13 20:55:51+00:00,117,3.831014178240741,,,,,,,,3385,,2,0
nwfsc_pacific_hake_survey,D20230813T211939_IFCB117,2023-08-13 21:19:39+00:00,117,3.910302372685185,,,,,,,,3135,,2,0
nwfsc_pacific_hake_survey,D20230813T214326_IFCB117,2023-08-13 21:43:26+00:00,117,4.263740306712964,,,,,,,,2136,,2,0
nwfsc_pacific_hake_survey,D20230813T220715_IFCB117,2023-08-13 22:07:15+00:00,117,3.3309687500000007,,,,,,,,4804,,2,0
nwfsc_pacific_hake_survey,D20230813T223104_IFCB117,2023-08-13 22:31:04+00:00,117,3.070923466435185,,,,,,,,5470,,2,0
nwfsc_pacific_hake_survey,D20230813T225452_IFCB117,2023-08-13 22:54:52+00:00,117,3.983937934027777,,,,,,,,2941,,2,0
nwfsc_pacific_hake_survey,D20230813T231840_IFCB117,2023-08-13 23:18:40+00:00,117,4.410076208043981,,,,,,,,1705,,2,0
nwfsc_pacific_hake_survey,D20230813T234228_IFCB117,2023-08-13 23:42:28+00:00,117,4.842913031684028,,,,,,,,463,,2,0
nwfsc_pacific_hake_survey,D20230814T000614_IFCB117,2023-08-14 00:06:14+00:00,117,4.843226092303241,,,,,,,,462,,2,0
nwfsc_pacific_hake_survey,D20230814T003000_IFCB117,2023-08-14 00:30:00+00:00,117,4.797475043402779,,,,,,,,592,,2,0
nwfsc_pacific_hake_survey,D20230814T005346_IFCB117,2023-08-14 00:53:46+00:00,117,4.850525264033565,,,,,,,,439,,2,0
nwfsc_pacific_hake_survey,D20230814T011733_IFCB117,2023-08-14 01:17:33+00:00,117,4.923738561559606,,,,,,,,219,,2,0
nwfsc_pacific_hake_survey,D20230814T014119_IFCB117,2023-08-14 01:41:19+00:00,117,4.934657036675347,,,,,,,,201,,2,0
nwfsc_pacific_hake_survey,D20230814T020505_IFCB117,2023-08-14 02:05:05+00:00,117,4.920651240596064,,,,,,,,242,,2,0
nwfsc_pacific_hake_survey,D20230814T023348_IFCB117,2023-08-14 02:33:48+00:00,117,4.9197900752314805,,,,,,,,241,,2,0
nwfsc_pacific_hake_survey,D20230814T025733_IFCB117,2023-08-14 02:57:33+00:00,117,4.94238821976273,,,,,,,,176,,2,0
nwfsc_pacific_hake_survey,D20230814T032119_IFCB117,2023-08-14 03:21:19+00:00,117,4.945401403356481,,,,,,,,167,,2,0
nwfsc_pacific_hake_survey,D20230814T034505_IFCB117,2023-08-14 03:45:05+00:00,117,4.948159062138311,,,,,,,,157,,2,0
nwfsc_pacific_hake_survey,D20230814T040851_IFCB117,2023-08-14 04:08:51+00:00,117,4.911341064453124,,,,,,,,263,,2,0
nwfsc_pacific_hake_survey,D20230814T043237_IFCB117,2023-08-14 04:32:37+00:00,117,4.934599103009258,,,,,,,,197,,2,0
nwfsc_pacific_hake_survey,D20230814T045624_IFCB117,2023-08-14 04:56:24+00:00,117,4.936207763671875,,,,,,,,192,,2,0
nwfsc_pacific_hake_survey,D20230814T052010_IFCB117,2023-08-14 05:20:10+00:00,117,4.978182517722801,,,,,,,,74,,2,0
nwfsc_pacific_hake_survey,D20230814T054356_IFCB117,2023-08-14 05:43:56+00:00,117,4.985881872106481,,,,,,,,50,,2,0
nwfsc_pacific_hake_survey,D20230814T060741_IFCB117,2023-08-14 06:07:41+00:00,117,4.974496066623264,,,,,,,,84,,2,0
nwfsc_pacific_hake_survey,D20230814T063127_IFCB117,2023-08-14 06:31:27+00:00,117,4.984058015046297,,,,,,,,43,,2,0
nwfsc_pacific_hake_survey,D20230814T065513_IFCB117,2023-08-14 06:55:13+00:00,117,4.990812590422453,,,,,,,,32,,2,0
nwfsc_pacific_hake_survey,D20230814T071859_IFCB117,2023-08-14 07:18:59+00:00,117,4.980674027054397,,,,,,,,66,,2,0
nwfsc_pacific_hake_survey,D20230814T074245_IFCB117,2023-08-14 07:42:45+00:00,117,4.974239185474536,,,,,,,,84,,2,0
nwfsc_pacific_hake_survey,D20230814T081815_IFCB117,2023-08-14 08:18:15+00:00,117,4.987153076171875,,,,,,,,47,,2,0
nwfsc_pacific_hake_survey,D20230814T084201_IFCB117,2023-08-14 08:42:01+00:00,117,4.9634089717158565,,,,,,,,115,,2,0
nwfsc_pacific_hake_survey,D20230814T090546_IFCB117,2023-08-14 09:05:46+00:00,117,4.947349401403357,,,,,,,,163,,2,0
nwfsc_pacific_hake_survey,D20230814T092933_IFCB117,2023-08-14 09:29:33+00:00,117,4.9496205060040515,,,,,,,,150,,2,0
nwfsc_pacific_hake_survey,D20230814T095319_IFCB117,2023-08-14 09:53:19+00:00,117,4.358543402777779,,,,,,,,1879,,2,0
nwfsc_pacific_hake_survey,D20230814T101706_IFCB117,2023-08-14 10:17:06+00:00,117,3.9927988281249998,,,,,,,,2920,,2,0
nwfsc_pacific_hake_survey,D20230814T104054_IFCB117,2023-08-14 10:40:54+00:00,117,4.160343026620371,,,,,,,,2417,,2,0
nwfsc_pacific_hake_survey,D20230814T110442_IFCB117,2023-08-14 11:04:42+00:00,117,4.2783717447916665,,,,,,,,2102,,2,0
nwfsc_pacific_hake_survey,D20230814T112828_IFCB117,2023-08-14 11:28:28+00:00,117,4.850114095052082,,,,,,,,443,,2,0
nwfsc_pacific_hake_survey,D20230814T115214_IFCB117,2023-08-14 11:52:14+00:00,117,4.921032353153936,,,,,,,,237,,2,0
nwfsc_pacific_hake_survey,D20230814T121600_IFCB117,2023-08-14 12:16:00+00:00,117,4.96516871021412,,,,,,,,110,,2,0
nwfsc_pacific_hake_survey,D20230814T123947_IFCB117,2023-08-14 12:39:47+00:00,117,4.980930456090857,,,,,,,,65,,2,0
nwfsc_pacific_hake_survey,D20230814T130333_IFCB117,2023-08-14 13:03:33+00:00,117,4.982807183159722,,,,,,,,59,,2,0
nwfsc_pacific_hake_survey,D20230814T132719_IFCB117,2023-08-14 13:27:19+00:00,117,4.981498860677084,,,,,,,,64,,2,0
nwfsc_pacific_hake_survey,D20230814T135105_IFCB117,2023-08-14 13:51:05+00:00,117,4.972709219473378,,,,,,,,90,,2,0
nwfsc_pacific_hake_survey,D20230814T141450_IFCB117,2023-08-14 14:14:50+00:00,117,4.975571822554977,,,,,,,,80,,2,0
nwfsc_pacific_hake_survey,D20230814T143837_IFCB117,2023-08-14 14:38:37+00:00,117,4.984683168764466,,,,,,,,53,,2,0
nwfsc_pacific_hake_survey,D20230814T150223_IFCB117,2023-08-14 15:02:23+00:00,117,4.975263418692129,,,,,,,,81,,2,0
nwfsc_pacific_hake_survey,D20230814T152609_IFCB117,2023-08-14 15:26:09+00:00,117,4.982238679108796,,,,,,,,61,,2,0
nwfsc_pacific_hake_survey,D20230814T154955_IFCB117,2023-08-14 15:49:55+00:00,117,4.981222999855324,,,,,,,,64,,2,0
nwfsc_pacific_hake_survey,D20230814T161342_IFCB117,2023-08-14 16:13:42+00:00,117,4.9870211498119215,,,,,,,,47,,2,0
nwfsc_pacific_hake_survey,D20230814T163728_IFCB117,2023-08-14 16:37:28+00:00,117,4.9871339518229165,,,,,,,,47,,2,0
nwfsc_pacific_hake_survey,D20230814T170114_IFCB117,2023-08-14 17:01:14+00:00,117,4.988893627025463,,,,,,,,42,,2,0
nwfsc_pacific_hake_survey,D20230814T172500_IFCB117,2023-08-14 17:25:00+00:00,117,4.990679850260417,,,,,,,,41,,2,0
nwfsc_pacific_hake_survey,D20230814T174846_IFCB117,2023-08-14 17:48:46+00:00,117,4.995398039641203,,,,,,,,24,,2,0
nwfsc_pacific_hake_survey,D20230814T181730_IFCB117,2023-08-14 18:17:30+00:00,117,4.97731322337963,,,,,,,,75,,2,0
nwfsc_pacific_hake_survey,D20230814T184116_IFCB117,2023-08-14 18:41:16+00:00,117,4.983179931640625,,,,,,,,58,,2,0
nwfsc_pacific_hake_survey,D20230814T190502_IFCB117,2023-08-14 19:05:02+00:00,117,4.9807653446903934,,,,,,,,65,,2,0
nwfsc_pacific_hake_survey,D20230814T192847_IFCB117,2023-08-14 19:28:47+00:00,117,4.994410382306134,,,,,,,,26,,2,0
nwfsc_pacific_hake_survey,D20230814T195233_IFCB117,2023-08-14 19:52:33+00:00,117,4.999223343460647,,,,,,,,12,,2,0
nwfsc_pacific_hake_survey,D20230814T201618_IFCB117,2023-08-14 20:16:18+00:00,117,4.998800772207756,,,,,,,,15,,2,0
nwfsc_pacific_hake_survey,D20230814T204004_IFCB117,2023-08-14 20:40:04+00:00,117,4.998193919994213,,,,,,,,16,,2,0
nwfsc_pacific_hake_survey,D20230814T210350_IFCB117,2023-08-14 21:03:50+00:00,117,4.997358805338541,,,,,,,,18,,2,0
nwfsc_pacific_hake_survey,D20230814T212736_IFCB117,2023-08-14 21:27:36+00:00,117,4.999984573929398,,,,,,,,10,,2,0
nwfsc_pacific_hake_survey,D20230814T215123_IFCB117,2023-08-14 21:51:23+00:00,117,4.9996046278211805,,,,,,,,11,,2,0
nwfsc_pacific_hake_survey,D20230814T221509_IFCB117,2023-08-14 22:15:09+00:00,117,4.996509394892939,,,,,,,,20,,2,0
nwfsc_pacific_hake_survey,D20230814T223855_IFCB117,2023-08-14 22:38:55+00:00,117,4.9969166666666665,,,,,,,,19,,2,0
nwfsc_pacific_hake_survey,D20230814T230240_IFCB117,2023-08-14 23:02:40+00:00,117,5.000350206163194,,,,,,,,10,,2,0
nwfsc_pacific_hake_survey,D20230814T232625_IFCB117,2023-08-14 23:26:25+00:00,117,4.994783664279513,,,,,,,,25,,2,0
nwfsc_pacific_hake_survey,D20230814T235011_IFCB117,2023-08-14 23:50:11+00:00,117,4.995047327112269,,,,,,,,25,,2,0
nwfsc_pacific_hake_survey,D20230815T001357_IFCB117,2023-08-15 00:13:57+00:00,117,4.997339735243056,,,,,,,,18,,2,0
nwfsc_pacific_hake_survey,D20230815T003742_IFCB117,2023-08-15 00:37:42+00:00,117,4.991298321759259,,,,,,,,36,,2,0
nwfsc_pacific_hake_survey,D20230815T010128_IFCB117,2023-08-15 01:01:28+00:00,117,4.178506655092592,,,,,,,,2374,,2,0
nwfsc_pacific_hake_survey,D20230815T012514_IFCB117,2023-08-15 01:25:14+00:00,117,3.3675214120370374,,,,,,,,4637,,2,0
nwfsc_pacific_hake_survey,D20230815T014903_IFCB117,2023-08-15 01:49:03+00:00,117,3.814512731481481,,,,,,,,3406,,2,0
nwfsc_pacific_hake_survey,D20230815T021251_IFCB117,2023-08-15 02:12:51+00:00,117,3.1880015914351847,,,,,,,,5153,,2,0
nwfsc_pacific_hake_survey,D20230815T023640_IFCB117,2023-08-15 02:36:40+00:00,117,2.9078725405092594,,,,,,,,5915,,2,0
nwfsc_pacific_hake_survey,D20230815T030030_IFCB117,2023-08-15 03:00:30+00:00,117,3.7124593460648145,,,,,,,,3441,,2,0
nwfsc_pacific_hake_survey,D20230815T032418_IFCB117,2023-08-15 03:24:18+00:00,117,3.3374761284722227,,,,,,,,4542,,2,0
nwfsc_pacific_hake_survey,D20230815T034807_IFCB117,2023-08-15 03:48:07+00:00,117,3.0936895254629633,,,,,,,,5405,,2,0
nwfsc_pacific_hake_survey,D20230815T041157_IFCB117,2023-08-15 04:11:57+00:00,117,2.970105324074074,,,,,,,,5738,,2,0
nwfsc_pacific_hake_survey,D20230815T043548_IFCB117,2023-08-15 04:35:48+00:00,117,2.8948721064814813,,,,,,,,5937,,2,0
nwfsc_pacific_hake_survey,D20230815T045938_IFCB117,2023-08-15 04:59:38+00:00,117,2.822282118055556,,,,,,,,6094,,2,0
nwfsc_pacific_hake_survey,D20230815T052327_IFCB117,2023-08-15 05:23:27+00:00,117,2.648401186342593,,,,,,,,6317,,2,0
nwfsc_pacific_hake_survey,D20230815T054717_IFCB117,2023-08-15 05:47:17+00:00,117,2.4909649884259264,,,,,,,,7068,,2,0
nwfsc_pacific_hake_survey,D20230815T061107_IFCB117,2023-08-15 06:11:07+00:00,117,2.864855758101852,,,,,,,,5999,,2,0
nwfsc_pacific_hake_survey,D20230815T063457_IFCB117,2023-08-15 06:34:57+00:00,117,3.2258697916666668,,,,,,,,4680,,2,0
nwfsc_pacific_hake_survey,D20230815T065845_IFCB117,2023-08-15 06:58:45+00:00,117,2.9281281828703696,,,,,,,,5799,,2,0
nwfsc_pacific_hake_survey,D20230815T072236_IFCB117,2023-08-15 07:22:36+00:00,117,2.6452718460648152,,,,,,,,6613,,2,0
nwfsc_pacific_hake_survey,D20230815T075810_IFCB117,2023-08-15 07:58:10+00:00,117,4.519811378761574,,,,,,,,1405,,2,0
nwfsc_pacific_hake_survey,D20230815T082157_IFCB117,2023-08-15 08:21:57+00:00,117,4.548912760416667,,,,,,,,1306,,2,0
nwfsc_pacific_hake_survey,D20230815T084544_IFCB117,2023-08-15 08:45:44+00:00,117,4.586422417534721,,,,,,,,1209,,2,0
nwfsc_pacific_hake_survey,D20230815T090931_IFCB117,2023-08-15 09:09:31+00:00,117,4.764114655671296,,,,,,,,671,,2,0
nwfsc_pacific_hake_survey,D20230815T093317_IFCB117,2023-08-15 09:33:17+00:00,117,4.860666314019096,,,,,,,,401,,2,0
nwfsc_pacific_hake_survey,D20230815T100200_IFCB117,2023-08-15 10:02:00+00:00,117,4.8144008969907395,,,,,,,,563,,2,0
nwfsc_pacific_hake_survey,D20230815T102546_IFCB117,2023-08-15 10:25:46+00:00,117,4.738652054398148,,,,,,,,771,,2,0
nwfsc_pacific_hake_survey,D20230815T104932_IFCB117,2023-08-15 10:49:32+00:00,117,4.898577790436921,,,,,,,,296,,2,0
nwfsc_pacific_hake_survey,D20230815T111318_IFCB117,2023-08-15 11:13:18+00:00,117,4.666467303240741,,,,,,,,645,,2,0
nwfsc_pacific_hake_survey,D20230815T113706_IFCB117,2023-08-15 11:37:06+00:00,117,3.6241371527777773,,,,,,,,3945,,2,0
nwfsc_pacific_hake_survey,D20230815T120054_IFCB117,2023-08-15 12:00:54+00:00,117,3.2336689814814816,,,,,,,,5059,,2,0
nwfsc_pacific_hake_survey,D20230815T122443_IFCB117,2023-08-15 12:24:43+00:00,117,2.8131317997685183,,,,,,,,6106,,2,0
nwfsc_pacific_hake_survey,D20230815T124833_IFCB117,2023-08-15 12:48:33+00:00,117,3.2849438657407415,,,,,,,,4826,,2,0
nwfsc_pacific_hake_survey,D20230815T131222_IFCB117,2023-08-15 13:12:22+00:00,117,3.56677806712963,,,,,,,,4037,,2,0
nwfsc_pacific_hake_survey,D20230815T133610_IFCB117,2023-08-15 13:36:10+00:00,117,3.407692853009259,,,,,,,,4232,,2,0
nwfsc_pacific_hake_survey,D20230815T135959_IFCB117,2023-08-15 13:59:59+00:00,117,2.9627443576388885,,,,,,,,5697,,2,0
nwfsc_pacific_hake_survey,D20230815T142349_IFCB117,2023-08-15 14:23:49+00:00,117,2.871101707175926,,,,,,,,5990,,2,0
nwfsc_pacific_hake_survey,D20230815T144740_IFCB117,2023-08-15 14:47:40+00:00,117,3.149630497685185,,,,,,,,5264,,2,0
nwfsc_pacific_hake_survey,D20230815T151128_IFCB117,2023-08-15 15:11:28+00:00,117,3.284891927083333,,,,,,,,4902,,2,0
nwfsc_pacific_hake_survey,D20230815T153517_IFCB117,2023-08-15 15:35:17+00:00,117,2.9516372974537037,,,,,,,,5781,,2,0
nwfsc_pacific_hake_survey,D20230815T155907_IFCB117,2023-08-15 15:59:07+00:00,117,3.9482860966435185,,,,,,,,2382,,2,0
nwfsc_pacific_hake_survey,D20230815T162255_IFCB117,2023-08-15 16:22:55+00:00,117,4.223348596643517,,,,,,,,2213,,2,0
nwfsc_pacific_hake_survey,D20230815T164641_IFCB117,2023-08-15 16:46:41+00:00,117,4.701133101851851,,,,,,,,847,,2,0
nwfsc_pacific_hake_survey,D20230815T171027_IFCB117,2023-08-15 17:10:27+00:00,117,4.724446451822916,,,,,,,,806,,2,0
nwfsc_pacific_hake_survey,D20230815T173414_IFCB117,2023-08-15 17:34:14+00:00,117,4.493924732349536,,,,,,,,1440,,2,0
nwfsc_pacific_hake_survey,D20230815T175801_IFCB117,2023-08-15 17:58:01+00:00,117,4.66495851417824,,,,,,,,976,,2,0
nwfsc_pacific_hake_survey,D20230815T182147_IFCB117,2023-08-15 18:21:47+00:00,117,4.786231589988426,,,,,,,,623,,2,0
nwfsc_pacific_hake_survey,D20230815T184532_IFCB117,2023-08-15 18:45:32+00:00,117,4.58169701244213,,,,,,,,1222,,2,0
nwfsc_pacific_hake_survey,D20230815T190919_IFCB117,2023-08-15 19:09:19+00:00,117,4.763713107638889,,,,,,,,688,,2,0
nwfsc_pacific_hake_survey,D20230815T193305_IFCB117,2023-08-15 19:33:05+00:00,117,4.827827763310185,,,,,,,,503,,2,0
nwfsc_pacific_hake_survey,D20230815T195652_IFCB117,2023-08-15 19:56:52+00:00,117,4.825758716724536,,,,,,,,503,,2,0
nwfsc_pacific_hake_survey,D20230815T202037_IFCB117,2023-08-15 20:20:37+00:00,117,4.884933123553241,,,,,,,,336,,2,0
nwfsc_pacific_hake_survey,D20230815T204422_IFCB117,2023-08-15 20:44:22+00:00,117,4.876156720196759,,,,,,,,361,,2,0
nwfsc_pacific_hake_survey,D20230815T210808_IFCB117,2023-08-15 21:08:08+00:00,117,4.876951895254629,,,,,,,,355,,2,0
nwfsc_pacific_hake_survey,D20230815T213155_IFCB117,2023-08-15 21:31:55+00:00,117,4.911337800202546,,,,,,,,262,,2,0
nwfsc_pacific_hake_survey,D20230815T215541_IFCB117,2023-08-15 21:55:41+00:00,117,4.89964609555845,,,,,,,,298,,2,0
nwfsc_pacific_hake_survey,D20230815T221927_IFCB117,2023-08-15 22:19:27+00:00,117,4.907286512586806,,,,,,,,272,,2,0
nwfsc_pacific_hake_survey,D20230815T224312_IFCB117,2023-08-15 22:43:12+00:00,117,4.940313377097801,,,,,,,,181,,2,0
nwfsc_pacific_hake_survey,D20230815T230659_IFCB117,2023-08-15 23:06:59+00:00,117,4.9611651746961805,,,,,,,,115,,2,0
nwfsc_pacific_hake_survey,D20230815T233045_IFCB117,2023-08-15 23:30:45+00:00,117,4.979121184172454,,,,,,,,60,,2,0
nwfsc_pacific_hake_survey,D20230815T235431_IFCB117,2023-08-15 23:54:31+00:00,117,4.969900544343171,,,,,,,,96,,2,0
nwfsc_pacific_hake_survey,D20230816T001816_IFCB117,2023-08-16 00:18:16+00:00,117,4.971470088252315,,,,,,,,94,,2,0
nwfsc_pacific_hake_survey,D20230816T004202_IFCB117,2023-08-16 00:42:02+00:00,117,4.969197102864584,,,,,,,,100,,2,0
nwfsc_pacific_hake_survey,D20230816T010548_IFCB117,2023-08-16 01:05:48+00:00,117,4.97423412181713,,,,,,,,86,,2,0
nwfsc_pacific_hake_survey,D20230816T012933_IFCB117,2023-08-16 01:29:33+00:00,117,4.961954318576389,,,,,,,,120,,2,0
nwfsc_pacific_hake_survey,D20230816T015816_IFCB117,2023-08-16 01:58:16+00:00,117,4.95447900390625,,,,,,,,145,,2,0
nwfsc_pacific_hake_survey,D20230816T022202_IFCB117,2023-08-16 02:22:02+00:00,117,4.964805537471065,,,,,,,,113,,2,0
nwfsc_pacific_hake_survey,D20230816T024549_IFCB117,2023-08-16 02:45:49+00:00,117,3.897703486689815,,,,,,,,3204,,2,0
nwfsc_pacific_hake_survey,D20230816T030937_IFCB117,2023-08-16 03:09:37+00:00,117,2.723406539351852,,,,,,,,6459,,2,0
nwfsc_pacific_hake_survey,D20230816T033328_IFCB117,2023-08-16 03:33:28+00:00,117,2.871599247685184,,,,,,,,6009,,2,0
nwfsc_pacific_hake_survey,D20230816T035718_IFCB117,2023-08-16 03:57:18+00:00,117,2.5300905671296294,,,,,,,,6712,,2,0
nwfsc_pacific_hake_survey,D20230816T042109_IFCB117,2023-08-16 04:21:09+00:00,117,2.990240017361111,,,,,,,,5752,,2,0
nwfsc_pacific_hake_survey,D20230816T044458_IFCB117,2023-08-16 04:44:58+00:00,117,2.5221660879629626,,,,,,,,6893,,2,0
nwfsc_pacific_hake_survey,D20230816T050847_IFCB117,2023-08-16 05:08:47+00:00,117,2.3894814814814804,,,,,,,,7262,,2,0
nwfsc_pacific_hake_survey,D20230816T053238_IFCB117,2023-08-16 05:32:38+00:00,117,2.375336516203705,,,,,,,,7308,,2,0
nwfsc_pacific_hake_survey,D20230816T055628_IFCB117,2023-08-16 05:56:28+00:00,117,3.0662527488425924,,,,,,,,5002,,2,0
nwfsc_pacific_hake_survey,D20230816T062017_IFCB117,2023-08-16 06:20:17+00:00,117,2.8140183738425923,,,,,,,,6152,,2,0
nwfsc_pacific_hake_survey,D20230816T064407_IFCB117,2023-08-16 06:44:07+00:00,117,3.7726458333333333,,,,,,,,3367,,2,0
nwfsc_pacific_hake_survey,D20230816T071938_IFCB117,2023-08-16 07:19:38+00:00,117,4.558324146412036,,,,,,,,995,,2,0
nwfsc_pacific_hake_survey,D20230816T074326_IFCB117,2023-08-16 07:43:26+00:00,117,4.4507685546875,,,,,,,,1416,,2,0
nwfsc_pacific_hake_survey,D20230816T080713_IFCB117,2023-08-16 08:07:13+00:00,117,4.495877350983796,,,,,,,,1358,,2,0
nwfsc_pacific_hake_survey,D20230816T083100_IFCB117,2023-08-16 08:31:00+00:00,117,4.503121600115741,,,,,,,,1455,,2,0
nwfsc_pacific_hake_survey,D20230816T085447_IFCB117,2023-08-16 08:54:47+00:00,117,4.893551803023727,,,,,,,,267,,2,0
nwfsc_pacific_hake_survey,D20230816T091832_IFCB117,2023-08-16 09:18:32+00:00,117,4.8442164713541676,,,,,,,,460,,2,0
nwfsc_pacific_hake_survey,D20230816T094219_IFCB117,2023-08-16 09:42:19+00:00,117,4.8642668095341435,,,,,,,,401,,2,0
nwfsc_pacific_hake_survey,D20230816T100605_IFCB117,2023-08-16 10:06:05+00:00,117,4.858405255353008,,,,,,,,406,,2,0
nwfsc_pacific_hake_survey,D20230816T102950_IFCB117,2023-08-16 10:29:50+00:00,117,4.89843468786169,,,,,,,,280,,2,0
nwfsc_pacific_hake_survey,D20230816T105335_IFCB117,2023-08-16 10:53:35+00:00,117,4.908917182074652,,,,,,,,270,,2,0
nwfsc_pacific_hake_survey,D20230816T111722_IFCB117,2023-08-16 11:17:22+00:00,117,4.909195818865741,,,,,,,,272,,2,0
nwfsc_pacific_hake_survey,D20230816T114108_IFCB117,2023-08-16 11:41:08+00:00,117,4.900261366102431,,,,,,,,297,,2,0
nwfsc_pacific_hake_survey,D20230816T120454_IFCB117,2023-08-16 12:04:54+00:00,117,4.955068513093171,,,,,,,,134,,2,0
nwfsc_pacific_hake_survey,D20230816T122839_IFCB117,2023-08-16 12:28:39+00:00,117,4.937044325086807,,,,,,,,192,,2,0
nwfsc_pacific_hake_survey,D20230816T125225_IFCB117,2023-08-16 12:52:25+00:00,117,4.939369041160301,,,,,,,,185,,2,0
nwfsc_pacific_hake_survey,D20230816T131612_IFCB117,2023-08-16 13:16:12+00:00,117,4.938519730179397,,,,,,,,186,,2,0
nwfsc_pacific_hake_survey,D20230816T133958_IFCB117,2023-08-16 13:39:58+00:00,117,4.933946804470486,,,,,,,,198,,2,0
nwfsc_pacific_hake_survey,D20230816T140343_IFCB117,2023-08-16 14:03:43+00:00,117,4.922190239800348,,,,,,,,237,,2,0
nwfsc_pacific_hake_survey,D20230816T142729_IFCB117,2023-08-16 14:27:29+00:00,117,4.943177888093172,,,,,,,,173,,2,0
nwfsc_pacific_hake_survey,D20230816T145116_IFCB117,2023-08-16 14:51:16+00:00,117,4.941432843243634,,,,,,,,197,,2,0
nwfsc_pacific_hake_survey,D20230816T151502_IFCB117,2023-08-16 15:15:02+00:00,117,4.7780414677372685,,,,,,,,650,,2,0
nwfsc_pacific_hake_survey,D20230816T153847_IFCB117,2023-08-16 15:38:47+00:00,117,4.843901041666667,,,,,,,,431,,2,0
nwfsc_pacific_hake_survey,D20230816T160233_IFCB117,2023-08-16 16:02:33+00:00,117,4.3022534722222225,,,,,,,,1930,,2,0
nwfsc_pacific_hake_survey,D20230816T162621_IFCB117,2023-08-16 16:26:21+00:00,117,4.278930121527778,,,,,,,,2073,,2,0
nwfsc_pacific_hake_survey,D20230816T165008_IFCB117,2023-08-16 16:50:08+00:00,117,4.204417751736112,,,,,,,,2278,,2,0
nwfsc_pacific_hake_survey,D20230816T171354_IFCB117,2023-08-16 17:13:54+00:00,117,4.008256944444443,,,,,,,,2866,,2,0
nwfsc_pacific_hake_survey,D20230816T174239_IFCB117,2023-08-16 17:42:39+00:00,117,4.687617838541667,,,,,,,,917,,2,0
nwfsc_pacific_hake_survey,D20230816T180627_IFCB117,2023-08-16 18:06:27+00:00,117,4.886951859085648,,,,,,,,337,,2,0
nwfsc_pacific_hake_survey,D20230816T183013_IFCB117,2023-08-16 18:30:13+00:00,117,4.915269639756945,,,,,,,,242,,2,0
nwfsc_pacific_hake_survey,D20230816T185359_IFCB117,2023-08-16 18:53:59+00:00,117,4.9348160445601845,,,,,,,,200,,2,0
nwfsc_pacific_hake_survey,D20230816T191745_IFCB117,2023-08-16 19:17:45+00:00,117,4.9668240469473375,,,,,,,,107,,2,0
nwfsc_pacific_hake_survey,D20230816T194131_IFCB117,2023-08-16 19:41:31+00:00,117,4.941476137514468,,,,,,,,179,,2,0
nwfsc_pacific_hake_survey,D20230816T200518_IFCB117,2023-08-16 20:05:18+00:00,117,4.939606119791667,,,,,,,,184,,2,0
nwfsc_pacific_hake_survey,D20230816T202903_IFCB117,2023-08-16 20:29:03+00:00,117,4.9468301775897,,,,,,,,169,,2,0
nwfsc_pacific_hake_survey,D20230816T205249_IFCB117,2023-08-16 20:52:49+00:00,117,3.923936125578704,,,,,,,,3150,,2,0
nwfsc_pacific_hake_survey,D20230816T211637_IFCB117,2023-08-16 21:16:37+00:00,117,4.4545086805555565,,,,,,,,1611,,2,0
nwfsc_pacific_hake_survey,D20230816T214025_IFCB117,2023-08-16 21:40:25+00:00,117,4.098510706018518,,,,,,,,2658,,2,0
nwfsc_pacific_hake_survey,D20230816T220413_IFCB117,2023-08-16 22:04:13+00:00,117,4.206533998842592,,,,,,,,2341,,2,0
nwfsc_pacific_hake_survey,D20230816T222759_IFCB117,2023-08-16 22:27:59+00:00,117,4.118068214699075,,,,,,,,2603,,2,0
nwfsc_pacific_hake_survey,D20230816T225147_IFCB117,2023-08-16 22:51:47+00:00,117,3.7784804687499993,,,,,,,,3543,,2,0
nwfsc_pacific_hake_survey,D20230816T231535_IFCB117,2023-08-16 23:15:35+00:00,117,3.555249131944444,,,,,,,,4180,,2,0
nwfsc_pacific_hake_survey,D20230816T233923_IFCB117,2023-08-16 23:39:23+00:00,117,3.9782879774305555,,,,,,,,3020,,2,0
nwfsc_pacific_hake_survey,D20230817T000311_IFCB117,2023-08-17 00:03:11+00:00,117,4.315501446759259,,,,,,,,1991,,2,0
nwfsc_pacific_hake_survey,D20230817T002658_IFCB117,2023-08-17 00:26:58+00:00,117,3.6773033854166663,,,,,,,,3812,,2,0
nwfsc_pacific_hake_survey,D20230817T005047_IFCB117,2023-08-17 00:50:47+00:00,117,3.823077184606482,,,,,,,,3058,,2,0
nwfsc_pacific_hake_survey,D20230817T011435_IFCB117,2023-08-17 01:14:35+00:00,117,3.9769817708333335,,,,,,,,2969,,2,0
nwfsc_pacific_hake_survey,D20230817T013822_IFCB117,2023-08-17 01:38:22+00:00,117,2.6985989583333336,,,,,,,,6429,,2,0
nwfsc_pacific_hake_survey,D20230817T020212_IFCB117,2023-08-17 02:02:12+00:00,117,3.1623288483796292,,,,,,,,5166,,2,0
nwfsc_pacific_hake_survey,D20230817T022601_IFCB117,2023-08-17 02:26:01+00:00,117,3.4312204861111115,,,,,,,,4473,,2,0
nwfsc_pacific_hake_survey,D20230817T024949_IFCB117,2023-08-17 02:49:49+00:00,117,3.383595775462963,,,,,,,,4547,,2,0
nwfsc_pacific_hake_survey,D20230817T031337_IFCB117,2023-08-17 03:13:37+00:00,117,3.5655972222222223,,,,,,,,4093,,2,0
nwfsc_pacific_hake_survey,D20230817T033726_IFCB117,2023-08-17 03:37:26+00:00,117,3.5159877025462967,,,,,,,,4214,,2,0
nwfsc_pacific_hake_survey,D20230817T040116_IFCB117,2023-08-17 04:01:16+00:00,117,3.6979609374999995,,,,,,,,3672,,2,0
nwfsc_pacific_hake_survey,D20230817T042505_IFCB117,2023-08-17 04:25:05+00:00,117,3.5891607349537034,,,,,,,,3984,,2,0
nwfsc_pacific_hake_survey,D20230817T044853_IFCB117,2023-08-17 04:48:53+00:00,117,3.8714264322916665,,,,,,,,3210,,2,0
nwfsc_pacific_hake_survey,D20230817T051240_IFCB117,2023-08-17 05:12:40+00:00,117,4.097384114583334,,,,,,,,2615,,2,0
nwfsc_pacific_hake_survey,D20230817T053628_IFCB117,2023-08-17 05:36:28+00:00,117,4.237683666087963,,,,,,,,2203,,2,0
nwfsc_pacific_hake_survey,D20230817T060015_IFCB117,2023-08-17 06:00:15+00:00,117,4.059798249421296,,,,,,,,2708,,2,0
nwfsc_pacific_hake_survey,D20230817T062403_IFCB117,2023-08-17 06:24:03+00:00,117,3.686819444444445,,,,,,,,3764,,2,0
nwfsc_pacific_hake_survey,D20230817T065935_IFCB117,2023-08-17 06:59:35+00:00,117,4.224218605324074,,,,,,,,2259,,2,0
nwfsc_pacific_hake_survey,D20230817T072322_IFCB117,2023-08-17 07:23:22+00:00,117,4.458663845486112,,,,,,,,1456,,2,0
nwfsc_pacific_hake_survey,D20230817T074710_IFCB117,2023-08-17 07:47:10+00:00,117,4.8063484157986105,,,,,,,,372,,2,0
nwfsc_pacific_hake_survey,D20230817T081056_IFCB117,2023-08-17 08:10:56+00:00,117,4.677637876157408,,,,,,,,917,,2,0
nwfsc_pacific_hake_survey,D20230817T083443_IFCB117,2023-08-17 08:34:43+00:00,117,4.795534396701388,,,,,,,,555,,2,0
nwfsc_pacific_hake_survey,D20230817T085829_IFCB117,2023-08-17 08:58:29+00:00,117,4.865780427155671,,,,,,,,347,,2,0
nwfsc_pacific_hake_survey,D20230817T092713_IFCB117,2023-08-17 09:27:13+00:00,117,4.914762686270255,,,,,,,,254,,2,0
nwfsc_pacific_hake_survey,D20230817T095059_IFCB117,2023-08-17 09:50:59+00:00,117,4.890899622034143,,,,,,,,291,,2,0
nwfsc_pacific_hake_survey,D20230817T101444_IFCB117,2023-08-17 10:14:44+00:00,117,4.912232060185186,,,,,,,,255,,2,0
nwfsc_pacific_hake_survey,D20230817T103830_IFCB117,2023-08-17 10:38:30+00:00,117,4.940903591579862,,,,,,,,178,,2,0
nwfsc_pacific_hake_survey,D20230817T110217_IFCB117,2023-08-17 11:02:17+00:00,117,4.925246012369793,,,,,,,,225,,2,0
nwfsc_pacific_hake_survey,D20230817T112603_IFCB117,2023-08-17 11:26:03+00:00,117,4.944918936270255,,,,,,,,168,,2,0
nwfsc_pacific_hake_survey,D20230817T114949_IFCB117,2023-08-17 11:49:49+00:00,117,4.9492502531828695,,,,,,,,154,,2,0
nwfsc_pacific_hake_survey,D20230817T121335_IFCB117,2023-08-17 12:13:35+00:00,117,4.959232738353588,,,,,,,,127,,2,0
nwfsc_pacific_hake_survey,D20230817T123721_IFCB117,2023-08-17 12:37:21+00:00,117,4.964643192997685,,,,,,,,110,,2,0
nwfsc_pacific_hake_survey,D20230817T130108_IFCB117,2023-08-17 13:01:08+00:00,117,4.973789478443288,,,,,,,,86,,2,0
nwfsc_pacific_hake_survey,D20230817T132454_IFCB117,2023-08-17 13:24:54+00:00,117,4.980400598596643,,,,,,,,66,,2,0
nwfsc_pacific_hake_survey,D20230817T134840_IFCB117,2023-08-17 13:48:40+00:00,117,4.970735894097223,,,,,,,,93,,2,0
nwfsc_pacific_hake_survey,D20230817T141226_IFCB117,2023-08-17 14:12:26+00:00,117,4.965235686125579,,,,,,,,113,,2,0
nwfsc_pacific_hake_survey,D20230817T143613_IFCB117,2023-08-17 14:36:13+00:00,117,4.960284333405672,,,,,,,,124,,2,0
nwfsc_pacific_hake_survey,D20230817T145959_IFCB117,2023-08-17 14:59:59+00:00,117,4.9595994014033575,,,,,,,,127,,2,0
nwfsc_pacific_hake_survey,D20230817T152344_IFCB117,2023-08-17 15:23:44+00:00,117,4.932125461154515,,,,,,,,210,,2,0
nwfsc_pacific_hake_survey,D20230817T154730_IFCB117,2023-08-17 15:47:30+00:00,117,4.927596272786459,,,,,,,,218,,2,0
nwfsc_pacific_hake_survey,D20230817T161117_IFCB117,2023-08-17 16:11:17+00:00,117,4.834267885561343,,,,,,,,475,,2,0
nwfsc_pacific_hake_survey,D20230817T163503_IFCB117,2023-08-17 16:35:03+00:00,117,4.852462176287616,,,,,,,,419,,2,0
nwfsc_pacific_hake_survey,D20230817T165849_IFCB117,2023-08-17 16:58:49+00:00,117,4.885766908998844,,,,,,,,339,,2,0
nwfsc_pacific_hake_survey,D20230817T172235_IFCB117,2023-08-17 17:22:35+00:00,117,4.823292570891203,,,,,,,,511,,2,0
nwfsc_pacific_hake_survey,D20230817T174621_IFCB117,2023-08-17 17:46:21+00:00,117,4.802715675636574,,,,,,,,583,,2,0
nwfsc_pacific_hake_survey,D20230817T181008_IFCB117,2023-08-17 18:10:08+00:00,117,4.841168294270832,,,,,,,,474,,2,0
nwfsc_pacific_hake_survey,D20230817T183354_IFCB117,2023-08-17 18:33:54+00:00,117,4.86168492296007,,,,,,,,407,,2,0
nwfsc_pacific_hake_survey,D20230817T185740_IFCB117,2023-08-17 18:57:40+00:00,117,4.817755859375,,,,,,,,539,,2,0
nwfsc_pacific_hake_survey,D20230817T192127_IFCB117,2023-08-17 19:21:27+00:00,117,4.943767279730904,,,,,,,,182,,2,0
nwfsc_pacific_hake_survey,D20230817T194513_IFCB117,2023-08-17 19:45:13+00:00,117,2.6976289062500003,,,,,,,,6553,,2,0
nwfsc_pacific_hake_survey,D20230817T200904_IFCB117,2023-08-17 20:09:04+00:00,117,3.0722230902777783,,,,,,,,5521,,2,0
nwfsc_pacific_hake_survey,D20230817T203253_IFCB117,2023-08-17 20:32:53+00:00,117,2.66177025462963,,,,,,,,6625,,2,0
nwfsc_pacific_hake_survey,D20230817T205643_IFCB117,2023-08-17 20:56:43+00:00,117,3.2400669849537036,,,,,,,,4963,,2,0
nwfsc_pacific_hake_survey,D20230817T212033_IFCB117,2023-08-17 21:20:33+00:00,117,3.5045480324074076,,,,,,,,4277,,2,0
nwfsc_pacific_hake_survey,D20230817T214422_IFCB117,2023-08-17 21:44:22+00:00,117,2.785455873842593,,,,,,,,6287,,2,0
nwfsc_pacific_hake_survey,D20230817T220812_IFCB117,2023-08-17 22:08:12+00:00,117,3.1406260127314813,,,,,,,,5261,,2,0
nwfsc_pacific_hake_survey,D20230817T223202_IFCB117,2023-08-17 22:32:02+00:00,117,2.616604166666667,,,,,,,,6731,,2,0
nwfsc_pacific_hake_survey,D20230817T225554_IFCB117,2023-08-17 22:55:54+00:00,117,3.814307002314816,,,,,,,,3440,,2,0
nwfsc_pacific_hake_survey,D20230817T231942_IFCB117,2023-08-17 23:19:42+00:00,117,4.6234245515046295,,,,,,,,1088,,2,0
nwfsc_pacific_hake_survey,D20230817T234329_IFCB117,2023-08-17 23:43:29+00:00,117,4.518281901041666,,,,,,,,1265,,2,0
nwfsc_pacific_hake_survey,D20230818T000716_IFCB117,2023-08-18 00:07:16+00:00,117,4.194266999421296,,,,,,,,2375,,2,0
nwfsc_pacific_hake_survey,D20230818T003103_IFCB117,2023-08-18 00:31:03+00:00,117,4.5289417679398145,,,,,,,,1376,,2,0
nwfsc_pacific_hake_survey,D20230818T005451_IFCB117,2023-08-18 00:54:51+00:00,117,4.6513090639467585,,,,,,,,933,,2,0
nwfsc_pacific_hake_survey,D20230818T012335_IFCB117,2023-08-18 01:23:35+00:00,117,4.6331863787615735,,,,,,,,1080,,2,0
nwfsc_pacific_hake_survey,D20230818T014722_IFCB117,2023-08-18 01:47:22+00:00,117,4.718526819299768,,,,,,,,830,,2,0
nwfsc_pacific_hake_survey,D20230818T021109_IFCB117,2023-08-18 02:11:09+00:00,117,4.648561704282407,,,,,,,,1030,,2,0
nwfsc_pacific_hake_survey,D20230818T023456_IFCB117,2023-08-18 02:34:56+00:00,117,4.726203522858796,,,,,,,,816,,2,0
nwfsc_pacific_hake_survey,D20230818T025842_IFCB117,2023-08-18 02:58:42+00:00,117,4.816273871527778,,,,,,,,554,,2,0
nwfsc_pacific_hake_survey,D20230818T032228_IFCB117,2023-08-18 03:22:28+00:00,117,4.839933449074075,,,,,,,,469,,2,0
nwfsc_pacific_hake_survey,D20230818T034613_IFCB117,2023-08-18 03:46:13+00:00,117,4.944453061704283,,,,,,,,168,,2,0
nwfsc_pacific_hake_survey,D20230818T041000_IFCB117,2023-08-18 04:10:00+00:00,117,4.938032949942129,,,,,,,,188,,2,0
nwfsc_pacific_hake_survey,D20230818T043346_IFCB117,2023-08-18 04:33:46+00:00,117,4.944330041956019,,,,,,,,174,,2,0
nwfsc_pacific_hake_survey,D20230818T045732_IFCB117,2023-08-18 04:57:32+00:00,117,4.969766845703125,,,,,,,,100,,2,0
nwfsc_pacific_hake_survey,D20230818T052117_IFCB117,2023-08-18 05:21:17+00:00,117,4.9750591091579865,,,,,,,,83,,2,0
nwfsc_pacific_hake_survey,D20230818T054503_IFCB117,2023-08-18 05:45:03+00:00,117,4.973624195240161,,,,,,,,88,,2,0
nwfsc_pacific_hake_survey,D20230818T062033_IFCB117,2023-08-18 06:20:33+00:00,117,4.977600124782986,,,,,,,,74,,2,0
nwfsc_pacific_hake_survey,D20230818T064419_IFCB117,2023-08-18 06:44:19+00:00,117,4.939724455656829,,,,,,,,173,,2,0
nwfsc_pacific_hake_survey,D20230818T070806_IFCB117,2023-08-18 07:08:06+00:00,117,4.990671269169561,,,,,,,,34,,2,0
nwfsc_pacific_hake_survey,D20230818T073152_IFCB117,2023-08-18 07:31:52+00:00,117,4.972177571614583,,,,,,,,91,,2,0
nwfsc_pacific_hake_survey,D20230818T075538_IFCB117,2023-08-18 07:55:38+00:00,117,4.975715160228589,,,,,,,,79,,2,0
nwfsc_pacific_hake_survey,D20230818T081924_IFCB117,2023-08-18 08:19:24+00:00,117,4.982449426721645,,,,,,,,60,,2,0
nwfsc_pacific_hake_survey,D20230818T084310_IFCB117,2023-08-18 08:43:10+00:00,117,4.983591724537036,,,,,,,,53,,2,0
nwfsc_pacific_hake_survey,D20230818T090656_IFCB117,2023-08-18 09:06:56+00:00,117,4.980059895833333,,,,,,,,70,,2,0
nwfsc_pacific_hake_survey,D20230818T093042_IFCB117,2023-08-18 09:30:42+00:00,117,4.960339075159143,,,,,,,,126,,2,0
nwfsc_pacific_hake_survey,D20230818T095428_IFCB117,2023-08-18 09:54:28+00:00,117,4.904894603587963,,,,,,,,281,,2,0
nwfsc_pacific_hake_survey,D20230818T101814_IFCB117,2023-08-18 10:18:14+00:00,117,4.888075828269677,,,,,,,,333,,2,0
nwfsc_pacific_hake_survey,D20230818T104200_IFCB117,2023-08-18 10:42:00+00:00,117,4.851477611400463,,,,,,,,394,,2,0
nwfsc_pacific_hake_survey,D20230818T110546_IFCB117,2023-08-18 11:05:46+00:00,117,4.8759188006365735,,,,,,,,368,,2,0
nwfsc_pacific_hake_survey,D20230818T112932_IFCB117,2023-08-18 11:29:32+00:00,117,4.83843185763889,,,,,,,,481,,2,0
nwfsc_pacific_hake_survey,D20230818T115318_IFCB117,2023-08-18 11:53:18+00:00,117,4.785262044270834,,,,,,,,635,,2,0
nwfsc_pacific_hake_survey,D20230818T121705_IFCB117,2023-08-18 12:17:05+00:00,117,4.852988407841435,,,,,,,,439,,2,0
nwfsc_pacific_hake_survey,D20230818T124051_IFCB117,2023-08-18 12:40:51+00:00,117,4.779139521846065,,,,,,,,653,,2,0
nwfsc_pacific_hake_survey,D20230818T130437_IFCB117,2023-08-18 13:04:37+00:00,117,4.793667028356481,,,,,,,,608,,2,0
nwfsc_pacific_hake_survey,D20230818T132823_IFCB117,2023-08-18 13:28:23+00:00,117,4.805591977719907,,,,,,,,572,,2,0
nwfsc_pacific_hake_survey,D20230818T135209_IFCB117,2023-08-18 13:52:09+00:00,117,4.840151638454861,,,,,,,,426,,2,0
nwfsc_pacific_hake_survey,D20230818T141555_IFCB117,2023-08-18 14:15:55+00:00,117,4.932041567201968,,,,,,,,196,,2,0
nwfsc_pacific_hake_survey,D20230818T143941_IFCB117,2023-08-18 14:39:41+00:00,117,4.922215368200232,,,,,,,,235,,2,0
nwfsc_pacific_hake_survey,D20230818T150327_IFCB117,2023-08-18 15:03:27+00:00,117,4.973264802155671,,,,,,,,89,,2,0
nwfsc_pacific_hake_survey,D20230818T152713_IFCB117,2023-08-18 15:27:13+00:00,117,4.978811713324651,,,,,,,,71,,2,0
nwfsc_pacific_hake_survey,D20230818T155100_IFCB117,2023-08-18 15:51:00+00:00,117,4.986619086371528,,,,,,,,49,,2,0
nwfsc_pacific_hake_survey,D20230818T161446_IFCB117,2023-08-18 16:14:46+00:00,117,4.970548538773148,,,,,,,,97,,2,0
nwfsc_pacific_hake_survey,D20230818T163832_IFCB117,2023-08-18 16:38:32+00:00,117,4.962081678602431,,,,,,,,120,,2,0
nwfsc_pacific_hake_survey,D20230818T170715_IFCB117,2023-08-18 17:07:15+00:00,117,4.983476571542245,,,,,,,,57,,2,0
nwfsc_pacific_hake_survey,D20230818T173102_IFCB117,2023-08-18 17:31:02+00:00,117,4.99200550672743,,,,,,,,33,,2,0
nwfsc_pacific_hake_survey,D20230818T175448_IFCB117,2023-08-18 17:54:48+00:00,117,4.991705973307292,,,,,,,,34,,2,0
nwfsc_pacific_hake_survey,D20230818T181833_IFCB117,2023-08-18 18:18:33+00:00,117,4.994852557146991,,,,,,,,26,,2,0
nwfsc_pacific_hake_survey,D20230818T184219_IFCB117,2023-08-18 18:42:19+00:00,117,4.999117503978588,,,,,,,,14,,2,0
nwfsc_pacific_hake_survey,D20230818T190605_IFCB117,2023-08-18 19:06:05+00:00,117,4.996532741970486,,,,,,,,17,,2,0
nwfsc_pacific_hake_survey,D20230818T192951_IFCB117,2023-08-18 19:29:51+00:00,117,4.968468614366319,,,,,,,,99,,2,0
nwfsc_pacific_hake_survey,D20230818T195337_IFCB117,2023-08-18 19:53:37+00:00,117,4.682937282986112,,,,,,,,876,,2,0
nwfsc_pacific_hake_survey,D20230818T201724_IFCB117,2023-08-18 20:17:24+00:00,117,4.788453812210649,,,,,,,,574,,2,0
nwfsc_pacific_hake_survey,D20230818T204109_IFCB117,2023-08-18 20:41:09+00:00,117,4.844512478298611,,,,,,,,463,,2,0
nwfsc_pacific_hake_survey,D20230818T210456_IFCB117,2023-08-18 21:04:56+00:00,117,4.495140190972222,,,,,,,,1483,,2,0
nwfsc_pacific_hake_survey,D20230818T212842_IFCB117,2023-08-18 21:28:42+00:00,117,3.921089771412037,,,,,,,,3173,,2,0
nwfsc_pacific_hake_survey,D20230818T215230_IFCB117,2023-08-18 21:52:30+00:00,117,3.101813078703705,,,,,,,,5463,,2,0
nwfsc_pacific_hake_survey,D20230818T221619_IFCB117,2023-08-18 22:16:19+00:00,117,2.477002893518519,,,,,,,,7224,,2,0
nwfsc_pacific_hake_survey,D20230818T224010_IFCB117,2023-08-18 22:40:10+00:00,117,3.037052806712963,,,,,,,,5555,,2,0
nwfsc_pacific_hake_survey,D20230818T230400_IFCB117,2023-08-18 23:04:00+00:00,117,3.5097928240740743,,,,,,,,4376,,2,0
nwfsc_pacific_hake_survey,D20230818T232749_IFCB117,2023-08-18 23:27:49+00:00,117,4.074201316550926,,,,,,,,2744,,2,0
nwfsc_pacific_hake_survey,D20230818T235137_IFCB117,2023-08-18 23:51:37+00:00,117,4.239812427662039,,,,,,,,2241,,2,0
nwfsc_pacific_hake_survey,D20230819T001525_IFCB117,2023-08-19 00:15:25+00:00,117,4.301809678819444,,,,,,,,2063,,2,0
nwfsc_pacific_hake_survey,D20230819T003911_IFCB117,2023-08-19 00:39:11+00:00,117,3.4066535011574066,,,,,,,,4672,,2,0
nwfsc_pacific_hake_survey,D20230819T010300_IFCB117,2023-08-19 01:03:00+00:00,117,3.4479453125000012,,,,,,,,4495,,2,0
nwfsc_pacific_hake_survey,D20230819T012649_IFCB117,2023-08-19 01:26:49+00:00,117,4.150030671296297,,,,,,,,2238,,2,0
nwfsc_pacific_hake_survey,D20230819T015036_IFCB117,2023-08-19 01:50:36+00:00,117,4.554868344907407,,,,,,,,1314,,2,0
nwfsc_pacific_hake_survey,D20230819T021423_IFCB117,2023-08-19 02:14:23+00:00,117,4.655144386574074,,,,,,,,1009,,2,0
nwfsc_pacific_hake_survey,D20230819T023810_IFCB117,2023-08-19 02:38:10+00:00,117,4.871361626519097,,,,,,,,385,,2,0
nwfsc_pacific_hake_survey,D20230819T030155_IFCB117,2023-08-19 03:01:55+00:00,117,4.863008653428819,,,,,,,,412,,2,0
nwfsc_pacific_hake_survey,D20230819T032542_IFCB117,2023-08-19 03:25:42+00:00,117,4.919972448278356,,,,,,,,244,,2,0
nwfsc_pacific_hake_survey,D20230819T034927_IFCB117,2023-08-19 03:49:27+00:00,117,4.897242250795717,,,,,,,,309,,2,0
nwfsc_pacific_hake_survey,D20230819T041312_IFCB117,2023-08-19 04:13:12+00:00,117,4.946443775318288,,,,,,,,169,,2,0
nwfsc_pacific_hake_survey,D20230819T043657_IFCB117,2023-08-19 04:36:57+00:00,117,4.9437319878472215,,,,,,,,176,,2,0
nwfsc_pacific_hake_survey,D20230819T050043_IFCB117,2023-08-19 05:00:43+00:00,117,4.960735496238426,,,,,,,,126,,2,0
nwfsc_pacific_hake_survey,D20230819T052430_IFCB117,2023-08-19 05:24:30+00:00,117,4.971644540292245,,,,,,,,94,,2,0
nwfsc_pacific_hake_survey,D20230819T055958_IFCB117,2023-08-19 05:59:58+00:00,117,4.97374527090567,,,,,,,,82,,2,0
nwfsc_pacific_hake_survey,D20230819T062344_IFCB117,2023-08-19 06:23:44+00:00,117,4.9740609899450225,,,,,,,,86,,2,0
nwfsc_pacific_hake_survey,D20230819T064730_IFCB117,2023-08-19 06:47:30+00:00,117,4.9768212348090275,,,,,,,,76,,2,0
nwfsc_pacific_hake_survey,D20230819T071115_IFCB117,2023-08-19 07:11:15+00:00,117,4.9893173647280085,,,,,,,,43,,2,0
nwfsc_pacific_hake_survey,D20230819T073501_IFCB117,2023-08-19 07:35:01+00:00,117,4.989941098813658,,,,,,,,39,,2,0
nwfsc_pacific_hake_survey,D20230819T075847_IFCB117,2023-08-19 07:58:47+00:00,117,4.987450936776621,,,,,,,,48,,2,0
nwfsc_pacific_hake_survey,D20230819T082232_IFCB117,2023-08-19 08:22:32+00:00,117,4.986750189887151,,,,,,,,48,,2,0
nwfsc_pacific_hake_survey,D20230819T085116_IFCB117,2023-08-19 08:51:16+00:00,117,4.986774757667825,,,,,,,,48,,2,0
nwfsc_pacific_hake_survey,D20230819T091502_IFCB117,2023-08-19 09:15:02+00:00,117,4.992126953125,,,,,,,,26,,2,0
nwfsc_pacific_hake_survey,D20230819T093847_IFCB117,2023-08-19 09:38:47+00:00,117,4.9770760904947915,,,,,,,,71,,2,0
nwfsc_pacific_hake_survey,D20230819T100233_IFCB117,2023-08-19 10:02:33+00:00,117,4.985207094545717,,,,,,,,50,,2,0
nwfsc_pacific_hake_survey,D20230819T102620_IFCB117,2023-08-19 10:26:20+00:00,117,4.974345323350694,,,,,,,,83,,2,0
nwfsc_pacific_hake_survey,D20230819T105006_IFCB117,2023-08-19 10:50:06+00:00,117,4.982660933883102,,,,,,,,60,,2,0
nwfsc_pacific_hake_survey,D20230819T111352_IFCB117,2023-08-19 11:13:52+00:00,117,4.455575665509259,,,,,,,,1586,,2,0
nwfsc_pacific_hake_survey,D20230819T113738_IFCB117,2023-08-19 11:37:38+00:00,117,4.592338722511574,,,,,,,,1189,,2,0
nwfsc_pacific_hake_survey,D20230819T120125_IFCB117,2023-08-19 12:01:25+00:00,117,4.408087384259258,,,,,,,,1738,,2,0
nwfsc_pacific_hake_survey,D20230819T122513_IFCB117,2023-08-19 12:25:13+00:00,117,4.411930121527777,,,,,,,,1708,,2,0
nwfsc_pacific_hake_survey,D20230819T124900_IFCB117,2023-08-19 12:49:00+00:00,117,4.442705656828704,,,,,,,,1625,,2,0
nwfsc_pacific_hake_survey,D20230819T131247_IFCB117,2023-08-19 13:12:47+00:00,117,4.542547598379631,,,,,,,,1339,,2,0
nwfsc_pacific_hake_survey,D20230819T133634_IFCB117,2023-08-19 13:36:34+00:00,117,4.441021809895833,,,,,,,,1649,,2,0
nwfsc_pacific_hake_survey,D20230819T140022_IFCB117,2023-08-19 14:00:22+00:00,117,4.2520734230324075,,,,,,,,2213,,2,0
nwfsc_pacific_hake_survey,D20230819T142408_IFCB117,2023-08-19 14:24:08+00:00,117,4.211450086805556,,,,,,,,2265,,2,0
nwfsc_pacific_hake_survey,D20230819T144754_IFCB117,2023-08-19 14:47:54+00:00,117,4.295620949074074,,,,,,,,2055,,2,0
nwfsc_pacific_hake_survey,D20230819T151141_IFCB117,2023-08-19 15:11:41+00:00,117,4.241504774305556,,,,,,,,2185,,2,0
nwfsc_pacific_hake_survey,D20230819T153529_IFCB117,2023-08-19 15:35:29+00:00,117,4.254166811342592,,,,,,,,2175,,2,0
nwfsc_pacific_hake_survey,D20230819T155916_IFCB117,2023-08-19 15:59:16+00:00,117,4.535065646701389,,,,,,,,1331,,2,0
nwfsc_pacific_hake_survey,D20230819T162303_IFCB117,2023-08-19 16:23:03+00:00,117,4.899136935763889,,,,,,,,297,,2,0
nwfsc_pacific_hake_survey,D20230819T164649_IFCB117,2023-08-19 16:46:49+00:00,117,4.866116391782407,,,,,,,,393,,2,0
nwfsc_pacific_hake_survey,D20230819T171036_IFCB117,2023-08-19 17:10:36+00:00,117,4.210982928240741,,,,,,,,2259,,2,0
nwfsc_pacific_hake_survey,D20230819T173423_IFCB117,2023-08-19 17:34:23+00:00,117,4.363532624421296,,,,,,,,1841,,2,0
nwfsc_pacific_hake_survey,D20230819T175809_IFCB117,2023-08-19 17:58:09+00:00,117,4.696959671585648,,,,,,,,877,,2,0
nwfsc_pacific_hake_survey,D20230819T182156_IFCB117,2023-08-19 18:21:56+00:00,117,4.922168366608797,,,,,,,,234,,2,0
nwfsc_pacific_hake_survey,D20230819T184541_IFCB117,2023-08-19 18:45:41+00:00,117,4.940651213469328,,,,,,,,180,,2,0
nwfsc_pacific_hake_survey,D20230819T190928_IFCB117,2023-08-19 19:09:28+00:00,117,4.966315863715279,,,,,,,,106,,2,0
nwfsc_pacific_hake_survey,D20230819T193314_IFCB117,2023-08-19 19:33:14+00:00,117,4.695398871527777,,,,,,,,879,,2,0
nwfsc_pacific_hake_survey,D20230819T195701_IFCB117,2023-08-19 19:57:01+00:00,117,4.960330837673611,,,,,,,,125,,2,0
nwfsc_pacific_hake_survey,D20230819T202047_IFCB117,2023-08-19 20:20:47+00:00,117,4.9687019314236105,,,,,,,,99,,2,0
nwfsc_pacific_hake_survey,D20230819T204434_IFCB117,2023-08-19 20:44:34+00:00,117,4.9807244827835655,,,,,,,,65,,2,0
nwfsc_pacific_hake_survey,D20230819T210820_IFCB117,2023-08-19 21:08:20+00:00,117,4.984984076605903,,,,,,,,53,,2,0
nwfsc_pacific_hake_survey,D20230819T213206_IFCB117,2023-08-19 21:32:06+00:00,117,4.735593460648149,,,,,,,,769,,2,0
nwfsc_pacific_hake_survey,D20230819T215552_IFCB117,2023-08-19 21:55:52+00:00,117,4.974164975766783,,,,,,,,84,,2,0
nwfsc_pacific_hake_survey,D20230819T221938_IFCB117,2023-08-19 22:19:38+00:00,117,4.989401837384259,,,,,,,,40,,2,0
nwfsc_pacific_hake_survey,D20230819T224324_IFCB117,2023-08-19 22:43:24+00:00,117,4.987065556278935,,,,,,,,48,,2,0
nwfsc_pacific_hake_survey,D20230819T230710_IFCB117,2023-08-19 23:07:10+00:00,117,4.995123480902778,,,,,,,,24,,2,0
nwfsc_pacific_hake_survey,D20230819T233056_IFCB117,2023-08-19 23:30:56+00:00,117,4.98963415979456,,,,,,,,41,,2,0
nwfsc_pacific_hake_survey,D20230819T235441_IFCB117,2023-08-19 23:54:41+00:00,117,4.982326343677661,,,,,,,,60,,2,0
nwfsc_pacific_hake_survey,D20230820T001827_IFCB117,2023-08-20 00:18:27+00:00,117,4.975413321035879,,,,,,,,80,,2,0
nwfsc_pacific_hake_survey,D20230820T004711_IFCB117,2023-08-20 00:47:11+00:00,117,4.951999755859376,,,,,,,,150,,2,0
nwfsc_pacific_hake_survey,D20230820T011056_IFCB117,2023-08-20 01:10:56+00:00,117,4.840094147858796,,,,,,,,493,,2,0
nwfsc_pacific_hake_survey,D20230820T013441_IFCB117,2023-08-20 01:34:41+00:00,117,4.532391782407407,,,,,,,,1408,,2,0
nwfsc_pacific_hake_survey,D20230820T015828_IFCB117,2023-08-20 01:58:28+00:00,117,4.596774450231481,,,,,,,,1232,,2,0
nwfsc_pacific_hake_survey,D20230820T022215_IFCB117,2023-08-20 02:22:15+00:00,117,4.4976021412037035,,,,,,,,1521,,2,0
nwfsc_pacific_hake_survey,D20230820T024602_IFCB117,2023-08-20 02:46:02+00:00,117,4.7185654296875,,,,,,,,828,,2,0
nwfsc_pacific_hake_survey,D20230820T030949_IFCB117,2023-08-20 03:09:49+00:00,117,4.154605902777778,,,,,,,,2495,,2,0
nwfsc_pacific_hake_survey,D20230820T033337_IFCB117,2023-08-20 03:33:37+00:00,117,4.063728877314815,,,,,,,,2784,,2,0
nwfsc_pacific_hake_survey,D20230820T035725_IFCB117,2023-08-20 03:57:25+00:00,117,4.049207682291668,,,,,,,,2827,,2,0
nwfsc_pacific_hake_survey,D20230820T042113_IFCB117,2023-08-20 04:21:13+00:00,117,3.7467646122685188,,,,,,,,3632,,2,0
nwfsc_pacific_hake_survey,D20230820T044500_IFCB117,2023-08-20 04:45:00+00:00,117,4.110890914351852,,,,,,,,2663,,2,0
nwfsc_pacific_hake_survey,D20230820T052030_IFCB117,2023-08-20 05:20:30+00:00,117,4.690374602141204,,,,,,,,925,,2,0
nwfsc_pacific_hake_survey,D20230820T054416_IFCB117,2023-08-20 05:44:16+00:00,117,4.694298574942129,,,,,,,,926,,2,0
nwfsc_pacific_hake_survey,D20230820T060801_IFCB117,2023-08-20 06:08:01+00:00,117,4.805937897858796,,,,,,,,582,,2,0
nwfsc_pacific_hake_survey,D20230820T063148_IFCB117,2023-08-20 06:31:48+00:00,117,4.799984772858797,,,,,,,,599,,2,0
nwfsc_pacific_hake_survey,D20230820T065533_IFCB117,2023-08-20 06:55:33+00:00,117,4.788815755208334,,,,,,,,636,,2,0
nwfsc_pacific_hake_survey,D20230820T071918_IFCB117,2023-08-20 07:19:18+00:00,117,4.796756781684028,,,,,,,,613,,2,0
nwfsc_pacific_hake_survey,D20230820T074304_IFCB117,2023-08-20 07:43:04+00:00,117,4.8611845341435185,,,,,,,,410,,2,0
nwfsc_pacific_hake_survey,D20230820T080650_IFCB117,2023-08-20 08:06:50+00:00,117,4.845032660590277,,,,,,,,465,,2,0
nwfsc_pacific_hake_survey,D20230820T083037_IFCB117,2023-08-20 08:30:37+00:00,117,4.937012867115162,,,,,,,,198,,2,0
nwfsc_pacific_hake_survey,D20230820T085422_IFCB117,2023-08-20 08:54:22+00:00,117,4.963016194661458,,,,,,,,118,,2,0
nwfsc_pacific_hake_survey,D20230820T091808_IFCB117,2023-08-20 09:18:08+00:00,117,4.964137957537615,,,,,,,,116,,2,0
nwfsc_pacific_hake_survey,D20230820T094153_IFCB117,2023-08-20 09:41:53+00:00,117,4.965491192853009,,,,,,,,111,,2,0
nwfsc_pacific_hake_survey,D20230820T100539_IFCB117,2023-08-20 10:05:39+00:00,117,4.982975848162616,,,,,,,,61,,2,0
nwfsc_pacific_hake_survey,D20230820T102925_IFCB117,2023-08-20 10:29:25+00:00,117,4.978646312572338,,,,,,,,72,,2,0
nwfsc_pacific_hake_survey,D20230820T105311_IFCB117,2023-08-20 10:53:11+00:00,117,4.9826652018229165,,,,,,,,62,,2,0
nwfsc_pacific_hake_survey,D20230820T111657_IFCB117,2023-08-20 11:16:57+00:00,117,4.978180492259838,,,,,,,,74,,2,0
nwfsc_pacific_hake_survey,D20230820T114043_IFCB117,2023-08-20 11:40:43+00:00,117,4.983026991102431,,,,,,,,60,,2,0
nwfsc_pacific_hake_survey,D20230820T120429_IFCB117,2023-08-20 12:04:29+00:00,117,4.964921802662037,,,,,,,,113,,2,0
nwfsc_pacific_hake_survey,D20230820T122815_IFCB117,2023-08-20 12:28:15+00:00,117,4.969285536024305,,,,,,,,100,,2,0
nwfsc_pacific_hake_survey,D20230820T125201_IFCB117,2023-08-20 12:52:01+00:00,117,4.9725168185763895,,,,,,,,89,,2,0
nwfsc_pacific_hake_survey,D20230820T131548_IFCB117,2023-08-20 13:15:48+00:00,117,4.9767915581597215,,,,,,,,79,,2,0
nwfsc_pacific_hake_survey,D20230820T133934_IFCB117,2023-08-20 13:39:34+00:00,117,4.97693118851273,,,,,,,,77,,2,0
nwfsc_pacific_hake_survey,D20230820T140320_IFCB117,2023-08-20 14:03:20+00:00,117,4.977835801866319,,,,,,,,77,,2,0
nwfsc_pacific_hake_survey,D20230820T142705_IFCB117,2023-08-20 14:27:05+00:00,117,4.991601535373264,,,,,,,,36,,2,0
nwfsc_pacific_hake_survey,D20230820T145051_IFCB117,2023-08-20 14:50:51+00:00,117,4.959586823640047,,,,,,,,129,,2,0
nwfsc_pacific_hake_survey,D20230820T151437_IFCB117,2023-08-20 15:14:37+00:00,117,4.923141556351274,,,,,,,,238,,2,0
nwfsc_pacific_hake_survey,D20230820T153824_IFCB117,2023-08-20 15:38:24+00:00,117,4.867195077401619,,,,,,,,400,,2,0
nwfsc_pacific_hake_survey,D20230820T160209_IFCB117,2023-08-20 16:02:09+00:00,117,4.853925238715278,,,,,,,,460,,2,0
nwfsc_pacific_hake_survey,D20230820T163052_IFCB117,2023-08-20 16:30:52+00:00,117,4.872893391927083,,,,,,,,386,,2,0
nwfsc_pacific_hake_survey,D20230820T165438_IFCB117,2023-08-20 16:54:38+00:00,117,4.814198748553241,,,,,,,,559,,2,0
nwfsc_pacific_hake_survey,D20230820T171824_IFCB117,2023-08-20 17:18:24+00:00,117,4.914301025390625,,,,,,,,263,,2,0
nwfsc_pacific_hake_survey,D20230820T174210_IFCB117,2023-08-20 17:42:10+00:00,117,4.9018886085792825,,,,,,,,297,,2,0
nwfsc_pacific_hake_survey,D20230820T180557_IFCB117,2023-08-20 18:05:57+00:00,117,4.903788556134259,,,,,,,,289,,2,0
nwfsc_pacific_hake_survey,D20230820T182943_IFCB117,2023-08-20 18:29:43+00:00,117,4.909808747468172,,,,,,,,279,,2,0
nwfsc_pacific_hake_survey,D20230820T185329_IFCB117,2023-08-20 18:53:29+00:00,117,4.651911603009259,,,,,,,,1035,,2,0
nwfsc_pacific_hake_survey,D20230820T191714_IFCB117,2023-08-20 19:17:14+00:00,117,4.108353515625,,,,,,,,2663,,2,0
nwfsc_pacific_hake_survey,D20230820T194102_IFCB117,2023-08-20 19:41:02+00:00,117,3.2020075231481475,,,,,,,,5362,,2,0
nwfsc_pacific_hake_survey,D20230820T200450_IFCB117,2023-08-20 20:04:50+00:00,117,3.3390895543981487,,,,,,,,4925,,2,0
nwfsc_pacific_hake_survey,D20230820T202837_IFCB117,2023-08-20 20:28:37+00:00,117,3.368494357638889,,,,,,,,4169,,2,0
nwfsc_pacific_hake_survey,D20230820T205223_IFCB117,2023-08-20 20:52:23+00:00,117,3.364430700231482,,,,,,,,4277,,2,0
nwfsc_pacific_hake_survey,D20230820T211610_IFCB117,2023-08-20 21:16:10+00:00,117,3.484539351851852,,,,,,,,3814,,2,0
nwfsc_pacific_hake_survey,D20230820T213957_IFCB117,2023-08-20 21:39:57+00:00,117,3.825327473958333,,,,,,,,2740,,2,0
nwfsc_pacific_hake_survey,D20230820T220345_IFCB117,2023-08-20 22:03:45+00:00,117,3.758924768518519,,,,,,,,3117,,2,0
nwfsc_pacific_hake_survey,D20230820T222732_IFCB117,2023-08-20 22:27:32+00:00,117,3.6789418402777776,,,,,,,,3461,,2,0
nwfsc_pacific_hake_survey,D20230820T225118_IFCB117,2023-08-20 22:51:18+00:00,117,3.393894386574074,,,,,,,,3719,,2,0
nwfsc_pacific_hake_survey,D20230820T231505_IFCB117,2023-08-20 23:15:05+00:00,117,3.621330295138889,,,,,,,,3194,,2,0
nwfsc_pacific_hake_survey,D20230820T233852_IFCB117,2023-08-20 23:38:52+00:00,117,2.9499010416666662,,,,,,,,4848,,2,0
nwfsc_pacific_hake_survey,D20230821T000239_IFCB117,2023-08-21 00:02:39+00:00,117,3.7121969039351854,,,,,,,,2893,,2,0
nwfsc_pacific_hake_survey,D20230821T002627_IFCB117,2023-08-21 00:26:27+00:00,117,4.229315393518518,,,,,,,,1678,,2,0
nwfsc_pacific_hake_survey,D20230821T005014_IFCB117,2023-08-21 00:50:14+00:00,117,4.52220413773148,,,,,,,,984,,2,0
nwfsc_pacific_hake_survey,D20230821T011401_IFCB117,2023-08-21 01:14:01+00:00,117,4.843515950520834,,,,,,,,335,,2,0
nwfsc_pacific_hake_survey,D20230821T013747_IFCB117,2023-08-21 01:37:47+00:00,117,4.917766990379051,,,,,,,,177,,2,0
nwfsc_pacific_hake_survey,D20230821T020133_IFCB117,2023-08-21 02:01:33+00:00,117,4.9366016529224535,,,,,,,,125,,2,0
nwfsc_pacific_hake_survey,D20230821T022520_IFCB117,2023-08-21 02:25:20+00:00,117,4.9197416811342585,,,,,,,,150,,2,0
nwfsc_pacific_hake_survey,D20230821T024905_IFCB117,2023-08-21 02:49:05+00:00,117,4.974420627170138,,,,,,,,53,,2,0
nwfsc_pacific_hake_survey,D20230821T031251_IFCB117,2023-08-21 03:12:51+00:00,117,4.982464925130207,,,,,,,,26,,2,0
nwfsc_pacific_hake_survey,D20230821T033637_IFCB117,2023-08-21 03:36:37+00:00,117,4.989754087094907,,,,,,,,15,,2,0
nwfsc_pacific_hake_survey,D20230821T042409_IFCB117,2023-08-21 04:24:09+00:00,117,5.001377459490741,,,,,,,,2,,2,0
nwfsc_pacific_hake_survey,D20230821T045938_IFCB117,2023-08-21 04:59:38+00:00,117,4.96517834020544,,,,,,,,111,,2,0
nwfsc_pacific_hake_survey,D20230821T052324_IFCB117,2023-08-21 05:23:24+00:00,117,4.9608341742621525,,,,,,,,127,,2,0
nwfsc_pacific_hake_survey,D20230821T054711_IFCB117,2023-08-21 05:47:11+00:00,117,4.951988489221644,,,,,,,,153,,2,0
nwfsc_pacific_hake_survey,D20230821T061057_IFCB117,2023-08-21 06:10:57+00:00,117,4.979529016565394,,,,,,,,71,,2,0
nwfsc_pacific_hake_survey,D20230821T063443_IFCB117,2023-08-21 06:34:43+00:00,117,4.979836859809027,,,,,,,,72,,2,0
nwfsc_pacific_hake_survey,D20230821T065829_IFCB117,2023-08-21 06:58:29+00:00,117,4.9760153808593754,,,,,,,,80,,2,0
nwfsc_pacific_hake_survey,D20230821T072215_IFCB117,2023-08-21 07:22:15+00:00,117,4.971029622395834,,,,,,,,94,,2,0
nwfsc_pacific_hake_survey,D20230821T074600_IFCB117,2023-08-21 07:46:00+00:00,117,4.9630606372974535,,,,,,,,118,,2,0
nwfsc_pacific_hake_survey,D20230821T081444_IFCB117,2023-08-21 08:14:44+00:00,117,4.967443070023148,,,,,,,,106,,2,0
nwfsc_pacific_hake_survey,D20230821T083830_IFCB117,2023-08-21 08:38:30+00:00,117,4.9716585919415515,,,,,,,,89,,2,0
nwfsc_pacific_hake_survey,D20230821T090215_IFCB117,2023-08-21 09:02:15+00:00,117,4.971839482060186,,,,,,,,92,,2,0
nwfsc_pacific_hake_survey,D20230821T092601_IFCB117,2023-08-21 09:26:01+00:00,117,4.973026475694444,,,,,,,,90,,2,0
nwfsc_pacific_hake_survey,D20230821T094947_IFCB117,2023-08-21 09:49:47+00:00,117,4.969694444444444,,,,,,,,99,,2,0
nwfsc_pacific_hake_survey,D20230821T101334_IFCB117,2023-08-21 10:13:34+00:00,117,4.977438015407986,,,,,,,,77,,2,0
nwfsc_pacific_hake_survey,D20230821T103720_IFCB117,2023-08-21 10:37:20+00:00,117,4.973165536385995,,,,,,,,88,,2,0
nwfsc_pacific_hake_survey,D20230821T110106_IFCB117,2023-08-21 11:01:06+00:00,117,4.971791838469329,,,,,,,,87,,2,0
nwfsc_pacific_hake_survey,D20230821T112451_IFCB117,2023-08-21 11:24:51+00:00,117,4.83255005787037,,,,,,,,503,,2,0
nwfsc_pacific_hake_survey,D20230821T114837_IFCB117,2023-08-21 11:48:37+00:00,117,4.833708260995371,,,,,,,,498,,2,0
nwfsc_pacific_hake_survey,D20230821T121224_IFCB117,2023-08-21 12:12:24+00:00,117,4.7826309678819445,,,,,,,,646,,2,0
nwfsc_pacific_hake_survey,D20230821T123610_IFCB117,2023-08-21 12:36:10+00:00,117,4.613277777777777,,,,,,,,1145,,2,0
nwfsc_pacific_hake_survey,D20230821T125955_IFCB117,2023-08-21 12:59:55+00:00,117,4.4473826678240735,,,,,,,,1624,,2,0
nwfsc_pacific_hake_survey,D20230821T132342_IFCB117,2023-08-21 13:23:42+00:00,117,4.597885814525463,,,,,,,,1185,,2,0
nwfsc_pacific_hake_survey,D20230821T134728_IFCB117,2023-08-21 13:47:28+00:00,117,3.0574291087962964,,,,,,,,5742,,2,0
nwfsc_pacific_hake_survey,D20230821T141115_IFCB117,2023-08-21 14:11:15+00:00,117,3.244204861111112,,,,,,,,5188,,2,0
nwfsc_pacific_hake_survey,D20230821T143503_IFCB117,2023-08-21 14:35:03+00:00,117,4.368951533564815,,,,,,,,1855,,2,0
nwfsc_pacific_hake_survey,D20230821T145850_IFCB117,2023-08-21 14:58:50+00:00,117,3.9977164351851853,,,,,,,,2942,,2,0
nwfsc_pacific_hake_survey,D20230821T152237_IFCB117,2023-08-21 15:22:37+00:00,117,4.1881796151620385,,,,,,,,2390,,2,0
nwfsc_pacific_hake_survey,D20230821T154624_IFCB117,2023-08-21 15:46:24+00:00,117,4.487172092013889,,,,,,,,1481,,2,0
nwfsc_pacific_hake_survey,D20230821T161011_IFCB117,2023-08-21 16:10:11+00:00,117,4.7779788049768515,,,,,,,,580,,2,0
nwfsc_pacific_hake_survey,D20230821T163358_IFCB117,2023-08-21 16:33:58+00:00,117,4.877058530454282,,,,,,,,342,,2,0
nwfsc_pacific_hake_survey,D20230821T165744_IFCB117,2023-08-21 16:57:44+00:00,117,4.907728669343172,,,,,,,,257,,2,0
nwfsc_pacific_hake_survey,D20230821T172130_IFCB117,2023-08-21 17:21:30+00:00,117,4.933386158130786,,,,,,,,189,,2,0
nwfsc_pacific_hake_survey,D20230821T174516_IFCB117,2023-08-21 17:45:16+00:00,117,4.926764060691551,,,,,,,,221,,2,0
nwfsc_pacific_hake_survey,D20230821T180902_IFCB117,2023-08-21 18:09:02+00:00,117,4.9325455277054395,,,,,,,,202,,2,0
nwfsc_pacific_hake_survey,D20230821T183249_IFCB117,2023-08-21 18:32:49+00:00,117,4.958561686197916,,,,,,,,130,,2,0
nwfsc_pacific_hake_survey,D20230821T185635_IFCB117,2023-08-21 18:56:35+00:00,117,4.958182074652778,,,,,,,,133,,2,0
nwfsc_pacific_hake_survey,D20230821T192021_IFCB117,2023-08-21 19:20:21+00:00,117,4.9701745334201375,,,,,,,,96,,2,0
nwfsc_pacific_hake_survey,D20230821T194407_IFCB117,2023-08-21 19:44:07+00:00,117,4.980301350911459,,,,,,,,66,,2,0
nwfsc_pacific_hake_survey,D20230821T200754_IFCB117,2023-08-21 20:07:54+00:00,117,4.97172691514757,,,,,,,,92,,2,0
nwfsc_pacific_hake_survey,D20230821T203140_IFCB117,2023-08-21 20:31:40+00:00,117,4.972304750795717,,,,,,,,92,,2,0
nwfsc_pacific_hake_survey,D20230821T205526_IFCB117,2023-08-21 20:55:26+00:00,117,4.977650336371528,,,,,,,,77,,2,0
nwfsc_pacific_hake_survey,D20230821T211912_IFCB117,2023-08-21 21:19:12+00:00,117,4.971096019603588,,,,,,,,96,,2,0
nwfsc_pacific_hake_survey,D20230821T214258_IFCB117,2023-08-21 21:42:58+00:00,117,4.976048195167825,,,,,,,,78,,2,0
nwfsc_pacific_hake_survey,D20230821T220645_IFCB117,2023-08-21 22:06:45+00:00,117,4.977697799117477,,,,,,,,75,,2,0
nwfsc_pacific_hake_survey,D20230821T223031_IFCB117,2023-08-21 22:30:31+00:00,117,4.984145978009258,,,,,,,,52,,2,0
nwfsc_pacific_hake_survey,D20230821T225417_IFCB117,2023-08-21 22:54:17+00:00,117,4.982814597800926,,,,,,,,56,,2,0
nwfsc_pacific_hake_survey,D20230821T231803_IFCB117,2023-08-21 23:18:03+00:00,117,4.985302255135994,,,,,,,,50,,2,0
nwfsc_pacific_hake_survey,D20230821T234150_IFCB117,2023-08-21 23:41:50+00:00,117,4.986573694299769,,,,,,,,48,,2,0
nwfsc_pacific_hake_survey,D20230822T001033_IFCB117,2023-08-22 00:10:33+00:00,117,4.98073999927662,,,,,,,,66,,2,0
nwfsc_pacific_hake_survey,D20230822T003419_IFCB117,2023-08-22 00:34:19+00:00,117,4.988020661530671,,,,,,,,44,,2,0
nwfsc_pacific_hake_survey,D20230822T005804_IFCB117,2023-08-22 00:58:04+00:00,117,4.988952256944444,,,,,,,,42,,2,0
nwfsc_pacific_hake_survey,D20230822T012149_IFCB117,2023-08-22 01:21:49+00:00,117,4.980944932725694,,,,,,,,65,,2,0
nwfsc_pacific_hake_survey,D20230822T014536_IFCB117,2023-08-22 01:45:36+00:00,117,4.968081190321181,,,,,,,,114,,2,0
nwfsc_pacific_hake_survey,D20230822T020921_IFCB117,2023-08-22 02:09:21+00:00,117,4.952300980179398,,,,,,,,147,,2,0
nwfsc_pacific_hake_survey,D20230822T023307_IFCB117,2023-08-22 02:33:07+00:00,117,4.974445041232639,,,,,,,,85,,2,0
nwfsc_pacific_hake_survey,D20230822T025652_IFCB117,2023-08-22 02:56:52+00:00,117,4.959939190899885,,,,,,,,127,,2,0
nwfsc_pacific_hake_survey,D20230822T032038_IFCB117,2023-08-22 03:20:38+00:00,117,4.971506456163195,,,,,,,,92,,2,0
nwfsc_pacific_hake_survey,D20230822T034425_IFCB117,2023-08-22 03:44:25+00:00,117,4.97789990234375,,,,,,,,74,,2,0
nwfsc_pacific_hake_survey,D20230822T041954_IFCB117,2023-08-22 04:19:54+00:00,117,4.972011727792245,,,,,,,,92,,2,0
nwfsc_pacific_hake_survey,D20230822T044339_IFCB117,2023-08-22 04:43:39+00:00,117,4.972685429325811,,,,,,,,89,,2,0
nwfsc_pacific_hake_survey,D20230822T050724_IFCB117,2023-08-22 05:07:24+00:00,117,4.986383743851272,,,,,,,,50,,2,0
nwfsc_pacific_hake_survey,D20230822T053110_IFCB117,2023-08-22 05:31:10+00:00,117,4.9804521032262725,,,,,,,,66,,2,0
nwfsc_pacific_hake_survey,D20230822T055455_IFCB117,2023-08-22 05:54:55+00:00,117,4.973681070963542,,,,,,,,84,,2,0
nwfsc_pacific_hake_survey,D20230822T061841_IFCB117,2023-08-22 06:18:41+00:00,117,4.949553955078127,,,,,,,,154,,2,0
nwfsc_pacific_hake_survey,D20230822T064227_IFCB117,2023-08-22 06:42:27+00:00,117,4.949702329282407,,,,,,,,153,,2,0
nwfsc_pacific_hake_survey,D20230822T070613_IFCB117,2023-08-22 07:06:13+00:00,117,4.958301242404514,,,,,,,,133,,2,0
nwfsc_pacific_hake_survey,D20230822T072959_IFCB117,2023-08-22 07:29:59+00:00,117,4.948034993489584,,,,,,,,158,,2,0
nwfsc_pacific_hake_survey,D20230822T075346_IFCB117,2023-08-22 07:53:46+00:00,117,4.949043393735533,,,,,,,,157,,2,0
nwfsc_pacific_hake_survey,D20230822T081732_IFCB117,2023-08-22 08:17:32+00:00,117,4.965846516927084,,,,,,,,107,,2,0
nwfsc_pacific_hake_survey,D20230822T084118_IFCB117,2023-08-22 08:41:18+00:00,117,4.957568359375,,,,,,,,132,,2,0
nwfsc_pacific_hake_survey,D20230822T090504_IFCB117,2023-08-22 09:05:04+00:00,117,4.971862006293403,,,,,,,,93,,2,0
nwfsc_pacific_hake_survey,D20230822T092851_IFCB117,2023-08-22 09:28:51+00:00,117,4.961679244429976,,,,,,,,119,,2,0
nwfsc_pacific_hake_survey,D20230822T095237_IFCB117,2023-08-22 09:52:37+00:00,117,4.964165111400463,,,,,,,,117,,2,0
nwfsc_pacific_hake_survey,D20230822T101623_IFCB117,2023-08-22 10:16:23+00:00,117,4.942356038411458,,,,,,,,175,,2,0
nwfsc_pacific_hake_survey,D20230822T104009_IFCB117,2023-08-22 10:40:09+00:00,117,4.964150381582755,,,,,,,,112,,2,0
nwfsc_pacific_hake_survey,D20230822T110355_IFCB117,2023-08-22 11:03:55+00:00,117,4.9916736111111115,,,,,,,,17,,2,0
nwfsc_pacific_hake_survey,D20230822T112742_IFCB117,2023-08-22 11:27:42+00:00,117,4.9825557183159725,,,,,,,,61,,2,0
nwfsc_pacific_hake_survey,D20230822T115128_IFCB117,2023-08-22 11:51:28+00:00,117,4.984316569010416,,,,,,,,57,,2,0
nwfsc_pacific_hake_survey,D20230822T121514_IFCB117,2023-08-22 12:15:14+00:00,117,4.987667932581019,,,,,,,,45,,2,0
nwfsc_pacific_hake_survey,D20230822T123900_IFCB117,2023-08-22 12:39:00+00:00,117,4.9881023943865745,,,,,,,,44,,2,0
nwfsc_pacific_hake_survey,D20230822T130247_IFCB117,2023-08-22 13:02:47+00:00,117,4.9862828866464115,,,,,,,,49,,2,0
nwfsc_pacific_hake_survey,D20230822T132633_IFCB117,2023-08-22 13:26:33+00:00,117,4.9887233977141205,,,,,,,,42,,2,0
nwfsc_pacific_hake_survey,D20230822T135019_IFCB117,2023-08-22 13:50:19+00:00,117,4.990124764901621,,,,,,,,38,,2,0
nwfsc_pacific_hake_survey,D20230822T141405_IFCB117,2023-08-22 14:14:05+00:00,117,4.989947301793982,,,,,,,,41,,2,0
nwfsc_pacific_hake_survey,D20230822T143751_IFCB117,2023-08-22 14:37:51+00:00,117,4.985203179253473,,,,,,,,54,,2,0
nwfsc_pacific_hake_survey,D20230822T150138_IFCB117,2023-08-22 15:01:38+00:00,117,4.973497359664352,,,,,,,,86,,2,0
nwfsc_pacific_hake_survey,D20230822T152524_IFCB117,2023-08-22 15:25:24+00:00,117,4.979747386791088,,,,,,,,68,,2,0
nwfsc_pacific_hake_survey,D20230822T155407_IFCB117,2023-08-22 15:54:07+00:00,117,4.986245759186921,,,,,,,,49,,2,0
nwfsc_pacific_hake_survey,D20230822T161752_IFCB117,2023-08-22 16:17:52+00:00,117,4.983352276837384,,,,,,,,61,,2,0
nwfsc_pacific_hake_survey,D20230822T164139_IFCB117,2023-08-22 16:41:39+00:00,117,4.989082727502893,,,,,,,,42,,2,0
nwfsc_pacific_hake_survey,D20230822T170525_IFCB117,2023-08-22 17:05:25+00:00,117,4.9884115939670135,,,,,,,,44,,2,0
nwfsc_pacific_hake_survey,D20230822T172911_IFCB117,2023-08-22 17:29:11+00:00,117,4.986607919198494,,,,,,,,50,,2,0
nwfsc_pacific_hake_survey,D20230822T175257_IFCB117,2023-08-22 17:52:57+00:00,117,4.985430058232059,,,,,,,,52,,2,0
nwfsc_pacific_hake_survey,D20230822T181642_IFCB117,2023-08-22 18:16:42+00:00,117,4.9859844563802085,,,,,,,,50,,2,0
nwfsc_pacific_hake_survey,D20230822T184029_IFCB117,2023-08-22 18:40:29+00:00,117,4.988651321976273,,,,,,,,43,,2,0
nwfsc_pacific_hake_survey,D20230822T190415_IFCB117,2023-08-22 19:04:15+00:00,117,4.989968406394676,,,,,,,,40,,2,0
nwfsc_pacific_hake_survey,D20230822T192801_IFCB117,2023-08-22 19:28:01+00:00,117,4.987237006293403,,,,,,,,46,,2,0
nwfsc_pacific_hake_survey,D20230822T195147_IFCB117,2023-08-22 19:51:47+00:00,117,4.988095386646412,,,,,,,,46,,2,0
nwfsc_pacific_hake_survey,D20230822T201532_IFCB117,2023-08-22 20:15:32+00:00,117,4.982712330005786,,,,,,,,60,,2,0
nwfsc_pacific_hake_survey,D20230822T203919_IFCB117,2023-08-22 20:39:19+00:00,117,4.985983642578125,,,,,,,,50,,2,0
nwfsc_pacific_hake_survey,D20230822T210305_IFCB117,2023-08-22 21:03:05+00:00,117,4.9759673484519675,,,,,,,,78,,2,0
nwfsc_pacific_hake_survey,D20230822T212651_IFCB117,2023-08-22 21:26:51+00:00,117,4.871502504701968,,,,,,,,382,,2,0
nwfsc_pacific_hake_survey,D20230822T215036_IFCB117,2023-08-22 21:50:36+00:00,117,4.747330222800926,,,,,,,,744,,2,0
nwfsc_pacific_hake_survey,D20230822T221423_IFCB117,2023-08-22 22:14:23+00:00,117,4.691489547164352,,,,,,,,912,,2,0
nwfsc_pacific_hake_survey,D20230822T223809_IFCB117,2023-08-22 22:38:09+00:00,117,4.687009440104166,,,,,,,,921,,2,0
nwfsc_pacific_hake_survey,D20230822T230155_IFCB117,2023-08-22 23:01:55+00:00,117,4.546871455439814,,,,,,,,1363,,2,0
nwfsc_pacific_hake_survey,D20230822T232540_IFCB117,2023-08-22 23:25:40+00:00,117,4.626953739872684,,,,,,,,1114,,2,0
nwfsc_pacific_hake_survey,D20230822T234925_IFCB117,2023-08-22 23:49:25+00:00,117,4.584762984664352,,,,,,,,1232,,2,0
nwfsc_pacific_hake_survey,D20230823T001311_IFCB117,2023-08-23 00:13:11+00:00,117,4.579965675636574,,,,,,,,1244,,2,0
nwfsc_pacific_hake_survey,D20230823T003658_IFCB117,2023-08-23 00:36:58+00:00,117,4.516227358217592,,,,,,,,1446,,2,0
nwfsc_pacific_hake_survey,D20230823T010044_IFCB117,2023-08-23 01:00:44+00:00,117,4.751989836516203,,,,,,,,738,,2,0
nwfsc_pacific_hake_survey,D20230823T012430_IFCB117,2023-08-23 01:24:30+00:00,117,4.847312282986111,,,,,,,,459,,2,0
nwfsc_pacific_hake_survey,D20230823T014816_IFCB117,2023-08-23 01:48:16+00:00,117,4.917605911820023,,,,,,,,251,,2,0
nwfsc_pacific_hake_survey,D20230823T021202_IFCB117,2023-08-23 02:12:02+00:00,117,4.942233823423033,,,,,,,,179,,2,0
nwfsc_pacific_hake_survey,D20230823T023548_IFCB117,2023-08-23 02:35:48+00:00,117,4.941770137080439,,,,,,,,192,,2,0
nwfsc_pacific_hake_survey,D20230823T025933_IFCB117,2023-08-23 02:59:33+00:00,117,4.915401267722802,,,,,,,,257,,2,0
nwfsc_pacific_hake_survey,D20230823T032319_IFCB117,2023-08-23 03:23:19+00:00,117,4.9466255063657405,,,,,,,,165,,2,0
nwfsc_pacific_hake_survey,D20230823T035849_IFCB117,2023-08-23 03:58:49+00:00,117,4.960748878761574,,,,,,,,125,,2,0
nwfsc_pacific_hake_survey,D20230823T042235_IFCB117,2023-08-23 04:22:35+00:00,117,4.982199146412035,,,,,,,,64,,2,0
nwfsc_pacific_hake_survey,D20230823T044621_IFCB117,2023-08-23 04:46:21+00:00,117,4.979064109519675,,,,,,,,72,,2,0
nwfsc_pacific_hake_survey,D20230823T051007_IFCB117,2023-08-23 05:10:07+00:00,117,4.981099880642361,,,,,,,,66,,2,0
nwfsc_pacific_hake_survey,D20230823T053353_IFCB117,2023-08-23 05:33:53+00:00,117,4.9802461299189815,,,,,,,,69,,2,0
nwfsc_pacific_hake_survey,D20230823T055738_IFCB117,2023-08-23 05:57:38+00:00,117,4.983130696614583,,,,,,,,60,,2,0
nwfsc_pacific_hake_survey,D20230823T062125_IFCB117,2023-08-23 06:21:25+00:00,117,4.952291449652778,,,,,,,,151,,2,0
nwfsc_pacific_hake_survey,D20230823T064510_IFCB117,2023-08-23 06:45:10+00:00,117,4.965125081380208,,,,,,,,114,,2,0
nwfsc_pacific_hake_survey,D20230823T070855_IFCB117,2023-08-23 07:08:55+00:00,117,4.934321750217014,,,,,,,,202,,2,0
nwfsc_pacific_hake_survey,D20230823T073738_IFCB117,2023-08-23 07:37:38+00:00,117,4.855230812355325,,,,,,,,433,,2,0
nwfsc_pacific_hake_survey,D20230823T080124_IFCB117,2023-08-23 08:01:24+00:00,117,4.875883463541667,,,,,,,,376,,2,0
nwfsc_pacific_hake_survey,D20230823T082510_IFCB117,2023-08-23 08:25:10+00:00,117,4.79610814525463,,,,,,,,617,,2,0
nwfsc_pacific_hake_survey,D20230823T084857_IFCB117,2023-08-23 08:48:57+00:00,117,4.622232060185185,,,,,,,,1127,,2,0
nwfsc_pacific_hake_survey,D20230823T091242_IFCB117,2023-08-23 09:12:42+00:00,117,4.503847511574074,,,,,,,,1485,,2,0
nwfsc_pacific_hake_survey,D20230823T093629_IFCB117,2023-08-23 09:36:29+00:00,117,4.591266493055555,,,,,,,,1215,,2,0
nwfsc_pacific_hake_survey,D20230823T100015_IFCB117,2023-08-23 10:00:15+00:00,117,4.440501302083334,,,,,,,,1679,,2,0
nwfsc_pacific_hake_survey,D20230823T102403_IFCB117,2023-08-23 10:24:03+00:00,117,4.7191677155671305,,,,,,,,830,,2,0
nwfsc_pacific_hake_survey,D20230823T104750_IFCB117,2023-08-23 10:47:50+00:00,117,4.815612829137732,,,,,,,,547,,2,0
nwfsc_pacific_hake_survey,D20230823T111136_IFCB117,2023-08-23 11:11:36+00:00,117,4.671404224537037,,,,,,,,972,,2,0
nwfsc_pacific_hake_survey,D20230823T113522_IFCB117,2023-08-23 11:35:22+00:00,117,4.6220324797453705,,,,,,,,1114,,2,0
nwfsc_pacific_hake_survey,D20230823T115908_IFCB117,2023-08-23 11:59:08+00:00,117,4.763034975405092,,,,,,,,704,,2,0
nwfsc_pacific_hake_survey,D20230823T122254_IFCB117,2023-08-23 12:22:54+00:00,117,4.769445999710647,,,,,,,,689,,2,0
nwfsc_pacific_hake_survey,D20230823T124640_IFCB117,2023-08-23 12:46:40+00:00,117,4.785108344184028,,,,,,,,645,,2,0
nwfsc_pacific_hake_survey,D20230823T131025_IFCB117,2023-08-23 13:10:25+00:00,117,4.987583025896991,,,,,,,,1,,2,0
nwfsc_pacific_hake_survey,D20230823T133411_IFCB117,2023-08-23 13:34:11+00:00,117,4.792752097800926,,,,,,,,622,,2,0
nwfsc_pacific_hake_survey,D20230823T135757_IFCB117,2023-08-23 13:57:57+00:00,117,4.806220504195602,,,,,,,,583,,2,0
nwfsc_pacific_hake_survey,D20230823T142143_IFCB117,2023-08-23 14:21:43+00:00,117,4.765251157407408,,,,,,,,710,,2,0
nwfsc_pacific_hake_survey,D20230827T200110_IFCB117,2023-08-27 20:01:10+00:00,117,4.830520580150463,,,,,,,,515,,2,0
nwfsc_pacific_hake_survey,D20230827T202457_IFCB117,2023-08-27 20:24:57+00:00,117,4.703956995081018,,,,,,,,886,,2,0
nwfsc_pacific_hake_survey,D20230827T204843_IFCB117,2023-08-27 20:48:43+00:00,117,4.786800944010417,,,,,,,,644,,2,0
nwfsc_pacific_hake_survey,D20230827T211230_IFCB117,2023-08-27 21:12:30+00:00,117,4.747557581018518,,,,,,,,750,,2,0
nwfsc_pacific_hake_survey,D20230827T213616_IFCB117,2023-08-27 21:36:16+00:00,117,4.83469923683449,,,,,,,,494,,2,0
nwfsc_pacific_hake_survey,D20230827T220001_IFCB117,2023-08-27 22:00:01+00:00,117,4.879265597873265,,,,,,,,352,,2,0
nwfsc_pacific_hake_survey,D20230827T222347_IFCB117,2023-08-27 22:23:47+00:00,117,4.856687165436921,,,,,,,,433,,2,0
nwfsc_pacific_hake_survey,D20230827T224733_IFCB117,2023-08-27 22:47:33+00:00,117,4.839102322048611,,,,,,,,478,,2,0
nwfsc_pacific_hake_survey,D20230827T231118_IFCB117,2023-08-27 23:11:18+00:00,117,4.850475802951388,,,,,,,,447,,2,0
nwfsc_pacific_hake_survey,D20230827T233505_IFCB117,2023-08-27 23:35:05+00:00,117,4.798133463541666,,,,,,,,599,,2,0
nwfsc_pacific_hake_survey,D20230827T235850_IFCB117,2023-08-27 23:58:50+00:00,117,4.593832899305554,,,,,,,,1195,,2,0
nwfsc_pacific_hake_survey,D20230828T002236_IFCB117,2023-08-28 00:22:36+00:00,117,4.689730324074074,,,,,,,,926,,2,0
nwfsc_pacific_hake_survey,D20230828T004622_IFCB117,2023-08-28 00:46:22+00:00,117,4.720478497540509,,,,,,,,824,,2,0
nwfsc_pacific_hake_survey,D20230828T011008_IFCB117,2023-08-28 01:10:08+00:00,117,4.767768229166665,,,,,,,,699,,2,0
nwfsc_pacific_hake_survey,D20230828T013354_IFCB117,2023-08-28 01:33:54+00:00,117,4.7690809823495375,,,,,,,,696,,2,0
nwfsc_pacific_hake_survey,D20230828T015741_IFCB117,2023-08-28 01:57:41+00:00,117,4.762532208478009,,,,,,,,710,,2,0
nwfsc_pacific_hake_survey,D20230828T022127_IFCB117,2023-08-28 02:21:27+00:00,117,4.750976906105324,,,,,,,,750,,2,0
nwfsc_pacific_hake_survey,D20230828T025656_IFCB117,2023-08-28 02:56:56+00:00,117,4.758060004340278,,,,,,,,719,,2,0
nwfsc_pacific_hake_survey,D20230828T032042_IFCB117,2023-08-28 03:20:42+00:00,117,4.7876400101273155,,,,,,,,629,,2,0
nwfsc_pacific_hake_survey,D20230828T034428_IFCB117,2023-08-28 03:44:28+00:00,117,4.807725477430555,,,,,,,,581,,2,0
nwfsc_pacific_hake_survey,D20230828T040814_IFCB117,2023-08-28 04:08:14+00:00,117,4.801444480613426,,,,,,,,594,,2,0
nwfsc_pacific_hake_survey,D20230828T043200_IFCB117,2023-08-28 04:32:00+00:00,117,4.826527379918982,,,,,,,,520,,2,0
nwfsc_pacific_hake_survey,D20230828T045546_IFCB117,2023-08-28 04:55:46+00:00,117,4.848226128472222,,,,,,,,453,,2,0
nwfsc_pacific_hake_survey,D20230828T051932_IFCB117,2023-08-28 05:19:32+00:00,117,4.844829987702547,,,,,,,,464,,2,0
nwfsc_pacific_hake_survey,D20230828T054318_IFCB117,2023-08-28 05:43:18+00:00,117,4.850831958912036,,,,,,,,449,,2,0
nwfsc_pacific_hake_survey,D20230828T060704_IFCB117,2023-08-28 06:07:04+00:00,117,4.856363046151619,,,,,,,,435,,2,0
nwfsc_pacific_hake_survey,D20230828T063050_IFCB117,2023-08-28 06:30:50+00:00,117,4.858282461660879,,,,,,,,424,,2,0
nwfsc_pacific_hake_survey,D20230828T065437_IFCB117,2023-08-28 06:54:37+00:00,117,4.884079264322915,,,,,,,,350,,2,0
nwfsc_pacific_hake_survey,D20230828T071822_IFCB117,2023-08-28 07:18:22+00:00,117,4.877043203848379,,,,,,,,373,,2,0
nwfsc_pacific_hake_survey,D20230828T074208_IFCB117,2023-08-28 07:42:08+00:00,117,4.91053564453125,,,,,,,,276,,2,0
nwfsc_pacific_hake_survey,D20230828T080554_IFCB117,2023-08-28 08:05:54+00:00,117,4.897895218460648,,,,,,,,309,,2,0
nwfsc_pacific_hake_survey,D20230828T082940_IFCB117,2023-08-28 08:29:40+00:00,117,4.905846914785879,,,,,,,,293,,2,0
nwfsc_pacific_hake_survey,D20230828T085326_IFCB117,2023-08-28 08:53:26+00:00,117,4.908554380063657,,,,,,,,287,,2,0
nwfsc_pacific_hake_survey,D20230828T091713_IFCB117,2023-08-28 09:17:13+00:00,117,4.901949336299191,,,,,,,,300,,2,0
nwfsc_pacific_hake_survey,D20230828T094059_IFCB117,2023-08-28 09:40:59+00:00,117,4.895310094762732,,,,,,,,317,,2,0
nwfsc_pacific_hake_survey,D20230828T100445_IFCB117,2023-08-28 10:04:45+00:00,117,4.867404079861112,,,,,,,,404,,2,0
nwfsc_pacific_hake_survey,D20230828T102831_IFCB117,2023-08-28 10:28:31+00:00,117,4.854314706307871,,,,,,,,434,,2,0
nwfsc_pacific_hake_survey,D20230828T105217_IFCB117,2023-08-28 10:52:17+00:00,117,4.865354229962384,,,,,,,,406,,2,0
nwfsc_pacific_hake_survey,D20230828T111603_IFCB117,2023-08-28 11:16:03+00:00,117,4.83032228370949,,,,,,,,508,,2,0
nwfsc_pacific_hake_survey,D20230828T114446_IFCB117,2023-08-28 11:44:46+00:00,117,4.7771944444444445,,,,,,,,661,,2,0
nwfsc_pacific_hake_survey,D20230828T120832_IFCB117,2023-08-28 12:08:32+00:00,117,4.74588597728588,,,,,,,,761,,2,0
nwfsc_pacific_hake_survey,D20230828T123219_IFCB117,2023-08-28 12:32:19+00:00,117,4.778809606481482,,,,,,,,659,,2,0
nwfsc_pacific_hake_survey,D20230828T125605_IFCB117,2023-08-28 12:56:05+00:00,117,4.776329282407407,,,,,,,,677,,2,0
nwfsc_pacific_hake_survey,D20230828T131950_IFCB117,2023-08-28 13:19:50+00:00,117,4.795323025173611,,,,,,,,612,,2,0
nwfsc_pacific_hake_survey,D20230828T134335_IFCB117,2023-08-28 13:43:35+00:00,117,4.921359103732639,,,,,,,,240,,2,0
nwfsc_pacific_hake_survey,D20230828T140721_IFCB117,2023-08-28 14:07:21+00:00,117,4.969033194082755,,,,,,,,103,,2,0
nwfsc_pacific_hake_survey,D20230828T143106_IFCB117,2023-08-28 14:31:06+00:00,117,4.919504683883102,,,,,,,,233,,2,0
nwfsc_pacific_hake_survey,D20230828T145452_IFCB117,2023-08-28 14:54:52+00:00,117,4.906556839554398,,,,,,,,280,,2,0
nwfsc_pacific_hake_survey,D20230828T151838_IFCB117,2023-08-28 15:18:38+00:00,117,4.586908203125001,,,,,,,,1198,,2,0
nwfsc_pacific_hake_survey,D20230828T154226_IFCB117,2023-08-28 15:42:26+00:00,117,4.7928884910300935,,,,,,,,600,,2,0
nwfsc_pacific_hake_survey,D20230828T160611_IFCB117,2023-08-28 16:06:11+00:00,117,4.751158872251158,,,,,,,,726,,2,0
nwfsc_pacific_hake_survey,D20230828T162958_IFCB117,2023-08-28 16:29:58+00:00,117,4.747247703269676,,,,,,,,729,,2,0
nwfsc_pacific_hake_survey,D20230828T165344_IFCB117,2023-08-28 16:53:44+00:00,117,4.532752531828703,,,,,,,,1346,,2,0
nwfsc_pacific_hake_survey,D20230828T171731_IFCB117,2023-08-28 17:17:31+00:00,117,4.880249285662615,,,,,,,,352,,2,0
nwfsc_pacific_hake_survey,D20230828T174118_IFCB117,2023-08-28 17:41:18+00:00,117,4.904719446252893,,,,,,,,283,,2,0
nwfsc_pacific_hake_survey,D20230828T180504_IFCB117,2023-08-28 18:05:04+00:00,117,4.890252079716435,,,,,,,,323,,2,0
nwfsc_pacific_hake_survey,D20230828T182850_IFCB117,2023-08-28 18:28:50+00:00,117,4.901636049623843,,,,,,,,289,,2,0
nwfsc_pacific_hake_survey,D20230828T185236_IFCB117,2023-08-28 18:52:36+00:00,117,4.920914822048611,,,,,,,,236,,2,0
nwfsc_pacific_hake_survey,D20230828T191623_IFCB117,2023-08-28 19:16:23+00:00,117,4.888772343388311,,,,,,,,326,,2,0
nwfsc_pacific_hake_survey,D20230828T194009_IFCB117,2023-08-28 19:40:09+00:00,117,4.899729519314237,,,,,,,,298,,2,0
nwfsc_pacific_hake_survey,D20230828T200355_IFCB117,2023-08-28 20:03:55+00:00,117,4.910823576750579,,,,,,,,264,,2,0
nwfsc_pacific_hake_survey,D20230828T202741_IFCB117,2023-08-28 20:27:41+00:00,117,4.904274947554977,,,,,,,,286,,2,0
nwfsc_pacific_hake_survey,D20230828T205128_IFCB117,2023-08-28 20:51:28+00:00,117,4.909967683015046,,,,,,,,267,,2,0
nwfsc_pacific_hake_survey,D20230828T211514_IFCB117,2023-08-28 21:15:14+00:00,117,4.929997061270255,,,,,,,,209,,2,0
nwfsc_pacific_hake_survey,D20230828T213900_IFCB117,2023-08-28 21:39:00+00:00,117,4.939799397786459,,,,,,,,184,,2,0
nwfsc_pacific_hake_survey,D20230828T220246_IFCB117,2023-08-28 22:02:46+00:00,117,4.919601417824075,,,,,,,,243,,2,0
nwfsc_pacific_hake_survey,D20230828T222632_IFCB117,2023-08-28 22:26:32+00:00,117,4.929091127748843,,,,,,,,219,,2,0
nwfsc_pacific_hake_survey,D20230828T225019_IFCB117,2023-08-28 22:50:19+00:00,117,4.938749547887733,,,,,,,,188,,2,0
nwfsc_pacific_hake_survey,D20230828T231405_IFCB117,2023-08-28 23:14:05+00:00,117,4.944124385127314,,,,,,,,170,,2,0
nwfsc_pacific_hake_survey,D20230828T233751_IFCB117,2023-08-28 23:37:51+00:00,117,4.81434105541088,,,,,,,,540,,2,0
nwfsc_pacific_hake_survey,D20230829T000137_IFCB117,2023-08-29 00:01:37+00:00,117,4.694005280671296,,,,,,,,886,,2,0
nwfsc_pacific_hake_survey,D20230829T002524_IFCB117,2023-08-29 00:25:24+00:00,117,4.706062952112267,,,,,,,,855,,2,0
nwfsc_pacific_hake_survey,D20230829T004912_IFCB117,2023-08-29 00:49:12+00:00,117,4.690514937789351,,,,,,,,903,,2,0
nwfsc_pacific_hake_survey,D20230829T011259_IFCB117,2023-08-29 01:12:59+00:00,117,4.657411530671297,,,,,,,,1002,,2,0
nwfsc_pacific_hake_survey,D20230829T013646_IFCB117,2023-08-29 01:36:46+00:00,117,4.735362358940972,,,,,,,,764,,2,0
nwfsc_pacific_hake_survey,D20230829T020033_IFCB117,2023-08-29 02:00:33+00:00,117,4.816576551649305,,,,,,,,538,,2,0
nwfsc_pacific_hake_survey,D20230829T023604_IFCB117,2023-08-29 02:36:04+00:00,117,4.865413302951388,,,,,,,,399,,2,0
nwfsc_pacific_hake_survey,D20230829T025952_IFCB117,2023-08-29 02:59:52+00:00,117,4.887140733506945,,,,,,,,336,,2,0
nwfsc_pacific_hake_survey,D20230829T032835_IFCB117,2023-08-29 03:28:35+00:00,117,4.879259367766204,,,,,,,,358,,2,0
nwfsc_pacific_hake_survey,D20230829T035221_IFCB117,2023-08-29 03:52:21+00:00,117,4.843696885850695,,,,,,,,462,,2,0
nwfsc_pacific_hake_survey,D20230829T041607_IFCB117,2023-08-29 04:16:07+00:00,117,4.82791185619213,,,,,,,,495,,2,0
nwfsc_pacific_hake_survey,D20230829T043953_IFCB117,2023-08-29 04:39:53+00:00,117,4.869192979600695,,,,,,,,386,,2,0
nwfsc_pacific_hake_survey,D20230829T050340_IFCB117,2023-08-29 05:03:40+00:00,117,4.904206443504051,,,,,,,,286,,2,0
nwfsc_pacific_hake_survey,D20230829T052726_IFCB117,2023-08-29 05:27:26+00:00,117,4.9010796169704856,,,,,,,,292,,2,0
nwfsc_pacific_hake_survey,D20230829T055112_IFCB117,2023-08-29 05:51:12+00:00,117,4.752748227719907,,,,,,,,720,,2,0
nwfsc_pacific_hake_survey,D20230829T061458_IFCB117,2023-08-29 06:14:58+00:00,117,4.62271997974537,,,,,,,,1103,,2,0
nwfsc_pacific_hake_survey,D20230829T063845_IFCB117,2023-08-29 06:38:45+00:00,117,4.618810510706019,,,,,,,,1115,,2,0
nwfsc_pacific_hake_survey,D20230829T070232_IFCB117,2023-08-29 07:02:32+00:00,117,4.628294126157408,,,,,,,,1087,,2,0
nwfsc_pacific_hake_survey,D20230829T072619_IFCB117,2023-08-29 07:26:19+00:00,117,4.6577505063657405,,,,,,,,996,,2,0
nwfsc_pacific_hake_survey,D20230829T075006_IFCB117,2023-08-29 07:50:06+00:00,117,4.658680374710648,,,,,,,,989,,2,0
nwfsc_pacific_hake_survey,D20230829T081352_IFCB117,2023-08-29 08:13:52+00:00,117,4.676217050057871,,,,,,,,954,,2,0
nwfsc_pacific_hake_survey,D20230829T083739_IFCB117,2023-08-29 08:37:39+00:00,117,4.647633572048611,,,,,,,,1034,,2,0
nwfsc_pacific_hake_survey,D20230829T090126_IFCB117,2023-08-29 09:01:26+00:00,117,4.672051323784723,,,,,,,,967,,2,0
nwfsc_pacific_hake_survey,D20230829T092513_IFCB117,2023-08-29 09:25:13+00:00,117,4.686108362268518,,,,,,,,937,,2,0
nwfsc_pacific_hake_survey,D20230829T094900_IFCB117,2023-08-29 09:49:00+00:00,117,4.694748842592593,,,,,,,,895,,2,0
nwfsc_pacific_hake_survey,D20230829T101248_IFCB117,2023-08-29 10:12:48+00:00,117,4.700176504629629,,,,,,,,882,,2,0
nwfsc_pacific_hake_survey,D20230829T103634_IFCB117,2023-08-29 10:36:34+00:00,117,4.6853147424768515,,,,,,,,922,,2,0
nwfsc_pacific_hake_survey,D20230829T110021_IFCB117,2023-08-29 11:00:21+00:00,117,4.717229456018518,,,,,,,,836,,2,0
nwfsc_pacific_hake_survey,D20230829T112408_IFCB117,2023-08-29 11:24:08+00:00,117,4.763997251157408,,,,,,,,692,,2,0
nwfsc_pacific_hake_survey,D20230829T114755_IFCB117,2023-08-29 11:47:55+00:00,117,4.836686903211805,,,,,,,,483,,2,0
nwfsc_pacific_hake_survey,D20230829T121143_IFCB117,2023-08-29 12:11:43+00:00,117,4.895663583260996,,,,,,,,310,,2,0
nwfsc_pacific_hake_survey,D20230829T123530_IFCB117,2023-08-29 12:35:30+00:00,117,4.919175953052662,,,,,,,,243,,2,0
nwfsc_pacific_hake_survey,D20230829T125917_IFCB117,2023-08-29 12:59:17+00:00,117,4.941224310980902,,,,,,,,180,,2,0
nwfsc_pacific_hake_survey,D20230829T132303_IFCB117,2023-08-29 13:23:03+00:00,117,4.922587492766204,,,,,,,,233,,2,0
nwfsc_pacific_hake_survey,D20230829T134650_IFCB117,2023-08-29 13:46:50+00:00,117,4.941252812138311,,,,,,,,178,,2,0
nwfsc_pacific_hake_survey,D20230829T141036_IFCB117,2023-08-29 14:10:36+00:00,117,4.943230929904514,,,,,,,,175,,2,0
nwfsc_pacific_hake_survey,D20230829T143422_IFCB117,2023-08-29 14:34:22+00:00,117,4.95820470739294,,,,,,,,141,,2,0
nwfsc_pacific_hake_survey,D20230829T145808_IFCB117,2023-08-29 14:58:08+00:00,117,4.946036810980902,,,,,,,,165,,2,0
nwfsc_pacific_hake_survey,D20230829T152154_IFCB117,2023-08-29 15:21:54+00:00,117,4.882290129484954,,,,,,,,352,,2,0
nwfsc_pacific_hake_survey,D20230829T154541_IFCB117,2023-08-29 15:45:41+00:00,117,4.788000325520832,,,,,,,,619,,2,0
nwfsc_pacific_hake_survey,D20230829T160927_IFCB117,2023-08-29 16:09:27+00:00,117,4.784238317418981,,,,,,,,624,,2,0
nwfsc_pacific_hake_survey,D20230829T163313_IFCB117,2023-08-29 16:33:13+00:00,117,4.635123625578704,,,,,,,,1052,,2,0
nwfsc_pacific_hake_survey,D20230829T165700_IFCB117,2023-08-29 16:57:00+00:00,117,4.593890046296296,,,,,,,,1176,,2,0
nwfsc_pacific_hake_survey,D20230829T172048_IFCB117,2023-08-29 17:20:48+00:00,117,4.695643156828703,,,,,,,,878,,2,0
nwfsc_pacific_hake_survey,D20230829T174435_IFCB117,2023-08-29 17:44:35+00:00,117,4.778695348668981,,,,,,,,645,,2,0
nwfsc_pacific_hake_survey,D20230829T180822_IFCB117,2023-08-29 18:08:22+00:00,117,4.759174207899306,,,,,,,,705,,2,0
nwfsc_pacific_hake_survey,D20230829T183209_IFCB117,2023-08-29 18:32:09+00:00,117,4.6832597656249995,,,,,,,,913,,2,0
nwfsc_pacific_hake_survey,D20230829T185556_IFCB117,2023-08-29 18:55:56+00:00,117,4.705892813223381,,,,,,,,853,,2,0
nwfsc_pacific_hake_survey,D20230829T192440_IFCB117,2023-08-29 19:24:40+00:00,117,4.7855817238136575,,,,,,,,627,,2,0
nwfsc_pacific_hake_survey,D20230829T194826_IFCB117,2023-08-29 19:48:26+00:00,117,4.772296585648148,,,,,,,,658,,2,0
nwfsc_pacific_hake_survey,D20230829T201212_IFCB117,2023-08-29 20:12:12+00:00,117,4.742574598524305,,,,,,,,746,,2,0
nwfsc_pacific_hake_survey,D20230829T203558_IFCB117,2023-08-29 20:35:58+00:00,117,4.62815990306713,,,,,,,,1095,,2,0
nwfsc_pacific_hake_survey,D20230829T205946_IFCB117,2023-08-29 20:59:46+00:00,117,4.509210756655093,,,,,,,,1439,,2,0
nwfsc_pacific_hake_survey,D20230829T212333_IFCB117,2023-08-29 21:23:33+00:00,117,4.381795211226852,,,,,,,,1788,,2,0
nwfsc_pacific_hake_survey,D20230829T214720_IFCB117,2023-08-29 21:47:20+00:00,117,4.374201388888888,,,,,,,,1806,,2,0
nwfsc_pacific_hake_survey,D20230829T221107_IFCB117,2023-08-29 22:11:07+00:00,117,4.608883861400463,,,,,,,,1127,,2,0
nwfsc_pacific_hake_survey,D20230829T223455_IFCB117,2023-08-29 22:34:55+00:00,117,4.673402777777778,,,,,,,,954,,2,0
nwfsc_pacific_hake_survey,D20230829T225842_IFCB117,2023-08-29 22:58:42+00:00,117,4.628410192418983,,,,,,,,1058,,2,0
nwfsc_pacific_hake_survey,D20230829T232229_IFCB117,2023-08-29 23:22:29+00:00,117,4.558813368055555,,,,,,,,1281,,2,0
nwfsc_pacific_hake_survey,D20230829T234616_IFCB117,2023-08-29 23:46:16+00:00,117,4.598685763888889,,,,,,,,1165,,2,0
nwfsc_pacific_hake_survey,D20230830T001003_IFCB117,2023-08-30 00:10:03+00:00,117,4.611703812210648,,,,,,,,1132,,2,0
nwfsc_pacific_hake_survey,D20230830T003351_IFCB117,2023-08-30 00:33:51+00:00,117,4.699730143229166,,,,,,,,875,,2,0
nwfsc_pacific_hake_survey,D20230830T005738_IFCB117,2023-08-30 00:57:38+00:00,117,4.731022388599537,,,,,,,,783,,2,0
nwfsc_pacific_hake_survey,D20230830T012124_IFCB117,2023-08-30 01:21:24+00:00,117,4.812860116464121,,,,,,,,550,,2,0
nwfsc_pacific_hake_survey,D20230830T015655_IFCB117,2023-08-30 01:56:55+00:00,117,4.849681278935185,,,,,,,,441,,2,0
nwfsc_pacific_hake_survey,D20230830T022041_IFCB117,2023-08-30 02:20:41+00:00,117,4.889472484447338,,,,,,,,326,,2,0
nwfsc_pacific_hake_survey,D20230830T024427_IFCB117,2023-08-30 02:44:27+00:00,117,4.93251890733507,,,,,,,,203,,2,0
nwfsc_pacific_hake_survey,D20230830T030814_IFCB117,2023-08-30 03:08:14+00:00,117,4.9480539369936345,,,,,,,,159,,2,0
nwfsc_pacific_hake_survey,D20230830T033200_IFCB117,2023-08-30 03:32:00+00:00,117,4.9531818576388895,,,,,,,,147,,2,0
nwfsc_pacific_hake_survey,D20230830T035546_IFCB117,2023-08-30 03:55:46+00:00,117,4.959206325954861,,,,,,,,129,,2,0
nwfsc_pacific_hake_survey,D20230830T041932_IFCB117,2023-08-30 04:19:32+00:00,117,4.966647352430557,,,,,,,,105,,2,0
nwfsc_pacific_hake_survey,D20230830T044318_IFCB117,2023-08-30 04:43:18+00:00,117,4.962969807942709,,,,,,,,116,,2,0
nwfsc_pacific_hake_survey,D20230830T050705_IFCB117,2023-08-30 05:07:05+00:00,117,4.964836208767362,,,,,,,,113,,2,0
nwfsc_pacific_hake_survey,D20230830T053051_IFCB117,2023-08-30 05:30:51+00:00,117,4.964594184027776,,,,,,,,111,,2,0
nwfsc_pacific_hake_survey,D20230830T055437_IFCB117,2023-08-30 05:54:37+00:00,117,4.90912902379919,,,,,,,,272,,2,0
nwfsc_pacific_hake_survey,D20230830T061823_IFCB117,2023-08-30 06:18:23+00:00,117,4.86939185474537,,,,,,,,385,,2,0
nwfsc_pacific_hake_survey,D20230830T064210_IFCB117,2023-08-30 06:42:10+00:00,117,4.8522759964554405,,,,,,,,430,,2,0
nwfsc_pacific_hake_survey,D20230830T070556_IFCB117,2023-08-30 07:05:56+00:00,117,4.772719654224536,,,,,,,,670,,2,0
nwfsc_pacific_hake_survey,D20230830T072942_IFCB117,2023-08-30 07:29:42+00:00,117,4.775077727141204,,,,,,,,667,,2,0
nwfsc_pacific_hake_survey,D20230830T075329_IFCB117,2023-08-30 07:53:29+00:00,117,4.744611147280093,,,,,,,,742,,2,0
nwfsc_pacific_hake_survey,D20230830T081716_IFCB117,2023-08-30 08:17:16+00:00,117,4.692327293113426,,,,,,,,902,,2,0
nwfsc_pacific_hake_survey,D20230830T084103_IFCB117,2023-08-30 08:41:03+00:00,117,4.723735496238427,,,,,,,,802,,2,0
nwfsc_pacific_hake_survey,D20230830T090450_IFCB117,2023-08-30 09:04:50+00:00,117,4.727870732060185,,,,,,,,789,,2,0
nwfsc_pacific_hake_survey,D20230830T092837_IFCB117,2023-08-30 09:28:37+00:00,117,4.714532805266204,,,,,,,,826,,2,0
nwfsc_pacific_hake_survey,D20230830T095224_IFCB117,2023-08-30 09:52:24+00:00,117,4.716193196614584,,,,,,,,822,,2,0
nwfsc_pacific_hake_survey,D20230830T101612_IFCB117,2023-08-30 10:16:12+00:00,117,4.721927770543982,,,,,,,,804,,2,0
nwfsc_pacific_hake_survey,D20230830T103959_IFCB117,2023-08-30 10:39:59+00:00,117,4.589162073206017,,,,,,,,1183,,2,0
nwfsc_pacific_hake_survey,D20230830T110843_IFCB117,2023-08-30 11:08:43+00:00,117,4.649707392939815,,,,,,,,1007,,2,0
nwfsc_pacific_hake_survey,D20230830T113230_IFCB117,2023-08-30 11:32:30+00:00,117,4.642660517939815,,,,,,,,1041,,2,0
nwfsc_pacific_hake_survey,D20230830T115618_IFCB117,2023-08-30 11:56:18+00:00,117,4.607349573206019,,,,,,,,1133,,2,0
nwfsc_pacific_hake_survey,D20230830T122005_IFCB117,2023-08-30 12:20:05+00:00,117,4.587617693865741,,,,,,,,1199,,2,0
nwfsc_pacific_hake_survey,D20230830T124352_IFCB117,2023-08-30 12:43:52+00:00,117,4.612261791087963,,,,,,,,1124,,2,0
nwfsc_pacific_hake_survey,D20230830T130739_IFCB117,2023-08-30 13:07:39+00:00,117,4.617493417245371,,,,,,,,1120,,2,0
nwfsc_pacific_hake_survey,D20230830T133127_IFCB117,2023-08-30 13:31:27+00:00,117,4.669430989583334,,,,,,,,964,,2,0
nwfsc_pacific_hake_survey,D20230830T135513_IFCB117,2023-08-30 13:55:13+00:00,117,4.72396752025463,,,,,,,,800,,2,0
nwfsc_pacific_hake_survey,D20230830T141900_IFCB117,2023-08-30 14:19:00+00:00,117,4.7386919126157405,,,,,,,,761,,2,0
nwfsc_pacific_hake_survey,D20230830T144247_IFCB117,2023-08-30 14:42:47+00:00,117,4.750338216145834,,,,,,,,728,,2,0
nwfsc_pacific_hake_survey,D20230830T150635_IFCB117,2023-08-30 15:06:35+00:00,117,4.717505099826388,,,,,,,,826,,2,0
nwfsc_pacific_hake_survey,D20230830T153022_IFCB117,2023-08-30 15:30:22+00:00,117,4.638615523726852,,,,,,,,1051,,2,0
nwfsc_pacific_hake_survey,D20230830T155409_IFCB117,2023-08-30 15:54:09+00:00,117,4.690456163194443,,,,,,,,894,,2,0
nwfsc_pacific_hake_survey,D20230830T161756_IFCB117,2023-08-30 16:17:56+00:00,117,4.740545753761575,,,,,,,,749,,2,0
nwfsc_pacific_hake_survey,D20230830T164143_IFCB117,2023-08-30 16:41:43+00:00,117,4.816984031394677,,,,,,,,532,,2,0
nwfsc_pacific_hake_survey,D20230830T170530_IFCB117,2023-08-30 17:05:30+00:00,117,4.517242259837962,,,,,,,,1372,,2,0
nwfsc_pacific_hake_survey,D20230830T172917_IFCB117,2023-08-30 17:29:17+00:00,117,4.714467484085648,,,,,,,,826,,2,0
nwfsc_pacific_hake_survey,D20230830T175304_IFCB117,2023-08-30 17:53:04+00:00,117,4.81019458912037,,,,,,,,552,,2,0
nwfsc_pacific_hake_survey,D20230830T181650_IFCB117,2023-08-30 18:16:50+00:00,117,4.818636447482641,,,,,,,,530,,2,0
nwfsc_pacific_hake_survey,D20230830T184037_IFCB117,2023-08-30 18:40:37+00:00,117,4.811786603009261,,,,,,,,545,,2,0
nwfsc_pacific_hake_survey,D20230830T190423_IFCB117,2023-08-30 19:04:23+00:00,117,4.971705132378472,,,,,,,,91,,2,0
nwfsc_pacific_hake_survey,D20230830T192809_IFCB117,2023-08-30 19:28:09+00:00,117,4.839469545717592,,,,,,,,468,,2,0
nwfsc_pacific_hake_survey,D20230830T195155_IFCB117,2023-08-30 19:51:55+00:00,117,4.667710177951389,,,,,,,,978,,2,0
nwfsc_pacific_hake_survey,D20230830T201543_IFCB117,2023-08-30 20:15:43+00:00,117,4.8113232421875,,,,,,,,547,,2,0
nwfsc_pacific_hake_survey,D20230830T203930_IFCB117,2023-08-30 20:39:30+00:00,117,4.888192066333913,,,,,,,,332,,2,0
nwfsc_pacific_hake_survey,D20230830T210317_IFCB117,2023-08-30 21:03:17+00:00,117,4.9585763075086815,,,,,,,,130,,2,0
nwfsc_pacific_hake_survey,D20230830T212703_IFCB117,2023-08-30 21:27:03+00:00,117,4.96724974681713,,,,,,,,106,,2,0
nwfsc_pacific_hake_survey,D20230830T215049_IFCB117,2023-08-30 21:50:49+00:00,117,4.972319643373842,,,,,,,,89,,2,0
nwfsc_pacific_hake_survey,D20230830T221436_IFCB117,2023-08-30 22:14:36+00:00,117,4.974506239149306,,,,,,,,83,,2,0
nwfsc_pacific_hake_survey,D20230830T223822_IFCB117,2023-08-30 22:38:22+00:00,117,4.982739384403934,,,,,,,,59,,2,0
nwfsc_pacific_hake_survey,D20230830T230208_IFCB117,2023-08-30 23:02:08+00:00,117,4.981903609664352,,,,,,,,63,,2,0
nwfsc_pacific_hake_survey,D20230830T232554_IFCB117,2023-08-30 23:25:54+00:00,117,4.990966606987846,,,,,,,,38,,2,0
nwfsc_pacific_hake_survey,D20230830T234940_IFCB117,2023-08-30 23:49:40+00:00,117,4.989418565538194,,,,,,,,42,,2,0
nwfsc_pacific_hake_survey,D20230831T001326_IFCB117,2023-08-31 00:13:26+00:00,117,4.9735245587384265,,,,,,,,86,,2,0
nwfsc_pacific_hake_survey,D20230831T003712_IFCB117,2023-08-31 00:37:12+00:00,117,4.917718650535302,,,,,,,,246,,2,0
nwfsc_pacific_hake_survey,D20230831T010058_IFCB117,2023-08-31 01:00:58+00:00,117,4.976789369936343,,,,,,,,77,,2,0
nwfsc_pacific_hake_survey,D20230831T013627_IFCB117,2023-08-31 01:36:27+00:00,117,4.988006067346644,,,,,,,,45,,2,0
nwfsc_pacific_hake_survey,D20230831T020013_IFCB117,2023-08-31 02:00:13+00:00,117,4.90993357566551,,,,,,,,271,,2,0
nwfsc_pacific_hake_survey,D20230831T022359_IFCB117,2023-08-31 02:23:59+00:00,117,4.705270996093749,,,,,,,,855,,2,0
nwfsc_pacific_hake_survey,D20230831T025244_IFCB117,2023-08-31 02:52:44+00:00,117,4.193195746527777,,,,,,,,2316,,2,0
nwfsc_pacific_hake_survey,D20230831T031631_IFCB117,2023-08-31 03:16:31+00:00,117,4.675036820023148,,,,,,,,947,,2,0
nwfsc_pacific_hake_survey,D20230831T034017_IFCB117,2023-08-31 03:40:17+00:00,117,4.611413519965278,,,,,,,,1127,,2,0
nwfsc_pacific_hake_survey,D20230831T040404_IFCB117,2023-08-31 04:04:04+00:00,117,4.649590530960649,,,,,,,,1009,,2,0
nwfsc_pacific_hake_survey,D20230831T042752_IFCB117,2023-08-31 04:27:52+00:00,117,4.510001591435185,,,,,,,,1413,,2,0
nwfsc_pacific_hake_survey,D20230831T045139_IFCB117,2023-08-31 04:51:39+00:00,117,4.572543004918982,,,,,,,,1243,,2,0
nwfsc_pacific_hake_survey,D20230831T051526_IFCB117,2023-08-31 05:15:26+00:00,117,4.556798502604165,,,,,,,,1286,,2,0
nwfsc_pacific_hake_survey,D20230831T053913_IFCB117,2023-08-31 05:39:13+00:00,117,4.61549074074074,,,,,,,,1112,,2,0
nwfsc_pacific_hake_survey,D20230831T060301_IFCB117,2023-08-31 06:03:01+00:00,117,4.56685962818287,,,,,,,,1240,,2,0
nwfsc_pacific_hake_survey,D20230831T062648_IFCB117,2023-08-31 06:26:48+00:00,117,4.601378255208333,,,,,,,,1145,,2,0
nwfsc_pacific_hake_survey,D20230831T065035_IFCB117,2023-08-31 06:50:35+00:00,117,4.612928132233796,,,,,,,,1116,,2,0
nwfsc_pacific_hake_survey,D20230831T071422_IFCB117,2023-08-31 07:14:22+00:00,117,4.6585913990162044,,,,,,,,992,,2,0
nwfsc_pacific_hake_survey,D20230831T073809_IFCB117,2023-08-31 07:38:09+00:00,117,4.779234103732638,,,,,,,,640,,2,0
nwfsc_pacific_hake_survey,D20230831T080156_IFCB117,2023-08-31 08:01:56+00:00,117,4.809209255642361,,,,,,,,555,,2,0
nwfsc_pacific_hake_survey,D20230831T082542_IFCB117,2023-08-31 08:25:42+00:00,117,4.833728334780092,,,,,,,,489,,2,0
nwfsc_pacific_hake_survey,D20230831T084928_IFCB117,2023-08-31 08:49:28+00:00,117,4.880399622034144,,,,,,,,370,,2,0
nwfsc_pacific_hake_survey,D20230831T091314_IFCB117,2023-08-31 09:13:14+00:00,117,4.876331995081018,,,,,,,,365,,2,0
nwfsc_pacific_hake_survey,D20230831T093701_IFCB117,2023-08-31 09:37:01+00:00,117,4.9149776385271995,,,,,,,,256,,2,0
nwfsc_pacific_hake_survey,D20230831T100046_IFCB117,2023-08-31 10:00:46+00:00,117,4.929889133029514,,,,,,,,214,,2,0
nwfsc_pacific_hake_survey,D20230831T102432_IFCB117,2023-08-31 10:24:32+00:00,117,4.920805790653935,,,,,,,,237,,2,0
nwfsc_pacific_hake_survey,D20230831T104818_IFCB117,2023-08-31 10:48:18+00:00,117,4.896227367259838,,,,,,,,311,,2,0
nwfsc_pacific_hake_survey,D20230831T111205_IFCB117,2023-08-31 11:12:05+00:00,117,4.902293719256366,,,,,,,,291,,2,0
nwfsc_pacific_hake_survey,D20230831T113551_IFCB117,2023-08-31 11:35:51+00:00,117,4.900395336009838,,,,,,,,295,,2,0
nwfsc_pacific_hake_survey,D20230831T115937_IFCB117,2023-08-31 11:59:37+00:00,117,4.878094835069445,,,,,,,,365,,2,0
nwfsc_pacific_hake_survey,D20230831T122323_IFCB117,2023-08-31 12:23:23+00:00,117,4.879091751663773,,,,,,,,360,,2,0
nwfsc_pacific_hake_survey,D20230831T124709_IFCB117,2023-08-31 12:47:09+00:00,117,4.879080087167245,,,,,,,,363,,2,0
nwfsc_pacific_hake_survey,D20230831T131056_IFCB117,2023-08-31 13:10:56+00:00,117,4.86470373083044,,,,,,,,403,,2,0
nwfsc_pacific_hake_survey,D20230831T133442_IFCB117,2023-08-31 13:34:42+00:00,117,4.889865532769097,,,,,,,,330,,2,0
nwfsc_pacific_hake_survey,D20230831T135828_IFCB117,2023-08-31 13:58:28+00:00,117,4.896822627314815,,,,,,,,307,,2,0
nwfsc_pacific_hake_survey,D20230831T142214_IFCB117,2023-08-31 14:22:14+00:00,117,4.90867748119213,,,,,,,,275,,2,0
nwfsc_pacific_hake_survey,D20230831T144601_IFCB117,2023-08-31 14:46:01+00:00,117,4.928868426287616,,,,,,,,214,,2,0
nwfsc_pacific_hake_survey,D20230831T150947_IFCB117,2023-08-31 15:09:47+00:00,117,4.934296124493634,,,,,,,,198,,2,0
nwfsc_pacific_hake_survey,D20230831T153333_IFCB117,2023-08-31 15:33:33+00:00,117,4.915570674189815,,,,,,,,254,,2,0
nwfsc_pacific_hake_survey,D20230831T155719_IFCB117,2023-08-31 15:57:19+00:00,117,4.92787523509838,,,,,,,,222,,2,0
nwfsc_pacific_hake_survey,D20230831T162105_IFCB117,2023-08-31 16:21:05+00:00,117,4.925763174551505,,,,,,,,223,,2,0
nwfsc_pacific_hake_survey,D20230831T164452_IFCB117,2023-08-31 16:44:52+00:00,117,4.932385470920139,,,,,,,,203,,2,0
nwfsc_pacific_hake_survey,D20230831T170837_IFCB117,2023-08-31 17:08:37+00:00,117,4.9186994538483795,,,,,,,,243,,2,0
nwfsc_pacific_hake_survey,D20230831T173223_IFCB117,2023-08-31 17:32:23+00:00,117,4.9417782118055555,,,,,,,,177,,2,0
nwfsc_pacific_hake_survey,D20230831T175609_IFCB117,2023-08-31 17:56:09+00:00,117,4.950985432942709,,,,,,,,150,,2,0
nwfsc_pacific_hake_survey,D20230831T181956_IFCB117,2023-08-31 18:19:56+00:00,117,4.945020607277199,,,,,,,,167,,2,0
nwfsc_pacific_hake_survey,D20230831T184839_IFCB117,2023-08-31 18:48:39+00:00,117,4.94800156430845,,,,,,,,160,,2,0
nwfsc_pacific_hake_survey,D20230831T191225_IFCB117,2023-08-31 19:12:25+00:00,117,4.783850296585649,,,,,,,,629,,2,0
nwfsc_pacific_hake_survey,D20230831T193611_IFCB117,2023-08-31 19:36:11+00:00,117,4.864001057942709,,,,,,,,400,,2,0
nwfsc_pacific_hake_survey,D20230831T195957_IFCB117,2023-08-31 19:59:57+00:00,117,4.447631329571759,,,,,,,,1602,,2,0
nwfsc_pacific_hake_survey,D20230831T202345_IFCB117,2023-08-31 20:23:45+00:00,117,4.592449435763888,,,,,,,,1178,,2,0
nwfsc_pacific_hake_survey,D20230831T204732_IFCB117,2023-08-31 20:47:32+00:00,117,4.388590567129629,,,,,,,,1757,,2,0
nwfsc_pacific_hake_survey,D20230831T211119_IFCB117,2023-08-31 21:11:19+00:00,117,4.704545319733796,,,,,,,,856,,2,0
nwfsc_pacific_hake_survey,D20230831T213506_IFCB117,2023-08-31 21:35:06+00:00,117,4.768982241030092,,,,,,,,667,,2,0
nwfsc_pacific_hake_survey,D20230831T215853_IFCB117,2023-08-31 21:58:53+00:00,117,4.825532769097223,,,,,,,,508,,2,0
nwfsc_pacific_hake_survey,D20230831T222239_IFCB117,2023-08-31 22:22:39+00:00,117,4.873068422670717,,,,,,,,372,,2,0
nwfsc_pacific_hake_survey,D20230831T224625_IFCB117,2023-08-31 22:46:25+00:00,117,4.912984365957755,,,,,,,,264,,2,0
nwfsc_pacific_hake_survey,D20230831T231011_IFCB117,2023-08-31 23:10:11+00:00,117,4.868931586371528,,,,,,,,387,,2,0
nwfsc_pacific_hake_survey,D20230831T233358_IFCB117,2023-08-31 23:33:58+00:00,117,4.8163236400462965,,,,,,,,549,,2,0
nwfsc_pacific_hake_survey,D20230831T235744_IFCB117,2023-08-31 23:57:44+00:00,117,4.827759205005788,,,,,,,,508,,2,0
nwfsc_pacific_hake_survey,D20230901T002130_IFCB117,2023-09-01 00:21:30+00:00,117,4.850794397424768,,,,,,,,446,,2,0
nwfsc_pacific_hake_survey,D20230901T005700_IFCB117,2023-09-01 00:57:00+00:00,117,4.688733760127315,,,,,,,,914,,2,0
nwfsc_pacific_hake_survey,D20230901T012047_IFCB117,2023-09-01 01:20:47+00:00,117,4.864048611111112,,,,,,,,409,,2,0
nwfsc_pacific_hake_survey,D20230901T014433_IFCB117,2023-09-01 01:44:33+00:00,117,4.892522262008102,,,,,,,,318,,2,0
nwfsc_pacific_hake_survey,D20230901T020818_IFCB117,2023-09-01 02:08:18+00:00,117,4.8872585268373845,,,,,,,,339,,2,0
nwfsc_pacific_hake_survey,D20230901T023205_IFCB117,2023-09-01 02:32:05+00:00,117,4.748654477719908,,,,,,,,755,,2,0
nwfsc_pacific_hake_survey,D20230901T025552_IFCB117,2023-09-01 02:55:52+00:00,117,4.830265100549768,,,,,,,,501,,2,0
nwfsc_pacific_hake_survey,D20230901T031938_IFCB117,2023-09-01 03:19:38+00:00,117,4.602921947337963,,,,,,,,1143,,2,0
nwfsc_pacific_hake_survey,D20230901T034325_IFCB117,2023-09-01 03:43:25+00:00,117,4.530956633391204,,,,,,,,1375,,2,0
nwfsc_pacific_hake_survey,D20230901T040713_IFCB117,2023-09-01 04:07:13+00:00,117,4.473661385995371,,,,,,,,1531,,2,0
nwfsc_pacific_hake_survey,D20230901T043100_IFCB117,2023-09-01 04:31:00+00:00,117,4.614514865451389,,,,,,,,1117,,2,0
nwfsc_pacific_hake_survey,D20230901T045447_IFCB117,2023-09-01 04:54:47+00:00,117,4.704325864438658,,,,,,,,861,,2,0
nwfsc_pacific_hake_survey,D20230901T051834_IFCB117,2023-09-01 05:18:34+00:00,117,4.7188319589120375,,,,,,,,814,,2,0
nwfsc_pacific_hake_survey,D20230901T054221_IFCB117,2023-09-01 05:42:21+00:00,117,4.735602430555556,,,,,,,,770,,2,0
nwfsc_pacific_hake_survey,D20230901T060607_IFCB117,2023-09-01 06:06:07+00:00,117,4.765166775173611,,,,,,,,679,,2,0
nwfsc_pacific_hake_survey,D20230901T062952_IFCB117,2023-09-01 06:29:52+00:00,117,4.710101417824074,,,,,,,,845,,2,0
nwfsc_pacific_hake_survey,D20230901T065339_IFCB117,2023-09-01 06:53:39+00:00,117,4.676024631076389,,,,,,,,934,,2,0
nwfsc_pacific_hake_survey,D20230901T071727_IFCB117,2023-09-01 07:17:27+00:00,117,4.670102322048611,,,,,,,,968,,2,0
nwfsc_pacific_hake_survey,D20230901T074114_IFCB117,2023-09-01 07:41:14+00:00,117,4.704597927517361,,,,,,,,867,,2,0
nwfsc_pacific_hake_survey,D20230901T080501_IFCB117,2023-09-01 08:05:01+00:00,117,4.7099896195023145,,,,,,,,843,,2,0
nwfsc_pacific_hake_survey,D20230901T082848_IFCB117,2023-09-01 08:28:48+00:00,117,4.693620081018518,,,,,,,,891,,2,0
nwfsc_pacific_hake_survey,D20230901T085236_IFCB117,2023-09-01 08:52:36+00:00,117,4.809488552517362,,,,,,,,558,,2,0
nwfsc_pacific_hake_survey,D20230901T091623_IFCB117,2023-09-01 09:16:23+00:00,117,4.836110062210648,,,,,,,,483,,2,0
nwfsc_pacific_hake_survey,D20230901T094010_IFCB117,2023-09-01 09:40:10+00:00,117,4.8807945782696756,,,,,,,,354,,2,0
nwfsc_pacific_hake_survey,D20230901T100356_IFCB117,2023-09-01 10:03:56+00:00,117,4.899404034649884,,,,,,,,310,,2,0
nwfsc_pacific_hake_survey,D20230901T103239_IFCB117,2023-09-01 10:32:39+00:00,117,4.922858371310764,,,,,,,,233,,2,0
nwfsc_pacific_hake_survey,D20230901T105626_IFCB117,2023-09-01 10:56:26+00:00,117,4.926359610098379,,,,,,,,221,,2,0
nwfsc_pacific_hake_survey,D20230901T112012_IFCB117,2023-09-01 11:20:12+00:00,117,4.9240854763454855,,,,,,,,229,,2,0
nwfsc_pacific_hake_survey,D20230901T114357_IFCB117,2023-09-01 11:43:57+00:00,117,4.929731002242477,,,,,,,,218,,2,0
nwfsc_pacific_hake_survey,D20230901T120743_IFCB117,2023-09-01 12:07:43+00:00,117,4.927186351634838,,,,,,,,220,,2,0
nwfsc_pacific_hake_survey,D20230901T123129_IFCB117,2023-09-01 12:31:29+00:00,117,4.947260507089121,,,,,,,,164,,2,0
nwfsc_pacific_hake_survey,D20230901T125516_IFCB117,2023-09-01 12:55:16+00:00,117,4.948069797092014,,,,,,,,161,,2,0
nwfsc_pacific_hake_survey,D20230901T131902_IFCB117,2023-09-01 13:19:02+00:00,117,4.949503291377315,,,,,,,,156,,2,0
nwfsc_pacific_hake_survey,D20230901T134248_IFCB117,2023-09-01 13:42:48+00:00,117,4.949380063657407,,,,,,,,156,,2,0
nwfsc_pacific_hake_survey,D20230901T140634_IFCB117,2023-09-01 14:06:34+00:00,117,4.934086461950232,,,,,,,,203,,2,0
nwfsc_pacific_hake_survey,D20230901T143021_IFCB117,2023-09-01 14:30:21+00:00,117,4.93380759910301,,,,,,,,202,,2,0
nwfsc_pacific_hake_survey,D20230901T145407_IFCB117,2023-09-01 14:54:07+00:00,117,4.870489185474537,,,,,,,,381,,2,0
nwfsc_pacific_hake_survey,D20230901T151753_IFCB117,2023-09-01 15:17:53+00:00,117,4.847244411892361,,,,,,,,447,,2,0
nwfsc_pacific_hake_survey,D20230901T154139_IFCB117,2023-09-01 15:41:39+00:00,117,4.773917100694445,,,,,,,,655,,2,0
nwfsc_pacific_hake_survey,D20230901T160525_IFCB117,2023-09-01 16:05:25+00:00,117,4.780207754629629,,,,,,,,640,,2,0
nwfsc_pacific_hake_survey,D20230901T162912_IFCB117,2023-09-01 16:29:12+00:00,117,4.8063222294560175,,,,,,,,556,,2,0
nwfsc_pacific_hake_survey,D20230901T165259_IFCB117,2023-09-01 16:52:59+00:00,117,4.76050318287037,,,,,,,,693,,2,0
nwfsc_pacific_hake_survey,D20230901T171645_IFCB117,2023-09-01 17:16:45+00:00,117,4.747124855324074,,,,,,,,734,,2,0
nwfsc_pacific_hake_survey,D20230901T174032_IFCB117,2023-09-01 17:40:32+00:00,117,4.768348108362269,,,,,,,,676,,2,0
nwfsc_pacific_hake_survey,D20230901T180420_IFCB117,2023-09-01 18:04:20+00:00,117,4.687870081018519,,,,,,,,904,,2,0
nwfsc_pacific_hake_survey,D20230901T182807_IFCB117,2023-09-01 18:28:07+00:00,117,4.757222222222223,,,,,,,,702,,2,0
nwfsc_pacific_hake_survey,D20230901T185153_IFCB117,2023-09-01 18:51:53+00:00,117,4.753217339409722,,,,,,,,716,,2,0
nwfsc_pacific_hake_survey,D20230901T191540_IFCB117,2023-09-01 19:15:40+00:00,117,4.786162326388889,,,,,,,,631,,2,0
nwfsc_pacific_hake_survey,D20230901T193927_IFCB117,2023-09-01 19:39:27+00:00,117,4.787720811631944,,,,,,,,624,,2,0
nwfsc_pacific_hake_survey,D20230901T200313_IFCB117,2023-09-01 20:03:13+00:00,117,4.823824616608795,,,,,,,,510,,2,0
nwfsc_pacific_hake_survey,D20230901T202659_IFCB117,2023-09-01 20:26:59+00:00,117,4.812956199363426,,,,,,,,546,,2,0
nwfsc_pacific_hake_survey,D20230901T205045_IFCB117,2023-09-01 20:50:45+00:00,117,4.813154604311342,,,,,,,,544,,2,0
nwfsc_pacific_hake_survey,D20230901T211431_IFCB117,2023-09-01 21:14:31+00:00,117,4.796156720196759,,,,,,,,594,,2,0
nwfsc_pacific_hake_survey,D20230901T213818_IFCB117,2023-09-01 21:38:18+00:00,117,4.81933031322338,,,,,,,,526,,2,0
nwfsc_pacific_hake_survey,D20230901T220204_IFCB117,2023-09-01 22:02:04+00:00,117,4.828535499855324,,,,,,,,503,,2,0
nwfsc_pacific_hake_survey,D20230901T222550_IFCB117,2023-09-01 22:25:50+00:00,117,4.777791196469908,,,,,,,,626,,2,0
nwfsc_pacific_hake_survey,D20230901T224937_IFCB117,2023-09-01 22:49:37+00:00,117,4.822581651475695,,,,,,,,526,,2,0
nwfsc_pacific_hake_survey,D20230901T231324_IFCB117,2023-09-01 23:13:24+00:00,117,4.801268446180556,,,,,,,,580,,2,0
nwfsc_pacific_hake_survey,D20230901T233710_IFCB117,2023-09-01 23:37:10+00:00,117,4.778692129629629,,,,,,,,643,,2,0
nwfsc_pacific_hake_survey,D20230902T000056_IFCB117,2023-09-02 00:00:56+00:00,117,4.792672417534722,,,,,,,,607,,2,0
nwfsc_pacific_hake_survey,D20230902T003626_IFCB117,2023-09-02 00:36:26+00:00,117,4.8726958007812495,,,,,,,,381,,2,0
nwfsc_pacific_hake_survey,D20230902T010013_IFCB117,2023-09-02 01:00:13+00:00,117,4.8712940357349535,,,,,,,,384,,2,0
nwfsc_pacific_hake_survey,D20230902T012359_IFCB117,2023-09-02 01:23:59+00:00,117,4.879544876663774,,,,,,,,356,,2,0
nwfsc_pacific_hake_survey,D20230902T014746_IFCB117,2023-09-02 01:47:46+00:00,117,4.880879014756944,,,,,,,,355,,2,0
nwfsc_pacific_hake_survey,D20230902T021629_IFCB117,2023-09-02 02:16:29+00:00,117,4.89115124963831,,,,,,,,329,,2,0
nwfsc_pacific_hake_survey,D20230902T024015_IFCB117,2023-09-02 02:40:15+00:00,117,4.889837185329862,,,,,,,,327,,2,0
nwfsc_pacific_hake_survey,D20230902T030401_IFCB117,2023-09-02 03:04:01+00:00,117,4.844144079137731,,,,,,,,457,,2,0
nwfsc_pacific_hake_survey,D20230902T032748_IFCB117,2023-09-02 03:27:48+00:00,117,4.865066930700232,,,,,,,,402,,2,0
nwfsc_pacific_hake_survey,D20230902T035134_IFCB117,2023-09-02 03:51:34+00:00,117,4.859537118417245,,,,,,,,413,,2,0
nwfsc_pacific_hake_survey,D20230902T041520_IFCB117,2023-09-02 04:15:20+00:00,117,4.870598524305555,,,,,,,,385,,2,0
nwfsc_pacific_hake_survey,D20230902T043906_IFCB117,2023-09-02 04:39:06+00:00,117,4.866847348813658,,,,,,,,393,,2,0
nwfsc_pacific_hake_survey,D20230902T050253_IFCB117,2023-09-02 05:02:53+00:00,117,4.850740107783564,,,,,,,,442,,2,0
nwfsc_pacific_hake_survey,D20230902T052639_IFCB117,2023-09-02 05:26:39+00:00,117,4.834624457465278,,,,,,,,487,,2,0
nwfsc_pacific_hake_survey,D20230902T055024_IFCB117,2023-09-02 05:50:24+00:00,117,4.8698239565248835,,,,,,,,385,,2,0
nwfsc_pacific_hake_survey,D20230902T061410_IFCB117,2023-09-02 06:14:10+00:00,117,4.876689661096644,,,,,,,,372,,2,0
nwfsc_pacific_hake_survey,D20230902T063756_IFCB117,2023-09-02 06:37:56+00:00,117,4.898220070167824,,,,,,,,306,,2,0
nwfsc_pacific_hake_survey,D20230902T070143_IFCB117,2023-09-02 07:01:43+00:00,117,4.895394006799768,,,,,,,,315,,2,0
nwfsc_pacific_hake_survey,D20230902T072529_IFCB117,2023-09-02 07:25:29+00:00,117,4.9136020507812495,,,,,,,,260,,2,0
nwfsc_pacific_hake_survey,D20230902T074915_IFCB117,2023-09-02 07:49:15+00:00,117,4.913968668619791,,,,,,,,259,,2,0
nwfsc_pacific_hake_survey,D20230902T081301_IFCB117,2023-09-02 08:13:01+00:00,117,4.901719084563079,,,,,,,,293,,2,0
nwfsc_pacific_hake_survey,D20230902T083648_IFCB117,2023-09-02 08:36:48+00:00,117,4.876346019603588,,,,,,,,357,,2,0
nwfsc_pacific_hake_survey,D20230902T090034_IFCB117,2023-09-02 09:00:34+00:00,117,4.809610677083334,,,,,,,,558,,2,0
nwfsc_pacific_hake_survey,D20230902T092420_IFCB117,2023-09-02 09:24:20+00:00,117,4.78211257595486,,,,,,,,642,,2,0
nwfsc_pacific_hake_survey,D20230902T094807_IFCB117,2023-09-02 09:48:07+00:00,117,4.747132541232639,,,,,,,,736,,2,0
nwfsc_pacific_hake_survey,D20230902T101154_IFCB117,2023-09-02 10:11:54+00:00,117,4.707965675636574,,,,,,,,845,,2,0
nwfsc_pacific_hake_survey,D20230902T103542_IFCB117,2023-09-02 10:35:42+00:00,117,4.751193214699073,,,,,,,,731,,2,0
nwfsc_pacific_hake_survey,D20230902T105927_IFCB117,2023-09-02 10:59:27+00:00,117,4.856122016059028,,,,,,,,423,,2,0
nwfsc_pacific_hake_survey,D20230902T112313_IFCB117,2023-09-02 11:23:13+00:00,117,4.880544171368635,,,,,,,,354,,2,0
nwfsc_pacific_hake_survey,D20230902T114659_IFCB117,2023-09-02 11:46:59+00:00,117,4.868236093026621,,,,,,,,390,,2,0
nwfsc_pacific_hake_survey,D20230902T121046_IFCB117,2023-09-02 12:10:46+00:00,117,4.887138608579281,,,,,,,,333,,2,0
nwfsc_pacific_hake_survey,D20230902T123432_IFCB117,2023-09-02 12:34:32+00:00,117,4.910070276331018,,,,,,,,271,,2,0
nwfsc_pacific_hake_survey,D20230902T125818_IFCB117,2023-09-02 12:58:18+00:00,117,4.910164695457175,,,,,,,,271,,2,0
nwfsc_pacific_hake_survey,D20230902T132204_IFCB117,2023-09-02 13:22:04+00:00,117,4.923301983868635,,,,,,,,236,,2,0
nwfsc_pacific_hake_survey,D20230902T134550_IFCB117,2023-09-02 13:45:50+00:00,117,4.918446370442709,,,,,,,,249,,2,0
nwfsc_pacific_hake_survey,D20230902T140936_IFCB117,2023-09-02 14:09:36+00:00,117,4.914876971209492,,,,,,,,257,,2,0
nwfsc_pacific_hake_survey,D20230902T143322_IFCB117,2023-09-02 14:33:22+00:00,117,4.925233461733217,,,,,,,,230,,2,0
nwfsc_pacific_hake_survey,D20230902T145708_IFCB117,2023-09-02 14:57:08+00:00,117,4.927517858434607,,,,,,,,222,,2,0
nwfsc_pacific_hake_survey,D20230902T152054_IFCB117,2023-09-02 15:20:54+00:00,117,4.936259982638889,,,,,,,,195,,2,0
nwfsc_pacific_hake_survey,D20230902T154441_IFCB117,2023-09-02 15:44:41+00:00,117,4.933187644675926,,,,,,,,209,,2,0
nwfsc_pacific_hake_survey,D20230902T160827_IFCB117,2023-09-02 16:08:27+00:00,117,4.9423108452690965,,,,,,,,176,,2,0
nwfsc_pacific_hake_survey,D20230902T163213_IFCB117,2023-09-02 16:32:13+00:00,117,4.832818323206018,,,,,,,,493,,2,0
nwfsc_pacific_hake_survey,D20230902T165559_IFCB117,2023-09-02 16:55:59+00:00,117,4.8314890046296295,,,,,,,,496,,2,0
nwfsc_pacific_hake_survey,D20230902T171946_IFCB117,2023-09-02 17:19:46+00:00,117,4.831798430266204,,,,,,,,491,,2,0
nwfsc_pacific_hake_survey,D20230902T174333_IFCB117,2023-09-02 17:43:33+00:00,117,4.815215928819444,,,,,,,,543,,2,0
nwfsc_pacific_hake_survey,D20230902T181217_IFCB117,2023-09-02 18:12:17+00:00,117,4.848068576388888,,,,,,,,447,,2,0
nwfsc_pacific_hake_survey,D20230902T183603_IFCB117,2023-09-02 18:36:03+00:00,117,4.769405345775463,,,,,,,,674,,2,0
nwfsc_pacific_hake_survey,D20230902T185949_IFCB117,2023-09-02 18:59:49+00:00,117,4.722991355613427,,,,,,,,815,,2,0
nwfsc_pacific_hake_survey,D20230902T192337_IFCB117,2023-09-02 19:23:37+00:00,117,4.728243381076387,,,,,,,,792,,2,0
nwfsc_pacific_hake_survey,D20230902T194723_IFCB117,2023-09-02 19:47:23+00:00,117,4.776877947771991,,,,,,,,647,,2,0
nwfsc_pacific_hake_survey,D20230902T201109_IFCB117,2023-09-02 20:11:09+00:00,117,4.83127293113426,,,,,,,,495,,2,0
nwfsc_pacific_hake_survey,D20230902T203455_IFCB117,2023-09-02 20:34:55+00:00,117,4.8461112557870365,,,,,,,,452,,2,0
nwfsc_pacific_hake_survey,D20230902T205842_IFCB117,2023-09-02 20:58:42+00:00,117,4.865343415436921,,,,,,,,401,,2,0
nwfsc_pacific_hake_survey,D20230902T212228_IFCB117,2023-09-02 21:22:28+00:00,117,4.878674289279514,,,,,,,,358,,2,0
nwfsc_pacific_hake_survey,D20230902T214614_IFCB117,2023-09-02 21:46:14+00:00,117,4.854996337890625,,,,,,,,425,,2,0
nwfsc_pacific_hake_survey,D20230902T221000_IFCB117,2023-09-02 22:10:00+00:00,117,4.865040301287617,,,,,,,,402,,2,0
nwfsc_pacific_hake_survey,D20230902T223347_IFCB117,2023-09-02 22:33:47+00:00,117,4.86544337745949,,,,,,,,402,,2,0
nwfsc_pacific_hake_survey,D20230902T225733_IFCB117,2023-09-02 22:57:33+00:00,117,4.861920256438079,,,,,,,,409,,2,0
nwfsc_pacific_hake_survey,D20230902T232119_IFCB117,2023-09-02 23:21:19+00:00,117,4.865808069299769,,,,,,,,393,,2,0
nwfsc_pacific_hake_survey,D20230902T235649_IFCB117,2023-09-02 23:56:49+00:00,117,4.865470694082755,,,,,,,,396,,2,0
nwfsc_pacific_hake_survey,D20230903T002036_IFCB117,2023-09-03 00:20:36+00:00,117,4.853916494864004,,,,,,,,433,,2,0
nwfsc_pacific_hake_survey,D20230903T004422_IFCB117,2023-09-03 00:44:22+00:00,117,4.885685619212964,,,,,,,,359,,2,0
nwfsc_pacific_hake_survey,D20230903T010808_IFCB117,2023-09-03 01:08:08+00:00,117,4.89570824291088,,,,,,,,314,,2,0
nwfsc_pacific_hake_survey,D20230903T013155_IFCB117,2023-09-03 01:31:55+00:00,117,4.911730043764467,,,,,,,,266,,2,0
nwfsc_pacific_hake_survey,D20230903T015541_IFCB117,2023-09-03 01:55:41+00:00,117,4.9360505371093755,,,,,,,,200,,2,0
nwfsc_pacific_hake_survey,D20230903T021926_IFCB117,2023-09-03 02:19:26+00:00,117,4.952500687210647,,,,,,,,148,,2,0
nwfsc_pacific_hake_survey,D20230903T024313_IFCB117,2023-09-03 02:43:13+00:00,117,4.946139946831597,,,,,,,,167,,2,0
nwfsc_pacific_hake_survey,D20230903T030659_IFCB117,2023-09-03 03:06:59+00:00,117,4.929139078776042,,,,,,,,213,,2,0
nwfsc_pacific_hake_survey,D20230903T033045_IFCB117,2023-09-03 03:30:45+00:00,117,4.927585467303241,,,,,,,,221,,2,0
nwfsc_pacific_hake_survey,D20230903T035431_IFCB117,2023-09-03 03:54:31+00:00,117,4.9232768554687505,,,,,,,,231,,2,0
nwfsc_pacific_hake_survey,D20230903T041817_IFCB117,2023-09-03 04:18:17+00:00,117,4.9117200159143515,,,,,,,,265,,2,0
nwfsc_pacific_hake_survey,D20230903T044204_IFCB117,2023-09-03 04:42:04+00:00,117,4.901934190538195,,,,,,,,291,,2,0
nwfsc_pacific_hake_survey,D20230903T050550_IFCB117,2023-09-03 05:05:50+00:00,117,4.907860785590277,,,,,,,,278,,2,0
nwfsc_pacific_hake_survey,D20230903T052937_IFCB117,2023-09-03 05:29:37+00:00,117,4.917523536964698,,,,,,,,252,,2,0
nwfsc_pacific_hake_survey,D20230903T055323_IFCB117,2023-09-03 05:53:23+00:00,117,4.93312486436632,,,,,,,,205,,2,0
nwfsc_pacific_hake_survey,D20230903T061710_IFCB117,2023-09-03 06:17:10+00:00,117,4.951028193721064,,,,,,,,152,,2,0
nwfsc_pacific_hake_survey,D20230903T064056_IFCB117,2023-09-03 06:40:56+00:00,117,4.968911476417825,,,,,,,,99,,2,0
nwfsc_pacific_hake_survey,D20230903T070442_IFCB117,2023-09-03 07:04:42+00:00,117,4.944388192635995,,,,,,,,169,,2,0
nwfsc_pacific_hake_survey,D20230903T072828_IFCB117,2023-09-03 07:28:28+00:00,117,4.954785572193287,,,,,,,,140,,2,0
nwfsc_pacific_hake_survey,D20230903T075214_IFCB117,2023-09-03 07:52:14+00:00,117,4.972939552589699,,,,,,,,88,,2,0
nwfsc_pacific_hake_survey,D20230903T081601_IFCB117,2023-09-03 08:16:01+00:00,117,4.969001464843751,,,,,,,,98,,2,0
nwfsc_pacific_hake_survey,D20230903T083947_IFCB117,2023-09-03 08:39:47+00:00,117,4.977130190248842,,,,,,,,76,,2,0
nwfsc_pacific_hake_survey,D20230903T090333_IFCB117,2023-09-03 09:03:33+00:00,117,4.981672182436342,,,,,,,,63,,2,0
nwfsc_pacific_hake_survey,D20230903T092719_IFCB117,2023-09-03 09:27:19+00:00,117,4.988075755931712,,,,,,,,47,,2,0
nwfsc_pacific_hake_survey,D20230903T095602_IFCB117,2023-09-03 09:56:02+00:00,117,4.9747579119647,,,,,,,,83,,2,0
nwfsc_pacific_hake_survey,D20230903T101949_IFCB117,2023-09-03 10:19:49+00:00,117,4.975309516059028,,,,,,,,84,,2,0
nwfsc_pacific_hake_survey,D20230903T104335_IFCB117,2023-09-03 10:43:35+00:00,117,4.968581714771412,,,,,,,,102,,2,0
nwfsc_pacific_hake_survey,D20230903T110721_IFCB117,2023-09-03 11:07:21+00:00,117,4.9662996057581035,,,,,,,,108,,2,0
nwfsc_pacific_hake_survey,D20230903T113107_IFCB117,2023-09-03 11:31:07+00:00,117,4.951367232711226,,,,,,,,149,,2,0
nwfsc_pacific_hake_survey,D20230903T115454_IFCB117,2023-09-03 11:54:54+00:00,117,4.955739818431713,,,,,,,,140,,2,0
nwfsc_pacific_hake_survey,D20230903T121840_IFCB117,2023-09-03 12:18:40+00:00,117,4.947756392867476,,,,,,,,162,,2,0
nwfsc_pacific_hake_survey,D20230903T124226_IFCB117,2023-09-03 12:42:26+00:00,117,4.951639431423612,,,,,,,,151,,2,0
nwfsc_pacific_hake_survey,D20230903T130612_IFCB117,2023-09-03 13:06:12+00:00,117,4.958553294994214,,,,,,,,130,,2,0
nwfsc_pacific_hake_survey,D20230903T132959_IFCB117,2023-09-03 13:29:59+00:00,117,4.954719907407408,,,,,,,,143,,2,0
nwfsc_pacific_hake_survey,D20230903T135345_IFCB117,2023-09-03 13:53:45+00:00,117,4.946252124927662,,,,,,,,164,,2,0
nwfsc_pacific_hake_survey,D20230903T141730_IFCB117,2023-09-03 14:17:30+00:00,117,4.950809461805556,,,,,,,,154,,2,0
nwfsc_pacific_hake_survey,D20230903T144116_IFCB117,2023-09-03 14:41:16+00:00,117,4.954149368851273,,,,,,,,141,,2,0
nwfsc_pacific_hake_survey,D20230903T150503_IFCB117,2023-09-03 15:05:03+00:00,117,4.960566125940393,,,,,,,,125,,2,0
nwfsc_pacific_hake_survey,D20230903T152849_IFCB117,2023-09-03 15:28:49+00:00,117,4.962839183666088,,,,,,,,119,,2,0
nwfsc_pacific_hake_survey,D20230903T155235_IFCB117,2023-09-03 15:52:35+00:00,117,4.960699345341435,,,,,,,,122,,2,0
nwfsc_pacific_hake_survey,D20230903T161621_IFCB117,2023-09-03 16:16:21+00:00,117,4.959464536313657,,,,,,,,127,,2,0
nwfsc_pacific_hake_survey,D20230903T164007_IFCB117,2023-09-03 16:40:07+00:00,117,4.963649070457176,,,,,,,,117,,2,0
nwfsc_pacific_hake_survey,D20230903T170353_IFCB117,2023-09-03 17:03:53+00:00,117,4.957547218605325,,,,,,,,133,,2,0
nwfsc_pacific_hake_survey,D20230903T172740_IFCB117,2023-09-03 17:27:40+00:00,117,4.973268292462385,,,,,,,,87,,2,0
nwfsc_pacific_hake_survey,D20230903T175126_IFCB117,2023-09-03 17:51:26+00:00,117,4.9695934968171285,,,,,,,,99,,2,0
nwfsc_pacific_hake_survey,D20230903T181512_IFCB117,2023-09-03 18:15:12+00:00,117,4.968229890046296,,,,,,,,101,,2,0
nwfsc_pacific_hake_survey,D20230903T183858_IFCB117,2023-09-03 18:38:58+00:00,117,4.966998788339121,,,,,,,,105,,2,0
nwfsc_pacific_hake_survey,D20230903T190245_IFCB117,2023-09-03 19:02:45+00:00,117,4.967290925202547,,,,,,,,103,,2,0
nwfsc_pacific_hake_survey,D20230903T192631_IFCB117,2023-09-03 19:26:31+00:00,117,4.972908890335648,,,,,,,,88,,2,0
nwfsc_pacific_hake_survey,D20230903T195017_IFCB117,2023-09-03 19:50:17+00:00,117,4.962785472728588,,,,,,,,118,,2,0
nwfsc_pacific_hake_survey,D20230903T201403_IFCB117,2023-09-03 20:14:03+00:00,117,4.962525634765625,,,,,,,,120,,2,0
nwfsc_pacific_hake_survey,D20230903T203750_IFCB117,2023-09-03 20:37:50+00:00,117,4.961439543547454,,,,,,,,125,,2,0
nwfsc_pacific_hake_survey,D20230903T210136_IFCB117,2023-09-03 21:01:36+00:00,117,4.956887514467593,,,,,,,,133,,2,0
nwfsc_pacific_hake_survey,D20230903T212522_IFCB117,2023-09-03 21:25:22+00:00,117,4.961489031756367,,,,,,,,123,,2,0
nwfsc_pacific_hake_survey,D20230903T214907_IFCB117,2023-09-03 21:49:07+00:00,117,4.96525306532118,,,,,,,,111,,2,0
nwfsc_pacific_hake_survey,D20230903T221253_IFCB117,2023-09-03 22:12:53+00:00,117,4.968284640842014,,,,,,,,102,,2,0
nwfsc_pacific_hake_survey,D20230903T223640_IFCB117,2023-09-03 22:36:40+00:00,117,4.932565511067708,,,,,,,,203,,2,0
nwfsc_pacific_hake_survey,D20230903T230026_IFCB117,2023-09-03 23:00:26+00:00,117,4.947379918981481,,,,,,,,162,,2,0
nwfsc_pacific_hake_survey,D20230903T233556_IFCB117,2023-09-03 23:35:56+00:00,117,4.964908655237268,,,,,,,,114,,2,0
nwfsc_pacific_hake_survey,D20230903T235941_IFCB117,2023-09-03 23:59:41+00:00,117,4.9592429289641204,,,,,,,,130,,2,0
nwfsc_pacific_hake_survey,D20230904T002327_IFCB117,2023-09-04 00:23:27+00:00,117,4.949688440393518,,,,,,,,153,,2,0
nwfsc_pacific_hake_survey,D20230904T004713_IFCB117,2023-09-04 00:47:13+00:00,117,4.952848135489006,,,,,,,,145,,2,0
nwfsc_pacific_hake_survey,D20230904T011100_IFCB117,2023-09-04 01:11:00+00:00,117,4.962966715494791,,,,,,,,115,,2,0
nwfsc_pacific_hake_survey,D20230904T013943_IFCB117,2023-09-04 01:39:43+00:00,117,4.95409679723669,,,,,,,,141,,2,0
nwfsc_pacific_hake_survey,D20230904T020329_IFCB117,2023-09-04 02:03:29+00:00,117,4.957844663266783,,,,,,,,133,,2,0
nwfsc_pacific_hake_survey,D20230904T022716_IFCB117,2023-09-04 02:27:16+00:00,117,4.953552345558449,,,,,,,,143,,2,0
nwfsc_pacific_hake_survey,D20230904T025102_IFCB117,2023-09-04 02:51:02+00:00,117,4.962645932798031,,,,,,,,118,,2,0
nwfsc_pacific_hake_survey,D20230904T031448_IFCB117,2023-09-04 03:14:48+00:00,117,4.966219446252893,,,,,,,,109,,2,0
nwfsc_pacific_hake_survey,D20230904T033834_IFCB117,2023-09-04 03:38:34+00:00,117,4.956818721064815,,,,,,,,135,,2,0
nwfsc_pacific_hake_survey,D20230904T040220_IFCB117,2023-09-04 04:02:20+00:00,117,4.964901331018519,,,,,,,,111,,2,0
nwfsc_pacific_hake_survey,D20230904T042607_IFCB117,2023-09-04 04:26:07+00:00,117,4.955424470124421,,,,,,,,136,,2,0
nwfsc_pacific_hake_survey,D20230904T044953_IFCB117,2023-09-04 04:49:53+00:00,117,4.938573612919559,,,,,,,,187,,2,0
nwfsc_pacific_hake_survey,D20230904T051339_IFCB117,2023-09-04 05:13:39+00:00,117,4.944363959418403,,,,,,,,169,,2,0
nwfsc_pacific_hake_survey,D20230904T053725_IFCB117,2023-09-04 05:37:25+00:00,117,4.958357042100695,,,,,,,,130,,2,0
nwfsc_pacific_hake_survey,D20230904T060111_IFCB117,2023-09-04 06:01:11+00:00,117,4.967106273509837,,,,,,,,105,,2,0
nwfsc_pacific_hake_survey,D20230904T062458_IFCB117,2023-09-04 06:24:58+00:00,117,4.966145824291088,,,,,,,,106,,2,0
nwfsc_pacific_hake_survey,D20230904T064844_IFCB117,2023-09-04 06:48:44+00:00,117,4.96940554470486,,,,,,,,100,,2,0
nwfsc_pacific_hake_survey,D20230904T071230_IFCB117,2023-09-04 07:12:30+00:00,117,4.977510868778935,,,,,,,,75,,2,0
nwfsc_pacific_hake_survey,D20230904T073616_IFCB117,2023-09-04 07:36:16+00:00,117,4.965764756944444,,,,,,,,110,,2,0
nwfsc_pacific_hake_survey,D20230904T080003_IFCB117,2023-09-04 08:00:03+00:00,117,4.97184080222801,,,,,,,,93,,2,0
nwfsc_pacific_hake_survey,D20230904T082349_IFCB117,2023-09-04 08:23:49+00:00,117,4.969561414930555,,,,,,,,101,,2,0
nwfsc_pacific_hake_survey,D20230904T084735_IFCB117,2023-09-04 08:47:35+00:00,117,4.970247124565971,,,,,,,,96,,2,0
nwfsc_pacific_hake_survey,D20230904T091121_IFCB117,2023-09-04 09:11:21+00:00,117,4.980851472077545,,,,,,,,65,,2,0
nwfsc_pacific_hake_survey,D20230904T093507_IFCB117,2023-09-04 09:35:07+00:00,117,4.985963017216434,,,,,,,,50,,2,0
nwfsc_pacific_hake_survey,D20230904T095854_IFCB117,2023-09-04 09:58:54+00:00,117,4.974493462456597,,,,,,,,83,,2,0
nwfsc_pacific_hake_survey,D20230904T102240_IFCB117,2023-09-04 10:22:40+00:00,117,4.97745933702257,,,,,,,,74,,2,0
nwfsc_pacific_hake_survey,D20230904T104626_IFCB117,2023-09-04 10:46:26+00:00,117,4.985862765842014,,,,,,,,52,,2,0
nwfsc_pacific_hake_survey,D20230904T111012_IFCB117,2023-09-04 11:10:12+00:00,117,4.988353018301505,,,,,,,,45,,2,0
nwfsc_pacific_hake_survey,D20230904T113359_IFCB117,2023-09-04 11:33:59+00:00,117,4.99043175817419,,,,,,,,38,,2,0
nwfsc_pacific_hake_survey,D20230904T115745_IFCB117,2023-09-04 11:57:45+00:00,117,4.987298258463541,,,,,,,,48,,2,0
nwfsc_pacific_hake_survey,D20230904T122131_IFCB117,2023-09-04 12:21:31+00:00,117,4.988938991970486,,,,,,,,42,,2,0
nwfsc_pacific_hake_survey,D20230904T124517_IFCB117,2023-09-04 12:45:17+00:00,117,4.995468089916088,,,,,,,,24,,2,0
nwfsc_pacific_hake_survey,D20230904T130904_IFCB117,2023-09-04 13:09:04+00:00,117,4.991770426432293,,,,,,,,34,,2,0
nwfsc_pacific_hake_survey,D20230904T133250_IFCB117,2023-09-04 13:32:50+00:00,117,4.9934333315248844,,,,,,,,30,,2,0
nwfsc_pacific_hake_survey,D20230904T135636_IFCB117,2023-09-04 13:56:36+00:00,117,4.99403285047743,,,,,,,,28,,2,0
nwfsc_pacific_hake_survey,D20230904T142022_IFCB117,2023-09-04 14:20:22+00:00,117,4.994191569010416,,,,,,,,27,,2,0
nwfsc_pacific_hake_survey,D20230904T144408_IFCB117,2023-09-04 14:44:08+00:00,117,4.988451940465856,,,,,,,,43,,2,0
nwfsc_pacific_hake_survey,D20230904T150754_IFCB117,2023-09-04 15:07:54+00:00,117,4.991543041087964,,,,,,,,34,,2,0
nwfsc_pacific_hake_survey,D20230904T153141_IFCB117,2023-09-04 15:31:41+00:00,117,4.987260299117477,,,,,,,,47,,2,0
nwfsc_pacific_hake_survey,D20230904T155527_IFCB117,2023-09-04 15:55:27+00:00,117,1.95562744140625,,,,,,,,21,,2,0
nwfsc_pacific_hake_survey,D20230904T160828_IFCB117,2023-09-04 16:08:28+00:00,117,4.988391348379628,,,,,,,,43,,2,0
nwfsc_pacific_hake_survey,D20230904T163214_IFCB117,2023-09-04 16:32:14+00:00,117,4.984164541739005,,,,,,,,55,,2,0
nwfsc_pacific_hake_survey,D20230904T165601_IFCB117,2023-09-04 16:56:01+00:00,117,4.9842118507667825,,,,,,,,56,,2,0
nwfsc_pacific_hake_survey,D20230904T172444_IFCB117,2023-09-04 17:24:44+00:00,117,4.9809950538917835,,,,,,,,65,,2,0
nwfsc_pacific_hake_survey,D20230904T174830_IFCB117,2023-09-04 17:48:30+00:00,117,4.988662751374421,,,,,,,,43,,2,0
nwfsc_pacific_hake_survey,D20230904T181215_IFCB117,2023-09-04 18:12:15+00:00,117,4.984607141565394,,,,,,,,54,,2,0
nwfsc_pacific_hake_survey,D20230904T183602_IFCB117,2023-09-04 18:36:02+00:00,117,4.987750488281251,,,,,,,,45,,2,0
nwfsc_pacific_hake_survey,D20230904T185948_IFCB117,2023-09-04 18:59:48+00:00,117,4.988310040509259,,,,,,,,44,,2,0
nwfsc_pacific_hake_survey,D20230904T192334_IFCB117,2023-09-04 19:23:34+00:00,117,4.986857295283564,,,,,,,,51,,2,0
nwfsc_pacific_hake_survey,D20230904T194720_IFCB117,2023-09-04 19:47:20+00:00,117,4.982600712528935,,,,,,,,60,,2,0
nwfsc_pacific_hake_survey,D20230904T201107_IFCB117,2023-09-04 20:11:07+00:00,117,4.989224817346643,,,,,,,,41,,2,0
nwfsc_pacific_hake_survey,D20230904T203453_IFCB117,2023-09-04 20:34:53+00:00,117,4.980736255787037,,,,,,,,65,,2,0
nwfsc_pacific_hake_survey,D20230904T205839_IFCB117,2023-09-04 20:58:39+00:00,117,4.977199110243055,,,,,,,,76,,2,0
nwfsc_pacific_hake_survey,D20230904T212225_IFCB117,2023-09-04 21:22:25+00:00,117,4.972522614655672,,,,,,,,90,,2,0
nwfsc_pacific_hake_survey,D20230904T214611_IFCB117,2023-09-04 21:46:11+00:00,117,4.961101264105903,,,,,,,,123,,2,0
nwfsc_pacific_hake_survey,D20230904T220958_IFCB117,2023-09-04 22:09:58+00:00,117,4.975251537181712,,,,,,,,81,,2,0
nwfsc_pacific_hake_survey,D20230904T224527_IFCB117,2023-09-04 22:45:27+00:00,117,4.979972339771412,,,,,,,,69,,2,0
nwfsc_pacific_hake_survey,D20230904T230914_IFCB117,2023-09-04 23:09:14+00:00,117,4.985493570963541,,,,,,,,54,,2,0
nwfsc_pacific_hake_survey,D20230904T233300_IFCB117,2023-09-04 23:33:00+00:00,117,4.979174632884837,,,,,,,,71,,2,0
nwfsc_pacific_hake_survey,D20230904T235646_IFCB117,2023-09-04 23:56:46+00:00,117,4.975965142144097,,,,,,,,82,,2,0
nwfsc_pacific_hake_survey,D20230905T002032_IFCB117,2023-09-05 00:20:32+00:00,117,4.977284044053819,,,,,,,,77,,2,0
nwfsc_pacific_hake_survey,D20230905T004419_IFCB117,2023-09-05 00:44:19+00:00,117,4.976617802372685,,,,,,,,79,,2,0
nwfsc_pacific_hake_survey,D20230905T010804_IFCB117,2023-09-05 01:08:04+00:00,117,4.972882649739584,,,,,,,,88,,2,0
nwfsc_pacific_hake_survey,D20230905T013150_IFCB117,2023-09-05 01:31:50+00:00,117,4.979546829788773,,,,,,,,70,,2,0
nwfsc_pacific_hake_survey,D20230905T015535_IFCB117,2023-09-05 01:55:35+00:00,117,4.972366916232639,,,,,,,,92,,2,0
nwfsc_pacific_hake_survey,D20230905T021922_IFCB117,2023-09-05 02:19:22+00:00,117,4.980676974826389,,,,,,,,66,,2,0
nwfsc_pacific_hake_survey,D20230905T024308_IFCB117,2023-09-05 02:43:08+00:00,117,4.979366934317129,,,,,,,,69,,2,0
nwfsc_pacific_hake_survey,D20230905T030654_IFCB117,2023-09-05 03:06:54+00:00,117,4.962505533854167,,,,,,,,117,,2,0
nwfsc_pacific_hake_survey,D20230905T033040_IFCB117,2023-09-05 03:30:40+00:00,117,4.955364764178241,,,,,,,,136,,2,0
nwfsc_pacific_hake_survey,D20230905T035427_IFCB117,2023-09-05 03:54:27+00:00,117,4.953114384403936,,,,,,,,137,,2,0
nwfsc_pacific_hake_survey,D20230905T041813_IFCB117,2023-09-05 04:18:13+00:00,117,4.945859393084491,,,,,,,,157,,2,0
nwfsc_pacific_hake_survey,D20230905T044159_IFCB117,2023-09-05 04:41:59+00:00,117,4.942335630063657,,,,,,,,166,,2,0
nwfsc_pacific_hake_survey,D20230905T050545_IFCB117,2023-09-05 05:05:45+00:00,117,4.944753209997105,,,,,,,,166,,2,0
nwfsc_pacific_hake_survey,D20230905T052931_IFCB117,2023-09-05 05:29:31+00:00,117,4.93672777416088,,,,,,,,190,,2,0
nwfsc_pacific_hake_survey,D20230905T055317_IFCB117,2023-09-05 05:53:17+00:00,117,4.943730703848379,,,,,,,,170,,2,0
nwfsc_pacific_hake_survey,D20230905T061704_IFCB117,2023-09-05 06:17:04+00:00,117,4.933452546296296,,,,,,,,196,,2,0
nwfsc_pacific_hake_survey,D20230905T064050_IFCB117,2023-09-05 06:40:50+00:00,117,4.942016673900463,,,,,,,,176,,2,0
nwfsc_pacific_hake_survey,D20230905T070436_IFCB117,2023-09-05 07:04:36+00:00,117,4.932098207826968,,,,,,,,200,,2,0
nwfsc_pacific_hake_survey,D20230905T072823_IFCB117,2023-09-05 07:28:23+00:00,117,4.9464673213252315,,,,,,,,159,,2,0
nwfsc_pacific_hake_survey,D20230905T075209_IFCB117,2023-09-05 07:52:09+00:00,117,4.9422500452112255,,,,,,,,172,,2,0
nwfsc_pacific_hake_survey,D20230905T081555_IFCB117,2023-09-05 08:15:55+00:00,117,4.929426983868635,,,,,,,,210,,2,0
nwfsc_pacific_hake_survey,D20230905T083940_IFCB117,2023-09-05 08:39:40+00:00,117,4.946496346932871,,,,,,,,164,,2,0
nwfsc_pacific_hake_survey,D20230905T090823_IFCB117,2023-09-05 09:08:23+00:00,117,4.94612718822338,,,,,,,,164,,2,0
nwfsc_pacific_hake_survey,D20230905T093210_IFCB117,2023-09-05 09:32:10+00:00,117,4.933998471860533,,,,,,,,200,,2,0
nwfsc_pacific_hake_survey,D20230905T095556_IFCB117,2023-09-05 09:55:56+00:00,117,4.947041214554398,,,,,,,,161,,2,0
nwfsc_pacific_hake_survey,D20230905T101942_IFCB117,2023-09-05 10:19:42+00:00,117,4.96736634657118,,,,,,,,108,,2,0
nwfsc_pacific_hake_survey,D20230905T104328_IFCB117,2023-09-05 10:43:28+00:00,117,4.915437409577547,,,,,,,,251,,2,0
nwfsc_pacific_hake_survey,D20230905T110714_IFCB117,2023-09-05 11:07:14+00:00,117,4.872262035228588,,,,,,,,374,,2,0
nwfsc_pacific_hake_survey,D20230905T113101_IFCB117,2023-09-05 11:31:01+00:00,117,4.980541295934606,,,,,,,,16,,2,0
nwfsc_pacific_hake_survey,D20230905T115447_IFCB117,2023-09-05 11:54:47+00:00,117,4.954612639250579,,,,,,,,144,,2,0
nwfsc_pacific_hake_survey,D20230905T121833_IFCB117,2023-09-05 12:18:33+00:00,117,4.97102503797743,,,,,,,,93,,2,0
nwfsc_pacific_hake_survey,D20230905T124219_IFCB117,2023-09-05 12:42:19+00:00,117,4.972111165364583,,,,,,,,89,,2,0
nwfsc_pacific_hake_survey,D20230905T130606_IFCB117,2023-09-05 13:06:06+00:00,117,4.977669858579282,,,,,,,,75,,2,0
nwfsc_pacific_hake_survey,D20230905T132952_IFCB117,2023-09-05 13:29:52+00:00,117,4.987715151186342,,,,,,,,45,,2,0
nwfsc_pacific_hake_survey,D20230905T135338_IFCB117,2023-09-05 13:53:38+00:00,117,4.978110414858218,,,,,,,,72,,2,0
nwfsc_pacific_hake_survey,D20230905T141724_IFCB117,2023-09-05 14:17:24+00:00,117,4.956216986762153,,,,,,,,137,,2,0
nwfsc_pacific_hake_survey,D20230905T144111_IFCB117,2023-09-05 14:41:11+00:00,117,4.970391673900463,,,,,,,,95,,2,0
nwfsc_pacific_hake_survey,D20230905T150457_IFCB117,2023-09-05 15:04:57+00:00,117,4.96025943106192,,,,,,,,123,,2,0
nwfsc_pacific_hake_survey,D20230905T152843_IFCB117,2023-09-05 15:28:43+00:00,117,4.973593216507523,,,,,,,,85,,2,0
nwfsc_pacific_hake_survey,D20230905T155229_IFCB117,2023-09-05 15:52:29+00:00,117,4.944486300998264,,,,,,,,171,,2,0
nwfsc_pacific_hake_survey,D20230905T161614_IFCB117,2023-09-05 16:16:14+00:00,117,4.934319507740162,,,,,,,,198,,2,0
nwfsc_pacific_hake_survey,D20230905T164001_IFCB117,2023-09-05 16:40:01+00:00,117,4.949813250506366,,,,,,,,156,,2,0
nwfsc_pacific_hake_survey,D20230905T170347_IFCB117,2023-09-05 17:03:47+00:00,117,4.955060212311921,,,,,,,,139,,2,0
nwfsc_pacific_hake_survey,D20230905T172733_IFCB117,2023-09-05 17:27:33+00:00,117,4.958239131221064,,,,,,,,130,,2,0
nwfsc_pacific_hake_survey,D20230905T175119_IFCB117,2023-09-05 17:51:19+00:00,117,4.9660970504195605,,,,,,,,110,,2,0
nwfsc_pacific_hake_survey,D20230905T181506_IFCB117,2023-09-05 18:15:06+00:00,117,4.967539568865741,,,,,,,,105,,2,0
nwfsc_pacific_hake_survey,D20230905T183852_IFCB117,2023-09-05 18:38:52+00:00,117,4.962284496166088,,,,,,,,117,,2,0
nwfsc_pacific_hake_survey,D20230905T190238_IFCB117,2023-09-05 19:02:38+00:00,117,4.9702598922164345,,,,,,,,95,,2,0
nwfsc_pacific_hake_survey,D20230905T192624_IFCB117,2023-09-05 19:26:24+00:00,117,4.9637977520978,,,,,,,,115,,2,0
nwfsc_pacific_hake_survey,D20230905T195010_IFCB117,2023-09-05 19:50:10+00:00,117,4.970692572699653,,,,,,,,95,,2,0
nwfsc_pacific_hake_survey,D20230905T201357_IFCB117,2023-09-05 20:13:57+00:00,117,4.978420283564815,,,,,,,,72,,2,0
nwfsc_pacific_hake_survey,D20230905T203743_IFCB117,2023-09-05 20:37:43+00:00,117,4.9705788574218746,,,,,,,,95,,2,0
nwfsc_pacific_hake_survey,D20230905T210129_IFCB117,2023-09-05 21:01:29+00:00,117,4.968524558738426,,,,,,,,101,,2,0
nwfsc_pacific_hake_survey,D20230905T212515_IFCB117,2023-09-05 21:25:15+00:00,117,4.972297037760416,,,,,,,,91,,2,0
nwfsc_pacific_hake_survey,D20230905T214901_IFCB117,2023-09-05 21:49:01+00:00,117,4.96304822229456,,,,,,,,116,,2,0
nwfsc_pacific_hake_survey,D20230905T222430_IFCB117,2023-09-05 22:24:30+00:00,117,4.968095811631945,,,,,,,,104,,2,0
nwfsc_pacific_hake_survey,D20230905T224817_IFCB117,2023-09-05 22:48:17+00:00,117,4.969231336805555,,,,,,,,98,,2,0
nwfsc_pacific_hake_survey,D20230905T231203_IFCB117,2023-09-05 23:12:03+00:00,117,4.9692555248119215,,,,,,,,98,,2,0
nwfsc_pacific_hake_survey,D20230905T233549_IFCB117,2023-09-05 23:35:49+00:00,117,4.958524992766203,,,,,,,,132,,2,0
nwfsc_pacific_hake_survey,D20230905T235934_IFCB117,2023-09-05 23:59:34+00:00,117,4.969058973524306,,,,,,,,98,,2,0
nwfsc_pacific_hake_survey,D20230906T002321_IFCB117,2023-09-06 00:23:21+00:00,117,4.967561903211805,,,,,,,,103,,2,0
nwfsc_pacific_hake_survey,D20230906T005204_IFCB117,2023-09-06 00:52:04+00:00,117,4.958390579788773,,,,,,,,129,,2,0
nwfsc_pacific_hake_survey,D20230906T011550_IFCB117,2023-09-06 01:15:50+00:00,117,4.972911413122106,,,,,,,,87,,2,0
nwfsc_pacific_hake_survey,D20230906T013936_IFCB117,2023-09-06 01:39:36+00:00,117,4.97387828233507,,,,,,,,86,,2,0
nwfsc_pacific_hake_survey,D20230906T020322_IFCB117,2023-09-06 02:03:22+00:00,117,4.979393744574653,,,,,,,,74,,2,0
nwfsc_pacific_hake_survey,D20230906T022708_IFCB117,2023-09-06 02:27:08+00:00,117,4.974780164930555,,,,,,,,84,,2,0
nwfsc_pacific_hake_survey,D20230906T025054_IFCB117,2023-09-06 02:50:54+00:00,117,4.981861174406829,,,,,,,,62,,2,0
nwfsc_pacific_hake_survey,D20230906T031440_IFCB117,2023-09-06 03:14:40+00:00,117,4.978310085720485,,,,,,,,72,,2,0
nwfsc_pacific_hake_survey,D20230906T033826_IFCB117,2023-09-06 03:38:26+00:00,117,4.980031295211227,,,,,,,,68,,2,0
nwfsc_pacific_hake_survey,D20230906T040213_IFCB117,2023-09-06 04:02:13+00:00,117,4.983620560257523,,,,,,,,57,,2,0
nwfsc_pacific_hake_survey,D20230906T042559_IFCB117,2023-09-06 04:25:59+00:00,117,4.976211000795717,,,,,,,,83,,2,0
nwfsc_pacific_hake_survey,D20230906T044945_IFCB117,2023-09-06 04:49:45+00:00,117,4.975318621600116,,,,,,,,80,,2,0
nwfsc_pacific_hake_survey,D20230906T051331_IFCB117,2023-09-06 05:13:31+00:00,117,4.986460241247105,,,,,,,,51,,2,0
nwfsc_pacific_hake_survey,D20230906T053718_IFCB117,2023-09-06 05:37:18+00:00,117,4.983913836443866,,,,,,,,58,,2,0
nwfsc_pacific_hake_survey,D20230906T060104_IFCB117,2023-09-06 06:01:04+00:00,117,4.988182436342593,,,,,,,,45,,2,0
nwfsc_pacific_hake_survey,D20230906T062450_IFCB117,2023-09-06 06:24:50+00:00,117,4.98643972439236,,,,,,,,51,,2,0
nwfsc_pacific_hake_survey,D20230906T064836_IFCB117,2023-09-06 06:48:36+00:00,117,4.9851028103298605,,,,,,,,56,,2,0
nwfsc_pacific_hake_survey,D20230906T071222_IFCB117,2023-09-06 07:12:22+00:00,117,4.982011302806713,,,,,,,,63,,2,0
nwfsc_pacific_hake_survey,D20230906T073609_IFCB117,2023-09-06 07:36:09+00:00,117,4.985707628038195,,,,,,,,51,,2,0
nwfsc_pacific_hake_survey,D20230906T075955_IFCB117,2023-09-06 07:59:55+00:00,117,4.983345052083333,,,,,,,,57,,2,0
nwfsc_pacific_hake_survey,D20230906T082341_IFCB117,2023-09-06 08:23:41+00:00,117,4.971143057364005,,,,,,,,95,,2,0
nwfsc_pacific_hake_survey,D20230906T084727_IFCB117,2023-09-06 08:47:27+00:00,117,4.967130949797453,,,,,,,,104,,2,0
nwfsc_pacific_hake_survey,D20230906T091114_IFCB117,2023-09-06 09:11:14+00:00,117,4.966543520326968,,,,,,,,106,,2,0
nwfsc_pacific_hake_survey,D20230906T093500_IFCB117,2023-09-06 09:35:00+00:00,117,4.965410445601851,,,,,,,,109,,2,0
nwfsc_pacific_hake_survey,D20230906T095846_IFCB117,2023-09-06 09:58:46+00:00,117,4.972199390552662,,,,,,,,90,,2,0
nwfsc_pacific_hake_survey,D20230906T102232_IFCB117,2023-09-06 10:22:32+00:00,117,4.971244583695023,,,,,,,,93,,2,0
nwfsc_pacific_hake_survey,D20230906T104618_IFCB117,2023-09-06 10:46:18+00:00,117,4.97215761537905,,,,,,,,92,,2,0
nwfsc_pacific_hake_survey,D20230906T111005_IFCB117,2023-09-06 11:10:05+00:00,117,4.963431278935186,,,,,,,,116,,2,0
nwfsc_pacific_hake_survey,D20230906T113351_IFCB117,2023-09-06 11:33:51+00:00,117,4.965987838179976,,,,,,,,108,,2,0
nwfsc_pacific_hake_survey,D20230906T115737_IFCB117,2023-09-06 11:57:37+00:00,117,4.963044117115162,,,,,,,,117,,2,0
nwfsc_pacific_hake_survey,D20230906T122123_IFCB117,2023-09-06 12:21:23+00:00,117,4.960060356987848,,,,,,,,125,,2,0
nwfsc_pacific_hake_survey,D20230906T124510_IFCB117,2023-09-06 12:45:10+00:00,117,4.952661684389468,,,,,,,,144,,2,0
nwfsc_pacific_hake_survey,D20230906T130856_IFCB117,2023-09-06 13:08:56+00:00,117,4.972627197265625,,,,,,,,88,,2,0
nwfsc_pacific_hake_survey,D20230906T133242_IFCB117,2023-09-06 13:32:42+00:00,117,4.964118055555556,,,,,,,,114,,2,0
nwfsc_pacific_hake_survey,D20230906T135628_IFCB117,2023-09-06 13:56:28+00:00,117,4.962974347149884,,,,,,,,116,,2,0
nwfsc_pacific_hake_survey,D20230906T142014_IFCB117,2023-09-06 14:20:14+00:00,117,4.964619719328704,,,,,,,,112,,2,0
nwfsc_pacific_hake_survey,D20230906T144401_IFCB117,2023-09-06 14:44:01+00:00,117,4.968341399016203,,,,,,,,104,,2,0
nwfsc_pacific_hake_survey,D20230906T150747_IFCB117,2023-09-06 15:07:47+00:00,117,4.961990261501736,,,,,,,,121,,2,0
nwfsc_pacific_hake_survey,D20230906T153133_IFCB117,2023-09-06 15:31:33+00:00,117,4.958752857349537,,,,,,,,130,,2,0
nwfsc_pacific_hake_survey,D20230906T155519_IFCB117,2023-09-06 15:55:19+00:00,117,4.967617965133102,,,,,,,,102,,2,0
nwfsc_pacific_hake_survey,D20230906T161906_IFCB117,2023-09-06 16:19:06+00:00,117,4.960488850911458,,,,,,,,122,,2,0
nwfsc_pacific_hake_survey,D20230906T164749_IFCB117,2023-09-06 16:47:49+00:00,117,4.9257947591145825,,,,,,,,222,,2,0
nwfsc_pacific_hake_survey,D20230906T171135_IFCB117,2023-09-06 17:11:35+00:00,117,4.9557204047309025,,,,,,,,140,,2,0
nwfsc_pacific_hake_survey,D20230906T173521_IFCB117,2023-09-06 17:35:21+00:00,117,4.9043759765625,,,,,,,,283,,2,0
nwfsc_pacific_hake_survey,D20230906T175907_IFCB117,2023-09-06 17:59:07+00:00,117,4.922992250795718,,,,,,,,235,,2,0
nwfsc_pacific_hake_survey,D20230906T182254_IFCB117,2023-09-06 18:22:54+00:00,117,4.950129222728588,,,,,,,,156,,2,0
nwfsc_pacific_hake_survey,D20230906T184640_IFCB117,2023-09-06 18:46:40+00:00,117,4.928793420862268,,,,,,,,230,,2,0
nwfsc_pacific_hake_survey,D20230906T191026_IFCB117,2023-09-06 19:10:26+00:00,117,4.934702672887733,,,,,,,,202,,2,0
nwfsc_pacific_hake_survey,D20230906T193411_IFCB117,2023-09-06 19:34:11+00:00,117,4.930204128689237,,,,,,,,219,,2,0
nwfsc_pacific_hake_survey,D20230906T195756_IFCB117,2023-09-06 19:57:56+00:00,117,4.94447279188368,,,,,,,,172,,2,0
nwfsc_pacific_hake_survey,D20230906T202142_IFCB117,2023-09-06 20:21:42+00:00,117,4.920631863064236,,,,,,,,243,,2,0
nwfsc_pacific_hake_survey,D20230906T204529_IFCB117,2023-09-06 20:45:29+00:00,117,4.9344197952835644,,,,,,,,201,,2,0
nwfsc_pacific_hake_survey,D20230906T210915_IFCB117,2023-09-06 21:09:15+00:00,117,4.938276828342014,,,,,,,,189,,2,0
nwfsc_pacific_hake_survey,D20230906T214445_IFCB117,2023-09-06 21:44:45+00:00,117,4.9411279568142366,,,,,,,,182,,2,0
nwfsc_pacific_hake_survey,D20230906T220830_IFCB117,2023-09-06 22:08:30+00:00,117,4.946033781828705,,,,,,,,170,,2,0
nwfsc_pacific_hake_survey,D20230906T223215_IFCB117,2023-09-06 22:32:15+00:00,117,4.8872330005787035,,,,,,,,342,,2,0
nwfsc_pacific_hake_survey,D20230906T225601_IFCB117,2023-09-06 22:56:01+00:00,117,4.927973759403936,,,,,,,,223,,2,0
nwfsc_pacific_hake_survey,D20230906T231947_IFCB117,2023-09-06 23:19:47+00:00,117,4.92067286964699,,,,,,,,245,,2,0
nwfsc_pacific_hake_survey,D20230906T234334_IFCB117,2023-09-06 23:43:34+00:00,117,4.945756555627894,,,,,,,,169,,2,0
nwfsc_pacific_hake_survey,D20230907T000720_IFCB117,2023-09-07 00:07:20+00:00,117,4.931892596209491,,,,,,,,215,,2,0
nwfsc_pacific_hake_survey,D20230907T003106_IFCB117,2023-09-07 00:31:06+00:00,117,4.938517578125,,,,,,,,190,,2,0
nwfsc_pacific_hake_survey,D20230907T005452_IFCB117,2023-09-07 00:54:52+00:00,117,4.934470513237847,,,,,,,,201,,2,0
nwfsc_pacific_hake_survey,D20230907T011838_IFCB117,2023-09-07 01:18:38+00:00,117,4.947256998697918,,,,,,,,165,,2,0
nwfsc_pacific_hake_survey,D20230907T014224_IFCB117,2023-09-07 01:42:24+00:00,117,4.953617938006365,,,,,,,,147,,2,0
nwfsc_pacific_hake_survey,D20230907T020611_IFCB117,2023-09-07 02:06:11+00:00,117,4.963797218605324,,,,,,,,117,,2,0
nwfsc_pacific_hake_survey,D20230907T022957_IFCB117,2023-09-07 02:29:57+00:00,117,4.956571560329861,,,,,,,,136,,2,0
nwfsc_pacific_hake_survey,D20230907T025342_IFCB117,2023-09-07 02:53:42+00:00,117,4.948244999638309,,,,,,,,162,,2,0
nwfsc_pacific_hake_survey,D20230907T031728_IFCB117,2023-09-07 03:17:28+00:00,117,4.930338677300347,,,,,,,,220,,2,0
nwfsc_pacific_hake_survey,D20230907T034114_IFCB117,2023-09-07 03:41:14+00:00,117,4.904785400390625,,,,,,,,291,,2,0
nwfsc_pacific_hake_survey,D20230907T040500_IFCB117,2023-09-07 04:05:00+00:00,117,4.918373327184606,,,,,,,,248,,2,0
nwfsc_pacific_hake_survey,D20230907T042847_IFCB117,2023-09-07 04:28:47+00:00,117,4.93885267469618,,,,,,,,188,,2,0
nwfsc_pacific_hake_survey,D20230907T045233_IFCB117,2023-09-07 04:52:33+00:00,117,4.946853425202546,,,,,,,,168,,2,0
nwfsc_pacific_hake_survey,D20230907T051618_IFCB117,2023-09-07 05:16:18+00:00,117,4.9591752748842595,,,,,,,,130,,2,0
nwfsc_pacific_hake_survey,D20230907T054004_IFCB117,2023-09-07 05:40:04+00:00,117,4.970077853732639,,,,,,,,98,,2,0
nwfsc_pacific_hake_survey,D20230907T060350_IFCB117,2023-09-07 06:03:50+00:00,117,4.97540283203125,,,,,,,,82,,2,0
nwfsc_pacific_hake_survey,D20230907T062737_IFCB117,2023-09-07 06:27:37+00:00,117,4.9814794741030095,,,,,,,,65,,2,0
nwfsc_pacific_hake_survey,D20230907T065123_IFCB117,2023-09-07 06:51:23+00:00,117,4.980385434751158,,,,,,,,69,,2,0
nwfsc_pacific_hake_survey,D20230907T071509_IFCB117,2023-09-07 07:15:09+00:00,117,4.984151457609953,,,,,,,,57,,2,0
nwfsc_pacific_hake_survey,D20230907T073854_IFCB117,2023-09-07 07:38:54+00:00,117,4.9818909414785875,,,,,,,,66,,2,0
nwfsc_pacific_hake_survey,D20230907T080239_IFCB117,2023-09-07 08:02:39+00:00,117,4.9844478081597225,,,,,,,,58,,2,0
nwfsc_pacific_hake_survey,D20230907T083122_IFCB117,2023-09-07 08:31:22+00:00,117,4.978960150824652,,,,,,,,71,,2,0
nwfsc_pacific_hake_survey,D20230907T085509_IFCB117,2023-09-07 08:55:09+00:00,117,4.98953355577257,,,,,,,,41,,2,0
nwfsc_pacific_hake_survey,D20230907T091855_IFCB117,2023-09-07 09:18:55+00:00,117,4.990164369936342,,,,,,,,39,,2,0
nwfsc_pacific_hake_survey,D20230907T094241_IFCB117,2023-09-07 09:42:41+00:00,117,4.993854537398727,,,,,,,,28,,2,0
nwfsc_pacific_hake_survey,D20230907T100627_IFCB117,2023-09-07 10:06:27+00:00,117,4.986995985243055,,,,,,,,48,,2,0
nwfsc_pacific_hake_survey,D20230907T103013_IFCB117,2023-09-07 10:30:13+00:00,117,4.990897551359954,,,,,,,,37,,2,0
nwfsc_pacific_hake_survey,D20230907T105359_IFCB117,2023-09-07 10:53:59+00:00,117,4.985545654296875,,,,,,,,55,,2,0
nwfsc_pacific_hake_survey,D20230907T111746_IFCB117,2023-09-07 11:17:46+00:00,117,4.973646954571759,,,,,,,,87,,2,0
nwfsc_pacific_hake_survey,D20230907T114131_IFCB117,2023-09-07 11:41:31+00:00,117,4.970754394531251,,,,,,,,97,,2,0
nwfsc_pacific_hake_survey,D20230907T120517_IFCB117,2023-09-07 12:05:17+00:00,117,4.9725966887297455,,,,,,,,90,,2,0
nwfsc_pacific_hake_survey,D20230907T122902_IFCB117,2023-09-07 12:29:02+00:00,117,4.959066460503471,,,,,,,,129,,2,0
nwfsc_pacific_hake_survey,D20230907T125247_IFCB117,2023-09-07 12:52:47+00:00,117,4.952490261501736,,,,,,,,149,,2,0
nwfsc_pacific_hake_survey,D20230907T131633_IFCB117,2023-09-07 13:16:33+00:00,117,4.899234185112847,,,,,,,,307,,2,0
nwfsc_pacific_hake_survey,D20230907T134018_IFCB117,2023-09-07 13:40:18+00:00,117,4.9259547073929415,,,,,,,,230,,2,0
nwfsc_pacific_hake_survey,D20230907T140404_IFCB117,2023-09-07 14:04:04+00:00,117,4.825450972945603,,,,,,,,523,,2,0
nwfsc_pacific_hake_survey,D20230907T142749_IFCB117,2023-09-07 14:27:49+00:00,117,4.718094943576388,,,,,,,,836,,2,0
nwfsc_pacific_hake_survey,D20230907T145135_IFCB117,2023-09-07 14:51:35+00:00,117,2.935169017650463,,,,,,,,783,,2,0
nwfsc_pacific_hake_survey,D20230907T150946_IFCB117,2023-09-07 15:09:46+00:00,117,4.411405743634259,,,,,,,,1724,,2,0
nwfsc_pacific_hake_survey,D20230907T153332_IFCB117,2023-09-07 15:33:32+00:00,117,4.576077076099537,,,,,,,,1243,,2,0
nwfsc_pacific_hake_survey,D20230907T155719_IFCB117,2023-09-07 15:57:19+00:00,117,4.748145109953705,,,,,,,,749,,2,0
nwfsc_pacific_hake_survey,D20230907T162105_IFCB117,2023-09-07 16:21:05+00:00,117,4.725537254050925,,,,,,,,817,,2,0
nwfsc_pacific_hake_survey,D20230907T164450_IFCB117,2023-09-07 16:44:50+00:00,117,4.772371202256945,,,,,,,,675,,2,0
nwfsc_pacific_hake_survey,D20230907T170836_IFCB117,2023-09-07 17:08:36+00:00,117,4.822382631655093,,,,,,,,528,,2,0
nwfsc_pacific_hake_survey,D20230907T173222_IFCB117,2023-09-07 17:32:22+00:00,117,4.842683449074074,,,,,,,,467,,2,0
nwfsc_pacific_hake_survey,D20230907T175607_IFCB117,2023-09-07 17:56:07+00:00,117,4.907421043113427,,,,,,,,279,,2,0
nwfsc_pacific_hake_survey,D20230907T181952_IFCB117,2023-09-07 18:19:52+00:00,117,4.938244656032986,,,,,,,,191,,2,0
nwfsc_pacific_hake_survey,D20230907T184338_IFCB117,2023-09-07 18:43:38+00:00,117,4.911893907335069,,,,,,,,267,,2,0
nwfsc_pacific_hake_survey,D20230907T190724_IFCB117,2023-09-07 19:07:24+00:00,117,4.9210948079427075,,,,,,,,242,,2,0
nwfsc_pacific_hake_survey,D20230907T193111_IFCB117,2023-09-07 19:31:11+00:00,117,4.928187273943866,,,,,,,,221,,2,0
nwfsc_pacific_hake_survey,D20230907T195456_IFCB117,2023-09-07 19:54:56+00:00,117,4.93961269350405,,,,,,,,191,,2,0
nwfsc_pacific_hake_survey,D20230907T201842_IFCB117,2023-09-07 20:18:42+00:00,117,4.927133237485532,,,,,,,,223,,2,0
nwfsc_pacific_hake_survey,D20230907T204228_IFCB117,2023-09-07 20:42:28+00:00,117,4.901170925564236,,,,,,,,301,,2,0
nwfsc_pacific_hake_survey,D20230907T211757_IFCB117,2023-09-07 21:17:57+00:00,117,4.909869990596065,,,,,,,,271,,2,0
nwfsc_pacific_hake_survey,D20230907T214143_IFCB117,2023-09-07 21:41:43+00:00,117,4.908120641637732,,,,,,,,281,,2,0
nwfsc_pacific_hake_survey,D20230907T220528_IFCB117,2023-09-07 22:05:28+00:00,117,4.92290502025463,,,,,,,,232,,2,0
nwfsc_pacific_hake_survey,D20230907T222915_IFCB117,2023-09-07 22:29:15+00:00,117,4.920983859592013,,,,,,,,239,,2,0
nwfsc_pacific_hake_survey,D20230907T225301_IFCB117,2023-09-07 22:53:01+00:00,117,4.913108308015046,,,,,,,,263,,2,0
nwfsc_pacific_hake_survey,D20230907T231647_IFCB117,2023-09-07 23:16:47+00:00,117,4.931054009331598,,,,,,,,212,,2,0
nwfsc_pacific_hake_survey,D20230907T234033_IFCB117,2023-09-07 23:40:33+00:00,117,4.924830683955439,,,,,,,,229,,2,0
nwfsc_pacific_hake_survey,D20230908T000916_IFCB117,2023-09-08 00:09:16+00:00,117,4.921408257378472,,,,,,,,245,,2,0
nwfsc_pacific_hake_survey,D20230908T003301_IFCB117,2023-09-08 00:33:01+00:00,117,4.944072274667246,,,,,,,,174,,2,0
nwfsc_pacific_hake_survey,D20230908T005648_IFCB117,2023-09-08 00:56:48+00:00,117,4.94193908239294,,,,,,,,180,,2,0
nwfsc_pacific_hake_survey,D20230908T012033_IFCB117,2023-09-08 01:20:33+00:00,117,4.934946108217592,,,,,,,,203,,2,0
nwfsc_pacific_hake_survey,D20230908T014419_IFCB117,2023-09-08 01:44:19+00:00,117,4.958648473668982,,,,,,,,132,,2,0
nwfsc_pacific_hake_survey,D20230908T020805_IFCB117,2023-09-08 02:08:05+00:00,117,4.964029079861111,,,,,,,,116,,2,0
nwfsc_pacific_hake_survey,D20230908T023151_IFCB117,2023-09-08 02:31:51+00:00,117,4.954781792534722,,,,,,,,141,,2,0
